<?xml version="1.0" encoding="UTF-8"?>
<gpx creator="StravaGPX" version="1.1" xmlns="http://www.topografix.com/GPX/1/1" xmlns:xsi="http://www.w3.org/2001/XMLSchema-instance" xsi:schemaLocation="http://www.topografix.com/GPX/1/1 http://www.topografix.com/GPX/1/1/gpx.xsd">
 <trk>
  <name>Cyclisme</name>
  <type>cycling</type>
  <trkseg>
   <trkpt lat="36.5797840" lon="-4.5671950">
    <ele>23.6</ele>
   </trkpt>
   <trkpt lat="36.5796780" lon="-4.5671810">
    <ele>22.8</ele>
   </trkpt>
   <trkpt lat="36.5795650" lon="-4.5671630">
    <ele>22.2</ele>
   </trkpt>
   <trkpt lat="36.5794480" lon="-4.5671450">
    <ele>21.4</ele>
   </trkpt>
   <trkpt lat="36.5793240" lon="-4.5671280">
    <ele>20.8</ele>
   </trkpt>
   <trkpt lat="36.5792010" lon="-4.5671080">
    <ele>19.8</ele>
   </trkpt>
   <trkpt lat="36.5790730" lon="-4.5671010">
    <ele>19.0</ele>
   </trkpt>
   <trkpt lat="36.5789400" lon="-4.5671140">
    <ele>18.0</ele>
   </trkpt>
   <trkpt lat="36.5788150" lon="-4.5671360">
    <ele>17.2</ele>
   </trkpt>
   <trkpt lat="36.5786830" lon="-4.5671810">
    <ele>16.2</ele>
   </trkpt>
   <trkpt lat="36.5785590" lon="-4.5672430">
    <ele>15.2</ele>
   </trkpt>
   <trkpt lat="36.5784380" lon="-4.5673260">
    <ele>14.2</ele>
   </trkpt>
   <trkpt lat="36.5783250" lon="-4.5674160">
    <ele>13.2</ele>
   </trkpt>
   <trkpt lat="36.5782120" lon="-4.5675120">
    <ele>12.4</ele>
   </trkpt>
   <trkpt lat="36.5781140" lon="-4.5676170">
    <ele>11.4</ele>
   </trkpt>
   <trkpt lat="36.5780350" lon="-4.5677390">
    <ele>10.6</ele>
   </trkpt>
   <trkpt lat="36.5779920" lon="-4.5678890">
    <ele>10.0</ele>
   </trkpt>
   <trkpt lat="36.5779580" lon="-4.5680450">
    <ele>9.8</ele>
   </trkpt>
   <trkpt lat="36.5779260" lon="-4.5682110">
    <ele>9.2</ele>
   </trkpt>
   <trkpt lat="36.5778970" lon="-4.5683880">
    <ele>8.6</ele>
   </trkpt>
   <trkpt lat="36.5778770" lon="-4.5685370">
    <ele>7.8</ele>
   </trkpt>
   <trkpt lat="36.5778600" lon="-4.5687150">
    <ele>7.0</ele>
   </trkpt>
   <trkpt lat="36.5778480" lon="-4.5688810">
    <ele>6.6</ele>
   </trkpt>
   <trkpt lat="36.5778390" lon="-4.5690570">
    <ele>6.0</ele>
   </trkpt>
   <trkpt lat="36.5778350" lon="-4.5692150">
    <ele>5.6</ele>
   </trkpt>
   <trkpt lat="36.5778310" lon="-4.5693730">
    <ele>5.6</ele>
   </trkpt>
   <trkpt lat="36.5778210" lon="-4.5695140">
    <ele>5.8</ele>
   </trkpt>
   <trkpt lat="36.5778090" lon="-4.5696580">
    <ele>6.0</ele>
   </trkpt>
   <trkpt lat="36.5777880" lon="-4.5697920">
    <ele>6.4</ele>
   </trkpt>
   <trkpt lat="36.5777610" lon="-4.5699270">
    <ele>7.2</ele>
   </trkpt>
   <trkpt lat="36.5777310" lon="-4.5700540">
    <ele>7.8</ele>
   </trkpt>
   <trkpt lat="36.5777000" lon="-4.5701780">
    <ele>7.8</ele>
   </trkpt>
   <trkpt lat="36.5776670" lon="-4.5702960">
    <ele>8.0</ele>
   </trkpt>
   <trkpt lat="36.5776280" lon="-4.5704160">
    <ele>8.4</ele>
   </trkpt>
   <trkpt lat="36.5775970" lon="-4.5705300">
    <ele>8.6</ele>
   </trkpt>
   <trkpt lat="36.5775670" lon="-4.5706370">
    <ele>8.6</ele>
   </trkpt>
   <trkpt lat="36.5775360" lon="-4.5707440">
    <ele>8.4</ele>
   </trkpt>
   <trkpt lat="36.5775120" lon="-4.5708500">
    <ele>8.6</ele>
   </trkpt>
   <trkpt lat="36.5774900" lon="-4.5709440">
    <ele>9.0</ele>
   </trkpt>
   <trkpt lat="36.5774670" lon="-4.5710430">
    <ele>9.8</ele>
   </trkpt>
   <trkpt lat="36.5774440" lon="-4.5711380">
    <ele>10.6</ele>
   </trkpt>
   <trkpt lat="36.5774250" lon="-4.5712310">
    <ele>11.4</ele>
   </trkpt>
   <trkpt lat="36.5774330" lon="-4.5713110">
    <ele>12.0</ele>
   </trkpt>
   <trkpt lat="36.5774750" lon="-4.5713570">
    <ele>12.6</ele>
   </trkpt>
   <trkpt lat="36.5775240" lon="-4.5713960">
    <ele>13.4</ele>
   </trkpt>
   <trkpt lat="36.5775730" lon="-4.5713860">
    <ele>14.2</ele>
   </trkpt>
   <trkpt lat="36.5776070" lon="-4.5713540">
    <ele>14.8</ele>
   </trkpt>
   <trkpt lat="36.5776420" lon="-4.5713160">
    <ele>15.4</ele>
   </trkpt>
   <trkpt lat="36.5776720" lon="-4.5712860">
    <ele>16.0</ele>
   </trkpt>
   <trkpt lat="36.5776990" lon="-4.5712570">
    <ele>16.4</ele>
   </trkpt>
   <trkpt lat="36.5777180" lon="-4.5712310">
    <ele>16.6</ele>
   </trkpt>
   <trkpt lat="36.5777410" lon="-4.5712010">
    <ele>17.0</ele>
   </trkpt>
   <trkpt lat="36.5777570" lon="-4.5711690">
    <ele>17.6</ele>
   </trkpt>
   <trkpt lat="36.5777730" lon="-4.5711360">
    <ele>18.2</ele>
   </trkpt>
   <trkpt lat="36.5777880" lon="-4.5711030">
    <ele>19.0</ele>
   </trkpt>
   <trkpt lat="36.5778080" lon="-4.5710730">
    <ele>19.6</ele>
   </trkpt>
   <trkpt lat="36.5778260" lon="-4.5710490">
    <ele>20.0</ele>
   </trkpt>
   <trkpt lat="36.5778520" lon="-4.5710310">
    <ele>20.2</ele>
   </trkpt>
   <trkpt lat="36.5778790" lon="-4.5710160">
    <ele>20.6</ele>
   </trkpt>
   <trkpt lat="36.5779020" lon="-4.5710030">
    <ele>21.0</ele>
   </trkpt>
   <trkpt lat="36.5779280" lon="-4.5709910">
    <ele>21.4</ele>
   </trkpt>
   <trkpt lat="36.5779580" lon="-4.5709820">
    <ele>21.8</ele>
   </trkpt>
   <trkpt lat="36.5779850" lon="-4.5709760">
    <ele>22.2</ele>
   </trkpt>
   <trkpt lat="36.5780160" lon="-4.5709720">
    <ele>22.4</ele>
   </trkpt>
   <trkpt lat="36.5780430" lon="-4.5709670">
    <ele>22.8</ele>
   </trkpt>
   <trkpt lat="36.5780690" lon="-4.5709610">
    <ele>23.2</ele>
   </trkpt>
   <trkpt lat="36.5780990" lon="-4.5709540">
    <ele>23.2</ele>
   </trkpt>
   <trkpt lat="36.5781270" lon="-4.5709520">
    <ele>23.4</ele>
   </trkpt>
   <trkpt lat="36.5781560" lon="-4.5709510">
    <ele>23.6</ele>
   </trkpt>
   <trkpt lat="36.5781870" lon="-4.5709500">
    <ele>23.8</ele>
   </trkpt>
   <trkpt lat="36.5782140" lon="-4.5709450">
    <ele>24.0</ele>
   </trkpt>
   <trkpt lat="36.5782380" lon="-4.5709410">
    <ele>24.4</ele>
   </trkpt>
   <trkpt lat="36.5782690" lon="-4.5709400">
    <ele>24.8</ele>
   </trkpt>
   <trkpt lat="36.5782970" lon="-4.5709370">
    <ele>25.2</ele>
   </trkpt>
   <trkpt lat="36.5783240" lon="-4.5709320">
    <ele>25.6</ele>
   </trkpt>
   <trkpt lat="36.5783520" lon="-4.5709260">
    <ele>25.8</ele>
   </trkpt>
   <trkpt lat="36.5783780" lon="-4.5709210">
    <ele>26.0</ele>
   </trkpt>
   <trkpt lat="36.5784080" lon="-4.5709190">
    <ele>26.0</ele>
   </trkpt>
   <trkpt lat="36.5784390" lon="-4.5709150">
    <ele>26.2</ele>
   </trkpt>
   <trkpt lat="36.5784660" lon="-4.5709090">
    <ele>26.6</ele>
   </trkpt>
   <trkpt lat="36.5784920" lon="-4.5709060">
    <ele>27.0</ele>
   </trkpt>
   <trkpt lat="36.5785230" lon="-4.5709000">
    <ele>27.2</ele>
   </trkpt>
   <trkpt lat="36.5785500" lon="-4.5708970">
    <ele>27.6</ele>
   </trkpt>
   <trkpt lat="36.5785800" lon="-4.5708970">
    <ele>28.0</ele>
   </trkpt>
   <trkpt lat="36.5786070" lon="-4.5709010">
    <ele>28.4</ele>
   </trkpt>
   <trkpt lat="36.5786350" lon="-4.5709030">
    <ele>28.8</ele>
   </trkpt>
   <trkpt lat="36.5786600" lon="-4.5709110">
    <ele>29.0</ele>
   </trkpt>
   <trkpt lat="36.5786840" lon="-4.5709260">
    <ele>29.2</ele>
   </trkpt>
   <trkpt lat="36.5787030" lon="-4.5709440">
    <ele>29.4</ele>
   </trkpt>
   <trkpt lat="36.5787250" lon="-4.5709650">
    <ele>30.0</ele>
   </trkpt>
   <trkpt lat="36.5787450" lon="-4.5709910">
    <ele>30.4</ele>
   </trkpt>
   <trkpt lat="36.5787570" lon="-4.5710190">
    <ele>30.8</ele>
   </trkpt>
   <trkpt lat="36.5787650" lon="-4.5710470">
    <ele>31.2</ele>
   </trkpt>
   <trkpt lat="36.5787730" lon="-4.5710800">
    <ele>31.4</ele>
   </trkpt>
   <trkpt lat="36.5787730" lon="-4.5711100">
    <ele>31.8</ele>
   </trkpt>
   <trkpt lat="36.5787770" lon="-4.5711430">
    <ele>32.0</ele>
   </trkpt>
   <trkpt lat="36.5787810" lon="-4.5711720">
    <ele>32.4</ele>
   </trkpt>
   <trkpt lat="36.5787880" lon="-4.5712020">
    <ele>32.8</ele>
   </trkpt>
   <trkpt lat="36.5787920" lon="-4.5712270">
    <ele>33.0</ele>
   </trkpt>
   <trkpt lat="36.5787930" lon="-4.5712560">
    <ele>33.2</ele>
   </trkpt>
   <trkpt lat="36.5787890" lon="-4.5712830">
    <ele>33.4</ele>
   </trkpt>
   <trkpt lat="36.5787820" lon="-4.5713130">
    <ele>33.8</ele>
   </trkpt>
   <trkpt lat="36.5787740" lon="-4.5713440">
    <ele>34.4</ele>
   </trkpt>
   <trkpt lat="36.5787660" lon="-4.5713750">
    <ele>34.6</ele>
   </trkpt>
   <trkpt lat="36.5787590" lon="-4.5714010">
    <ele>35.0</ele>
   </trkpt>
   <trkpt lat="36.5787510" lon="-4.5714310">
    <ele>35.2</ele>
   </trkpt>
   <trkpt lat="36.5787370" lon="-4.5714570">
    <ele>35.6</ele>
   </trkpt>
   <trkpt lat="36.5787220" lon="-4.5714810">
    <ele>35.8</ele>
   </trkpt>
   <trkpt lat="36.5787000" lon="-4.5715060">
    <ele>36.2</ele>
   </trkpt>
   <trkpt lat="36.5786760" lon="-4.5715270">
    <ele>36.6</ele>
   </trkpt>
   <trkpt lat="36.5786510" lon="-4.5715470">
    <ele>37.0</ele>
   </trkpt>
   <trkpt lat="36.5786270" lon="-4.5715720">
    <ele>37.4</ele>
   </trkpt>
   <trkpt lat="36.5786000" lon="-4.5715980">
    <ele>37.8</ele>
   </trkpt>
   <trkpt lat="36.5785770" lon="-4.5716240">
    <ele>38.2</ele>
   </trkpt>
   <trkpt lat="36.5785540" lon="-4.5716510">
    <ele>38.6</ele>
   </trkpt>
   <trkpt lat="36.5785310" lon="-4.5716750">
    <ele>39.0</ele>
   </trkpt>
   <trkpt lat="36.5785130" lon="-4.5716990">
    <ele>39.6</ele>
   </trkpt>
   <trkpt lat="36.5784930" lon="-4.5717250">
    <ele>40.0</ele>
   </trkpt>
   <trkpt lat="36.5784740" lon="-4.5717490">
    <ele>40.4</ele>
   </trkpt>
   <trkpt lat="36.5784580" lon="-4.5717770">
    <ele>40.8</ele>
   </trkpt>
   <trkpt lat="36.5784460" lon="-4.5718090">
    <ele>41.0</ele>
   </trkpt>
   <trkpt lat="36.5784350" lon="-4.5718410">
    <ele>41.4</ele>
   </trkpt>
   <trkpt lat="36.5784270" lon="-4.5718740">
    <ele>41.8</ele>
   </trkpt>
   <trkpt lat="36.5784190" lon="-4.5719120">
    <ele>42.0</ele>
   </trkpt>
   <trkpt lat="36.5784150" lon="-4.5719460">
    <ele>42.4</ele>
   </trkpt>
   <trkpt lat="36.5784150" lon="-4.5719830">
    <ele>42.6</ele>
   </trkpt>
   <trkpt lat="36.5784250" lon="-4.5720170">
    <ele>43.0</ele>
   </trkpt>
   <trkpt lat="36.5784370" lon="-4.5720520">
    <ele>43.4</ele>
   </trkpt>
   <trkpt lat="36.5784550" lon="-4.5720780">
    <ele>43.6</ele>
   </trkpt>
   <trkpt lat="36.5784780" lon="-4.5721050">
    <ele>44.0</ele>
   </trkpt>
   <trkpt lat="36.5785040" lon="-4.5721260">
    <ele>44.4</ele>
   </trkpt>
   <trkpt lat="36.5785340" lon="-4.5721450">
    <ele>44.6</ele>
   </trkpt>
   <trkpt lat="36.5785640" lon="-4.5721600">
    <ele>45.0</ele>
   </trkpt>
   <trkpt lat="36.5785990" lon="-4.5721710">
    <ele>45.4</ele>
   </trkpt>
   <trkpt lat="36.5786290" lon="-4.5721780">
    <ele>46.0</ele>
   </trkpt>
   <trkpt lat="36.5786640" lon="-4.5721860">
    <ele>46.4</ele>
   </trkpt>
   <trkpt lat="36.5787020" lon="-4.5721940">
    <ele>46.6</ele>
   </trkpt>
   <trkpt lat="36.5787360" lon="-4.5722040">
    <ele>46.8</ele>
   </trkpt>
   <trkpt lat="36.5787740" lon="-4.5722120">
    <ele>47.0</ele>
   </trkpt>
   <trkpt lat="36.5788140" lon="-4.5722230">
    <ele>47.0</ele>
   </trkpt>
   <trkpt lat="36.5788530" lon="-4.5722290">
    <ele>47.2</ele>
   </trkpt>
   <trkpt lat="36.5788930" lon="-4.5722360">
    <ele>47.2</ele>
   </trkpt>
   <trkpt lat="36.5789350" lon="-4.5722380">
    <ele>47.4</ele>
   </trkpt>
   <trkpt lat="36.5789720" lon="-4.5722370">
    <ele>47.6</ele>
   </trkpt>
   <trkpt lat="36.5790140" lon="-4.5722350">
    <ele>48.0</ele>
   </trkpt>
   <trkpt lat="36.5790570" lon="-4.5722330">
    <ele>48.2</ele>
   </trkpt>
   <trkpt lat="36.5790970" lon="-4.5722300">
    <ele>48.4</ele>
   </trkpt>
   <trkpt lat="36.5791400" lon="-4.5722260">
    <ele>48.6</ele>
   </trkpt>
   <trkpt lat="36.5791810" lon="-4.5722200">
    <ele>49.0</ele>
   </trkpt>
   <trkpt lat="36.5792240" lon="-4.5722150">
    <ele>49.4</ele>
   </trkpt>
   <trkpt lat="36.5792660" lon="-4.5722070">
    <ele>49.8</ele>
   </trkpt>
   <trkpt lat="36.5793080" lon="-4.5721990">
    <ele>50.2</ele>
   </trkpt>
   <trkpt lat="36.5793520" lon="-4.5721930">
    <ele>50.6</ele>
   </trkpt>
   <trkpt lat="36.5793990" lon="-4.5721860">
    <ele>51.0</ele>
   </trkpt>
   <trkpt lat="36.5794460" lon="-4.5721790">
    <ele>51.4</ele>
   </trkpt>
   <trkpt lat="36.5794950" lon="-4.5721720">
    <ele>51.8</ele>
   </trkpt>
   <trkpt lat="36.5795400" lon="-4.5721670">
    <ele>52.0</ele>
   </trkpt>
   <trkpt lat="36.5795870" lon="-4.5721570">
    <ele>52.4</ele>
   </trkpt>
   <trkpt lat="36.5796330" lon="-4.5721420">
    <ele>52.6</ele>
   </trkpt>
   <trkpt lat="36.5796780" lon="-4.5721160">
    <ele>52.8</ele>
   </trkpt>
   <trkpt lat="36.5797190" lon="-4.5720880">
    <ele>53.2</ele>
   </trkpt>
   <trkpt lat="36.5797570" lon="-4.5720570">
    <ele>53.4</ele>
   </trkpt>
   <trkpt lat="36.5797950" lon="-4.5720250">
    <ele>54.0</ele>
   </trkpt>
   <trkpt lat="36.5798350" lon="-4.5719970">
    <ele>54.6</ele>
   </trkpt>
   <trkpt lat="36.5798680" lon="-4.5719780">
    <ele>55.2</ele>
   </trkpt>
   <trkpt lat="36.5799080" lon="-4.5719630">
    <ele>55.6</ele>
   </trkpt>
   <trkpt lat="36.5799490" lon="-4.5719570">
    <ele>56.0</ele>
   </trkpt>
   <trkpt lat="36.5799910" lon="-4.5719580">
    <ele>56.2</ele>
   </trkpt>
   <trkpt lat="36.5800330" lon="-4.5719650">
    <ele>56.4</ele>
   </trkpt>
   <trkpt lat="36.5800790" lon="-4.5719760">
    <ele>56.6</ele>
   </trkpt>
   <trkpt lat="36.5801230" lon="-4.5719870">
    <ele>57.0</ele>
   </trkpt>
   <trkpt lat="36.5801700" lon="-4.5720020">
    <ele>57.2</ele>
   </trkpt>
   <trkpt lat="36.5802190" lon="-4.5720150">
    <ele>57.6</ele>
   </trkpt>
   <trkpt lat="36.5802670" lon="-4.5720270">
    <ele>57.8</ele>
   </trkpt>
   <trkpt lat="36.5803170" lon="-4.5720370">
    <ele>58.0</ele>
   </trkpt>
   <trkpt lat="36.5803720" lon="-4.5720440">
    <ele>58.2</ele>
   </trkpt>
   <trkpt lat="36.5804220" lon="-4.5720520">
    <ele>58.2</ele>
   </trkpt>
   <trkpt lat="36.5804710" lon="-4.5720660">
    <ele>58.2</ele>
   </trkpt>
   <trkpt lat="36.5805190" lon="-4.5720830">
    <ele>58.4</ele>
   </trkpt>
   <trkpt lat="36.5805650" lon="-4.5721030">
    <ele>58.4</ele>
   </trkpt>
   <trkpt lat="36.5806070" lon="-4.5721250">
    <ele>58.6</ele>
   </trkpt>
   <trkpt lat="36.5806540" lon="-4.5721510">
    <ele>58.8</ele>
   </trkpt>
   <trkpt lat="36.5806950" lon="-4.5721770">
    <ele>59.4</ele>
   </trkpt>
   <trkpt lat="36.5807420" lon="-4.5722060">
    <ele>59.6</ele>
   </trkpt>
   <trkpt lat="36.5807880" lon="-4.5722340">
    <ele>60.0</ele>
   </trkpt>
   <trkpt lat="36.5808340" lon="-4.5722640">
    <ele>60.0</ele>
   </trkpt>
   <trkpt lat="36.5808790" lon="-4.5722940">
    <ele>60.2</ele>
   </trkpt>
   <trkpt lat="36.5809210" lon="-4.5723250">
    <ele>60.8</ele>
   </trkpt>
   <trkpt lat="36.5809590" lon="-4.5723570">
    <ele>61.4</ele>
   </trkpt>
   <trkpt lat="36.5809990" lon="-4.5723860">
    <ele>61.8</ele>
   </trkpt>
   <trkpt lat="36.5810360" lon="-4.5724110">
    <ele>62.2</ele>
   </trkpt>
   <trkpt lat="36.5810770" lon="-4.5724360">
    <ele>62.4</ele>
   </trkpt>
   <trkpt lat="36.5811160" lon="-4.5724620">
    <ele>62.6</ele>
   </trkpt>
   <trkpt lat="36.5811520" lon="-4.5724930">
    <ele>62.8</ele>
   </trkpt>
   <trkpt lat="36.5811840" lon="-4.5725210">
    <ele>63.0</ele>
   </trkpt>
   <trkpt lat="36.5812230" lon="-4.5725500">
    <ele>63.0</ele>
   </trkpt>
   <trkpt lat="36.5812620" lon="-4.5725780">
    <ele>63.4</ele>
   </trkpt>
   <trkpt lat="36.5812980" lon="-4.5726040">
    <ele>63.6</ele>
   </trkpt>
   <trkpt lat="36.5813370" lon="-4.5726300">
    <ele>64.0</ele>
   </trkpt>
   <trkpt lat="36.5813760" lon="-4.5726520">
    <ele>64.4</ele>
   </trkpt>
   <trkpt lat="36.5814130" lon="-4.5726700">
    <ele>64.8</ele>
   </trkpt>
   <trkpt lat="36.5814560" lon="-4.5726890">
    <ele>65.0</ele>
   </trkpt>
   <trkpt lat="36.5814980" lon="-4.5727040">
    <ele>65.4</ele>
   </trkpt>
   <trkpt lat="36.5815400" lon="-4.5727140">
    <ele>65.6</ele>
   </trkpt>
   <trkpt lat="36.5815820" lon="-4.5727180">
    <ele>65.8</ele>
   </trkpt>
   <trkpt lat="36.5816290" lon="-4.5727210">
    <ele>66.2</ele>
   </trkpt>
   <trkpt lat="36.5816730" lon="-4.5727200">
    <ele>66.4</ele>
   </trkpt>
   <trkpt lat="36.5817160" lon="-4.5727150">
    <ele>66.8</ele>
   </trkpt>
   <trkpt lat="36.5817600" lon="-4.5727100">
    <ele>67.2</ele>
   </trkpt>
   <trkpt lat="36.5818070" lon="-4.5727040">
    <ele>67.6</ele>
   </trkpt>
   <trkpt lat="36.5818490" lon="-4.5726970">
    <ele>68.0</ele>
   </trkpt>
   <trkpt lat="36.5818950" lon="-4.5726900">
    <ele>68.4</ele>
   </trkpt>
   <trkpt lat="36.5819390" lon="-4.5726840">
    <ele>68.8</ele>
   </trkpt>
   <trkpt lat="36.5819870" lon="-4.5726770">
    <ele>69.0</ele>
   </trkpt>
   <trkpt lat="36.5820310" lon="-4.5726700">
    <ele>69.2</ele>
   </trkpt>
   <trkpt lat="36.5820740" lon="-4.5726690">
    <ele>69.6</ele>
   </trkpt>
   <trkpt lat="36.5821160" lon="-4.5726670">
    <ele>69.8</ele>
   </trkpt>
   <trkpt lat="36.5821620" lon="-4.5726650">
    <ele>70.4</ele>
   </trkpt>
   <trkpt lat="36.5822030" lon="-4.5726680">
    <ele>70.8</ele>
   </trkpt>
   <trkpt lat="36.5822490" lon="-4.5726760">
    <ele>71.2</ele>
   </trkpt>
   <trkpt lat="36.5822950" lon="-4.5726870">
    <ele>71.4</ele>
   </trkpt>
   <trkpt lat="36.5823400" lon="-4.5727020">
    <ele>71.8</ele>
   </trkpt>
   <trkpt lat="36.5823860" lon="-4.5727190">
    <ele>72.0</ele>
   </trkpt>
   <trkpt lat="36.5824300" lon="-4.5727340">
    <ele>72.2</ele>
   </trkpt>
   <trkpt lat="36.5824760" lon="-4.5727470">
    <ele>72.6</ele>
   </trkpt>
   <trkpt lat="36.5825200" lon="-4.5727640">
    <ele>72.8</ele>
   </trkpt>
   <trkpt lat="36.5825660" lon="-4.5727760">
    <ele>73.0</ele>
   </trkpt>
   <trkpt lat="36.5826120" lon="-4.5727890">
    <ele>73.2</ele>
   </trkpt>
   <trkpt lat="36.5826540" lon="-4.5728040">
    <ele>73.2</ele>
   </trkpt>
   <trkpt lat="36.5827010" lon="-4.5728200">
    <ele>73.4</ele>
   </trkpt>
   <trkpt lat="36.5827410" lon="-4.5728320">
    <ele>73.8</ele>
   </trkpt>
   <trkpt lat="36.5827830" lon="-4.5728490">
    <ele>74.2</ele>
   </trkpt>
   <trkpt lat="36.5828210" lon="-4.5728650">
    <ele>74.6</ele>
   </trkpt>
   <trkpt lat="36.5828630" lon="-4.5728850">
    <ele>75.2</ele>
   </trkpt>
   <trkpt lat="36.5829010" lon="-4.5729030">
    <ele>75.6</ele>
   </trkpt>
   <trkpt lat="36.5829370" lon="-4.5729270">
    <ele>76.2</ele>
   </trkpt>
   <trkpt lat="36.5829710" lon="-4.5729540">
    <ele>76.8</ele>
   </trkpt>
   <trkpt lat="36.5830010" lon="-4.5729830">
    <ele>77.4</ele>
   </trkpt>
   <trkpt lat="36.5830350" lon="-4.5730130">
    <ele>77.8</ele>
   </trkpt>
   <trkpt lat="36.5830670" lon="-4.5730400">
    <ele>78.2</ele>
   </trkpt>
   <trkpt lat="36.5831040" lon="-4.5730610">
    <ele>78.6</ele>
   </trkpt>
   <trkpt lat="36.5831430" lon="-4.5730790">
    <ele>79.0</ele>
   </trkpt>
   <trkpt lat="36.5831800" lon="-4.5730870">
    <ele>79.4</ele>
   </trkpt>
   <trkpt lat="36.5832180" lon="-4.5730840">
    <ele>79.8</ele>
   </trkpt>
   <trkpt lat="36.5832530" lon="-4.5730690">
    <ele>80.2</ele>
   </trkpt>
   <trkpt lat="36.5832870" lon="-4.5730480">
    <ele>80.4</ele>
   </trkpt>
   <trkpt lat="36.5833220" lon="-4.5730220">
    <ele>80.8</ele>
   </trkpt>
   <trkpt lat="36.5833580" lon="-4.5730010">
    <ele>81.2</ele>
   </trkpt>
   <trkpt lat="36.5833930" lon="-4.5729880">
    <ele>81.6</ele>
   </trkpt>
   <trkpt lat="36.5834350" lon="-4.5729840">
    <ele>81.8</ele>
   </trkpt>
   <trkpt lat="36.5834770" lon="-4.5729850">
    <ele>82.2</ele>
   </trkpt>
   <trkpt lat="36.5835180" lon="-4.5729940">
    <ele>82.4</ele>
   </trkpt>
   <trkpt lat="36.5835600" lon="-4.5730070">
    <ele>82.8</ele>
   </trkpt>
   <trkpt lat="36.5836010" lon="-4.5730230">
    <ele>83.2</ele>
   </trkpt>
   <trkpt lat="36.5836380" lon="-4.5730420">
    <ele>83.4</ele>
   </trkpt>
   <trkpt lat="36.5836770" lon="-4.5730620">
    <ele>83.6</ele>
   </trkpt>
   <trkpt lat="36.5837110" lon="-4.5730860">
    <ele>83.8</ele>
   </trkpt>
   <trkpt lat="36.5837490" lon="-4.5731130">
    <ele>84.0</ele>
   </trkpt>
   <trkpt lat="36.5837800" lon="-4.5731410">
    <ele>84.4</ele>
   </trkpt>
   <trkpt lat="36.5838090" lon="-4.5731700">
    <ele>84.8</ele>
   </trkpt>
   <trkpt lat="36.5838400" lon="-4.5731970">
    <ele>85.2</ele>
   </trkpt>
   <trkpt lat="36.5838670" lon="-4.5732230">
    <ele>85.4</ele>
   </trkpt>
   <trkpt lat="36.5838940" lon="-4.5732480">
    <ele>85.8</ele>
   </trkpt>
   <trkpt lat="36.5839210" lon="-4.5732710">
    <ele>86.2</ele>
   </trkpt>
   <trkpt lat="36.5839480" lon="-4.5732930">
    <ele>86.8</ele>
   </trkpt>
   <trkpt lat="36.5839760" lon="-4.5733120">
    <ele>87.4</ele>
   </trkpt>
   <trkpt lat="36.5840000" lon="-4.5733270">
    <ele>87.8</ele>
   </trkpt>
   <trkpt lat="36.5840280" lon="-4.5733410">
    <ele>88.2</ele>
   </trkpt>
   <trkpt lat="36.5840550" lon="-4.5733490">
    <ele>88.4</ele>
   </trkpt>
   <trkpt lat="36.5840810" lon="-4.5733530">
    <ele>88.8</ele>
   </trkpt>
   <trkpt lat="36.5841050" lon="-4.5733460">
    <ele>89.2</ele>
   </trkpt>
   <trkpt lat="36.5841240" lon="-4.5733240">
    <ele>89.6</ele>
   </trkpt>
   <trkpt lat="36.5841330" lon="-4.5732920">
    <ele>90.0</ele>
   </trkpt>
   <trkpt lat="36.5841330" lon="-4.5732570">
    <ele>90.6</ele>
   </trkpt>
   <trkpt lat="36.5841330" lon="-4.5732220">
    <ele>91.0</ele>
   </trkpt>
   <trkpt lat="36.5841300" lon="-4.5731850">
    <ele>91.6</ele>
   </trkpt>
   <trkpt lat="36.5841230" lon="-4.5731470">
    <ele>92.2</ele>
   </trkpt>
   <trkpt lat="36.5841180" lon="-4.5731060">
    <ele>92.6</ele>
   </trkpt>
   <trkpt lat="36.5841110" lon="-4.5730690">
    <ele>93.2</ele>
   </trkpt>
   <trkpt lat="36.5841070" lon="-4.5730320">
    <ele>93.6</ele>
   </trkpt>
   <trkpt lat="36.5841030" lon="-4.5729940">
    <ele>94.0</ele>
   </trkpt>
   <trkpt lat="36.5840990" lon="-4.5729580">
    <ele>94.2</ele>
   </trkpt>
   <trkpt lat="36.5841020" lon="-4.5729200">
    <ele>94.6</ele>
   </trkpt>
   <trkpt lat="36.5841060" lon="-4.5728780">
    <ele>94.8</ele>
   </trkpt>
   <trkpt lat="36.5841200" lon="-4.5728440">
    <ele>95.0</ele>
   </trkpt>
   <trkpt lat="36.5841390" lon="-4.5728080">
    <ele>95.2</ele>
   </trkpt>
   <trkpt lat="36.5841620" lon="-4.5727770">
    <ele>95.4</ele>
   </trkpt>
   <trkpt lat="36.5841910" lon="-4.5727510">
    <ele>95.8</ele>
   </trkpt>
   <trkpt lat="36.5842230" lon="-4.5727330">
    <ele>96.2</ele>
   </trkpt>
   <trkpt lat="36.5842610" lon="-4.5727150">
    <ele>96.8</ele>
   </trkpt>
   <trkpt lat="36.5842940" lon="-4.5727030">
    <ele>97.4</ele>
   </trkpt>
   <trkpt lat="36.5843320" lon="-4.5726970">
    <ele>97.8</ele>
   </trkpt>
   <trkpt lat="36.5843710" lon="-4.5726950">
    <ele>98.2</ele>
   </trkpt>
   <trkpt lat="36.5844060" lon="-4.5726950">
    <ele>98.4</ele>
   </trkpt>
   <trkpt lat="36.5844390" lon="-4.5726950">
    <ele>98.8</ele>
   </trkpt>
   <trkpt lat="36.5844710" lon="-4.5726950">
    <ele>99.0</ele>
   </trkpt>
   <trkpt lat="36.5845040" lon="-4.5726980">
    <ele>99.4</ele>
   </trkpt>
   <trkpt lat="36.5845400" lon="-4.5727000">
    <ele>99.8</ele>
   </trkpt>
   <trkpt lat="36.5845690" lon="-4.5727040">
    <ele>100.0</ele>
   </trkpt>
   <trkpt lat="36.5846000" lon="-4.5727140">
    <ele>100.4</ele>
   </trkpt>
   <trkpt lat="36.5846270" lon="-4.5727290">
    <ele>101.0</ele>
   </trkpt>
   <trkpt lat="36.5846580" lon="-4.5727440">
    <ele>101.2</ele>
   </trkpt>
   <trkpt lat="36.5846870" lon="-4.5727600">
    <ele>101.2</ele>
   </trkpt>
   <trkpt lat="36.5847150" lon="-4.5727820">
    <ele>101.4</ele>
   </trkpt>
   <trkpt lat="36.5847420" lon="-4.5728040">
    <ele>101.6</ele>
   </trkpt>
   <trkpt lat="36.5847680" lon="-4.5728300">
    <ele>101.8</ele>
   </trkpt>
   <trkpt lat="36.5847940" lon="-4.5728590">
    <ele>102.0</ele>
   </trkpt>
   <trkpt lat="36.5848180" lon="-4.5728880">
    <ele>102.4</ele>
   </trkpt>
   <trkpt lat="36.5848440" lon="-4.5729140">
    <ele>102.6</ele>
   </trkpt>
   <trkpt lat="36.5848700" lon="-4.5729400">
    <ele>102.6</ele>
   </trkpt>
   <trkpt lat="36.5848940" lon="-4.5729660">
    <ele>102.8</ele>
   </trkpt>
   <trkpt lat="36.5849170" lon="-4.5729910">
    <ele>102.8</ele>
   </trkpt>
   <trkpt lat="36.5849430" lon="-4.5730140">
    <ele>103.0</ele>
   </trkpt>
   <trkpt lat="36.5849670" lon="-4.5730400">
    <ele>103.2</ele>
   </trkpt>
   <trkpt lat="36.5849890" lon="-4.5730620">
    <ele>103.4</ele>
   </trkpt>
   <trkpt lat="36.5850160" lon="-4.5730880">
    <ele>103.6</ele>
   </trkpt>
   <trkpt lat="36.5850390" lon="-4.5731130">
    <ele>104.0</ele>
   </trkpt>
   <trkpt lat="36.5850620" lon="-4.5731390">
    <ele>104.2</ele>
   </trkpt>
   <trkpt lat="36.5850870" lon="-4.5731640">
    <ele>104.6</ele>
   </trkpt>
   <trkpt lat="36.5851120" lon="-4.5731920">
    <ele>105.0</ele>
   </trkpt>
   <trkpt lat="36.5851370" lon="-4.5732180">
    <ele>105.4</ele>
   </trkpt>
   <trkpt lat="36.5851640" lon="-4.5732460">
    <ele>106.0</ele>
   </trkpt>
   <trkpt lat="36.5851910" lon="-4.5732730">
    <ele>106.4</ele>
   </trkpt>
   <trkpt lat="36.5852180" lon="-4.5733010">
    <ele>106.8</ele>
   </trkpt>
   <trkpt lat="36.5852450" lon="-4.5733270">
    <ele>107.2</ele>
   </trkpt>
   <trkpt lat="36.5852720" lon="-4.5733550">
    <ele>107.6</ele>
   </trkpt>
   <trkpt lat="36.5852980" lon="-4.5733800">
    <ele>107.8</ele>
   </trkpt>
   <trkpt lat="36.5853260" lon="-4.5734070">
    <ele>108.0</ele>
   </trkpt>
   <trkpt lat="36.5853480" lon="-4.5734350">
    <ele>108.2</ele>
   </trkpt>
   <trkpt lat="36.5853720" lon="-4.5734630">
    <ele>108.4</ele>
   </trkpt>
   <trkpt lat="36.5853900" lon="-4.5734930">
    <ele>108.6</ele>
   </trkpt>
   <trkpt lat="36.5854090" lon="-4.5735230">
    <ele>109.0</ele>
   </trkpt>
   <trkpt lat="36.5854280" lon="-4.5735540">
    <ele>109.2</ele>
   </trkpt>
   <trkpt lat="36.5854480" lon="-4.5735910">
    <ele>109.6</ele>
   </trkpt>
   <trkpt lat="36.5854670" lon="-4.5736240">
    <ele>109.8</ele>
   </trkpt>
   <trkpt lat="36.5854830" lon="-4.5736610">
    <ele>110.0</ele>
   </trkpt>
   <trkpt lat="36.5854940" lon="-4.5736960">
    <ele>110.2</ele>
   </trkpt>
   <trkpt lat="36.5855020" lon="-4.5737340">
    <ele>110.2</ele>
   </trkpt>
   <trkpt lat="36.5855130" lon="-4.5737670">
    <ele>110.6</ele>
   </trkpt>
   <trkpt lat="36.5855210" lon="-4.5738030">
    <ele>111.0</ele>
   </trkpt>
   <trkpt lat="36.5855320" lon="-4.5738370">
    <ele>111.4</ele>
   </trkpt>
   <trkpt lat="36.5855400" lon="-4.5738710">
    <ele>111.8</ele>
   </trkpt>
   <trkpt lat="36.5855510" lon="-4.5739070">
    <ele>112.2</ele>
   </trkpt>
   <trkpt lat="36.5855600" lon="-4.5739420">
    <ele>112.8</ele>
   </trkpt>
   <trkpt lat="36.5855630" lon="-4.5739750">
    <ele>113.2</ele>
   </trkpt>
   <trkpt lat="36.5855710" lon="-4.5740110">
    <ele>113.6</ele>
   </trkpt>
   <trkpt lat="36.5855780" lon="-4.5740440">
    <ele>114.0</ele>
   </trkpt>
   <trkpt lat="36.5855860" lon="-4.5740800">
    <ele>114.4</ele>
   </trkpt>
   <trkpt lat="36.5855970" lon="-4.5741140">
    <ele>114.8</ele>
   </trkpt>
   <trkpt lat="36.5856090" lon="-4.5741510">
    <ele>115.2</ele>
   </trkpt>
   <trkpt lat="36.5856230" lon="-4.5741860">
    <ele>115.6</ele>
   </trkpt>
   <trkpt lat="36.5856350" lon="-4.5742210">
    <ele>116.0</ele>
   </trkpt>
   <trkpt lat="36.5856490" lon="-4.5742520">
    <ele>116.4</ele>
   </trkpt>
   <trkpt lat="36.5856620" lon="-4.5742860">
    <ele>116.8</ele>
   </trkpt>
   <trkpt lat="36.5856730" lon="-4.5743190">
    <ele>117.4</ele>
   </trkpt>
   <trkpt lat="36.5856850" lon="-4.5743530">
    <ele>117.8</ele>
   </trkpt>
   <trkpt lat="36.5856960" lon="-4.5743850">
    <ele>118.2</ele>
   </trkpt>
   <trkpt lat="36.5857080" lon="-4.5744210">
    <ele>118.6</ele>
   </trkpt>
   <trkpt lat="36.5857190" lon="-4.5744540">
    <ele>119.0</ele>
   </trkpt>
   <trkpt lat="36.5857310" lon="-4.5744870">
    <ele>119.2</ele>
   </trkpt>
   <trkpt lat="36.5857390" lon="-4.5745220">
    <ele>119.4</ele>
   </trkpt>
   <trkpt lat="36.5857460" lon="-4.5745590">
    <ele>119.8</ele>
   </trkpt>
   <trkpt lat="36.5857570" lon="-4.5745930">
    <ele>120.2</ele>
   </trkpt>
   <trkpt lat="36.5857650" lon="-4.5746330">
    <ele>120.6</ele>
   </trkpt>
   <trkpt lat="36.5857730" lon="-4.5746730">
    <ele>120.8</ele>
   </trkpt>
   <trkpt lat="36.5857770" lon="-4.5747170">
    <ele>121.2</ele>
   </trkpt>
   <trkpt lat="36.5857840" lon="-4.5747590">
    <ele>121.6</ele>
   </trkpt>
   <trkpt lat="36.5857920" lon="-4.5748080">
    <ele>122.2</ele>
   </trkpt>
   <trkpt lat="36.5857990" lon="-4.5748490">
    <ele>122.6</ele>
   </trkpt>
   <trkpt lat="36.5858110" lon="-4.5748960">
    <ele>123.0</ele>
   </trkpt>
   <trkpt lat="36.5858190" lon="-4.5749400">
    <ele>123.4</ele>
   </trkpt>
   <trkpt lat="36.5858260" lon="-4.5749830">
    <ele>123.8</ele>
   </trkpt>
   <trkpt lat="36.5858370" lon="-4.5750260">
    <ele>124.0</ele>
   </trkpt>
   <trkpt lat="36.5858490" lon="-4.5750700">
    <ele>124.4</ele>
   </trkpt>
   <trkpt lat="36.5858600" lon="-4.5751060">
    <ele>124.8</ele>
   </trkpt>
   <trkpt lat="36.5858720" lon="-4.5751440">
    <ele>125.2</ele>
   </trkpt>
   <trkpt lat="36.5858800" lon="-4.5751800">
    <ele>125.6</ele>
   </trkpt>
   <trkpt lat="36.5858900" lon="-4.5752140">
    <ele>126.0</ele>
   </trkpt>
   <trkpt lat="36.5858980" lon="-4.5752470">
    <ele>126.6</ele>
   </trkpt>
   <trkpt lat="36.5859030" lon="-4.5752840">
    <ele>127.0</ele>
   </trkpt>
   <trkpt lat="36.5859130" lon="-4.5753160">
    <ele>127.4</ele>
   </trkpt>
   <trkpt lat="36.5859240" lon="-4.5753470">
    <ele>127.8</ele>
   </trkpt>
   <trkpt lat="36.5859330" lon="-4.5753820">
    <ele>128.2</ele>
   </trkpt>
   <trkpt lat="36.5859440" lon="-4.5754130">
    <ele>128.8</ele>
   </trkpt>
   <trkpt lat="36.5859590" lon="-4.5754410">
    <ele>129.2</ele>
   </trkpt>
   <trkpt lat="36.5859750" lon="-4.5754690">
    <ele>129.8</ele>
   </trkpt>
   <trkpt lat="36.5859930" lon="-4.5754910">
    <ele>130.2</ele>
   </trkpt>
   <trkpt lat="36.5860160" lon="-4.5755120">
    <ele>130.8</ele>
   </trkpt>
   <trkpt lat="36.5860350" lon="-4.5755270">
    <ele>131.4</ele>
   </trkpt>
   <trkpt lat="36.5860620" lon="-4.5755390">
    <ele>131.8</ele>
   </trkpt>
   <trkpt lat="36.5860870" lon="-4.5755460">
    <ele>132.4</ele>
   </trkpt>
   <trkpt lat="36.5861150" lon="-4.5755470">
    <ele>132.8</ele>
   </trkpt>
   <trkpt lat="36.5861400" lon="-4.5755440">
    <ele>133.2</ele>
   </trkpt>
   <trkpt lat="36.5861680" lon="-4.5755360">
    <ele>133.6</ele>
   </trkpt>
   <trkpt lat="36.5861940" lon="-4.5755270">
    <ele>134.0</ele>
   </trkpt>
   <trkpt lat="36.5862210" lon="-4.5755160">
    <ele>134.4</ele>
   </trkpt>
   <trkpt lat="36.5862510" lon="-4.5755030">
    <ele>134.8</ele>
   </trkpt>
   <trkpt lat="36.5862750" lon="-4.5754830">
    <ele>135.2</ele>
   </trkpt>
   <trkpt lat="36.5863010" lon="-4.5754620">
    <ele>135.6</ele>
   </trkpt>
   <trkpt lat="36.5863290" lon="-4.5754360">
    <ele>135.8</ele>
   </trkpt>
   <trkpt lat="36.5863580" lon="-4.5754110">
    <ele>136.2</ele>
   </trkpt>
   <trkpt lat="36.5863820" lon="-4.5753780">
    <ele>136.6</ele>
   </trkpt>
   <trkpt lat="36.5864120" lon="-4.5753450">
    <ele>137.0</ele>
   </trkpt>
   <trkpt lat="36.5864400" lon="-4.5753090">
    <ele>137.2</ele>
   </trkpt>
   <trkpt lat="36.5864680" lon="-4.5752740">
    <ele>137.4</ele>
   </trkpt>
   <trkpt lat="36.5864960" lon="-4.5752330">
    <ele>137.8</ele>
   </trkpt>
   <trkpt lat="36.5865230" lon="-4.5751900">
    <ele>138.2</ele>
   </trkpt>
   <trkpt lat="36.5865500" lon="-4.5751470">
    <ele>138.6</ele>
   </trkpt>
   <trkpt lat="36.5865760" lon="-4.5750990">
    <ele>138.8</ele>
   </trkpt>
   <trkpt lat="36.5866040" lon="-4.5750490">
    <ele>139.2</ele>
   </trkpt>
   <trkpt lat="36.5866290" lon="-4.5749980">
    <ele>139.6</ele>
   </trkpt>
   <trkpt lat="36.5866520" lon="-4.5749450">
    <ele>139.8</ele>
   </trkpt>
   <trkpt lat="36.5866790" lon="-4.5748860">
    <ele>140.2</ele>
   </trkpt>
   <trkpt lat="36.5867020" lon="-4.5748300">
    <ele>140.4</ele>
   </trkpt>
   <trkpt lat="36.5867250" lon="-4.5747730">
    <ele>140.8</ele>
   </trkpt>
   <trkpt lat="36.5867490" lon="-4.5747120">
    <ele>141.0</ele>
   </trkpt>
   <trkpt lat="36.5867740" lon="-4.5746580">
    <ele>141.4</ele>
   </trkpt>
   <trkpt lat="36.5868010" lon="-4.5746040">
    <ele>141.8</ele>
   </trkpt>
   <trkpt lat="36.5868310" lon="-4.5745520">
    <ele>142.0</ele>
   </trkpt>
   <trkpt lat="36.5868620" lon="-4.5745010">
    <ele>142.4</ele>
   </trkpt>
   <trkpt lat="36.5868930" lon="-4.5744510">
    <ele>142.8</ele>
   </trkpt>
   <trkpt lat="36.5869270" lon="-4.5744030">
    <ele>143.4</ele>
   </trkpt>
   <trkpt lat="36.5869600" lon="-4.5743590">
    <ele>144.0</ele>
   </trkpt>
   <trkpt lat="36.5870000" lon="-4.5743170">
    <ele>144.4</ele>
   </trkpt>
   <trkpt lat="36.5870410" lon="-4.5742830">
    <ele>144.8</ele>
   </trkpt>
   <trkpt lat="36.5870870" lon="-4.5742530">
    <ele>145.4</ele>
   </trkpt>
   <trkpt lat="36.5871360" lon="-4.5742300">
    <ele>145.8</ele>
   </trkpt>
   <trkpt lat="36.5871870" lon="-4.5742040">
    <ele>146.2</ele>
   </trkpt>
   <trkpt lat="36.5872340" lon="-4.5741880">
    <ele>146.4</ele>
   </trkpt>
   <trkpt lat="36.5872900" lon="-4.5741750">
    <ele>146.6</ele>
   </trkpt>
   <trkpt lat="36.5873380" lon="-4.5741660">
    <ele>146.8</ele>
   </trkpt>
   <trkpt lat="36.5873890" lon="-4.5741550">
    <ele>147.0</ele>
   </trkpt>
   <trkpt lat="36.5874430" lon="-4.5741370">
    <ele>147.2</ele>
   </trkpt>
   <trkpt lat="36.5874960" lon="-4.5741110">
    <ele>147.4</ele>
   </trkpt>
   <trkpt lat="36.5875400" lon="-4.5740840">
    <ele>147.8</ele>
   </trkpt>
   <trkpt lat="36.5875900" lon="-4.5740470">
    <ele>148.0</ele>
   </trkpt>
   <trkpt lat="36.5876320" lon="-4.5740030">
    <ele>148.4</ele>
   </trkpt>
   <trkpt lat="36.5876710" lon="-4.5739510">
    <ele>148.6</ele>
   </trkpt>
   <trkpt lat="36.5877000" lon="-4.5738980">
    <ele>148.8</ele>
   </trkpt>
   <trkpt lat="36.5877330" lon="-4.5738310">
    <ele>149.0</ele>
   </trkpt>
   <trkpt lat="36.5877550" lon="-4.5737670">
    <ele>149.2</ele>
   </trkpt>
   <trkpt lat="36.5877750" lon="-4.5736960">
    <ele>149.4</ele>
   </trkpt>
   <trkpt lat="36.5877940" lon="-4.5736220">
    <ele>149.4</ele>
   </trkpt>
   <trkpt lat="36.5878140" lon="-4.5735450">
    <ele>149.6</ele>
   </trkpt>
   <trkpt lat="36.5878290" lon="-4.5734720">
    <ele>149.8</ele>
   </trkpt>
   <trkpt lat="36.5878440" lon="-4.5733920">
    <ele>149.8</ele>
   </trkpt>
   <trkpt lat="36.5878660" lon="-4.5733190">
    <ele>150.0</ele>
   </trkpt>
   <trkpt lat="36.5878970" lon="-4.5732480">
    <ele>150.2</ele>
   </trkpt>
   <trkpt lat="36.5879370" lon="-4.5731920">
    <ele>150.2</ele>
   </trkpt>
   <trkpt lat="36.5879880" lon="-4.5731490">
    <ele>150.4</ele>
   </trkpt>
   <trkpt lat="36.5880460" lon="-4.5731140">
    <ele>150.6</ele>
   </trkpt>
   <trkpt lat="36.5881090" lon="-4.5730880">
    <ele>150.8</ele>
   </trkpt>
   <trkpt lat="36.5881640" lon="-4.5730690">
    <ele>151.2</ele>
   </trkpt>
   <trkpt lat="36.5882200" lon="-4.5730560">
    <ele>151.4</ele>
   </trkpt>
   <trkpt lat="36.5882790" lon="-4.5730430">
    <ele>151.8</ele>
   </trkpt>
   <trkpt lat="36.5883330" lon="-4.5730310">
    <ele>152.0</ele>
   </trkpt>
   <trkpt lat="36.5883880" lon="-4.5730170">
    <ele>152.4</ele>
   </trkpt>
   <trkpt lat="36.5884380" lon="-4.5730060">
    <ele>152.8</ele>
   </trkpt>
   <trkpt lat="36.5884820" lon="-4.5729940">
    <ele>153.2</ele>
   </trkpt>
   <trkpt lat="36.5885290" lon="-4.5729820">
    <ele>153.8</ele>
   </trkpt>
   <trkpt lat="36.5885760" lon="-4.5729730">
    <ele>154.6</ele>
   </trkpt>
   <trkpt lat="36.5886230" lon="-4.5729640">
    <ele>155.4</ele>
   </trkpt>
   <trkpt lat="36.5886650" lon="-4.5729620">
    <ele>156.2</ele>
   </trkpt>
   <trkpt lat="36.5887130" lon="-4.5729590">
    <ele>156.8</ele>
   </trkpt>
   <trkpt lat="36.5887540" lon="-4.5729580">
    <ele>157.4</ele>
   </trkpt>
   <trkpt lat="36.5887960" lon="-4.5729620">
    <ele>157.6</ele>
   </trkpt>
   <trkpt lat="36.5888340" lon="-4.5729650">
    <ele>157.6</ele>
   </trkpt>
   <trkpt lat="36.5888670" lon="-4.5729690">
    <ele>157.6</ele>
   </trkpt>
   <trkpt lat="36.5888990" lon="-4.5729730">
    <ele>157.8</ele>
   </trkpt>
   <trkpt lat="36.5889330" lon="-4.5729780">
    <ele>158.2</ele>
   </trkpt>
   <trkpt lat="36.5889670" lon="-4.5729800">
    <ele>158.8</ele>
   </trkpt>
   <trkpt lat="36.5889980" lon="-4.5729830">
    <ele>159.4</ele>
   </trkpt>
   <trkpt lat="36.5890290" lon="-4.5729850">
    <ele>160.0</ele>
   </trkpt>
   <trkpt lat="36.5890600" lon="-4.5729900">
    <ele>160.2</ele>
   </trkpt>
   <trkpt lat="36.5890900" lon="-4.5729930">
    <ele>160.4</ele>
   </trkpt>
   <trkpt lat="36.5891210" lon="-4.5729960">
    <ele>160.8</ele>
   </trkpt>
   <trkpt lat="36.5891490" lon="-4.5729990">
    <ele>161.0</ele>
   </trkpt>
   <trkpt lat="36.5891780" lon="-4.5730030">
    <ele>161.4</ele>
   </trkpt>
   <trkpt lat="36.5892000" lon="-4.5730080">
    <ele>161.8</ele>
   </trkpt>
   <trkpt lat="36.5892270" lon="-4.5730120">
    <ele>162.4</ele>
   </trkpt>
   <trkpt lat="36.5892500" lon="-4.5730160">
    <ele>163.0</ele>
   </trkpt>
   <trkpt lat="36.5892730" lon="-4.5730210">
    <ele>163.6</ele>
   </trkpt>
   <trkpt lat="36.5892960" lon="-4.5730230">
    <ele>164.2</ele>
   </trkpt>
   <trkpt lat="36.5893230" lon="-4.5730260">
    <ele>164.8</ele>
   </trkpt>
   <trkpt lat="36.5893450" lon="-4.5730330">
    <ele>165.2</ele>
   </trkpt>
   <trkpt lat="36.5893690" lon="-4.5730390">
    <ele>165.6</ele>
   </trkpt>
   <trkpt lat="36.5893920" lon="-4.5730440">
    <ele>165.8</ele>
   </trkpt>
   <trkpt lat="36.5894150" lon="-4.5730510">
    <ele>166.2</ele>
   </trkpt>
   <trkpt lat="36.5894410" lon="-4.5730580">
    <ele>166.6</ele>
   </trkpt>
   <trkpt lat="36.5894650" lon="-4.5730640">
    <ele>167.0</ele>
   </trkpt>
   <trkpt lat="36.5894870" lon="-4.5730700">
    <ele>167.2</ele>
   </trkpt>
   <trkpt lat="36.5895090" lon="-4.5730710">
    <ele>167.6</ele>
   </trkpt>
   <trkpt lat="36.5895330" lon="-4.5730730">
    <ele>168.0</ele>
   </trkpt>
   <trkpt lat="36.5895600" lon="-4.5730770">
    <ele>168.4</ele>
   </trkpt>
   <trkpt lat="36.5895860" lon="-4.5730810">
    <ele>168.8</ele>
   </trkpt>
   <trkpt lat="36.5896080" lon="-4.5730840">
    <ele>169.2</ele>
   </trkpt>
   <trkpt lat="36.5896310" lon="-4.5730880">
    <ele>169.8</ele>
   </trkpt>
   <trkpt lat="36.5896580" lon="-4.5730930">
    <ele>170.2</ele>
   </trkpt>
   <trkpt lat="36.5896810" lon="-4.5730960">
    <ele>170.6</ele>
   </trkpt>
   <trkpt lat="36.5897080" lon="-4.5731000">
    <ele>171.0</ele>
   </trkpt>
   <trkpt lat="36.5897310" lon="-4.5730970">
    <ele>171.4</ele>
   </trkpt>
   <trkpt lat="36.5897540" lon="-4.5730980">
    <ele>171.6</ele>
   </trkpt>
   <trkpt lat="36.5897730" lon="-4.5731000">
    <ele>172.0</ele>
   </trkpt>
   <trkpt lat="36.5897990" lon="-4.5730980">
    <ele>172.4</ele>
   </trkpt>
   <trkpt lat="36.5898190" lon="-4.5730940">
    <ele>173.0</ele>
   </trkpt>
   <trkpt lat="36.5898380" lon="-4.5730890">
    <ele>173.4</ele>
   </trkpt>
   <trkpt lat="36.5898600" lon="-4.5730840">
    <ele>174.0</ele>
   </trkpt>
   <trkpt lat="36.5898840" lon="-4.5730770">
    <ele>174.6</ele>
   </trkpt>
   <trkpt lat="36.5899030" lon="-4.5730690">
    <ele>175.2</ele>
   </trkpt>
   <trkpt lat="36.5899250" lon="-4.5730580">
    <ele>175.6</ele>
   </trkpt>
   <trkpt lat="36.5899480" lon="-4.5730480">
    <ele>176.0</ele>
   </trkpt>
   <trkpt lat="36.5899710" lon="-4.5730410">
    <ele>176.4</ele>
   </trkpt>
   <trkpt lat="36.5899900" lon="-4.5730330">
    <ele>176.6</ele>
   </trkpt>
   <trkpt lat="36.5900130" lon="-4.5730240">
    <ele>176.8</ele>
   </trkpt>
   <trkpt lat="36.5900360" lon="-4.5730160">
    <ele>177.0</ele>
   </trkpt>
   <trkpt lat="36.5900560" lon="-4.5730040">
    <ele>177.2</ele>
   </trkpt>
   <trkpt lat="36.5900780" lon="-4.5729930">
    <ele>177.6</ele>
   </trkpt>
   <trkpt lat="36.5901020" lon="-4.5729840">
    <ele>177.8</ele>
   </trkpt>
   <trkpt lat="36.5901270" lon="-4.5729760">
    <ele>178.2</ele>
   </trkpt>
   <trkpt lat="36.5901510" lon="-4.5729660">
    <ele>178.6</ele>
   </trkpt>
   <trkpt lat="36.5901760" lon="-4.5729560">
    <ele>178.8</ele>
   </trkpt>
   <trkpt lat="36.5902060" lon="-4.5729490">
    <ele>179.0</ele>
   </trkpt>
   <trkpt lat="36.5902350" lon="-4.5729370">
    <ele>179.2</ele>
   </trkpt>
   <trkpt lat="36.5902580" lon="-4.5729270">
    <ele>179.4</ele>
   </trkpt>
   <trkpt lat="36.5902870" lon="-4.5729160">
    <ele>179.6</ele>
   </trkpt>
   <trkpt lat="36.5903150" lon="-4.5729090">
    <ele>180.0</ele>
   </trkpt>
   <trkpt lat="36.5903410" lon="-4.5729050">
    <ele>180.4</ele>
   </trkpt>
   <trkpt lat="36.5903700" lon="-4.5729050">
    <ele>180.8</ele>
   </trkpt>
   <trkpt lat="36.5904010" lon="-4.5729090">
    <ele>181.2</ele>
   </trkpt>
   <trkpt lat="36.5904330" lon="-4.5729180">
    <ele>181.4</ele>
   </trkpt>
   <trkpt lat="36.5904590" lon="-4.5729290">
    <ele>181.6</ele>
   </trkpt>
   <trkpt lat="36.5904900" lon="-4.5729450">
    <ele>182.0</ele>
   </trkpt>
   <trkpt lat="36.5905200" lon="-4.5729630">
    <ele>182.2</ele>
   </trkpt>
   <trkpt lat="36.5905470" lon="-4.5729850">
    <ele>182.4</ele>
   </trkpt>
   <trkpt lat="36.5905740" lon="-4.5730100">
    <ele>182.6</ele>
   </trkpt>
   <trkpt lat="36.5906000" lon="-4.5730360">
    <ele>182.8</ele>
   </trkpt>
   <trkpt lat="36.5906230" lon="-4.5730640">
    <ele>183.0</ele>
   </trkpt>
   <trkpt lat="36.5906470" lon="-4.5730910">
    <ele>183.2</ele>
   </trkpt>
   <trkpt lat="36.5906690" lon="-4.5731210">
    <ele>183.2</ele>
   </trkpt>
   <trkpt lat="36.5906880" lon="-4.5731530">
    <ele>183.4</ele>
   </trkpt>
   <trkpt lat="36.5907050" lon="-4.5731920">
    <ele>183.6</ele>
   </trkpt>
   <trkpt lat="36.5907130" lon="-4.5732330">
    <ele>183.8</ele>
   </trkpt>
   <trkpt lat="36.5907170" lon="-4.5732750">
    <ele>184.0</ele>
   </trkpt>
   <trkpt lat="36.5907210" lon="-4.5733220">
    <ele>184.2</ele>
   </trkpt>
   <trkpt lat="36.5907250" lon="-4.5733710">
    <ele>184.6</ele>
   </trkpt>
   <trkpt lat="36.5907320" lon="-4.5734240">
    <ele>185.0</ele>
   </trkpt>
   <trkpt lat="36.5907360" lon="-4.5734780">
    <ele>185.4</ele>
   </trkpt>
   <trkpt lat="36.5907400" lon="-4.5735350">
    <ele>185.8</ele>
   </trkpt>
   <trkpt lat="36.5907440" lon="-4.5735910">
    <ele>186.2</ele>
   </trkpt>
   <trkpt lat="36.5907580" lon="-4.5736480">
    <ele>186.6</ele>
   </trkpt>
   <trkpt lat="36.5907830" lon="-4.5736940">
    <ele>187.0</ele>
   </trkpt>
   <trkpt lat="36.5908200" lon="-4.5737240">
    <ele>187.2</ele>
   </trkpt>
   <trkpt lat="36.5908650" lon="-4.5737330">
    <ele>187.2</ele>
   </trkpt>
   <trkpt lat="36.5909090" lon="-4.5737230">
    <ele>187.2</ele>
   </trkpt>
   <trkpt lat="36.5909470" lon="-4.5737080">
    <ele>187.4</ele>
   </trkpt>
   <trkpt lat="36.5909900" lon="-4.5736930">
    <ele>187.8</ele>
   </trkpt>
   <trkpt lat="36.5910310" lon="-4.5736780">
    <ele>188.2</ele>
   </trkpt>
   <trkpt lat="36.5910640" lon="-4.5736650">
    <ele>188.8</ele>
   </trkpt>
   <trkpt lat="36.5911030" lon="-4.5736530">
    <ele>189.4</ele>
   </trkpt>
   <trkpt lat="36.5911420" lon="-4.5736390">
    <ele>190.0</ele>
   </trkpt>
   <trkpt lat="36.5911720" lon="-4.5736250">
    <ele>190.6</ele>
   </trkpt>
   <trkpt lat="36.5912100" lon="-4.5736110">
    <ele>191.0</ele>
   </trkpt>
   <trkpt lat="36.5912420" lon="-4.5735940">
    <ele>191.6</ele>
   </trkpt>
   <trkpt lat="36.5912760" lon="-4.5735810">
    <ele>192.0</ele>
   </trkpt>
   <trkpt lat="36.5913060" lon="-4.5735660">
    <ele>192.4</ele>
   </trkpt>
   <trkpt lat="36.5913410" lon="-4.5735510">
    <ele>192.8</ele>
   </trkpt>
   <trkpt lat="36.5913700" lon="-4.5735370">
    <ele>193.2</ele>
   </trkpt>
   <trkpt lat="36.5914020" lon="-4.5735210">
    <ele>193.6</ele>
   </trkpt>
   <trkpt lat="36.5914320" lon="-4.5735060">
    <ele>194.2</ele>
   </trkpt>
   <trkpt lat="36.5914620" lon="-4.5734880">
    <ele>194.6</ele>
   </trkpt>
   <trkpt lat="36.5914890" lon="-4.5734700">
    <ele>195.0</ele>
   </trkpt>
   <trkpt lat="36.5915160" lon="-4.5734550">
    <ele>195.4</ele>
   </trkpt>
   <trkpt lat="36.5915420" lon="-4.5734400">
    <ele>195.6</ele>
   </trkpt>
   <trkpt lat="36.5915690" lon="-4.5734250">
    <ele>196.0</ele>
   </trkpt>
   <trkpt lat="36.5915930" lon="-4.5734110">
    <ele>196.4</ele>
   </trkpt>
   <trkpt lat="36.5916220" lon="-4.5733950">
    <ele>196.6</ele>
   </trkpt>
   <trkpt lat="36.5916460" lon="-4.5733780">
    <ele>197.2</ele>
   </trkpt>
   <trkpt lat="36.5916730" lon="-4.5733600">
    <ele>197.6</ele>
   </trkpt>
   <trkpt lat="36.5916990" lon="-4.5733450">
    <ele>198.0</ele>
   </trkpt>
   <trkpt lat="36.5917250" lon="-4.5733320">
    <ele>198.2</ele>
   </trkpt>
   <trkpt lat="36.5917550" lon="-4.5733180">
    <ele>198.6</ele>
   </trkpt>
   <trkpt lat="36.5917820" lon="-4.5733060">
    <ele>199.2</ele>
   </trkpt>
   <trkpt lat="36.5918120" lon="-4.5732980">
    <ele>199.6</ele>
   </trkpt>
   <trkpt lat="36.5918410" lon="-4.5732920">
    <ele>200.4</ele>
   </trkpt>
   <trkpt lat="36.5918700" lon="-4.5732900">
    <ele>201.0</ele>
   </trkpt>
   <trkpt lat="36.5918970" lon="-4.5732900">
    <ele>201.4</ele>
   </trkpt>
   <trkpt lat="36.5919230" lon="-4.5732900">
    <ele>201.6</ele>
   </trkpt>
   <trkpt lat="36.5919510" lon="-4.5732920">
    <ele>202.0</ele>
   </trkpt>
   <trkpt lat="36.5919760" lon="-4.5732950">
    <ele>202.2</ele>
   </trkpt>
   <trkpt lat="36.5920060" lon="-4.5733000">
    <ele>202.6</ele>
   </trkpt>
   <trkpt lat="36.5920310" lon="-4.5733080">
    <ele>203.0</ele>
   </trkpt>
   <trkpt lat="36.5920550" lon="-4.5733210">
    <ele>203.4</ele>
   </trkpt>
   <trkpt lat="36.5920810" lon="-4.5733320">
    <ele>204.0</ele>
   </trkpt>
   <trkpt lat="36.5921040" lon="-4.5733430">
    <ele>204.4</ele>
   </trkpt>
   <trkpt lat="36.5921270" lon="-4.5733510">
    <ele>204.8</ele>
   </trkpt>
   <trkpt lat="36.5921500" lon="-4.5733560">
    <ele>205.2</ele>
   </trkpt>
   <trkpt lat="36.5921760" lon="-4.5733610">
    <ele>206.0</ele>
   </trkpt>
   <trkpt lat="36.5922000" lon="-4.5733650">
    <ele>206.6</ele>
   </trkpt>
   <trkpt lat="36.5922220" lon="-4.5733670">
    <ele>206.6</ele>
   </trkpt>
   <trkpt lat="36.5922450" lon="-4.5733670">
    <ele>206.4</ele>
   </trkpt>
   <trkpt lat="36.5922680" lon="-4.5733640">
    <ele>206.6</ele>
   </trkpt>
   <trkpt lat="36.5922910" lon="-4.5733600">
    <ele>207.0</ele>
   </trkpt>
   <trkpt lat="36.5923120" lon="-4.5733540">
    <ele>207.4</ele>
   </trkpt>
   <trkpt lat="36.5923370" lon="-4.5733470">
    <ele>208.0</ele>
   </trkpt>
   <trkpt lat="36.5923600" lon="-4.5733370">
    <ele>208.8</ele>
   </trkpt>
   <trkpt lat="36.5923820" lon="-4.5733290">
    <ele>209.6</ele>
   </trkpt>
   <trkpt lat="36.5924020" lon="-4.5733220">
    <ele>210.0</ele>
   </trkpt>
   <trkpt lat="36.5924250" lon="-4.5733150">
    <ele>210.6</ele>
   </trkpt>
   <trkpt lat="36.5924470" lon="-4.5733090">
    <ele>211.0</ele>
   </trkpt>
   <trkpt lat="36.5924670" lon="-4.5732970">
    <ele>211.2</ele>
   </trkpt>
   <trkpt lat="36.5924820" lon="-4.5732830">
    <ele>211.2</ele>
   </trkpt>
   <trkpt lat="36.5924970" lon="-4.5732670">
    <ele>211.2</ele>
   </trkpt>
   <trkpt lat="36.5925160" lon="-4.5732470">
    <ele>211.2</ele>
   </trkpt>
   <trkpt lat="36.5925320" lon="-4.5732240">
    <ele>211.4</ele>
   </trkpt>
   <trkpt lat="36.5925470" lon="-4.5732030">
    <ele>211.8</ele>
   </trkpt>
   <trkpt lat="36.5925630" lon="-4.5731830">
    <ele>212.8</ele>
   </trkpt>
   <trkpt lat="36.5925850" lon="-4.5731680">
    <ele>213.8</ele>
   </trkpt>
   <trkpt lat="36.5926040" lon="-4.5731610">
    <ele>214.4</ele>
   </trkpt>
   <trkpt lat="36.5926260" lon="-4.5731540">
    <ele>215.0</ele>
   </trkpt>
   <trkpt lat="36.5926470" lon="-4.5731500">
    <ele>215.4</ele>
   </trkpt>
   <trkpt lat="36.5926680" lon="-4.5731480">
    <ele>215.6</ele>
   </trkpt>
   <trkpt lat="36.5926920" lon="-4.5731420">
    <ele>216.0</ele>
   </trkpt>
   <trkpt lat="36.5927110" lon="-4.5731370">
    <ele>216.4</ele>
   </trkpt>
   <trkpt lat="36.5927370" lon="-4.5731290">
    <ele>216.8</ele>
   </trkpt>
   <trkpt lat="36.5927600" lon="-4.5731190">
    <ele>217.0</ele>
   </trkpt>
   <trkpt lat="36.5927840" lon="-4.5731070">
    <ele>217.2</ele>
   </trkpt>
   <trkpt lat="36.5928060" lon="-4.5730930">
    <ele>217.4</ele>
   </trkpt>
   <trkpt lat="36.5928260" lon="-4.5730760">
    <ele>217.2</ele>
   </trkpt>
   <trkpt lat="36.5928480" lon="-4.5730590">
    <ele>217.2</ele>
   </trkpt>
   <trkpt lat="36.5928670" lon="-4.5730420">
    <ele>217.2</ele>
   </trkpt>
   <trkpt lat="36.5928880" lon="-4.5730230">
    <ele>217.2</ele>
   </trkpt>
   <trkpt lat="36.5929080" lon="-4.5730010">
    <ele>217.6</ele>
   </trkpt>
   <trkpt lat="36.5929280" lon="-4.5729780">
    <ele>217.8</ele>
   </trkpt>
   <trkpt lat="36.5929510" lon="-4.5729560">
    <ele>218.0</ele>
   </trkpt>
   <trkpt lat="36.5929740" lon="-4.5729360">
    <ele>218.0</ele>
   </trkpt>
   <trkpt lat="36.5929970" lon="-4.5729160">
    <ele>218.2</ele>
   </trkpt>
   <trkpt lat="36.5930230" lon="-4.5728990">
    <ele>218.2</ele>
   </trkpt>
   <trkpt lat="36.5930470" lon="-4.5728810">
    <ele>218.2</ele>
   </trkpt>
   <trkpt lat="36.5930690" lon="-4.5728610">
    <ele>218.0</ele>
   </trkpt>
   <trkpt lat="36.5930930" lon="-4.5728410">
    <ele>217.6</ele>
   </trkpt>
   <trkpt lat="36.5931190" lon="-4.5728260">
    <ele>217.4</ele>
   </trkpt>
   <trkpt lat="36.5931450" lon="-4.5728130">
    <ele>217.2</ele>
   </trkpt>
   <trkpt lat="36.5931750" lon="-4.5727990">
    <ele>217.0</ele>
   </trkpt>
   <trkpt lat="36.5932000" lon="-4.5727900">
    <ele>216.6</ele>
   </trkpt>
   <trkpt lat="36.5932280" lon="-4.5727790">
    <ele>216.2</ele>
   </trkpt>
   <trkpt lat="36.5932560" lon="-4.5727710">
    <ele>216.4</ele>
   </trkpt>
   <trkpt lat="36.5932860" lon="-4.5727650">
    <ele>216.8</ele>
   </trkpt>
   <trkpt lat="36.5933130" lon="-4.5727620">
    <ele>217.4</ele>
   </trkpt>
   <trkpt lat="36.5933400" lon="-4.5727620">
    <ele>217.8</ele>
   </trkpt>
   <trkpt lat="36.5933700" lon="-4.5727650">
    <ele>218.4</ele>
   </trkpt>
   <trkpt lat="36.5934000" lon="-4.5727730">
    <ele>219.0</ele>
   </trkpt>
   <trkpt lat="36.5934320" lon="-4.5727890">
    <ele>219.4</ele>
   </trkpt>
   <trkpt lat="36.5934650" lon="-4.5728070">
    <ele>219.8</ele>
   </trkpt>
   <trkpt lat="36.5934960" lon="-4.5728300">
    <ele>220.4</ele>
   </trkpt>
   <trkpt lat="36.5935260" lon="-4.5728560">
    <ele>221.0</ele>
   </trkpt>
   <trkpt lat="36.5935580" lon="-4.5728840">
    <ele>221.6</ele>
   </trkpt>
   <trkpt lat="36.5935900" lon="-4.5729120">
    <ele>222.4</ele>
   </trkpt>
   <trkpt lat="36.5936260" lon="-4.5729460">
    <ele>223.0</ele>
   </trkpt>
   <trkpt lat="36.5936600" lon="-4.5729790">
    <ele>223.6</ele>
   </trkpt>
   <trkpt lat="36.5937010" lon="-4.5730130">
    <ele>224.2</ele>
   </trkpt>
   <trkpt lat="36.5937470" lon="-4.5730430">
    <ele>224.8</ele>
   </trkpt>
   <trkpt lat="36.5937920" lon="-4.5730660">
    <ele>225.2</ele>
   </trkpt>
   <trkpt lat="36.5938380" lon="-4.5730890">
    <ele>225.4</ele>
   </trkpt>
   <trkpt lat="36.5938850" lon="-4.5731120">
    <ele>225.6</ele>
   </trkpt>
   <trkpt lat="36.5939300" lon="-4.5731350">
    <ele>225.6</ele>
   </trkpt>
   <trkpt lat="36.5939720" lon="-4.5731570">
    <ele>225.8</ele>
   </trkpt>
   <trkpt lat="36.5940150" lon="-4.5731800">
    <ele>226.0</ele>
   </trkpt>
   <trkpt lat="36.5940580" lon="-4.5732010">
    <ele>226.6</ele>
   </trkpt>
   <trkpt lat="36.5940980" lon="-4.5732200">
    <ele>227.2</ele>
   </trkpt>
   <trkpt lat="36.5941430" lon="-4.5732370">
    <ele>227.6</ele>
   </trkpt>
   <trkpt lat="36.5941860" lon="-4.5732540">
    <ele>227.8</ele>
   </trkpt>
   <trkpt lat="36.5942280" lon="-4.5732750">
    <ele>228.0</ele>
   </trkpt>
   <trkpt lat="36.5942700" lon="-4.5732950">
    <ele>228.0</ele>
   </trkpt>
   <trkpt lat="36.5943130" lon="-4.5733210">
    <ele>228.4</ele>
   </trkpt>
   <trkpt lat="36.5943490" lon="-4.5733530">
    <ele>229.0</ele>
   </trkpt>
   <trkpt lat="36.5943820" lon="-4.5733980">
    <ele>229.6</ele>
   </trkpt>
   <trkpt lat="36.5944100" lon="-4.5734420">
    <ele>230.0</ele>
   </trkpt>
   <trkpt lat="36.5944340" lon="-4.5734890">
    <ele>230.2</ele>
   </trkpt>
   <trkpt lat="36.5944500" lon="-4.5735350">
    <ele>230.8</ele>
   </trkpt>
   <trkpt lat="36.5944620" lon="-4.5735830">
    <ele>231.2</ele>
   </trkpt>
   <trkpt lat="36.5944630" lon="-4.5736280">
    <ele>231.6</ele>
   </trkpt>
   <trkpt lat="36.5944630" lon="-4.5736750">
    <ele>231.8</ele>
   </trkpt>
   <trkpt lat="36.5944630" lon="-4.5737200">
    <ele>232.2</ele>
   </trkpt>
   <trkpt lat="36.5944630" lon="-4.5737650">
    <ele>232.4</ele>
   </trkpt>
   <trkpt lat="36.5944600" lon="-4.5738090">
    <ele>232.8</ele>
   </trkpt>
   <trkpt lat="36.5944560" lon="-4.5738510">
    <ele>232.8</ele>
   </trkpt>
   <trkpt lat="36.5944560" lon="-4.5738910">
    <ele>233.0</ele>
   </trkpt>
   <trkpt lat="36.5944520" lon="-4.5739350">
    <ele>233.2</ele>
   </trkpt>
   <trkpt lat="36.5944520" lon="-4.5739760">
    <ele>233.4</ele>
   </trkpt>
   <trkpt lat="36.5944490" lon="-4.5740140">
    <ele>233.6</ele>
   </trkpt>
   <trkpt lat="36.5944480" lon="-4.5740560">
    <ele>234.0</ele>
   </trkpt>
   <trkpt lat="36.5944510" lon="-4.5740940">
    <ele>234.6</ele>
   </trkpt>
   <trkpt lat="36.5944520" lon="-4.5741310">
    <ele>235.0</ele>
   </trkpt>
   <trkpt lat="36.5944520" lon="-4.5741700">
    <ele>235.4</ele>
   </trkpt>
   <trkpt lat="36.5944520" lon="-4.5742100">
    <ele>235.8</ele>
   </trkpt>
   <trkpt lat="36.5944450" lon="-4.5742510">
    <ele>236.4</ele>
   </trkpt>
   <trkpt lat="36.5944410" lon="-4.5742890">
    <ele>236.8</ele>
   </trkpt>
   <trkpt lat="36.5944440" lon="-4.5743300">
    <ele>237.2</ele>
   </trkpt>
   <trkpt lat="36.5944480" lon="-4.5743680">
    <ele>237.6</ele>
   </trkpt>
   <trkpt lat="36.5944550" lon="-4.5744090">
    <ele>238.0</ele>
   </trkpt>
   <trkpt lat="36.5944560" lon="-4.5744490">
    <ele>238.4</ele>
   </trkpt>
   <trkpt lat="36.5944460" lon="-4.5744970">
    <ele>238.4</ele>
   </trkpt>
   <trkpt lat="36.5944280" lon="-4.5745460">
    <ele>238.6</ele>
   </trkpt>
   <trkpt lat="36.5944030" lon="-4.5745980">
    <ele>238.6</ele>
   </trkpt>
   <trkpt lat="36.5943850" lon="-4.5746450">
    <ele>238.6</ele>
   </trkpt>
   <trkpt lat="36.5943630" lon="-4.5746980">
    <ele>238.8</ele>
   </trkpt>
   <trkpt lat="36.5943390" lon="-4.5747530">
    <ele>238.8</ele>
   </trkpt>
   <trkpt lat="36.5943200" lon="-4.5748080">
    <ele>239.0</ele>
   </trkpt>
   <trkpt lat="36.5942940" lon="-4.5748660">
    <ele>239.2</ele>
   </trkpt>
   <trkpt lat="36.5942700" lon="-4.5749250">
    <ele>239.4</ele>
   </trkpt>
   <trkpt lat="36.5942480" lon="-4.5749830">
    <ele>239.8</ele>
   </trkpt>
   <trkpt lat="36.5942280" lon="-4.5750450">
    <ele>240.2</ele>
   </trkpt>
   <trkpt lat="36.5942110" lon="-4.5750980">
    <ele>240.8</ele>
   </trkpt>
   <trkpt lat="36.5941940" lon="-4.5751590">
    <ele>241.4</ele>
   </trkpt>
   <trkpt lat="36.5941860" lon="-4.5752170">
    <ele>242.2</ele>
   </trkpt>
   <trkpt lat="36.5941740" lon="-4.5752760">
    <ele>242.8</ele>
   </trkpt>
   <trkpt lat="36.5941630" lon="-4.5753310">
    <ele>243.2</ele>
   </trkpt>
   <trkpt lat="36.5941510" lon="-4.5753910">
    <ele>243.8</ele>
   </trkpt>
   <trkpt lat="36.5941400" lon="-4.5754470">
    <ele>244.2</ele>
   </trkpt>
   <trkpt lat="36.5941260" lon="-4.5755000">
    <ele>244.8</ele>
   </trkpt>
   <trkpt lat="36.5941100" lon="-4.5755540">
    <ele>245.2</ele>
   </trkpt>
   <trkpt lat="36.5940880" lon="-4.5756040">
    <ele>245.6</ele>
   </trkpt>
   <trkpt lat="36.5940650" lon="-4.5756510">
    <ele>246.2</ele>
   </trkpt>
   <trkpt lat="36.5940380" lon="-4.5756990">
    <ele>246.8</ele>
   </trkpt>
   <trkpt lat="36.5940080" lon="-4.5757420">
    <ele>247.4</ele>
   </trkpt>
   <trkpt lat="36.5939770" lon="-4.5757820">
    <ele>247.8</ele>
   </trkpt>
   <trkpt lat="36.5939430" lon="-4.5758240">
    <ele>248.2</ele>
   </trkpt>
   <trkpt lat="36.5939120" lon="-4.5758660">
    <ele>248.4</ele>
   </trkpt>
   <trkpt lat="36.5938790" lon="-4.5759070">
    <ele>248.6</ele>
   </trkpt>
   <trkpt lat="36.5938450" lon="-4.5759480">
    <ele>248.8</ele>
   </trkpt>
   <trkpt lat="36.5938070" lon="-4.5759900">
    <ele>249.0</ele>
   </trkpt>
   <trkpt lat="36.5937760" lon="-4.5760310">
    <ele>249.2</ele>
   </trkpt>
   <trkpt lat="36.5937420" lon="-4.5760710">
    <ele>249.4</ele>
   </trkpt>
   <trkpt lat="36.5937100" lon="-4.5761140">
    <ele>249.8</ele>
   </trkpt>
   <trkpt lat="36.5936840" lon="-4.5761540">
    <ele>250.2</ele>
   </trkpt>
   <trkpt lat="36.5936570" lon="-4.5761980">
    <ele>251.0</ele>
   </trkpt>
   <trkpt lat="36.5936300" lon="-4.5762410">
    <ele>251.4</ele>
   </trkpt>
   <trkpt lat="36.5936050" lon="-4.5762840">
    <ele>251.8</ele>
   </trkpt>
   <trkpt lat="36.5935770" lon="-4.5763310">
    <ele>252.0</ele>
   </trkpt>
   <trkpt lat="36.5935490" lon="-4.5763760">
    <ele>252.4</ele>
   </trkpt>
   <trkpt lat="36.5935240" lon="-4.5764150">
    <ele>252.6</ele>
   </trkpt>
   <trkpt lat="36.5934940" lon="-4.5764530">
    <ele>253.0</ele>
   </trkpt>
   <trkpt lat="36.5934620" lon="-4.5764900">
    <ele>253.2</ele>
   </trkpt>
   <trkpt lat="36.5934290" lon="-4.5765240">
    <ele>253.4</ele>
   </trkpt>
   <trkpt lat="36.5933940" lon="-4.5765560">
    <ele>253.4</ele>
   </trkpt>
   <trkpt lat="36.5933570" lon="-4.5765880">
    <ele>253.8</ele>
   </trkpt>
   <trkpt lat="36.5933230" lon="-4.5766270">
    <ele>254.0</ele>
   </trkpt>
   <trkpt lat="36.5932810" lon="-4.5766660">
    <ele>254.4</ele>
   </trkpt>
   <trkpt lat="36.5932400" lon="-4.5767070">
    <ele>254.6</ele>
   </trkpt>
   <trkpt lat="36.5931900" lon="-4.5767490">
    <ele>254.6</ele>
   </trkpt>
   <trkpt lat="36.5931410" lon="-4.5767930">
    <ele>254.8</ele>
   </trkpt>
   <trkpt lat="36.5930910" lon="-4.5768390">
    <ele>255.0</ele>
   </trkpt>
   <trkpt lat="36.5930360" lon="-4.5768860">
    <ele>255.2</ele>
   </trkpt>
   <trkpt lat="36.5929770" lon="-4.5769390">
    <ele>255.2</ele>
   </trkpt>
   <trkpt lat="36.5929210" lon="-4.5769890">
    <ele>255.4</ele>
   </trkpt>
   <trkpt lat="36.5928570" lon="-4.5770420">
    <ele>255.4</ele>
   </trkpt>
   <trkpt lat="36.5927920" lon="-4.5770970">
    <ele>255.4</ele>
   </trkpt>
   <trkpt lat="36.5927250" lon="-4.5771580">
    <ele>255.4</ele>
   </trkpt>
   <trkpt lat="36.5926620" lon="-4.5772160">
    <ele>255.2</ele>
   </trkpt>
   <trkpt lat="36.5925950" lon="-4.5772760">
    <ele>255.2</ele>
   </trkpt>
   <trkpt lat="36.5925230" lon="-4.5773400">
    <ele>255.4</ele>
   </trkpt>
   <trkpt lat="36.5924500" lon="-4.5774060">
    <ele>255.4</ele>
   </trkpt>
   <trkpt lat="36.5923700" lon="-4.5774760">
    <ele>255.2</ele>
   </trkpt>
   <trkpt lat="36.5922900" lon="-4.5775490">
    <ele>255.2</ele>
   </trkpt>
   <trkpt lat="36.5922170" lon="-4.5776160">
    <ele>255.2</ele>
   </trkpt>
   <trkpt lat="36.5921360" lon="-4.5776870">
    <ele>255.4</ele>
   </trkpt>
   <trkpt lat="36.5920560" lon="-4.5777580">
    <ele>255.2</ele>
   </trkpt>
   <trkpt lat="36.5919780" lon="-4.5778270">
    <ele>255.0</ele>
   </trkpt>
   <trkpt lat="36.5918930" lon="-4.5778960">
    <ele>255.0</ele>
   </trkpt>
   <trkpt lat="36.5918100" lon="-4.5779710">
    <ele>254.8</ele>
   </trkpt>
   <trkpt lat="36.5917390" lon="-4.5780500">
    <ele>254.6</ele>
   </trkpt>
   <trkpt lat="36.5916690" lon="-4.5781360">
    <ele>254.4</ele>
   </trkpt>
   <trkpt lat="36.5916080" lon="-4.5782300">
    <ele>254.2</ele>
   </trkpt>
   <trkpt lat="36.5915620" lon="-4.5783300">
    <ele>254.4</ele>
   </trkpt>
   <trkpt lat="36.5915180" lon="-4.5784390">
    <ele>254.4</ele>
   </trkpt>
   <trkpt lat="36.5914790" lon="-4.5785450">
    <ele>254.4</ele>
   </trkpt>
   <trkpt lat="36.5914430" lon="-4.5786410">
    <ele>254.6</ele>
   </trkpt>
   <trkpt lat="36.5914070" lon="-4.5787460">
    <ele>254.8</ele>
   </trkpt>
   <trkpt lat="36.5913720" lon="-4.5788440">
    <ele>255.2</ele>
   </trkpt>
   <trkpt lat="36.5913390" lon="-4.5789380">
    <ele>255.6</ele>
   </trkpt>
   <trkpt lat="36.5913010" lon="-4.5790300">
    <ele>256.0</ele>
   </trkpt>
   <trkpt lat="36.5912630" lon="-4.5791220">
    <ele>256.4</ele>
   </trkpt>
   <trkpt lat="36.5912250" lon="-4.5792130">
    <ele>256.8</ele>
   </trkpt>
   <trkpt lat="36.5911820" lon="-4.5793070">
    <ele>257.0</ele>
   </trkpt>
   <trkpt lat="36.5911370" lon="-4.5793920">
    <ele>257.2</ele>
   </trkpt>
   <trkpt lat="36.5910910" lon="-4.5794770">
    <ele>257.4</ele>
   </trkpt>
   <trkpt lat="36.5910490" lon="-4.5795560">
    <ele>257.4</ele>
   </trkpt>
   <trkpt lat="36.5909990" lon="-4.5796340">
    <ele>257.6</ele>
   </trkpt>
   <trkpt lat="36.5909490" lon="-4.5797050">
    <ele>257.8</ele>
   </trkpt>
   <trkpt lat="36.5908890" lon="-4.5797800">
    <ele>258.0</ele>
   </trkpt>
   <trkpt lat="36.5908350" lon="-4.5798460">
    <ele>258.0</ele>
   </trkpt>
   <trkpt lat="36.5907820" lon="-4.5799120">
    <ele>258.0</ele>
   </trkpt>
   <trkpt lat="36.5907090" lon="-4.5800020">
    <ele>257.8</ele>
   </trkpt>
   <trkpt lat="36.5906350" lon="-4.5800960">
    <ele>257.6</ele>
   </trkpt>
   <trkpt lat="36.5905630" lon="-4.5801810">
    <ele>257.4</ele>
   </trkpt>
   <trkpt lat="36.5904810" lon="-4.5802780">
    <ele>257.2</ele>
   </trkpt>
   <trkpt lat="36.5904040" lon="-4.5803760">
    <ele>256.8</ele>
   </trkpt>
   <trkpt lat="36.5903180" lon="-4.5804870">
    <ele>256.6</ele>
   </trkpt>
   <trkpt lat="36.5902350" lon="-4.5805990">
    <ele>256.0</ele>
   </trkpt>
   <trkpt lat="36.5901480" lon="-4.5807260">
    <ele>255.2</ele>
   </trkpt>
   <trkpt lat="36.5900680" lon="-4.5808480">
    <ele>254.0</ele>
   </trkpt>
   <trkpt lat="36.5899820" lon="-4.5809820">
    <ele>253.0</ele>
   </trkpt>
   <trkpt lat="36.5899000" lon="-4.5811210">
    <ele>252.0</ele>
   </trkpt>
   <trkpt lat="36.5898220" lon="-4.5812520">
    <ele>251.0</ele>
   </trkpt>
   <trkpt lat="36.5897350" lon="-4.5813820">
    <ele>250.2</ele>
   </trkpt>
   <trkpt lat="36.5896440" lon="-4.5815140">
    <ele>249.6</ele>
   </trkpt>
   <trkpt lat="36.5895670" lon="-4.5816300">
    <ele>249.0</ele>
   </trkpt>
   <trkpt lat="36.5894910" lon="-4.5817380">
    <ele>248.4</ele>
   </trkpt>
   <trkpt lat="36.5894310" lon="-4.5818130">
    <ele>247.8</ele>
   </trkpt>
   <trkpt lat="36.5893820" lon="-4.5818840">
    <ele>247.4</ele>
   </trkpt>
   <trkpt lat="36.5893470" lon="-4.5819740">
    <ele>247.0</ele>
   </trkpt>
   <trkpt lat="36.5893060" lon="-4.5820500">
    <ele>246.8</ele>
   </trkpt>
   <trkpt lat="36.5892450" lon="-4.5820990">
    <ele>246.6</ele>
   </trkpt>
   <trkpt lat="36.5891750" lon="-4.5821380">
    <ele>246.4</ele>
   </trkpt>
   <trkpt lat="36.5890950" lon="-4.5821860">
    <ele>246.2</ele>
   </trkpt>
   <trkpt lat="36.5890330" lon="-4.5822370">
    <ele>246.0</ele>
   </trkpt>
   <trkpt lat="36.5889510" lon="-4.5823200">
    <ele>245.6</ele>
   </trkpt>
   <trkpt lat="36.5888710" lon="-4.5824050">
    <ele>245.4</ele>
   </trkpt>
   <trkpt lat="36.5887960" lon="-4.5824810">
    <ele>245.2</ele>
   </trkpt>
   <trkpt lat="36.5887090" lon="-4.5825670">
    <ele>245.0</ele>
   </trkpt>
   <trkpt lat="36.5886310" lon="-4.5826560">
    <ele>244.8</ele>
   </trkpt>
   <trkpt lat="36.5885560" lon="-4.5827590">
    <ele>244.2</ele>
   </trkpt>
   <trkpt lat="36.5884760" lon="-4.5828780">
    <ele>243.2</ele>
   </trkpt>
   <trkpt lat="36.5883920" lon="-4.5830130">
    <ele>241.8</ele>
   </trkpt>
   <trkpt lat="36.5883180" lon="-4.5831500">
    <ele>240.6</ele>
   </trkpt>
   <trkpt lat="36.5882430" lon="-4.5833060">
    <ele>239.6</ele>
   </trkpt>
   <trkpt lat="36.5881710" lon="-4.5834570">
    <ele>238.6</ele>
   </trkpt>
   <trkpt lat="36.5881050" lon="-4.5835990">
    <ele>237.6</ele>
   </trkpt>
   <trkpt lat="36.5880350" lon="-4.5837510">
    <ele>235.8</ele>
   </trkpt>
   <trkpt lat="36.5879650" lon="-4.5839000">
    <ele>233.4</ele>
   </trkpt>
   <trkpt lat="36.5879050" lon="-4.5840410">
    <ele>232.0</ele>
   </trkpt>
   <trkpt lat="36.5878400" lon="-4.5841880">
    <ele>231.2</ele>
   </trkpt>
   <trkpt lat="36.5877840" lon="-4.5843420">
    <ele>230.4</ele>
   </trkpt>
   <trkpt lat="36.5877280" lon="-4.5844850">
    <ele>229.0</ele>
   </trkpt>
   <trkpt lat="36.5876740" lon="-4.5846250">
    <ele>227.2</ele>
   </trkpt>
   <trkpt lat="36.5876250" lon="-4.5847540">
    <ele>226.0</ele>
   </trkpt>
   <trkpt lat="36.5875800" lon="-4.5848650">
    <ele>225.2</ele>
   </trkpt>
   <trkpt lat="36.5875340" lon="-4.5849740">
    <ele>224.6</ele>
   </trkpt>
   <trkpt lat="36.5874790" lon="-4.5850800">
    <ele>224.0</ele>
   </trkpt>
   <trkpt lat="36.5874200" lon="-4.5851850">
    <ele>223.4</ele>
   </trkpt>
   <trkpt lat="36.5873630" lon="-4.5852800">
    <ele>222.8</ele>
   </trkpt>
   <trkpt lat="36.5873050" lon="-4.5853700">
    <ele>222.8</ele>
   </trkpt>
   <trkpt lat="36.5872490" lon="-4.5854480">
    <ele>223.0</ele>
   </trkpt>
   <trkpt lat="36.5871830" lon="-4.5855270">
    <ele>223.2</ele>
   </trkpt>
   <trkpt lat="36.5871110" lon="-4.5855970">
    <ele>223.2</ele>
   </trkpt>
   <trkpt lat="36.5870220" lon="-4.5856520">
    <ele>223.0</ele>
   </trkpt>
   <trkpt lat="36.5869220" lon="-4.5856780">
    <ele>222.8</ele>
   </trkpt>
   <trkpt lat="36.5868140" lon="-4.5856750">
    <ele>222.8</ele>
   </trkpt>
   <trkpt lat="36.5867120" lon="-4.5856410">
    <ele>222.8</ele>
   </trkpt>
   <trkpt lat="36.5866020" lon="-4.5855860">
    <ele>222.2</ele>
   </trkpt>
   <trkpt lat="36.5864970" lon="-4.5855320">
    <ele>221.4</ele>
   </trkpt>
   <trkpt lat="36.5863840" lon="-4.5854830">
    <ele>221.2</ele>
   </trkpt>
   <trkpt lat="36.5862610" lon="-4.5854650">
    <ele>221.0</ele>
   </trkpt>
   <trkpt lat="36.5861300" lon="-4.5854820">
    <ele>220.6</ele>
   </trkpt>
   <trkpt lat="36.5860090" lon="-4.5855370">
    <ele>219.8</ele>
   </trkpt>
   <trkpt lat="36.5858860" lon="-4.5856310">
    <ele>218.8</ele>
   </trkpt>
   <trkpt lat="36.5857930" lon="-4.5857570">
    <ele>217.8</ele>
   </trkpt>
   <trkpt lat="36.5857240" lon="-4.5859040">
    <ele>216.6</ele>
   </trkpt>
   <trkpt lat="36.5856840" lon="-4.5860620">
    <ele>215.6</ele>
   </trkpt>
   <trkpt lat="36.5856610" lon="-4.5862370">
    <ele>214.6</ele>
   </trkpt>
   <trkpt lat="36.5856660" lon="-4.5864050">
    <ele>214.0</ele>
   </trkpt>
   <trkpt lat="36.5856900" lon="-4.5865700">
    <ele>213.6</ele>
   </trkpt>
   <trkpt lat="36.5857270" lon="-4.5867330">
    <ele>213.4</ele>
   </trkpt>
   <trkpt lat="36.5857640" lon="-4.5868530">
    <ele>213.0</ele>
   </trkpt>
   <trkpt lat="36.5858250" lon="-4.5870310">
    <ele>212.6</ele>
   </trkpt>
   <trkpt lat="36.5858870" lon="-4.5871930">
    <ele>212.0</ele>
   </trkpt>
   <trkpt lat="36.5859390" lon="-4.5873320">
    <ele>211.8</ele>
   </trkpt>
   <trkpt lat="36.5859910" lon="-4.5874830">
    <ele>211.4</ele>
   </trkpt>
   <trkpt lat="36.5860420" lon="-4.5876220">
    <ele>211.0</ele>
   </trkpt>
   <trkpt lat="36.5860980" lon="-4.5877600">
    <ele>210.4</ele>
   </trkpt>
   <trkpt lat="36.5861590" lon="-4.5879050">
    <ele>209.8</ele>
   </trkpt>
   <trkpt lat="36.5862100" lon="-4.5880350">
    <ele>209.4</ele>
   </trkpt>
   <trkpt lat="36.5862680" lon="-4.5881730">
    <ele>209.2</ele>
   </trkpt>
   <trkpt lat="36.5863210" lon="-4.5883080">
    <ele>209.2</ele>
   </trkpt>
   <trkpt lat="36.5863830" lon="-4.5884500">
    <ele>209.4</ele>
   </trkpt>
   <trkpt lat="36.5864360" lon="-4.5885900">
    <ele>209.6</ele>
   </trkpt>
   <trkpt lat="36.5864880" lon="-4.5887320">
    <ele>209.8</ele>
   </trkpt>
   <trkpt lat="36.5865430" lon="-4.5888760">
    <ele>209.8</ele>
   </trkpt>
   <trkpt lat="36.5866000" lon="-4.5890120">
    <ele>209.6</ele>
   </trkpt>
   <trkpt lat="36.5866530" lon="-4.5891450">
    <ele>209.4</ele>
   </trkpt>
   <trkpt lat="36.5867020" lon="-4.5892790">
    <ele>209.4</ele>
   </trkpt>
   <trkpt lat="36.5867500" lon="-4.5894110">
    <ele>209.2</ele>
   </trkpt>
   <trkpt lat="36.5867990" lon="-4.5895530">
    <ele>209.0</ele>
   </trkpt>
   <trkpt lat="36.5868420" lon="-4.5896880">
    <ele>208.8</ele>
   </trkpt>
   <trkpt lat="36.5868690" lon="-4.5897940">
    <ele>208.8</ele>
   </trkpt>
   <trkpt lat="36.5869060" lon="-4.5899520">
    <ele>208.8</ele>
   </trkpt>
   <trkpt lat="36.5869390" lon="-4.5900990">
    <ele>208.8</ele>
   </trkpt>
   <trkpt lat="36.5869650" lon="-4.5902280">
    <ele>209.0</ele>
   </trkpt>
   <trkpt lat="36.5869850" lon="-4.5903630">
    <ele>209.4</ele>
   </trkpt>
   <trkpt lat="36.5870010" lon="-4.5904990">
    <ele>209.6</ele>
   </trkpt>
   <trkpt lat="36.5870090" lon="-4.5906340">
    <ele>209.8</ele>
   </trkpt>
   <trkpt lat="36.5870090" lon="-4.5907340">
    <ele>209.8</ele>
   </trkpt>
   <trkpt lat="36.5870060" lon="-4.5908940">
    <ele>210.0</ele>
   </trkpt>
   <trkpt lat="36.5869990" lon="-4.5910310">
    <ele>210.2</ele>
   </trkpt>
   <trkpt lat="36.5869870" lon="-4.5911660">
    <ele>210.6</ele>
   </trkpt>
   <trkpt lat="36.5869690" lon="-4.5912930">
    <ele>210.8</ele>
   </trkpt>
   <trkpt lat="36.5869470" lon="-4.5914190">
    <ele>211.0</ele>
   </trkpt>
   <trkpt lat="36.5869170" lon="-4.5915460">
    <ele>211.2</ele>
   </trkpt>
   <trkpt lat="36.5868870" lon="-4.5916730">
    <ele>211.4</ele>
   </trkpt>
   <trkpt lat="36.5868540" lon="-4.5917940">
    <ele>211.6</ele>
   </trkpt>
   <trkpt lat="36.5868150" lon="-4.5919250">
    <ele>211.6</ele>
   </trkpt>
   <trkpt lat="36.5867730" lon="-4.5920490">
    <ele>211.6</ele>
   </trkpt>
   <trkpt lat="36.5867350" lon="-4.5921710">
    <ele>211.8</ele>
   </trkpt>
   <trkpt lat="36.5866970" lon="-4.5922930">
    <ele>212.0</ele>
   </trkpt>
   <trkpt lat="36.5866550" lon="-4.5924190">
    <ele>212.2</ele>
   </trkpt>
   <trkpt lat="36.5866200" lon="-4.5925390">
    <ele>212.2</ele>
   </trkpt>
   <trkpt lat="36.5865820" lon="-4.5926640">
    <ele>212.4</ele>
   </trkpt>
   <trkpt lat="36.5865470" lon="-4.5927850">
    <ele>212.4</ele>
   </trkpt>
   <trkpt lat="36.5865200" lon="-4.5929080">
    <ele>212.0</ele>
   </trkpt>
   <trkpt lat="36.5865110" lon="-4.5930340">
    <ele>211.8</ele>
   </trkpt>
   <trkpt lat="36.5865200" lon="-4.5931670">
    <ele>211.4</ele>
   </trkpt>
   <trkpt lat="36.5865440" lon="-4.5932840">
    <ele>210.8</ele>
   </trkpt>
   <trkpt lat="36.5865810" lon="-4.5934050">
    <ele>210.2</ele>
   </trkpt>
   <trkpt lat="36.5866240" lon="-4.5935260">
    <ele>209.6</ele>
   </trkpt>
   <trkpt lat="36.5866690" lon="-4.5936390">
    <ele>209.2</ele>
   </trkpt>
   <trkpt lat="36.5867120" lon="-4.5937540">
    <ele>209.2</ele>
   </trkpt>
   <trkpt lat="36.5867570" lon="-4.5938680">
    <ele>209.0</ele>
   </trkpt>
   <trkpt lat="36.5867930" lon="-4.5939570">
    <ele>209.0</ele>
   </trkpt>
   <trkpt lat="36.5868520" lon="-4.5940970">
    <ele>209.2</ele>
   </trkpt>
   <trkpt lat="36.5869040" lon="-4.5942220">
    <ele>209.6</ele>
   </trkpt>
   <trkpt lat="36.5869490" lon="-4.5943370">
    <ele>210.0</ele>
   </trkpt>
   <trkpt lat="36.5869940" lon="-4.5944420">
    <ele>210.0</ele>
   </trkpt>
   <trkpt lat="36.5870370" lon="-4.5945570">
    <ele>210.2</ele>
   </trkpt>
   <trkpt lat="36.5870810" lon="-4.5946690">
    <ele>210.2</ele>
   </trkpt>
   <trkpt lat="36.5871250" lon="-4.5947810">
    <ele>210.2</ele>
   </trkpt>
   <trkpt lat="36.5871700" lon="-4.5948710">
    <ele>209.8</ele>
   </trkpt>
   <trkpt lat="36.5872150" lon="-4.5949590">
    <ele>210.0</ele>
   </trkpt>
   <trkpt lat="36.5872600" lon="-4.5950590">
    <ele>210.8</ele>
   </trkpt>
   <trkpt lat="36.5872990" lon="-4.5951600">
    <ele>211.4</ele>
   </trkpt>
   <trkpt lat="36.5873310" lon="-4.5952870">
    <ele>212.0</ele>
   </trkpt>
   <trkpt lat="36.5873440" lon="-4.5954100">
    <ele>212.8</ele>
   </trkpt>
   <trkpt lat="36.5873610" lon="-4.5955150">
    <ele>213.6</ele>
   </trkpt>
   <trkpt lat="36.5873780" lon="-4.5956190">
    <ele>214.4</ele>
   </trkpt>
   <trkpt lat="36.5874210" lon="-4.5957010">
    <ele>215.4</ele>
   </trkpt>
   <trkpt lat="36.5874700" lon="-4.5957770">
    <ele>216.0</ele>
   </trkpt>
   <trkpt lat="36.5875070" lon="-4.5958540">
    <ele>216.8</ele>
   </trkpt>
   <trkpt lat="36.5875260" lon="-4.5959440">
    <ele>217.2</ele>
   </trkpt>
   <trkpt lat="36.5875420" lon="-4.5960370">
    <ele>217.4</ele>
   </trkpt>
   <trkpt lat="36.5875500" lon="-4.5961230">
    <ele>217.6</ele>
   </trkpt>
   <trkpt lat="36.5875540" lon="-4.5962120">
    <ele>217.8</ele>
   </trkpt>
   <trkpt lat="36.5875550" lon="-4.5963010">
    <ele>218.2</ele>
   </trkpt>
   <trkpt lat="36.5875550" lon="-4.5963850">
    <ele>218.8</ele>
   </trkpt>
   <trkpt lat="36.5875550" lon="-4.5964700">
    <ele>219.4</ele>
   </trkpt>
   <trkpt lat="36.5875510" lon="-4.5965530">
    <ele>219.8</ele>
   </trkpt>
   <trkpt lat="36.5875440" lon="-4.5966310">
    <ele>220.0</ele>
   </trkpt>
   <trkpt lat="36.5875400" lon="-4.5967130">
    <ele>220.4</ele>
   </trkpt>
   <trkpt lat="36.5875330" lon="-4.5967870">
    <ele>221.0</ele>
   </trkpt>
   <trkpt lat="36.5875290" lon="-4.5968570">
    <ele>221.6</ele>
   </trkpt>
   <trkpt lat="36.5875210" lon="-4.5969270">
    <ele>222.0</ele>
   </trkpt>
   <trkpt lat="36.5875170" lon="-4.5969950">
    <ele>222.6</ele>
   </trkpt>
   <trkpt lat="36.5875130" lon="-4.5970580">
    <ele>223.2</ele>
   </trkpt>
   <trkpt lat="36.5875100" lon="-4.5971240">
    <ele>223.8</ele>
   </trkpt>
   <trkpt lat="36.5875020" lon="-4.5971890">
    <ele>224.0</ele>
   </trkpt>
   <trkpt lat="36.5874980" lon="-4.5972520">
    <ele>224.4</ele>
   </trkpt>
   <trkpt lat="36.5874940" lon="-4.5973160">
    <ele>224.8</ele>
   </trkpt>
   <trkpt lat="36.5874900" lon="-4.5973810">
    <ele>225.0</ele>
   </trkpt>
   <trkpt lat="36.5874830" lon="-4.5974420">
    <ele>225.4</ele>
   </trkpt>
   <trkpt lat="36.5874790" lon="-4.5975080">
    <ele>225.8</ele>
   </trkpt>
   <trkpt lat="36.5874750" lon="-4.5975650">
    <ele>226.4</ele>
   </trkpt>
   <trkpt lat="36.5874750" lon="-4.5976240">
    <ele>227.0</ele>
   </trkpt>
   <trkpt lat="36.5874670" lon="-4.5976890">
    <ele>227.2</ele>
   </trkpt>
   <trkpt lat="36.5874640" lon="-4.5977420">
    <ele>227.4</ele>
   </trkpt>
   <trkpt lat="36.5874600" lon="-4.5978000">
    <ele>227.6</ele>
   </trkpt>
   <trkpt lat="36.5874560" lon="-4.5978610">
    <ele>227.8</ele>
   </trkpt>
   <trkpt lat="36.5874490" lon="-4.5979130">
    <ele>228.0</ele>
   </trkpt>
   <trkpt lat="36.5874450" lon="-4.5979670">
    <ele>228.4</ele>
   </trkpt>
   <trkpt lat="36.5874410" lon="-4.5980260">
    <ele>228.6</ele>
   </trkpt>
   <trkpt lat="36.5874370" lon="-4.5980760">
    <ele>229.2</ele>
   </trkpt>
   <trkpt lat="36.5874330" lon="-4.5981300">
    <ele>229.8</ele>
   </trkpt>
   <trkpt lat="36.5874290" lon="-4.5981850">
    <ele>230.4</ele>
   </trkpt>
   <trkpt lat="36.5874260" lon="-4.5982310">
    <ele>231.0</ele>
   </trkpt>
   <trkpt lat="36.5874250" lon="-4.5982790">
    <ele>231.4</ele>
   </trkpt>
   <trkpt lat="36.5874220" lon="-4.5983290">
    <ele>231.8</ele>
   </trkpt>
   <trkpt lat="36.5874180" lon="-4.5983750">
    <ele>232.0</ele>
   </trkpt>
   <trkpt lat="36.5874210" lon="-4.5984220">
    <ele>232.2</ele>
   </trkpt>
   <trkpt lat="36.5874210" lon="-4.5984730">
    <ele>232.2</ele>
   </trkpt>
   <trkpt lat="36.5874210" lon="-4.5985250">
    <ele>232.2</ele>
   </trkpt>
   <trkpt lat="36.5874210" lon="-4.5985770">
    <ele>232.2</ele>
   </trkpt>
   <trkpt lat="36.5874180" lon="-4.5986310">
    <ele>232.0</ele>
   </trkpt>
   <trkpt lat="36.5874180" lon="-4.5986770">
    <ele>231.6</ele>
   </trkpt>
   <trkpt lat="36.5874140" lon="-4.5987260">
    <ele>231.6</ele>
   </trkpt>
   <trkpt lat="36.5874100" lon="-4.5987760">
    <ele>231.6</ele>
   </trkpt>
   <trkpt lat="36.5874030" lon="-4.5988250">
    <ele>231.8</ele>
   </trkpt>
   <trkpt lat="36.5873990" lon="-4.5988810">
    <ele>232.0</ele>
   </trkpt>
   <trkpt lat="36.5873950" lon="-4.5989270">
    <ele>232.4</ele>
   </trkpt>
   <trkpt lat="36.5873910" lon="-4.5989800">
    <ele>232.6</ele>
   </trkpt>
   <trkpt lat="36.5873870" lon="-4.5990300">
    <ele>233.0</ele>
   </trkpt>
   <trkpt lat="36.5873870" lon="-4.5990810">
    <ele>233.4</ele>
   </trkpt>
   <trkpt lat="36.5873830" lon="-4.5991380">
    <ele>233.6</ele>
   </trkpt>
   <trkpt lat="36.5873770" lon="-4.5991880">
    <ele>234.0</ele>
   </trkpt>
   <trkpt lat="36.5873760" lon="-4.5992440">
    <ele>234.2</ele>
   </trkpt>
   <trkpt lat="36.5873720" lon="-4.5992980">
    <ele>234.6</ele>
   </trkpt>
   <trkpt lat="36.5873690" lon="-4.5993540">
    <ele>235.0</ele>
   </trkpt>
   <trkpt lat="36.5873650" lon="-4.5994130">
    <ele>235.0</ele>
   </trkpt>
   <trkpt lat="36.5873610" lon="-4.5994700">
    <ele>234.8</ele>
   </trkpt>
   <trkpt lat="36.5873600" lon="-4.5995290">
    <ele>234.6</ele>
   </trkpt>
   <trkpt lat="36.5873600" lon="-4.5995870">
    <ele>234.8</ele>
   </trkpt>
   <trkpt lat="36.5873640" lon="-4.5996500">
    <ele>234.6</ele>
   </trkpt>
   <trkpt lat="36.5873680" lon="-4.5997080">
    <ele>234.4</ele>
   </trkpt>
   <trkpt lat="36.5873710" lon="-4.5997700">
    <ele>234.2</ele>
   </trkpt>
   <trkpt lat="36.5873760" lon="-4.5998410">
    <ele>234.2</ele>
   </trkpt>
   <trkpt lat="36.5873820" lon="-4.5998980">
    <ele>234.8</ele>
   </trkpt>
   <trkpt lat="36.5873870" lon="-4.5999630">
    <ele>235.2</ele>
   </trkpt>
   <trkpt lat="36.5873950" lon="-4.6000390">
    <ele>235.6</ele>
   </trkpt>
   <trkpt lat="36.5873980" lon="-4.6000990">
    <ele>235.8</ele>
   </trkpt>
   <trkpt lat="36.5874080" lon="-4.6001670">
    <ele>235.8</ele>
   </trkpt>
   <trkpt lat="36.5874140" lon="-4.6002450">
    <ele>236.0</ele>
   </trkpt>
   <trkpt lat="36.5874200" lon="-4.6003140">
    <ele>236.0</ele>
   </trkpt>
   <trkpt lat="36.5874280" lon="-4.6003910">
    <ele>236.0</ele>
   </trkpt>
   <trkpt lat="36.5874360" lon="-4.6004680">
    <ele>236.0</ele>
   </trkpt>
   <trkpt lat="36.5874470" lon="-4.6005430">
    <ele>236.4</ele>
   </trkpt>
   <trkpt lat="36.5874510" lon="-4.6006160">
    <ele>236.8</ele>
   </trkpt>
   <trkpt lat="36.5874590" lon="-4.6006900">
    <ele>237.0</ele>
   </trkpt>
   <trkpt lat="36.5874660" lon="-4.6007620">
    <ele>237.2</ele>
   </trkpt>
   <trkpt lat="36.5874810" lon="-4.6008370">
    <ele>237.6</ele>
   </trkpt>
   <trkpt lat="36.5874920" lon="-4.6009090">
    <ele>238.0</ele>
   </trkpt>
   <trkpt lat="36.5875040" lon="-4.6009850">
    <ele>238.2</ele>
   </trkpt>
   <trkpt lat="36.5875220" lon="-4.6010660">
    <ele>238.2</ele>
   </trkpt>
   <trkpt lat="36.5875410" lon="-4.6011430">
    <ele>238.4</ele>
   </trkpt>
   <trkpt lat="36.5875630" lon="-4.6012190">
    <ele>238.8</ele>
   </trkpt>
   <trkpt lat="36.5875830" lon="-4.6012950">
    <ele>239.4</ele>
   </trkpt>
   <trkpt lat="36.5876020" lon="-4.6013660">
    <ele>239.8</ele>
   </trkpt>
   <trkpt lat="36.5876210" lon="-4.6014360">
    <ele>240.4</ele>
   </trkpt>
   <trkpt lat="36.5876370" lon="-4.6015040">
    <ele>241.0</ele>
   </trkpt>
   <trkpt lat="36.5876530" lon="-4.6015790">
    <ele>241.6</ele>
   </trkpt>
   <trkpt lat="36.5876670" lon="-4.6016390">
    <ele>241.6</ele>
   </trkpt>
   <trkpt lat="36.5876850" lon="-4.6017010">
    <ele>241.4</ele>
   </trkpt>
   <trkpt lat="36.5877010" lon="-4.6017630">
    <ele>241.0</ele>
   </trkpt>
   <trkpt lat="36.5877180" lon="-4.6018290">
    <ele>240.8</ele>
   </trkpt>
   <trkpt lat="36.5877370" lon="-4.6018860">
    <ele>241.4</ele>
   </trkpt>
   <trkpt lat="36.5877520" lon="-4.6019410">
    <ele>242.2</ele>
   </trkpt>
   <trkpt lat="36.5877700" lon="-4.6019910">
    <ele>243.2</ele>
   </trkpt>
   <trkpt lat="36.5877860" lon="-4.6020470">
    <ele>243.6</ele>
   </trkpt>
   <trkpt lat="36.5878020" lon="-4.6021010">
    <ele>244.0</ele>
   </trkpt>
   <trkpt lat="36.5878170" lon="-4.6021570">
    <ele>244.2</ele>
   </trkpt>
   <trkpt lat="36.5878250" lon="-4.6022170">
    <ele>244.6</ele>
   </trkpt>
   <trkpt lat="36.5878330" lon="-4.6022820">
    <ele>245.2</ele>
   </trkpt>
   <trkpt lat="36.5878330" lon="-4.6023430">
    <ele>245.4</ele>
   </trkpt>
   <trkpt lat="36.5878330" lon="-4.6024100">
    <ele>245.6</ele>
   </trkpt>
   <trkpt lat="36.5878300" lon="-4.6024740">
    <ele>245.8</ele>
   </trkpt>
   <trkpt lat="36.5878260" lon="-4.6025310">
    <ele>246.0</ele>
   </trkpt>
   <trkpt lat="36.5878220" lon="-4.6026000">
    <ele>246.2</ele>
   </trkpt>
   <trkpt lat="36.5878220" lon="-4.6026610">
    <ele>246.6</ele>
   </trkpt>
   <trkpt lat="36.5878350" lon="-4.6027170">
    <ele>247.0</ele>
   </trkpt>
   <trkpt lat="36.5878590" lon="-4.6027740">
    <ele>247.6</ele>
   </trkpt>
   <trkpt lat="36.5878850" lon="-4.6028330">
    <ele>248.0</ele>
   </trkpt>
   <trkpt lat="36.5879160" lon="-4.6028800">
    <ele>248.0</ele>
   </trkpt>
   <trkpt lat="36.5879620" lon="-4.6029320">
    <ele>248.0</ele>
   </trkpt>
   <trkpt lat="36.5880060" lon="-4.6029590">
    <ele>247.8</ele>
   </trkpt>
   <trkpt lat="36.5880620" lon="-4.6029800">
    <ele>247.2</ele>
   </trkpt>
   <trkpt lat="36.5881180" lon="-4.6029950">
    <ele>246.6</ele>
   </trkpt>
   <trkpt lat="36.5881720" lon="-4.6030010">
    <ele>246.2</ele>
   </trkpt>
   <trkpt lat="36.5882220" lon="-4.6029900">
    <ele>246.2</ele>
   </trkpt>
   <trkpt lat="36.5882720" lon="-4.6029670">
    <ele>246.0</ele>
   </trkpt>
   <trkpt lat="36.5883230" lon="-4.6029430">
    <ele>245.4</ele>
   </trkpt>
   <trkpt lat="36.5883700" lon="-4.6029200">
    <ele>244.6</ele>
   </trkpt>
   <trkpt lat="36.5884280" lon="-4.6029000">
    <ele>244.0</ele>
   </trkpt>
   <trkpt lat="36.5884810" lon="-4.6028830">
    <ele>243.6</ele>
   </trkpt>
   <trkpt lat="36.5885380" lon="-4.6028700">
    <ele>243.2</ele>
   </trkpt>
   <trkpt lat="36.5886040" lon="-4.6028620">
    <ele>242.6</ele>
   </trkpt>
   <trkpt lat="36.5886600" lon="-4.6028620">
    <ele>242.2</ele>
   </trkpt>
   <trkpt lat="36.5887160" lon="-4.6028650">
    <ele>241.8</ele>
   </trkpt>
   <trkpt lat="36.5887740" lon="-4.6028750">
    <ele>241.8</ele>
   </trkpt>
   <trkpt lat="36.5888330" lon="-4.6028860">
    <ele>241.8</ele>
   </trkpt>
   <trkpt lat="36.5888850" lon="-4.6029010">
    <ele>242.0</ele>
   </trkpt>
   <trkpt lat="36.5889440" lon="-4.6029170">
    <ele>242.0</ele>
   </trkpt>
   <trkpt lat="36.5890030" lon="-4.6029330">
    <ele>242.4</ele>
   </trkpt>
   <trkpt lat="36.5890610" lon="-4.6029470">
    <ele>242.6</ele>
   </trkpt>
   <trkpt lat="36.5891220" lon="-4.6029680">
    <ele>243.0</ele>
   </trkpt>
   <trkpt lat="36.5891850" lon="-4.6029960">
    <ele>243.4</ele>
   </trkpt>
   <trkpt lat="36.5892380" lon="-4.6030200">
    <ele>243.8</ele>
   </trkpt>
   <trkpt lat="36.5893080" lon="-4.6030490">
    <ele>243.8</ele>
   </trkpt>
   <trkpt lat="36.5893740" lon="-4.6030750">
    <ele>243.6</ele>
   </trkpt>
   <trkpt lat="36.5894320" lon="-4.6031020">
    <ele>243.4</ele>
   </trkpt>
   <trkpt lat="36.5894910" lon="-4.6031480">
    <ele>243.8</ele>
   </trkpt>
   <trkpt lat="36.5895500" lon="-4.6031960">
    <ele>244.2</ele>
   </trkpt>
   <trkpt lat="36.5895890" lon="-4.6032550">
    <ele>244.6</ele>
   </trkpt>
   <trkpt lat="36.5896300" lon="-4.6033270">
    <ele>245.0</ele>
   </trkpt>
   <trkpt lat="36.5896730" lon="-4.6034030">
    <ele>245.4</ele>
   </trkpt>
   <trkpt lat="36.5897050" lon="-4.6034640">
    <ele>245.6</ele>
   </trkpt>
   <trkpt lat="36.5897320" lon="-4.6035430">
    <ele>246.0</ele>
   </trkpt>
   <trkpt lat="36.5897370" lon="-4.6036120">
    <ele>246.6</ele>
   </trkpt>
   <trkpt lat="36.5897190" lon="-4.6036780">
    <ele>247.2</ele>
   </trkpt>
   <trkpt lat="36.5896790" lon="-4.6037300">
    <ele>247.6</ele>
   </trkpt>
   <trkpt lat="36.5896250" lon="-4.6037570">
    <ele>248.0</ele>
   </trkpt>
   <trkpt lat="36.5895660" lon="-4.6037630">
    <ele>248.4</ele>
   </trkpt>
   <trkpt lat="36.5895110" lon="-4.6037560">
    <ele>248.8</ele>
   </trkpt>
   <trkpt lat="36.5894460" lon="-4.6037440">
    <ele>249.2</ele>
   </trkpt>
   <trkpt lat="36.5893900" lon="-4.6037320">
    <ele>249.6</ele>
   </trkpt>
   <trkpt lat="36.5893320" lon="-4.6037240">
    <ele>250.0</ele>
   </trkpt>
   <trkpt lat="36.5892750" lon="-4.6037250">
    <ele>250.4</ele>
   </trkpt>
   <trkpt lat="36.5892280" lon="-4.6037460">
    <ele>250.8</ele>
   </trkpt>
   <trkpt lat="36.5891860" lon="-4.6037930">
    <ele>251.2</ele>
   </trkpt>
   <trkpt lat="36.5891770" lon="-4.6038550">
    <ele>251.4</ele>
   </trkpt>
   <trkpt lat="36.5891900" lon="-4.6039060">
    <ele>251.8</ele>
   </trkpt>
   <trkpt lat="36.5892230" lon="-4.6039450">
    <ele>252.2</ele>
   </trkpt>
   <trkpt lat="36.5892580" lon="-4.6039850">
    <ele>252.4</ele>
   </trkpt>
   <trkpt lat="36.5892860" lon="-4.6040210">
    <ele>252.6</ele>
   </trkpt>
   <trkpt lat="36.5893230" lon="-4.6040630">
    <ele>253.0</ele>
   </trkpt>
   <trkpt lat="36.5893570" lon="-4.6040990">
    <ele>253.4</ele>
   </trkpt>
   <trkpt lat="36.5893910" lon="-4.6041350">
    <ele>253.6</ele>
   </trkpt>
   <trkpt lat="36.5894270" lon="-4.6041730">
    <ele>254.0</ele>
   </trkpt>
   <trkpt lat="36.5894640" lon="-4.6042140">
    <ele>254.2</ele>
   </trkpt>
   <trkpt lat="36.5894970" lon="-4.6042530">
    <ele>254.4</ele>
   </trkpt>
   <trkpt lat="36.5895410" lon="-4.6042930">
    <ele>254.6</ele>
   </trkpt>
   <trkpt lat="36.5895810" lon="-4.6043280">
    <ele>254.8</ele>
   </trkpt>
   <trkpt lat="36.5896240" lon="-4.6043640">
    <ele>255.0</ele>
   </trkpt>
   <trkpt lat="36.5896680" lon="-4.6044050">
    <ele>255.0</ele>
   </trkpt>
   <trkpt lat="36.5897140" lon="-4.6044480">
    <ele>255.0</ele>
   </trkpt>
   <trkpt lat="36.5897580" lon="-4.6044900">
    <ele>255.2</ele>
   </trkpt>
   <trkpt lat="36.5898100" lon="-4.6045380">
    <ele>255.2</ele>
   </trkpt>
   <trkpt lat="36.5898610" lon="-4.6045800">
    <ele>255.2</ele>
   </trkpt>
   <trkpt lat="36.5899190" lon="-4.6046250">
    <ele>255.4</ele>
   </trkpt>
   <trkpt lat="36.5899710" lon="-4.6046700">
    <ele>255.4</ele>
   </trkpt>
   <trkpt lat="36.5900360" lon="-4.6047200">
    <ele>255.4</ele>
   </trkpt>
   <trkpt lat="36.5900880" lon="-4.6047570">
    <ele>255.6</ele>
   </trkpt>
   <trkpt lat="36.5901550" lon="-4.6048060">
    <ele>255.6</ele>
   </trkpt>
   <trkpt lat="36.5902160" lon="-4.6048570">
    <ele>255.8</ele>
   </trkpt>
   <trkpt lat="36.5902710" lon="-4.6049190">
    <ele>255.8</ele>
   </trkpt>
   <trkpt lat="36.5903280" lon="-4.6049820">
    <ele>255.6</ele>
   </trkpt>
   <trkpt lat="36.5903870" lon="-4.6050510">
    <ele>255.2</ele>
   </trkpt>
   <trkpt lat="36.5904410" lon="-4.6051200">
    <ele>254.8</ele>
   </trkpt>
   <trkpt lat="36.5904980" lon="-4.6051980">
    <ele>254.4</ele>
   </trkpt>
   <trkpt lat="36.5905430" lon="-4.6052810">
    <ele>254.2</ele>
   </trkpt>
   <trkpt lat="36.5905890" lon="-4.6053650">
    <ele>254.0</ele>
   </trkpt>
   <trkpt lat="36.5906340" lon="-4.6054520">
    <ele>254.0</ele>
   </trkpt>
   <trkpt lat="36.5906810" lon="-4.6055380">
    <ele>253.8</ele>
   </trkpt>
   <trkpt lat="36.5907280" lon="-4.6056160">
    <ele>253.8</ele>
   </trkpt>
   <trkpt lat="36.5907720" lon="-4.6057060">
    <ele>253.8</ele>
   </trkpt>
   <trkpt lat="36.5908000" lon="-4.6058010">
    <ele>253.8</ele>
   </trkpt>
   <trkpt lat="36.5908190" lon="-4.6058970">
    <ele>253.6</ele>
   </trkpt>
   <trkpt lat="36.5908440" lon="-4.6059880">
    <ele>253.4</ele>
   </trkpt>
   <trkpt lat="36.5908790" lon="-4.6060820">
    <ele>253.0</ele>
   </trkpt>
   <trkpt lat="36.5909180" lon="-4.6061600">
    <ele>252.6</ele>
   </trkpt>
   <trkpt lat="36.5909680" lon="-4.6062350">
    <ele>252.4</ele>
   </trkpt>
   <trkpt lat="36.5910190" lon="-4.6063100">
    <ele>252.4</ele>
   </trkpt>
   <trkpt lat="36.5910680" lon="-4.6063770">
    <ele>252.2</ele>
   </trkpt>
   <trkpt lat="36.5911200" lon="-4.6064410">
    <ele>251.8</ele>
   </trkpt>
   <trkpt lat="36.5911720" lon="-4.6065110">
    <ele>251.4</ele>
   </trkpt>
   <trkpt lat="36.5912190" lon="-4.6065720">
    <ele>251.2</ele>
   </trkpt>
   <trkpt lat="36.5912650" lon="-4.6066410">
    <ele>251.2</ele>
   </trkpt>
   <trkpt lat="36.5913090" lon="-4.6066980">
    <ele>251.6</ele>
   </trkpt>
   <trkpt lat="36.5913550" lon="-4.6067520">
    <ele>252.0</ele>
   </trkpt>
   <trkpt lat="36.5913910" lon="-4.6068030">
    <ele>252.8</ele>
   </trkpt>
   <trkpt lat="36.5914350" lon="-4.6068540">
    <ele>253.4</ele>
   </trkpt>
   <trkpt lat="36.5914730" lon="-4.6068950">
    <ele>253.8</ele>
   </trkpt>
   <trkpt lat="36.5915160" lon="-4.6069330">
    <ele>254.2</ele>
   </trkpt>
   <trkpt lat="36.5915540" lon="-4.6069670">
    <ele>254.6</ele>
   </trkpt>
   <trkpt lat="36.5915870" lon="-4.6069950">
    <ele>255.2</ele>
   </trkpt>
   <trkpt lat="36.5916260" lon="-4.6070300">
    <ele>256.2</ele>
   </trkpt>
   <trkpt lat="36.5916660" lon="-4.6070640">
    <ele>256.8</ele>
   </trkpt>
   <trkpt lat="36.5916960" lon="-4.6070900">
    <ele>257.2</ele>
   </trkpt>
   <trkpt lat="36.5917320" lon="-4.6071200">
    <ele>257.8</ele>
   </trkpt>
   <trkpt lat="36.5917690" lon="-4.6071510">
    <ele>257.8</ele>
   </trkpt>
   <trkpt lat="36.5918060" lon="-4.6071810">
    <ele>258.0</ele>
   </trkpt>
   <trkpt lat="36.5918390" lon="-4.6072100">
    <ele>258.0</ele>
   </trkpt>
   <trkpt lat="36.5918720" lon="-4.6072400">
    <ele>258.4</ele>
   </trkpt>
   <trkpt lat="36.5919050" lon="-4.6072650">
    <ele>258.8</ele>
   </trkpt>
   <trkpt lat="36.5919400" lon="-4.6072910">
    <ele>259.6</ele>
   </trkpt>
   <trkpt lat="36.5919740" lon="-4.6073180">
    <ele>260.6</ele>
   </trkpt>
   <trkpt lat="36.5920110" lon="-4.6073440">
    <ele>261.6</ele>
   </trkpt>
   <trkpt lat="36.5920450" lon="-4.6073710">
    <ele>262.6</ele>
   </trkpt>
   <trkpt lat="36.5920850" lon="-4.6073970">
    <ele>263.2</ele>
   </trkpt>
   <trkpt lat="36.5921210" lon="-4.6074200">
    <ele>263.6</ele>
   </trkpt>
   <trkpt lat="36.5921610" lon="-4.6074380">
    <ele>264.0</ele>
   </trkpt>
   <trkpt lat="36.5921980" lon="-4.6074520">
    <ele>264.4</ele>
   </trkpt>
   <trkpt lat="36.5922320" lon="-4.6074640">
    <ele>264.8</ele>
   </trkpt>
   <trkpt lat="36.5922770" lon="-4.6074710">
    <ele>265.2</ele>
   </trkpt>
   <trkpt lat="36.5923170" lon="-4.6074710">
    <ele>265.6</ele>
   </trkpt>
   <trkpt lat="36.5923590" lon="-4.6074690">
    <ele>265.6</ele>
   </trkpt>
   <trkpt lat="36.5924060" lon="-4.6074650">
    <ele>265.6</ele>
   </trkpt>
   <trkpt lat="36.5924530" lon="-4.6074600">
    <ele>265.8</ele>
   </trkpt>
   <trkpt lat="36.5924990" lon="-4.6074630">
    <ele>265.6</ele>
   </trkpt>
   <trkpt lat="36.5925440" lon="-4.6074740">
    <ele>265.4</ele>
   </trkpt>
   <trkpt lat="36.5925920" lon="-4.6074910">
    <ele>265.8</ele>
   </trkpt>
   <trkpt lat="36.5926310" lon="-4.6075110">
    <ele>266.2</ele>
   </trkpt>
   <trkpt lat="36.5926800" lon="-4.6075310">
    <ele>266.6</ele>
   </trkpt>
   <trkpt lat="36.5927250" lon="-4.6075410">
    <ele>266.8</ele>
   </trkpt>
   <trkpt lat="36.5927730" lon="-4.6075400">
    <ele>267.0</ele>
   </trkpt>
   <trkpt lat="36.5928190" lon="-4.6075380">
    <ele>267.4</ele>
   </trkpt>
   <trkpt lat="36.5928670" lon="-4.6075340">
    <ele>267.8</ele>
   </trkpt>
   <trkpt lat="36.5929060" lon="-4.6075260">
    <ele>268.2</ele>
   </trkpt>
   <trkpt lat="36.5929430" lon="-4.6075170">
    <ele>268.6</ele>
   </trkpt>
   <trkpt lat="36.5929910" lon="-4.6075010">
    <ele>269.0</ele>
   </trkpt>
   <trkpt lat="36.5930330" lon="-4.6074910">
    <ele>269.4</ele>
   </trkpt>
   <trkpt lat="36.5930750" lon="-4.6074820">
    <ele>269.8</ele>
   </trkpt>
   <trkpt lat="36.5931190" lon="-4.6074720">
    <ele>270.0</ele>
   </trkpt>
   <trkpt lat="36.5931600" lon="-4.6074630">
    <ele>270.4</ele>
   </trkpt>
   <trkpt lat="36.5932060" lon="-4.6074520">
    <ele>270.8</ele>
   </trkpt>
   <trkpt lat="36.5932480" lon="-4.6074410">
    <ele>271.2</ele>
   </trkpt>
   <trkpt lat="36.5932860" lon="-4.6074280">
    <ele>271.6</ele>
   </trkpt>
   <trkpt lat="36.5933260" lon="-4.6074150">
    <ele>272.0</ele>
   </trkpt>
   <trkpt lat="36.5933710" lon="-4.6074040">
    <ele>272.6</ele>
   </trkpt>
   <trkpt lat="36.5934060" lon="-4.6073930">
    <ele>273.0</ele>
   </trkpt>
   <trkpt lat="36.5934510" lon="-4.6073800">
    <ele>273.6</ele>
   </trkpt>
   <trkpt lat="36.5934870" lon="-4.6073700">
    <ele>274.2</ele>
   </trkpt>
   <trkpt lat="36.5935260" lon="-4.6073590">
    <ele>274.8</ele>
   </trkpt>
   <trkpt lat="36.5935630" lon="-4.6073500">
    <ele>275.4</ele>
   </trkpt>
   <trkpt lat="36.5936040" lon="-4.6073360">
    <ele>276.0</ele>
   </trkpt>
   <trkpt lat="36.5936430" lon="-4.6073230">
    <ele>276.4</ele>
   </trkpt>
   <trkpt lat="36.5936870" lon="-4.6073090">
    <ele>276.8</ele>
   </trkpt>
   <trkpt lat="36.5937280" lon="-4.6072960">
    <ele>277.0</ele>
   </trkpt>
   <trkpt lat="36.5937700" lon="-4.6072810">
    <ele>277.4</ele>
   </trkpt>
   <trkpt lat="36.5938110" lon="-4.6072680">
    <ele>277.8</ele>
   </trkpt>
   <trkpt lat="36.5938480" lon="-4.6072570">
    <ele>278.2</ele>
   </trkpt>
   <trkpt lat="36.5938820" lon="-4.6072490">
    <ele>278.6</ele>
   </trkpt>
   <trkpt lat="36.5939160" lon="-4.6072420">
    <ele>279.0</ele>
   </trkpt>
   <trkpt lat="36.5939500" lon="-4.6072340">
    <ele>279.4</ele>
   </trkpt>
   <trkpt lat="36.5939840" lon="-4.6072240">
    <ele>279.6</ele>
   </trkpt>
   <trkpt lat="36.5940150" lon="-4.6072170">
    <ele>280.0</ele>
   </trkpt>
   <trkpt lat="36.5940460" lon="-4.6072090">
    <ele>280.2</ele>
   </trkpt>
   <trkpt lat="36.5940740" lon="-4.6072020">
    <ele>280.6</ele>
   </trkpt>
   <trkpt lat="36.5941030" lon="-4.6071950">
    <ele>280.8</ele>
   </trkpt>
   <trkpt lat="36.5941330" lon="-4.6071890">
    <ele>281.2</ele>
   </trkpt>
   <trkpt lat="36.5941630" lon="-4.6071810">
    <ele>281.4</ele>
   </trkpt>
   <trkpt lat="36.5941930" lon="-4.6071770">
    <ele>281.8</ele>
   </trkpt>
   <trkpt lat="36.5942250" lon="-4.6071720">
    <ele>282.0</ele>
   </trkpt>
   <trkpt lat="36.5942540" lon="-4.6071690">
    <ele>282.4</ele>
   </trkpt>
   <trkpt lat="36.5942900" lon="-4.6071650">
    <ele>282.8</ele>
   </trkpt>
   <trkpt lat="36.5943200" lon="-4.6071640">
    <ele>283.2</ele>
   </trkpt>
   <trkpt lat="36.5943510" lon="-4.6071630">
    <ele>283.4</ele>
   </trkpt>
   <trkpt lat="36.5943800" lon="-4.6071650">
    <ele>283.8</ele>
   </trkpt>
   <trkpt lat="36.5944170" lon="-4.6071650">
    <ele>284.2</ele>
   </trkpt>
   <trkpt lat="36.5944450" lon="-4.6071650">
    <ele>284.8</ele>
   </trkpt>
   <trkpt lat="36.5944760" lon="-4.6071670">
    <ele>285.2</ele>
   </trkpt>
   <trkpt lat="36.5945070" lon="-4.6071700">
    <ele>285.6</ele>
   </trkpt>
   <trkpt lat="36.5945380" lon="-4.6071730">
    <ele>286.2</ele>
   </trkpt>
   <trkpt lat="36.5945680" lon="-4.6071780">
    <ele>286.8</ele>
   </trkpt>
   <trkpt lat="36.5945970" lon="-4.6071830">
    <ele>287.6</ele>
   </trkpt>
   <trkpt lat="36.5946280" lon="-4.6071860">
    <ele>288.0</ele>
   </trkpt>
   <trkpt lat="36.5946600" lon="-4.6071950">
    <ele>288.4</ele>
   </trkpt>
   <trkpt lat="36.5946860" lon="-4.6072060">
    <ele>288.6</ele>
   </trkpt>
   <trkpt lat="36.5947120" lon="-4.6072140">
    <ele>289.0</ele>
   </trkpt>
   <trkpt lat="36.5947440" lon="-4.6072270">
    <ele>289.4</ele>
   </trkpt>
   <trkpt lat="36.5947710" lon="-4.6072410">
    <ele>290.2</ele>
   </trkpt>
   <trkpt lat="36.5948000" lon="-4.6072560">
    <ele>290.8</ele>
   </trkpt>
   <trkpt lat="36.5948310" lon="-4.6072710">
    <ele>291.6</ele>
   </trkpt>
   <trkpt lat="36.5948580" lon="-4.6072870">
    <ele>292.2</ele>
   </trkpt>
   <trkpt lat="36.5948850" lon="-4.6073070">
    <ele>292.6</ele>
   </trkpt>
   <trkpt lat="36.5949150" lon="-4.6073270">
    <ele>293.0</ele>
   </trkpt>
   <trkpt lat="36.5949430" lon="-4.6073490">
    <ele>293.2</ele>
   </trkpt>
   <trkpt lat="36.5949670" lon="-4.6073700">
    <ele>293.4</ele>
   </trkpt>
   <trkpt lat="36.5949960" lon="-4.6073940">
    <ele>293.6</ele>
   </trkpt>
   <trkpt lat="36.5950190" lon="-4.6074170">
    <ele>294.0</ele>
   </trkpt>
   <trkpt lat="36.5950420" lon="-4.6074400">
    <ele>294.4</ele>
   </trkpt>
   <trkpt lat="36.5950680" lon="-4.6074630">
    <ele>294.8</ele>
   </trkpt>
   <trkpt lat="36.5950920" lon="-4.6074930">
    <ele>295.2</ele>
   </trkpt>
   <trkpt lat="36.5951100" lon="-4.6075180">
    <ele>295.8</ele>
   </trkpt>
   <trkpt lat="36.5951300" lon="-4.6075460">
    <ele>296.2</ele>
   </trkpt>
   <trkpt lat="36.5951520" lon="-4.6075750">
    <ele>296.8</ele>
   </trkpt>
   <trkpt lat="36.5951790" lon="-4.6076020">
    <ele>297.4</ele>
   </trkpt>
   <trkpt lat="36.5952020" lon="-4.6076310">
    <ele>297.8</ele>
   </trkpt>
   <trkpt lat="36.5952290" lon="-4.6076640">
    <ele>298.2</ele>
   </trkpt>
   <trkpt lat="36.5952510" lon="-4.6076940">
    <ele>298.6</ele>
   </trkpt>
   <trkpt lat="36.5952740" lon="-4.6077270">
    <ele>298.8</ele>
   </trkpt>
   <trkpt lat="36.5953010" lon="-4.6077630">
    <ele>299.0</ele>
   </trkpt>
   <trkpt lat="36.5953230" lon="-4.6077980">
    <ele>299.4</ele>
   </trkpt>
   <trkpt lat="36.5953470" lon="-4.6078340">
    <ele>299.8</ele>
   </trkpt>
   <trkpt lat="36.5953730" lon="-4.6078710">
    <ele>300.2</ele>
   </trkpt>
   <trkpt lat="36.5953990" lon="-4.6079080">
    <ele>300.6</ele>
   </trkpt>
   <trkpt lat="36.5954200" lon="-4.6079480">
    <ele>300.8</ele>
   </trkpt>
   <trkpt lat="36.5954380" lon="-4.6079850">
    <ele>301.2</ele>
   </trkpt>
   <trkpt lat="36.5954650" lon="-4.6080260">
    <ele>301.6</ele>
   </trkpt>
   <trkpt lat="36.5954880" lon="-4.6080640">
    <ele>302.2</ele>
   </trkpt>
   <trkpt lat="36.5955110" lon="-4.6081050">
    <ele>302.6</ele>
   </trkpt>
   <trkpt lat="36.5955340" lon="-4.6081440">
    <ele>303.0</ele>
   </trkpt>
   <trkpt lat="36.5955610" lon="-4.6081870">
    <ele>303.4</ele>
   </trkpt>
   <trkpt lat="36.5955840" lon="-4.6082310">
    <ele>303.8</ele>
   </trkpt>
   <trkpt lat="36.5956100" lon="-4.6082790">
    <ele>304.0</ele>
   </trkpt>
   <trkpt lat="36.5956330" lon="-4.6083270">
    <ele>304.2</ele>
   </trkpt>
   <trkpt lat="36.5956600" lon="-4.6083770">
    <ele>304.6</ele>
   </trkpt>
   <trkpt lat="36.5956820" lon="-4.6084260">
    <ele>304.8</ele>
   </trkpt>
   <trkpt lat="36.5957100" lon="-4.6084800">
    <ele>305.2</ele>
   </trkpt>
   <trkpt lat="36.5957320" lon="-4.6085280">
    <ele>305.6</ele>
   </trkpt>
   <trkpt lat="36.5957560" lon="-4.6085760">
    <ele>306.2</ele>
   </trkpt>
   <trkpt lat="36.5957810" lon="-4.6086180">
    <ele>306.6</ele>
   </trkpt>
   <trkpt lat="36.5958020" lon="-4.6086620">
    <ele>307.4</ele>
   </trkpt>
   <trkpt lat="36.5958190" lon="-4.6087000">
    <ele>308.0</ele>
   </trkpt>
   <trkpt lat="36.5958360" lon="-4.6087400">
    <ele>308.6</ele>
   </trkpt>
   <trkpt lat="36.5958550" lon="-4.6087730">
    <ele>309.2</ele>
   </trkpt>
   <trkpt lat="36.5958730" lon="-4.6088040">
    <ele>309.6</ele>
   </trkpt>
   <trkpt lat="36.5958880" lon="-4.6088310">
    <ele>310.0</ele>
   </trkpt>
   <trkpt lat="36.5959090" lon="-4.6088570">
    <ele>310.6</ele>
   </trkpt>
   <trkpt lat="36.5959300" lon="-4.6088770">
    <ele>311.0</ele>
   </trkpt>
   <trkpt lat="36.5959540" lon="-4.6088960">
    <ele>311.4</ele>
   </trkpt>
   <trkpt lat="36.5959800" lon="-4.6089120">
    <ele>312.0</ele>
   </trkpt>
   <trkpt lat="36.5960070" lon="-4.6089260">
    <ele>312.4</ele>
   </trkpt>
   <trkpt lat="36.5960330" lon="-4.6089370">
    <ele>312.8</ele>
   </trkpt>
   <trkpt lat="36.5960640" lon="-4.6089480">
    <ele>313.2</ele>
   </trkpt>
   <trkpt lat="36.5960970" lon="-4.6089590">
    <ele>313.4</ele>
   </trkpt>
   <trkpt lat="36.5961370" lon="-4.6089730">
    <ele>313.8</ele>
   </trkpt>
   <trkpt lat="36.5961700" lon="-4.6089900">
    <ele>314.0</ele>
   </trkpt>
   <trkpt lat="36.5962080" lon="-4.6090090">
    <ele>314.4</ele>
   </trkpt>
   <trkpt lat="36.5962460" lon="-4.6090320">
    <ele>314.8</ele>
   </trkpt>
   <trkpt lat="36.5962900" lon="-4.6090590">
    <ele>315.2</ele>
   </trkpt>
   <trkpt lat="36.5963240" lon="-4.6090880">
    <ele>315.6</ele>
   </trkpt>
   <trkpt lat="36.5963690" lon="-4.6091240">
    <ele>315.8</ele>
   </trkpt>
   <trkpt lat="36.5964050" lon="-4.6091600">
    <ele>316.2</ele>
   </trkpt>
   <trkpt lat="36.5964410" lon="-4.6092020">
    <ele>316.4</ele>
   </trkpt>
   <trkpt lat="36.5964750" lon="-4.6092470">
    <ele>316.8</ele>
   </trkpt>
   <trkpt lat="36.5965060" lon="-4.6092940">
    <ele>317.4</ele>
   </trkpt>
   <trkpt lat="36.5965320" lon="-4.6093420">
    <ele>318.0</ele>
   </trkpt>
   <trkpt lat="36.5965530" lon="-4.6093970">
    <ele>318.6</ele>
   </trkpt>
   <trkpt lat="36.5965650" lon="-4.6094530">
    <ele>319.2</ele>
   </trkpt>
   <trkpt lat="36.5965690" lon="-4.6095130">
    <ele>319.6</ele>
   </trkpt>
   <trkpt lat="36.5965620" lon="-4.6095740">
    <ele>320.0</ele>
   </trkpt>
   <trkpt lat="36.5965500" lon="-4.6096390">
    <ele>320.4</ele>
   </trkpt>
   <trkpt lat="36.5965390" lon="-4.6096990">
    <ele>320.6</ele>
   </trkpt>
   <trkpt lat="36.5965310" lon="-4.6097610">
    <ele>321.0</ele>
   </trkpt>
   <trkpt lat="36.5965240" lon="-4.6098200">
    <ele>321.6</ele>
   </trkpt>
   <trkpt lat="36.5965230" lon="-4.6098740">
    <ele>322.0</ele>
   </trkpt>
   <trkpt lat="36.5965270" lon="-4.6099220">
    <ele>322.6</ele>
   </trkpt>
   <trkpt lat="36.5965340" lon="-4.6099760">
    <ele>323.2</ele>
   </trkpt>
   <trkpt lat="36.5965380" lon="-4.6100220">
    <ele>323.6</ele>
   </trkpt>
   <trkpt lat="36.5965460" lon="-4.6100730">
    <ele>324.0</ele>
   </trkpt>
   <trkpt lat="36.5965530" lon="-4.6101180">
    <ele>324.6</ele>
   </trkpt>
   <trkpt lat="36.5965610" lon="-4.6101650">
    <ele>324.8</ele>
   </trkpt>
   <trkpt lat="36.5965720" lon="-4.6102120">
    <ele>325.2</ele>
   </trkpt>
   <trkpt lat="36.5965880" lon="-4.6102560">
    <ele>325.6</ele>
   </trkpt>
   <trkpt lat="36.5965980" lon="-4.6102990">
    <ele>326.0</ele>
   </trkpt>
   <trkpt lat="36.5966100" lon="-4.6103340">
    <ele>326.2</ele>
   </trkpt>
   <trkpt lat="36.5966320" lon="-4.6103880">
    <ele>326.6</ele>
   </trkpt>
   <trkpt lat="36.5966550" lon="-4.6104270">
    <ele>327.0</ele>
   </trkpt>
   <trkpt lat="36.5966820" lon="-4.6104640">
    <ele>327.4</ele>
   </trkpt>
   <trkpt lat="36.5967100" lon="-4.6104990">
    <ele>327.8</ele>
   </trkpt>
   <trkpt lat="36.5967310" lon="-4.6105290">
    <ele>328.4</ele>
   </trkpt>
   <trkpt lat="36.5967580" lon="-4.6105600">
    <ele>328.8</ele>
   </trkpt>
   <trkpt lat="36.5967850" lon="-4.6105910">
    <ele>329.2</ele>
   </trkpt>
   <trkpt lat="36.5968110" lon="-4.6106210">
    <ele>329.6</ele>
   </trkpt>
   <trkpt lat="36.5968340" lon="-4.6106490">
    <ele>330.0</ele>
   </trkpt>
   <trkpt lat="36.5968540" lon="-4.6106740">
    <ele>330.4</ele>
   </trkpt>
   <trkpt lat="36.5968880" lon="-4.6107090">
    <ele>330.8</ele>
   </trkpt>
   <trkpt lat="36.5969230" lon="-4.6107470">
    <ele>331.2</ele>
   </trkpt>
   <trkpt lat="36.5969520" lon="-4.6107810">
    <ele>331.4</ele>
   </trkpt>
   <trkpt lat="36.5969830" lon="-4.6108160">
    <ele>331.8</ele>
   </trkpt>
   <trkpt lat="36.5970130" lon="-4.6108540">
    <ele>332.2</ele>
   </trkpt>
   <trkpt lat="36.5970490" lon="-4.6108920">
    <ele>332.4</ele>
   </trkpt>
   <trkpt lat="36.5970780" lon="-4.6109290">
    <ele>332.4</ele>
   </trkpt>
   <trkpt lat="36.5971130" lon="-4.6109700">
    <ele>332.6</ele>
   </trkpt>
   <trkpt lat="36.5971460" lon="-4.6110100">
    <ele>332.6</ele>
   </trkpt>
   <trkpt lat="36.5971790" lon="-4.6110500">
    <ele>333.0</ele>
   </trkpt>
   <trkpt lat="36.5972110" lon="-4.6110930">
    <ele>333.6</ele>
   </trkpt>
   <trkpt lat="36.5972470" lon="-4.6111350">
    <ele>334.2</ele>
   </trkpt>
   <trkpt lat="36.5972760" lon="-4.6111700">
    <ele>334.6</ele>
   </trkpt>
   <trkpt lat="36.5973110" lon="-4.6112070">
    <ele>335.0</ele>
   </trkpt>
   <trkpt lat="36.5973410" lon="-4.6112450">
    <ele>335.4</ele>
   </trkpt>
   <trkpt lat="36.5973750" lon="-4.6112860">
    <ele>335.6</ele>
   </trkpt>
   <trkpt lat="36.5974060" lon="-4.6113260">
    <ele>335.8</ele>
   </trkpt>
   <trkpt lat="36.5974370" lon="-4.6113710">
    <ele>336.4</ele>
   </trkpt>
   <trkpt lat="36.5974690" lon="-4.6114110">
    <ele>336.8</ele>
   </trkpt>
   <trkpt lat="36.5975070" lon="-4.6114600">
    <ele>337.2</ele>
   </trkpt>
   <trkpt lat="36.5975460" lon="-4.6115110">
    <ele>337.4</ele>
   </trkpt>
   <trkpt lat="36.5975890" lon="-4.6115650">
    <ele>337.6</ele>
   </trkpt>
   <trkpt lat="36.5976270" lon="-4.6116200">
    <ele>338.0</ele>
   </trkpt>
   <trkpt lat="36.5976740" lon="-4.6116780">
    <ele>338.2</ele>
   </trkpt>
   <trkpt lat="36.5977170" lon="-4.6117300">
    <ele>338.6</ele>
   </trkpt>
   <trkpt lat="36.5977650" lon="-4.6117890">
    <ele>339.0</ele>
   </trkpt>
   <trkpt lat="36.5978130" lon="-4.6118370">
    <ele>339.6</ele>
   </trkpt>
   <trkpt lat="36.5978740" lon="-4.6118790">
    <ele>339.8</ele>
   </trkpt>
   <trkpt lat="36.5979340" lon="-4.6119080">
    <ele>340.0</ele>
   </trkpt>
   <trkpt lat="36.5980040" lon="-4.6119260">
    <ele>340.2</ele>
   </trkpt>
   <trkpt lat="36.5980690" lon="-4.6119300">
    <ele>340.2</ele>
   </trkpt>
   <trkpt lat="36.5981420" lon="-4.6119200">
    <ele>340.4</ele>
   </trkpt>
   <trkpt lat="36.5982040" lon="-4.6119030">
    <ele>340.6</ele>
   </trkpt>
   <trkpt lat="36.5982670" lon="-4.6118830">
    <ele>341.0</ele>
   </trkpt>
   <trkpt lat="36.5983280" lon="-4.6118600">
    <ele>341.4</ele>
   </trkpt>
   <trkpt lat="36.5983870" lon="-4.6118400">
    <ele>341.8</ele>
   </trkpt>
   <trkpt lat="36.5984350" lon="-4.6118240">
    <ele>342.4</ele>
   </trkpt>
   <trkpt lat="36.5984900" lon="-4.6118060">
    <ele>342.8</ele>
   </trkpt>
   <trkpt lat="36.5985450" lon="-4.6117880">
    <ele>343.4</ele>
   </trkpt>
   <trkpt lat="36.5985990" lon="-4.6117760">
    <ele>344.0</ele>
   </trkpt>
   <trkpt lat="36.5986470" lon="-4.6117690">
    <ele>344.6</ele>
   </trkpt>
   <trkpt lat="36.5987030" lon="-4.6117800">
    <ele>345.2</ele>
   </trkpt>
   <trkpt lat="36.5987470" lon="-4.6118120">
    <ele>345.6</ele>
   </trkpt>
   <trkpt lat="36.5987840" lon="-4.6118700">
    <ele>346.2</ele>
   </trkpt>
   <trkpt lat="36.5988030" lon="-4.6119370">
    <ele>346.4</ele>
   </trkpt>
   <trkpt lat="36.5988080" lon="-4.6120100">
    <ele>346.8</ele>
   </trkpt>
   <trkpt lat="36.5988080" lon="-4.6120850">
    <ele>347.2</ele>
   </trkpt>
   <trkpt lat="36.5988160" lon="-4.6121650">
    <ele>347.6</ele>
   </trkpt>
   <trkpt lat="36.5988330" lon="-4.6122360">
    <ele>347.8</ele>
   </trkpt>
   <trkpt lat="36.5988570" lon="-4.6123100">
    <ele>348.2</ele>
   </trkpt>
   <trkpt lat="36.5988860" lon="-4.6123730">
    <ele>348.8</ele>
   </trkpt>
   <trkpt lat="36.5989140" lon="-4.6124360">
    <ele>349.2</ele>
   </trkpt>
   <trkpt lat="36.5989440" lon="-4.6124960">
    <ele>349.8</ele>
   </trkpt>
   <trkpt lat="36.5989750" lon="-4.6125520">
    <ele>350.4</ele>
   </trkpt>
   <trkpt lat="36.5990030" lon="-4.6126010">
    <ele>351.0</ele>
   </trkpt>
   <trkpt lat="36.5990350" lon="-4.6126540">
    <ele>351.8</ele>
   </trkpt>
   <trkpt lat="36.5990690" lon="-4.6127040">
    <ele>352.2</ele>
   </trkpt>
   <trkpt lat="36.5991010" lon="-4.6127550">
    <ele>352.8</ele>
   </trkpt>
   <trkpt lat="36.5991370" lon="-4.6128010">
    <ele>353.2</ele>
   </trkpt>
   <trkpt lat="36.5991690" lon="-4.6128530">
    <ele>353.4</ele>
   </trkpt>
   <trkpt lat="36.5992020" lon="-4.6129000">
    <ele>353.6</ele>
   </trkpt>
   <trkpt lat="36.5992420" lon="-4.6129540">
    <ele>353.8</ele>
   </trkpt>
   <trkpt lat="36.5992710" lon="-4.6130050">
    <ele>354.2</ele>
   </trkpt>
   <trkpt lat="36.5993070" lon="-4.6130580">
    <ele>354.4</ele>
   </trkpt>
   <trkpt lat="36.5993410" lon="-4.6131080">
    <ele>354.8</ele>
   </trkpt>
   <trkpt lat="36.5993760" lon="-4.6131590">
    <ele>355.0</ele>
   </trkpt>
   <trkpt lat="36.5994080" lon="-4.6132090">
    <ele>355.4</ele>
   </trkpt>
   <trkpt lat="36.5994410" lon="-4.6132620">
    <ele>356.0</ele>
   </trkpt>
   <trkpt lat="36.5994780" lon="-4.6133130">
    <ele>356.4</ele>
   </trkpt>
   <trkpt lat="36.5995080" lon="-4.6133620">
    <ele>356.8</ele>
   </trkpt>
   <trkpt lat="36.5995420" lon="-4.6134130">
    <ele>357.4</ele>
   </trkpt>
   <trkpt lat="36.5995740" lon="-4.6134660">
    <ele>357.8</ele>
   </trkpt>
   <trkpt lat="36.5995980" lon="-4.6135100">
    <ele>358.2</ele>
   </trkpt>
   <trkpt lat="36.5996300" lon="-4.6135620">
    <ele>358.4</ele>
   </trkpt>
   <trkpt lat="36.5996560" lon="-4.6136060">
    <ele>359.0</ele>
   </trkpt>
   <trkpt lat="36.5996830" lon="-4.6136480">
    <ele>359.6</ele>
   </trkpt>
   <trkpt lat="36.5997100" lon="-4.6136900">
    <ele>360.2</ele>
   </trkpt>
   <trkpt lat="36.5997330" lon="-4.6137290">
    <ele>360.6</ele>
   </trkpt>
   <trkpt lat="36.5997560" lon="-4.6137660">
    <ele>361.2</ele>
   </trkpt>
   <trkpt lat="36.5997800" lon="-4.6138030">
    <ele>361.8</ele>
   </trkpt>
   <trkpt lat="36.5998010" lon="-4.6138340">
    <ele>362.4</ele>
   </trkpt>
   <trkpt lat="36.5998240" lon="-4.6138690">
    <ele>363.0</ele>
   </trkpt>
   <trkpt lat="36.5998470" lon="-4.6139030">
    <ele>363.4</ele>
   </trkpt>
   <trkpt lat="36.5998710" lon="-4.6139400">
    <ele>364.0</ele>
   </trkpt>
   <trkpt lat="36.5998930" lon="-4.6139720">
    <ele>364.4</ele>
   </trkpt>
   <trkpt lat="36.5999170" lon="-4.6140080">
    <ele>364.8</ele>
   </trkpt>
   <trkpt lat="36.5999390" lon="-4.6140420">
    <ele>365.4</ele>
   </trkpt>
   <trkpt lat="36.5999650" lon="-4.6140780">
    <ele>365.8</ele>
   </trkpt>
   <trkpt lat="36.5999960" lon="-4.6141120">
    <ele>366.4</ele>
   </trkpt>
   <trkpt lat="36.6000270" lon="-4.6141460">
    <ele>366.8</ele>
   </trkpt>
   <trkpt lat="36.6000590" lon="-4.6141770">
    <ele>367.2</ele>
   </trkpt>
   <trkpt lat="36.6000930" lon="-4.6142100">
    <ele>367.8</ele>
   </trkpt>
   <trkpt lat="36.6001270" lon="-4.6142430">
    <ele>368.4</ele>
   </trkpt>
   <trkpt lat="36.6001600" lon="-4.6142690">
    <ele>368.8</ele>
   </trkpt>
   <trkpt lat="36.6001940" lon="-4.6142870">
    <ele>369.4</ele>
   </trkpt>
   <trkpt lat="36.6002340" lon="-4.6143060">
    <ele>370.0</ele>
   </trkpt>
   <trkpt lat="36.6002660" lon="-4.6143230">
    <ele>370.6</ele>
   </trkpt>
   <trkpt lat="36.6003060" lon="-4.6143420">
    <ele>371.2</ele>
   </trkpt>
   <trkpt lat="36.6003430" lon="-4.6143590">
    <ele>371.6</ele>
   </trkpt>
   <trkpt lat="36.6003810" lon="-4.6143750">
    <ele>372.2</ele>
   </trkpt>
   <trkpt lat="36.6004220" lon="-4.6143890">
    <ele>372.8</ele>
   </trkpt>
   <trkpt lat="36.6004660" lon="-4.6144080">
    <ele>373.2</ele>
   </trkpt>
   <trkpt lat="36.6005060" lon="-4.6144280">
    <ele>373.6</ele>
   </trkpt>
   <trkpt lat="36.6005490" lon="-4.6144600">
    <ele>374.0</ele>
   </trkpt>
   <trkpt lat="36.6005840" lon="-4.6144990">
    <ele>374.4</ele>
   </trkpt>
   <trkpt lat="36.6006140" lon="-4.6145450">
    <ele>374.8</ele>
   </trkpt>
   <trkpt lat="36.6006410" lon="-4.6145920">
    <ele>375.2</ele>
   </trkpt>
   <trkpt lat="36.6006610" lon="-4.6146410">
    <ele>375.6</ele>
   </trkpt>
   <trkpt lat="36.6006790" lon="-4.6146860">
    <ele>376.2</ele>
   </trkpt>
   <trkpt lat="36.6006960" lon="-4.6147360">
    <ele>376.6</ele>
   </trkpt>
   <trkpt lat="36.6007140" lon="-4.6147860">
    <ele>377.0</ele>
   </trkpt>
   <trkpt lat="36.6007300" lon="-4.6148320">
    <ele>377.4</ele>
   </trkpt>
   <trkpt lat="36.6007480" lon="-4.6148750">
    <ele>377.8</ele>
   </trkpt>
   <trkpt lat="36.6007640" lon="-4.6149200">
    <ele>378.2</ele>
   </trkpt>
   <trkpt lat="36.6007860" lon="-4.6149640">
    <ele>378.8</ele>
   </trkpt>
   <trkpt lat="36.6008140" lon="-4.6150100">
    <ele>379.2</ele>
   </trkpt>
   <trkpt lat="36.6008360" lon="-4.6150560">
    <ele>379.6</ele>
   </trkpt>
   <trkpt lat="36.6008590" lon="-4.6151030">
    <ele>380.0</ele>
   </trkpt>
   <trkpt lat="36.6008820" lon="-4.6151500">
    <ele>380.4</ele>
   </trkpt>
   <trkpt lat="36.6009090" lon="-4.6152000">
    <ele>381.0</ele>
   </trkpt>
   <trkpt lat="36.6009350" lon="-4.6152440">
    <ele>381.4</ele>
   </trkpt>
   <trkpt lat="36.6009660" lon="-4.6152900">
    <ele>381.8</ele>
   </trkpt>
   <trkpt lat="36.6010000" lon="-4.6153280">
    <ele>382.4</ele>
   </trkpt>
   <trkpt lat="36.6010360" lon="-4.6153620">
    <ele>382.8</ele>
   </trkpt>
   <trkpt lat="36.6010790" lon="-4.6153910">
    <ele>383.4</ele>
   </trkpt>
   <trkpt lat="36.6011230" lon="-4.6154130">
    <ele>383.8</ele>
   </trkpt>
   <trkpt lat="36.6011660" lon="-4.6154250">
    <ele>384.4</ele>
   </trkpt>
   <trkpt lat="36.6012100" lon="-4.6154300">
    <ele>385.0</ele>
   </trkpt>
   <trkpt lat="36.6012580" lon="-4.6154290">
    <ele>385.6</ele>
   </trkpt>
   <trkpt lat="36.6013050" lon="-4.6154230">
    <ele>386.2</ele>
   </trkpt>
   <trkpt lat="36.6013510" lon="-4.6154160">
    <ele>386.8</ele>
   </trkpt>
   <trkpt lat="36.6014040" lon="-4.6154050">
    <ele>387.4</ele>
   </trkpt>
   <trkpt lat="36.6014510" lon="-4.6153990">
    <ele>388.0</ele>
   </trkpt>
   <trkpt lat="36.6015080" lon="-4.6153970">
    <ele>388.6</ele>
   </trkpt>
   <trkpt lat="36.6015590" lon="-4.6154060">
    <ele>389.2</ele>
   </trkpt>
   <trkpt lat="36.6016110" lon="-4.6154250">
    <ele>390.0</ele>
   </trkpt>
   <trkpt lat="36.6016550" lon="-4.6154590">
    <ele>390.6</ele>
   </trkpt>
   <trkpt lat="36.6016870" lon="-4.6155140">
    <ele>391.4</ele>
   </trkpt>
   <trkpt lat="36.6016990" lon="-4.6155790">
    <ele>392.0</ele>
   </trkpt>
   <trkpt lat="36.6016930" lon="-4.6156520">
    <ele>392.6</ele>
   </trkpt>
   <trkpt lat="36.6016710" lon="-4.6157170">
    <ele>393.0</ele>
   </trkpt>
   <trkpt lat="36.6016300" lon="-4.6157750">
    <ele>393.2</ele>
   </trkpt>
   <trkpt lat="36.6015850" lon="-4.6158290">
    <ele>393.4</ele>
   </trkpt>
   <trkpt lat="36.6015450" lon="-4.6158890">
    <ele>393.6</ele>
   </trkpt>
   <trkpt lat="36.6015060" lon="-4.6159440">
    <ele>394.0</ele>
   </trkpt>
   <trkpt lat="36.6014650" lon="-4.6160090">
    <ele>394.2</ele>
   </trkpt>
   <trkpt lat="36.6014350" lon="-4.6160700">
    <ele>394.4</ele>
   </trkpt>
   <trkpt lat="36.6014030" lon="-4.6161330">
    <ele>394.8</ele>
   </trkpt>
   <trkpt lat="36.6013740" lon="-4.6161940">
    <ele>395.2</ele>
   </trkpt>
   <trkpt lat="36.6013500" lon="-4.6162590">
    <ele>395.6</ele>
   </trkpt>
   <trkpt lat="36.6013310" lon="-4.6163230">
    <ele>396.0</ele>
   </trkpt>
   <trkpt lat="36.6013230" lon="-4.6163910">
    <ele>396.2</ele>
   </trkpt>
   <trkpt lat="36.6013220" lon="-4.6164500">
    <ele>396.4</ele>
   </trkpt>
   <trkpt lat="36.6013290" lon="-4.6165120">
    <ele>396.8</ele>
   </trkpt>
   <trkpt lat="36.6013370" lon="-4.6165690">
    <ele>397.4</ele>
   </trkpt>
   <trkpt lat="36.6013450" lon="-4.6166310">
    <ele>398.0</ele>
   </trkpt>
   <trkpt lat="36.6013550" lon="-4.6166880">
    <ele>398.4</ele>
   </trkpt>
   <trkpt lat="36.6013670" lon="-4.6167490">
    <ele>398.6</ele>
   </trkpt>
   <trkpt lat="36.6013820" lon="-4.6168080">
    <ele>398.8</ele>
   </trkpt>
   <trkpt lat="36.6014010" lon="-4.6168640">
    <ele>399.4</ele>
   </trkpt>
   <trkpt lat="36.6014230" lon="-4.6169120">
    <ele>400.0</ele>
   </trkpt>
   <trkpt lat="36.6014510" lon="-4.6169580">
    <ele>400.6</ele>
   </trkpt>
   <trkpt lat="36.6014760" lon="-4.6169830">
    <ele>401.4</ele>
   </trkpt>
   <trkpt lat="36.6015200" lon="-4.6170240">
    <ele>402.0</ele>
   </trkpt>
   <trkpt lat="36.6015530" lon="-4.6170530">
    <ele>402.2</ele>
   </trkpt>
   <trkpt lat="36.6015870" lon="-4.6170800">
    <ele>402.2</ele>
   </trkpt>
   <trkpt lat="36.6016230" lon="-4.6171020">
    <ele>402.4</ele>
   </trkpt>
   <trkpt lat="36.6016680" lon="-4.6171290">
    <ele>402.8</ele>
   </trkpt>
   <trkpt lat="36.6017070" lon="-4.6171540">
    <ele>403.0</ele>
   </trkpt>
   <trkpt lat="36.6017390" lon="-4.6171740">
    <ele>403.0</ele>
   </trkpt>
   <trkpt lat="36.6017970" lon="-4.6172070">
    <ele>402.8</ele>
   </trkpt>
   <trkpt lat="36.6018500" lon="-4.6172380">
    <ele>402.6</ele>
   </trkpt>
   <trkpt lat="36.6018990" lon="-4.6172700">
    <ele>402.8</ele>
   </trkpt>
   <trkpt lat="36.6019500" lon="-4.6173040">
    <ele>403.2</ele>
   </trkpt>
   <trkpt lat="36.6020040" lon="-4.6173340">
    <ele>403.8</ele>
   </trkpt>
   <trkpt lat="36.6020590" lon="-4.6173650">
    <ele>404.4</ele>
   </trkpt>
   <trkpt lat="36.6021170" lon="-4.6174000">
    <ele>404.8</ele>
   </trkpt>
   <trkpt lat="36.6021670" lon="-4.6174420">
    <ele>405.4</ele>
   </trkpt>
   <trkpt lat="36.6022120" lon="-4.6174870">
    <ele>406.0</ele>
   </trkpt>
   <trkpt lat="36.6022490" lon="-4.6175210">
    <ele>406.6</ele>
   </trkpt>
   <trkpt lat="36.6022980" lon="-4.6175640">
    <ele>407.0</ele>
   </trkpt>
   <trkpt lat="36.6023420" lon="-4.6176070">
    <ele>407.2</ele>
   </trkpt>
   <trkpt lat="36.6023830" lon="-4.6176480">
    <ele>407.8</ele>
   </trkpt>
   <trkpt lat="36.6024110" lon="-4.6176870">
    <ele>408.4</ele>
   </trkpt>
   <trkpt lat="36.6024410" lon="-4.6177270">
    <ele>409.2</ele>
   </trkpt>
   <trkpt lat="36.6024660" lon="-4.6177720">
    <ele>409.8</ele>
   </trkpt>
   <trkpt lat="36.6024910" lon="-4.6178120">
    <ele>410.4</ele>
   </trkpt>
   <trkpt lat="36.6025190" lon="-4.6178570">
    <ele>410.8</ele>
   </trkpt>
   <trkpt lat="36.6025480" lon="-4.6178940">
    <ele>410.8</ele>
   </trkpt>
   <trkpt lat="36.6025750" lon="-4.6179320">
    <ele>411.0</ele>
   </trkpt>
   <trkpt lat="36.6026010" lon="-4.6179730">
    <ele>411.4</ele>
   </trkpt>
   <trkpt lat="36.6026260" lon="-4.6180140">
    <ele>411.8</ele>
   </trkpt>
   <trkpt lat="36.6026490" lon="-4.6180500">
    <ele>412.2</ele>
   </trkpt>
   <trkpt lat="36.6026720" lon="-4.6180860">
    <ele>412.4</ele>
   </trkpt>
   <trkpt lat="36.6026980" lon="-4.6181150">
    <ele>412.6</ele>
   </trkpt>
   <trkpt lat="36.6027210" lon="-4.6181450">
    <ele>413.0</ele>
   </trkpt>
   <trkpt lat="36.6027470" lon="-4.6181780">
    <ele>413.2</ele>
   </trkpt>
   <trkpt lat="36.6027780" lon="-4.6182100">
    <ele>413.6</ele>
   </trkpt>
   <trkpt lat="36.6028070" lon="-4.6182420">
    <ele>413.8</ele>
   </trkpt>
   <trkpt lat="36.6028350" lon="-4.6182800">
    <ele>414.2</ele>
   </trkpt>
   <trkpt lat="36.6028650" lon="-4.6183160">
    <ele>414.8</ele>
   </trkpt>
   <trkpt lat="36.6028930" lon="-4.6183550">
    <ele>415.2</ele>
   </trkpt>
   <trkpt lat="36.6029220" lon="-4.6183890">
    <ele>415.4</ele>
   </trkpt>
   <trkpt lat="36.6029520" lon="-4.6184230">
    <ele>415.4</ele>
   </trkpt>
   <trkpt lat="36.6029790" lon="-4.6184580">
    <ele>415.6</ele>
   </trkpt>
   <trkpt lat="36.6030090" lon="-4.6184900">
    <ele>415.8</ele>
   </trkpt>
   <trkpt lat="36.6030400" lon="-4.6185220">
    <ele>416.0</ele>
   </trkpt>
   <trkpt lat="36.6030710" lon="-4.6185530">
    <ele>416.2</ele>
   </trkpt>
   <trkpt lat="36.6031010" lon="-4.6185810">
    <ele>416.4</ele>
   </trkpt>
   <trkpt lat="36.6031340" lon="-4.6186090">
    <ele>416.6</ele>
   </trkpt>
   <trkpt lat="36.6031680" lon="-4.6186340">
    <ele>416.8</ele>
   </trkpt>
   <trkpt lat="36.6032010" lon="-4.6186590">
    <ele>417.4</ele>
   </trkpt>
   <trkpt lat="36.6032310" lon="-4.6186830">
    <ele>418.0</ele>
   </trkpt>
   <trkpt lat="36.6032640" lon="-4.6187030">
    <ele>418.4</ele>
   </trkpt>
   <trkpt lat="36.6032980" lon="-4.6187240">
    <ele>418.8</ele>
   </trkpt>
   <trkpt lat="36.6033360" lon="-4.6187460">
    <ele>419.0</ele>
   </trkpt>
   <trkpt lat="36.6033740" lon="-4.6187650">
    <ele>419.2</ele>
   </trkpt>
   <trkpt lat="36.6034130" lon="-4.6187820">
    <ele>419.6</ele>
   </trkpt>
   <trkpt lat="36.6034580" lon="-4.6188020">
    <ele>419.8</ele>
   </trkpt>
   <trkpt lat="36.6035050" lon="-4.6188270">
    <ele>420.0</ele>
   </trkpt>
   <trkpt lat="36.6035490" lon="-4.6188510">
    <ele>420.0</ele>
   </trkpt>
   <trkpt lat="36.6035950" lon="-4.6188760">
    <ele>420.2</ele>
   </trkpt>
   <trkpt lat="36.6036440" lon="-4.6189070">
    <ele>420.4</ele>
   </trkpt>
   <trkpt lat="36.6036940" lon="-4.6189390">
    <ele>420.4</ele>
   </trkpt>
   <trkpt lat="36.6037400" lon="-4.6189710">
    <ele>420.4</ele>
   </trkpt>
   <trkpt lat="36.6037890" lon="-4.6190030">
    <ele>420.2</ele>
   </trkpt>
   <trkpt lat="36.6038390" lon="-4.6190380">
    <ele>420.2</ele>
   </trkpt>
   <trkpt lat="36.6038850" lon="-4.6190750">
    <ele>420.2</ele>
   </trkpt>
   <trkpt lat="36.6039300" lon="-4.6191130">
    <ele>420.2</ele>
   </trkpt>
   <trkpt lat="36.6039780" lon="-4.6191510">
    <ele>420.4</ele>
   </trkpt>
   <trkpt lat="36.6040220" lon="-4.6191830">
    <ele>420.6</ele>
   </trkpt>
   <trkpt lat="36.6040680" lon="-4.6192160">
    <ele>420.6</ele>
   </trkpt>
   <trkpt lat="36.6041170" lon="-4.6192520">
    <ele>421.0</ele>
   </trkpt>
   <trkpt lat="36.6041670" lon="-4.6192880">
    <ele>421.2</ele>
   </trkpt>
   <trkpt lat="36.6042140" lon="-4.6193230">
    <ele>421.4</ele>
   </trkpt>
   <trkpt lat="36.6042620" lon="-4.6193590">
    <ele>421.6</ele>
   </trkpt>
   <trkpt lat="36.6043030" lon="-4.6193930">
    <ele>421.8</ele>
   </trkpt>
   <trkpt lat="36.6043470" lon="-4.6194270">
    <ele>422.0</ele>
   </trkpt>
   <trkpt lat="36.6043920" lon="-4.6194630">
    <ele>422.4</ele>
   </trkpt>
   <trkpt lat="36.6044350" lon="-4.6194980">
    <ele>422.6</ele>
   </trkpt>
   <trkpt lat="36.6044800" lon="-4.6195330">
    <ele>422.6</ele>
   </trkpt>
   <trkpt lat="36.6045300" lon="-4.6195650">
    <ele>422.4</ele>
   </trkpt>
   <trkpt lat="36.6045790" lon="-4.6196010">
    <ele>422.0</ele>
   </trkpt>
   <trkpt lat="36.6046280" lon="-4.6196370">
    <ele>421.6</ele>
   </trkpt>
   <trkpt lat="36.6046690" lon="-4.6196800">
    <ele>421.2</ele>
   </trkpt>
   <trkpt lat="36.6047110" lon="-4.6197320">
    <ele>421.0</ele>
   </trkpt>
   <trkpt lat="36.6047310" lon="-4.6198010">
    <ele>421.0</ele>
   </trkpt>
   <trkpt lat="36.6047220" lon="-4.6198820">
    <ele>421.2</ele>
   </trkpt>
   <trkpt lat="36.6046890" lon="-4.6199550">
    <ele>421.4</ele>
   </trkpt>
   <trkpt lat="36.6046370" lon="-4.6200050">
    <ele>421.2</ele>
   </trkpt>
   <trkpt lat="36.6045710" lon="-4.6200280">
    <ele>420.8</ele>
   </trkpt>
   <trkpt lat="36.6044930" lon="-4.6200250">
    <ele>420.6</ele>
   </trkpt>
   <trkpt lat="36.6044290" lon="-4.6200110">
    <ele>420.2</ele>
   </trkpt>
   <trkpt lat="36.6043590" lon="-4.6199950">
    <ele>420.0</ele>
   </trkpt>
   <trkpt lat="36.6042880" lon="-4.6199800">
    <ele>420.2</ele>
   </trkpt>
   <trkpt lat="36.6042230" lon="-4.6199770">
    <ele>420.8</ele>
   </trkpt>
   <trkpt lat="36.6041600" lon="-4.6199860">
    <ele>421.6</ele>
   </trkpt>
   <trkpt lat="36.6041000" lon="-4.6200060">
    <ele>422.4</ele>
   </trkpt>
   <trkpt lat="36.6040400" lon="-4.6200260">
    <ele>423.2</ele>
   </trkpt>
   <trkpt lat="36.6039890" lon="-4.6200560">
    <ele>424.2</ele>
   </trkpt>
   <trkpt lat="36.6039420" lon="-4.6200950">
    <ele>425.2</ele>
   </trkpt>
   <trkpt lat="36.6039010" lon="-4.6201400">
    <ele>426.0</ele>
   </trkpt>
   <trkpt lat="36.6038580" lon="-4.6201930">
    <ele>426.6</ele>
   </trkpt>
   <trkpt lat="36.6038190" lon="-4.6202490">
    <ele>427.2</ele>
   </trkpt>
   <trkpt lat="36.6037850" lon="-4.6203050">
    <ele>427.6</ele>
   </trkpt>
   <trkpt lat="36.6037480" lon="-4.6203600">
    <ele>427.8</ele>
   </trkpt>
   <trkpt lat="36.6037090" lon="-4.6204190">
    <ele>428.0</ele>
   </trkpt>
   <trkpt lat="36.6036720" lon="-4.6204720">
    <ele>428.6</ele>
   </trkpt>
   <trkpt lat="36.6036340" lon="-4.6205330">
    <ele>428.8</ele>
   </trkpt>
   <trkpt lat="36.6035950" lon="-4.6205960">
    <ele>429.2</ele>
   </trkpt>
   <trkpt lat="36.6035560" lon="-4.6206610">
    <ele>429.4</ele>
   </trkpt>
   <trkpt lat="36.6035140" lon="-4.6207300">
    <ele>429.6</ele>
   </trkpt>
   <trkpt lat="36.6034710" lon="-4.6207990">
    <ele>429.6</ele>
   </trkpt>
   <trkpt lat="36.6034310" lon="-4.6208710">
    <ele>429.6</ele>
   </trkpt>
   <trkpt lat="36.6033910" lon="-4.6209430">
    <ele>429.6</ele>
   </trkpt>
   <trkpt lat="36.6033540" lon="-4.6210150">
    <ele>429.6</ele>
   </trkpt>
   <trkpt lat="36.6033190" lon="-4.6210950">
    <ele>430.0</ele>
   </trkpt>
   <trkpt lat="36.6032900" lon="-4.6211750">
    <ele>430.4</ele>
   </trkpt>
   <trkpt lat="36.6032610" lon="-4.6212550">
    <ele>431.0</ele>
   </trkpt>
   <trkpt lat="36.6032360" lon="-4.6213310">
    <ele>431.6</ele>
   </trkpt>
   <trkpt lat="36.6032120" lon="-4.6214170">
    <ele>432.2</ele>
   </trkpt>
   <trkpt lat="36.6031860" lon="-4.6215010">
    <ele>432.6</ele>
   </trkpt>
   <trkpt lat="36.6031590" lon="-4.6215950">
    <ele>432.8</ele>
   </trkpt>
   <trkpt lat="36.6031340" lon="-4.6216950">
    <ele>433.0</ele>
   </trkpt>
   <trkpt lat="36.6031080" lon="-4.6217960">
    <ele>433.0</ele>
   </trkpt>
   <trkpt lat="36.6030870" lon="-4.6218910">
    <ele>432.8</ele>
   </trkpt>
   <trkpt lat="36.6030710" lon="-4.6220050">
    <ele>432.6</ele>
   </trkpt>
   <trkpt lat="36.6030690" lon="-4.6221180">
    <ele>432.4</ele>
   </trkpt>
   <trkpt lat="36.6030730" lon="-4.6222320">
    <ele>432.2</ele>
   </trkpt>
   <trkpt lat="36.6030730" lon="-4.6223460">
    <ele>431.4</ele>
   </trkpt>
   <trkpt lat="36.6030730" lon="-4.6224790">
    <ele>430.8</ele>
   </trkpt>
   <trkpt lat="36.6030680" lon="-4.6226150">
    <ele>430.0</ele>
   </trkpt>
   <trkpt lat="36.6030620" lon="-4.6227510">
    <ele>429.2</ele>
   </trkpt>
   <trkpt lat="36.6030440" lon="-4.6228870">
    <ele>428.6</ele>
   </trkpt>
   <trkpt lat="36.6029960" lon="-4.6230180">
    <ele>427.8</ele>
   </trkpt>
   <trkpt lat="36.6029470" lon="-4.6231490">
    <ele>427.4</ele>
   </trkpt>
   <trkpt lat="36.6028750" lon="-4.6232490">
    <ele>427.0</ele>
   </trkpt>
   <trkpt lat="36.6027770" lon="-4.6233400">
    <ele>426.8</ele>
   </trkpt>
   <trkpt lat="36.6026740" lon="-4.6234270">
    <ele>426.6</ele>
   </trkpt>
   <trkpt lat="36.6025830" lon="-4.6235170">
    <ele>426.0</ele>
   </trkpt>
   <trkpt lat="36.6024980" lon="-4.6236160">
    <ele>425.4</ele>
   </trkpt>
   <trkpt lat="36.6024210" lon="-4.6237280">
    <ele>424.8</ele>
   </trkpt>
   <trkpt lat="36.6023450" lon="-4.6238400">
    <ele>424.6</ele>
   </trkpt>
   <trkpt lat="36.6022830" lon="-4.6239510">
    <ele>424.2</ele>
   </trkpt>
   <trkpt lat="36.6022300" lon="-4.6240680">
    <ele>424.0</ele>
   </trkpt>
   <trkpt lat="36.6021890" lon="-4.6241970">
    <ele>424.2</ele>
   </trkpt>
   <trkpt lat="36.6021640" lon="-4.6243370">
    <ele>424.0</ele>
   </trkpt>
   <trkpt lat="36.6021700" lon="-4.6244850">
    <ele>423.4</ele>
   </trkpt>
   <trkpt lat="36.6021800" lon="-4.6246350">
    <ele>422.8</ele>
   </trkpt>
   <trkpt lat="36.6022000" lon="-4.6247870">
    <ele>422.2</ele>
   </trkpt>
   <trkpt lat="36.6022210" lon="-4.6249390">
    <ele>421.8</ele>
   </trkpt>
   <trkpt lat="36.6022280" lon="-4.6250950">
    <ele>421.0</ele>
   </trkpt>
   <trkpt lat="36.6022330" lon="-4.6252510">
    <ele>420.4</ele>
   </trkpt>
   <trkpt lat="36.6022090" lon="-4.6254040">
    <ele>419.8</ele>
   </trkpt>
   <trkpt lat="36.6021820" lon="-4.6255570">
    <ele>419.4</ele>
   </trkpt>
   <trkpt lat="36.6021350" lon="-4.6256940">
    <ele>419.0</ele>
   </trkpt>
   <trkpt lat="36.6020730" lon="-4.6258370">
    <ele>418.8</ele>
   </trkpt>
   <trkpt lat="36.6020140" lon="-4.6259680">
    <ele>418.2</ele>
   </trkpt>
   <trkpt lat="36.6019710" lon="-4.6261090">
    <ele>417.0</ele>
   </trkpt>
   <trkpt lat="36.6019390" lon="-4.6262530">
    <ele>415.6</ele>
   </trkpt>
   <trkpt lat="36.6019220" lon="-4.6264080">
    <ele>414.4</ele>
   </trkpt>
   <trkpt lat="36.6019120" lon="-4.6265600">
    <ele>413.0</ele>
   </trkpt>
   <trkpt lat="36.6019020" lon="-4.6267120">
    <ele>411.8</ele>
   </trkpt>
   <trkpt lat="36.6018950" lon="-4.6268550">
    <ele>411.0</ele>
   </trkpt>
   <trkpt lat="36.6018870" lon="-4.6270060">
    <ele>410.4</ele>
   </trkpt>
   <trkpt lat="36.6018800" lon="-4.6271510">
    <ele>410.2</ele>
   </trkpt>
   <trkpt lat="36.6018710" lon="-4.6273020">
    <ele>410.2</ele>
   </trkpt>
   <trkpt lat="36.6018610" lon="-4.6274550">
    <ele>410.4</ele>
   </trkpt>
   <trkpt lat="36.6018500" lon="-4.6276070">
    <ele>410.8</ele>
   </trkpt>
   <trkpt lat="36.6018420" lon="-4.6277510">
    <ele>411.2</ele>
   </trkpt>
   <trkpt lat="36.6018340" lon="-4.6278880">
    <ele>411.6</ele>
   </trkpt>
   <trkpt lat="36.6018330" lon="-4.6280200">
    <ele>411.8</ele>
   </trkpt>
   <trkpt lat="36.6018300" lon="-4.6281600">
    <ele>412.4</ele>
   </trkpt>
   <trkpt lat="36.6018390" lon="-4.6282860">
    <ele>412.8</ele>
   </trkpt>
   <trkpt lat="36.6018480" lon="-4.6284120">
    <ele>413.2</ele>
   </trkpt>
   <trkpt lat="36.6018840" lon="-4.6285230">
    <ele>413.4</ele>
   </trkpt>
   <trkpt lat="36.6019290" lon="-4.6286250">
    <ele>413.6</ele>
   </trkpt>
   <trkpt lat="36.6019780" lon="-4.6287280">
    <ele>413.8</ele>
   </trkpt>
   <trkpt lat="36.6020230" lon="-4.6288390">
    <ele>414.0</ele>
   </trkpt>
   <trkpt lat="36.6020440" lon="-4.6289500">
    <ele>414.4</ele>
   </trkpt>
   <trkpt lat="36.6020650" lon="-4.6290610">
    <ele>414.8</ele>
   </trkpt>
   <trkpt lat="36.6020730" lon="-4.6291740">
    <ele>415.2</ele>
   </trkpt>
   <trkpt lat="36.6020740" lon="-4.6292850">
    <ele>415.6</ele>
   </trkpt>
   <trkpt lat="36.6020590" lon="-4.6293980">
    <ele>415.8</ele>
   </trkpt>
   <trkpt lat="36.6020280" lon="-4.6295120">
    <ele>416.2</ele>
   </trkpt>
   <trkpt lat="36.6019840" lon="-4.6296040">
    <ele>416.0</ele>
   </trkpt>
   <trkpt lat="36.6019160" lon="-4.6297090">
    <ele>415.8</ele>
   </trkpt>
   <trkpt lat="36.6018460" lon="-4.6298050">
    <ele>415.4</ele>
   </trkpt>
   <trkpt lat="36.6017720" lon="-4.6299110">
    <ele>414.8</ele>
   </trkpt>
   <trkpt lat="36.6017150" lon="-4.6300340">
    <ele>414.2</ele>
   </trkpt>
   <trkpt lat="36.6016680" lon="-4.6301750">
    <ele>413.4</ele>
   </trkpt>
   <trkpt lat="36.6016200" lon="-4.6303070">
    <ele>412.6</ele>
   </trkpt>
   <trkpt lat="36.6015480" lon="-4.6304350">
    <ele>411.8</ele>
   </trkpt>
   <trkpt lat="36.6014660" lon="-4.6305360">
    <ele>411.2</ele>
   </trkpt>
   <trkpt lat="36.6013630" lon="-4.6306100">
    <ele>410.6</ele>
   </trkpt>
   <trkpt lat="36.6012580" lon="-4.6306530">
    <ele>410.0</ele>
   </trkpt>
   <trkpt lat="36.6011390" lon="-4.6306770">
    <ele>409.6</ele>
   </trkpt>
   <trkpt lat="36.6010360" lon="-4.6306810">
    <ele>409.4</ele>
   </trkpt>
   <trkpt lat="36.6009210" lon="-4.6306610">
    <ele>409.4</ele>
   </trkpt>
   <trkpt lat="36.6008160" lon="-4.6306450">
    <ele>409.4</ele>
   </trkpt>
   <trkpt lat="36.6007110" lon="-4.6306450">
    <ele>409.8</ele>
   </trkpt>
   <trkpt lat="36.6005910" lon="-4.6306650">
    <ele>410.0</ele>
   </trkpt>
   <trkpt lat="36.6004760" lon="-4.6306920">
    <ele>410.2</ele>
   </trkpt>
   <trkpt lat="36.6003690" lon="-4.6307130">
    <ele>410.6</ele>
   </trkpt>
   <trkpt lat="36.6002550" lon="-4.6307400">
    <ele>410.8</ele>
   </trkpt>
   <trkpt lat="36.6001460" lon="-4.6307780">
    <ele>411.0</ele>
   </trkpt>
   <trkpt lat="36.6000360" lon="-4.6308280">
    <ele>411.0</ele>
   </trkpt>
   <trkpt lat="36.5999300" lon="-4.6308860">
    <ele>410.8</ele>
   </trkpt>
   <trkpt lat="36.5998300" lon="-4.6309600">
    <ele>410.6</ele>
   </trkpt>
   <trkpt lat="36.5997480" lon="-4.6310570">
    <ele>410.4</ele>
   </trkpt>
   <trkpt lat="36.5996850" lon="-4.6311770">
    <ele>410.2</ele>
   </trkpt>
   <trkpt lat="36.5996430" lon="-4.6312930">
    <ele>410.0</ele>
   </trkpt>
   <trkpt lat="36.5996290" lon="-4.6314160">
    <ele>409.8</ele>
   </trkpt>
   <trkpt lat="36.5996360" lon="-4.6315330">
    <ele>409.8</ele>
   </trkpt>
   <trkpt lat="36.5996610" lon="-4.6316490">
    <ele>409.8</ele>
   </trkpt>
   <trkpt lat="36.5996940" lon="-4.6317570">
    <ele>409.8</ele>
   </trkpt>
   <trkpt lat="36.5997320" lon="-4.6318700">
    <ele>410.0</ele>
   </trkpt>
   <trkpt lat="36.5997660" lon="-4.6319780">
    <ele>410.0</ele>
   </trkpt>
   <trkpt lat="36.5997980" lon="-4.6320860">
    <ele>409.8</ele>
   </trkpt>
   <trkpt lat="36.5998530" lon="-4.6321710">
    <ele>409.6</ele>
   </trkpt>
   <trkpt lat="36.5999210" lon="-4.6322230">
    <ele>409.4</ele>
   </trkpt>
   <trkpt lat="36.5999820" lon="-4.6322480">
    <ele>409.6</ele>
   </trkpt>
   <trkpt lat="36.6000460" lon="-4.6322530">
    <ele>410.0</ele>
   </trkpt>
   <trkpt lat="36.6001100" lon="-4.6322500">
    <ele>410.4</ele>
   </trkpt>
   <trkpt lat="36.6001690" lon="-4.6322420">
    <ele>411.0</ele>
   </trkpt>
   <trkpt lat="36.6002200" lon="-4.6322350">
    <ele>411.6</ele>
   </trkpt>
   <trkpt lat="36.6002630" lon="-4.6322290">
    <ele>412.2</ele>
   </trkpt>
   <trkpt lat="36.6002960" lon="-4.6322240">
    <ele>412.8</ele>
   </trkpt>
   <trkpt lat="36.6003280" lon="-4.6322200">
    <ele>413.4</ele>
   </trkpt>
   <trkpt lat="36.6003550" lon="-4.6322170">
    <ele>414.0</ele>
   </trkpt>
   <trkpt lat="36.6003800" lon="-4.6322110">
    <ele>414.6</ele>
   </trkpt>
   <trkpt lat="36.6004040" lon="-4.6322100">
    <ele>415.2</ele>
   </trkpt>
   <trkpt lat="36.6004250" lon="-4.6322070">
    <ele>415.8</ele>
   </trkpt>
   <trkpt lat="36.6004470" lon="-4.6322080">
    <ele>416.2</ele>
   </trkpt>
   <trkpt lat="36.6004670" lon="-4.6322160">
    <ele>416.6</ele>
   </trkpt>
   <trkpt lat="36.6004850" lon="-4.6322180">
    <ele>416.8</ele>
   </trkpt>
   <trkpt lat="36.6005080" lon="-4.6322230">
    <ele>417.0</ele>
   </trkpt>
   <trkpt lat="36.6005290" lon="-4.6322320">
    <ele>417.4</ele>
   </trkpt>
   <trkpt lat="36.6005510" lon="-4.6322480">
    <ele>418.0</ele>
   </trkpt>
   <trkpt lat="36.6005690" lon="-4.6322660">
    <ele>418.2</ele>
   </trkpt>
   <trkpt lat="36.6005910" lon="-4.6322850">
    <ele>418.4</ele>
   </trkpt>
   <trkpt lat="36.6006110" lon="-4.6323080">
    <ele>418.6</ele>
   </trkpt>
   <trkpt lat="36.6006230" lon="-4.6323380">
    <ele>419.0</ele>
   </trkpt>
   <trkpt lat="36.6006310" lon="-4.6323740">
    <ele>419.8</ele>
   </trkpt>
   <trkpt lat="36.6006430" lon="-4.6324170">
    <ele>420.6</ele>
   </trkpt>
   <trkpt lat="36.6006430" lon="-4.6324630">
    <ele>420.8</ele>
   </trkpt>
   <trkpt lat="36.6006400" lon="-4.6325160">
    <ele>420.8</ele>
   </trkpt>
   <trkpt lat="36.6006250" lon="-4.6325660">
    <ele>420.8</ele>
   </trkpt>
   <trkpt lat="36.6006020" lon="-4.6326180">
    <ele>421.0</ele>
   </trkpt>
   <trkpt lat="36.6005760" lon="-4.6326630">
    <ele>421.2</ele>
   </trkpt>
   <trkpt lat="36.6005450" lon="-4.6327100">
    <ele>421.4</ele>
   </trkpt>
   <trkpt lat="36.6005160" lon="-4.6327480">
    <ele>421.6</ele>
   </trkpt>
   <trkpt lat="36.6004840" lon="-4.6327900">
    <ele>421.8</ele>
   </trkpt>
   <trkpt lat="36.6004580" lon="-4.6328270">
    <ele>422.0</ele>
   </trkpt>
   <trkpt lat="36.6004270" lon="-4.6328650">
    <ele>422.4</ele>
   </trkpt>
   <trkpt lat="36.6004010" lon="-4.6329020">
    <ele>422.8</ele>
   </trkpt>
   <trkpt lat="36.6003730" lon="-4.6329390">
    <ele>423.4</ele>
   </trkpt>
   <trkpt lat="36.6003440" lon="-4.6329670">
    <ele>424.0</ele>
   </trkpt>
   <trkpt lat="36.6003200" lon="-4.6330010">
    <ele>424.4</ele>
   </trkpt>
   <trkpt lat="36.6002940" lon="-4.6330310">
    <ele>424.8</ele>
   </trkpt>
   <trkpt lat="36.6002700" lon="-4.6330640">
    <ele>425.2</ele>
   </trkpt>
   <trkpt lat="36.6002450" lon="-4.6330940">
    <ele>425.6</ele>
   </trkpt>
   <trkpt lat="36.6002200" lon="-4.6331280">
    <ele>426.0</ele>
   </trkpt>
   <trkpt lat="36.6001980" lon="-4.6331560">
    <ele>426.2</ele>
   </trkpt>
   <trkpt lat="36.6001710" lon="-4.6331880">
    <ele>426.2</ele>
   </trkpt>
   <trkpt lat="36.6001490" lon="-4.6332180">
    <ele>426.4</ele>
   </trkpt>
   <trkpt lat="36.6001290" lon="-4.6332500">
    <ele>426.4</ele>
   </trkpt>
   <trkpt lat="36.6001110" lon="-4.6332830">
    <ele>426.4</ele>
   </trkpt>
   <trkpt lat="36.6000900" lon="-4.6333210">
    <ele>426.6</ele>
   </trkpt>
   <trkpt lat="36.6000730" lon="-4.6333550">
    <ele>426.8</ele>
   </trkpt>
   <trkpt lat="36.6000570" lon="-4.6333930">
    <ele>427.0</ele>
   </trkpt>
   <trkpt lat="36.6000380" lon="-4.6334290">
    <ele>427.0</ele>
   </trkpt>
   <trkpt lat="36.6000260" lon="-4.6334650">
    <ele>427.2</ele>
   </trkpt>
   <trkpt lat="36.6000110" lon="-4.6335020">
    <ele>427.4</ele>
   </trkpt>
   <trkpt lat="36.5999990" lon="-4.6335410">
    <ele>427.6</ele>
   </trkpt>
   <trkpt lat="36.5999850" lon="-4.6335780">
    <ele>427.8</ele>
   </trkpt>
   <trkpt lat="36.5999720" lon="-4.6336170">
    <ele>428.0</ele>
   </trkpt>
   <trkpt lat="36.5999610" lon="-4.6336580">
    <ele>428.2</ele>
   </trkpt>
   <trkpt lat="36.5999530" lon="-4.6337000">
    <ele>428.2</ele>
   </trkpt>
   <trkpt lat="36.5999460" lon="-4.6337420">
    <ele>428.4</ele>
   </trkpt>
   <trkpt lat="36.5999380" lon="-4.6337850">
    <ele>428.6</ele>
   </trkpt>
   <trkpt lat="36.5999340" lon="-4.6338250">
    <ele>428.8</ele>
   </trkpt>
   <trkpt lat="36.5999260" lon="-4.6338710">
    <ele>429.0</ele>
   </trkpt>
   <trkpt lat="36.5999190" lon="-4.6339110">
    <ele>429.4</ele>
   </trkpt>
   <trkpt lat="36.5999150" lon="-4.6339540">
    <ele>429.8</ele>
   </trkpt>
   <trkpt lat="36.5999040" lon="-4.6339950">
    <ele>430.4</ele>
   </trkpt>
   <trkpt lat="36.5998990" lon="-4.6340380">
    <ele>430.8</ele>
   </trkpt>
   <trkpt lat="36.5998930" lon="-4.6340750">
    <ele>431.4</ele>
   </trkpt>
   <trkpt lat="36.5998850" lon="-4.6341190">
    <ele>432.0</ele>
   </trkpt>
   <trkpt lat="36.5998770" lon="-4.6341600">
    <ele>432.6</ele>
   </trkpt>
   <trkpt lat="36.5998660" lon="-4.6342000">
    <ele>433.0</ele>
   </trkpt>
   <trkpt lat="36.5998540" lon="-4.6342410">
    <ele>433.4</ele>
   </trkpt>
   <trkpt lat="36.5998420" lon="-4.6342840">
    <ele>433.8</ele>
   </trkpt>
   <trkpt lat="36.5998320" lon="-4.6343230">
    <ele>434.4</ele>
   </trkpt>
   <trkpt lat="36.5998160" lon="-4.6343660">
    <ele>434.8</ele>
   </trkpt>
   <trkpt lat="36.5998050" lon="-4.6344060">
    <ele>435.4</ele>
   </trkpt>
   <trkpt lat="36.5997930" lon="-4.6344490">
    <ele>436.0</ele>
   </trkpt>
   <trkpt lat="36.5997780" lon="-4.6344900">
    <ele>436.6</ele>
   </trkpt>
   <trkpt lat="36.5997620" lon="-4.6345340">
    <ele>437.2</ele>
   </trkpt>
   <trkpt lat="36.5997480" lon="-4.6345740">
    <ele>437.8</ele>
   </trkpt>
   <trkpt lat="36.5997290" lon="-4.6346180">
    <ele>438.4</ele>
   </trkpt>
   <trkpt lat="36.5997130" lon="-4.6346590">
    <ele>438.8</ele>
   </trkpt>
   <trkpt lat="36.5996940" lon="-4.6347040">
    <ele>439.4</ele>
   </trkpt>
   <trkpt lat="36.5996760" lon="-4.6347440">
    <ele>439.8</ele>
   </trkpt>
   <trkpt lat="36.5996550" lon="-4.6347900">
    <ele>440.4</ele>
   </trkpt>
   <trkpt lat="36.5996410" lon="-4.6348290">
    <ele>440.6</ele>
   </trkpt>
   <trkpt lat="36.5996210" lon="-4.6348760">
    <ele>441.0</ele>
   </trkpt>
   <trkpt lat="36.5996030" lon="-4.6349160">
    <ele>441.4</ele>
   </trkpt>
   <trkpt lat="36.5995840" lon="-4.6349580">
    <ele>441.6</ele>
   </trkpt>
   <trkpt lat="36.5995610" lon="-4.6349980">
    <ele>441.8</ele>
   </trkpt>
   <trkpt lat="36.5995420" lon="-4.6350400">
    <ele>442.2</ele>
   </trkpt>
   <trkpt lat="36.5995230" lon="-4.6350820">
    <ele>442.4</ele>
   </trkpt>
   <trkpt lat="36.5995030" lon="-4.6351250">
    <ele>442.8</ele>
   </trkpt>
   <trkpt lat="36.5994850" lon="-4.6351660">
    <ele>443.0</ele>
   </trkpt>
   <trkpt lat="36.5994610" lon="-4.6352090">
    <ele>443.4</ele>
   </trkpt>
   <trkpt lat="36.5994430" lon="-4.6352470">
    <ele>443.8</ele>
   </trkpt>
   <trkpt lat="36.5994190" lon="-4.6352890">
    <ele>444.2</ele>
   </trkpt>
   <trkpt lat="36.5993940" lon="-4.6353250">
    <ele>444.8</ele>
   </trkpt>
   <trkpt lat="36.5993730" lon="-4.6353690">
    <ele>445.2</ele>
   </trkpt>
   <trkpt lat="36.5993510" lon="-4.6354080">
    <ele>445.6</ele>
   </trkpt>
   <trkpt lat="36.5993250" lon="-4.6354460">
    <ele>446.2</ele>
   </trkpt>
   <trkpt lat="36.5993020" lon="-4.6354860">
    <ele>446.6</ele>
   </trkpt>
   <trkpt lat="36.5992740" lon="-4.6355260">
    <ele>447.2</ele>
   </trkpt>
   <trkpt lat="36.5992530" lon="-4.6355610">
    <ele>447.6</ele>
   </trkpt>
   <trkpt lat="36.5992330" lon="-4.6356010">
    <ele>448.2</ele>
   </trkpt>
   <trkpt lat="36.5992070" lon="-4.6356400">
    <ele>448.6</ele>
   </trkpt>
   <trkpt lat="36.5991870" lon="-4.6356790">
    <ele>449.0</ele>
   </trkpt>
   <trkpt lat="36.5991650" lon="-4.6357130">
    <ele>449.4</ele>
   </trkpt>
   <trkpt lat="36.5991410" lon="-4.6357520">
    <ele>449.8</ele>
   </trkpt>
   <trkpt lat="36.5991200" lon="-4.6357880">
    <ele>450.2</ele>
   </trkpt>
   <trkpt lat="36.5990970" lon="-4.6358250">
    <ele>450.4</ele>
   </trkpt>
   <trkpt lat="36.5990770" lon="-4.6358660">
    <ele>450.8</ele>
   </trkpt>
   <trkpt lat="36.5990570" lon="-4.6359050">
    <ele>451.0</ele>
   </trkpt>
   <trkpt lat="36.5990420" lon="-4.6359450">
    <ele>451.4</ele>
   </trkpt>
   <trkpt lat="36.5990300" lon="-4.6359870">
    <ele>451.8</ele>
   </trkpt>
   <trkpt lat="36.5990190" lon="-4.6360270">
    <ele>452.0</ele>
   </trkpt>
   <trkpt lat="36.5990140" lon="-4.6360700">
    <ele>452.4</ele>
   </trkpt>
   <trkpt lat="36.5990140" lon="-4.6361100">
    <ele>452.8</ele>
   </trkpt>
   <trkpt lat="36.5990140" lon="-4.6361540">
    <ele>453.4</ele>
   </trkpt>
   <trkpt lat="36.5990140" lon="-4.6361930">
    <ele>453.8</ele>
   </trkpt>
   <trkpt lat="36.5990110" lon="-4.6362350">
    <ele>454.4</ele>
   </trkpt>
   <trkpt lat="36.5990100" lon="-4.6362760">
    <ele>454.8</ele>
   </trkpt>
   <trkpt lat="36.5990070" lon="-4.6363210">
    <ele>455.4</ele>
   </trkpt>
   <trkpt lat="36.5989960" lon="-4.6363630">
    <ele>455.8</ele>
   </trkpt>
   <trkpt lat="36.5989880" lon="-4.6364070">
    <ele>456.2</ele>
   </trkpt>
   <trkpt lat="36.5989770" lon="-4.6364530">
    <ele>456.8</ele>
   </trkpt>
   <trkpt lat="36.5989580" lon="-4.6365020">
    <ele>457.2</ele>
   </trkpt>
   <trkpt lat="36.5989390" lon="-4.6365460">
    <ele>457.6</ele>
   </trkpt>
   <trkpt lat="36.5989160" lon="-4.6365920">
    <ele>457.8</ele>
   </trkpt>
   <trkpt lat="36.5988870" lon="-4.6366330">
    <ele>458.2</ele>
   </trkpt>
   <trkpt lat="36.5988490" lon="-4.6366780">
    <ele>458.4</ele>
   </trkpt>
   <trkpt lat="36.5988130" lon="-4.6367210">
    <ele>458.6</ele>
   </trkpt>
   <trkpt lat="36.5987720" lon="-4.6367710">
    <ele>458.6</ele>
   </trkpt>
   <trkpt lat="36.5987330" lon="-4.6368150">
    <ele>458.6</ele>
   </trkpt>
   <trkpt lat="36.5986810" lon="-4.6368630">
    <ele>458.6</ele>
   </trkpt>
   <trkpt lat="36.5986330" lon="-4.6369120">
    <ele>458.4</ele>
   </trkpt>
   <trkpt lat="36.5985790" lon="-4.6369640">
    <ele>458.4</ele>
   </trkpt>
   <trkpt lat="36.5985260" lon="-4.6370170">
    <ele>458.2</ele>
   </trkpt>
   <trkpt lat="36.5984670" lon="-4.6370780">
    <ele>458.2</ele>
   </trkpt>
   <trkpt lat="36.5984160" lon="-4.6371400">
    <ele>457.8</ele>
   </trkpt>
   <trkpt lat="36.5983580" lon="-4.6372140">
    <ele>457.6</ele>
   </trkpt>
   <trkpt lat="36.5983010" lon="-4.6372900">
    <ele>457.4</ele>
   </trkpt>
   <trkpt lat="36.5982470" lon="-4.6373720">
    <ele>457.0</ele>
   </trkpt>
   <trkpt lat="36.5981940" lon="-4.6374570">
    <ele>456.6</ele>
   </trkpt>
   <trkpt lat="36.5981380" lon="-4.6375530">
    <ele>456.2</ele>
   </trkpt>
   <trkpt lat="36.5981020" lon="-4.6376490">
    <ele>455.8</ele>
   </trkpt>
   <trkpt lat="36.5980810" lon="-4.6377670">
    <ele>455.6</ele>
   </trkpt>
   <trkpt lat="36.5980730" lon="-4.6378820">
    <ele>455.4</ele>
   </trkpt>
   <trkpt lat="36.5980790" lon="-4.6380060">
    <ele>455.2</ele>
   </trkpt>
   <trkpt lat="36.5980830" lon="-4.6381270">
    <ele>455.2</ele>
   </trkpt>
   <trkpt lat="36.5980700" lon="-4.6382440">
    <ele>455.0</ele>
   </trkpt>
   <trkpt lat="36.5980270" lon="-4.6383550">
    <ele>455.0</ele>
   </trkpt>
   <trkpt lat="36.5979580" lon="-4.6384480">
    <ele>455.0</ele>
   </trkpt>
   <trkpt lat="36.5978720" lon="-4.6385050">
    <ele>455.0</ele>
   </trkpt>
   <trkpt lat="36.5977780" lon="-4.6385240">
    <ele>454.8</ele>
   </trkpt>
   <trkpt lat="36.5976790" lon="-4.6385200">
    <ele>454.8</ele>
   </trkpt>
   <trkpt lat="36.5975850" lon="-4.6385140">
    <ele>454.6</ele>
   </trkpt>
   <trkpt lat="36.5974980" lon="-4.6385140">
    <ele>454.4</ele>
   </trkpt>
   <trkpt lat="36.5974000" lon="-4.6385290">
    <ele>454.2</ele>
   </trkpt>
   <trkpt lat="36.5973080" lon="-4.6385590">
    <ele>454.2</ele>
   </trkpt>
   <trkpt lat="36.5972330" lon="-4.6385960">
    <ele>454.0</ele>
   </trkpt>
   <trkpt lat="36.5971440" lon="-4.6386480">
    <ele>454.0</ele>
   </trkpt>
   <trkpt lat="36.5970680" lon="-4.6387090">
    <ele>454.0</ele>
   </trkpt>
   <trkpt lat="36.5970030" lon="-4.6387740">
    <ele>454.0</ele>
   </trkpt>
   <trkpt lat="36.5969410" lon="-4.6388500">
    <ele>454.0</ele>
   </trkpt>
   <trkpt lat="36.5968860" lon="-4.6389360">
    <ele>454.0</ele>
   </trkpt>
   <trkpt lat="36.5968320" lon="-4.6390240">
    <ele>454.2</ele>
   </trkpt>
   <trkpt lat="36.5967830" lon="-4.6391130">
    <ele>454.4</ele>
   </trkpt>
   <trkpt lat="36.5967280" lon="-4.6392030">
    <ele>454.6</ele>
   </trkpt>
   <trkpt lat="36.5966770" lon="-4.6392900">
    <ele>454.6</ele>
   </trkpt>
   <trkpt lat="36.5966260" lon="-4.6393810">
    <ele>454.8</ele>
   </trkpt>
   <trkpt lat="36.5965770" lon="-4.6394700">
    <ele>455.0</ele>
   </trkpt>
   <trkpt lat="36.5965270" lon="-4.6395580">
    <ele>455.2</ele>
   </trkpt>
   <trkpt lat="36.5964740" lon="-4.6396430">
    <ele>455.2</ele>
   </trkpt>
   <trkpt lat="36.5964230" lon="-4.6397310">
    <ele>455.6</ele>
   </trkpt>
   <trkpt lat="36.5963740" lon="-4.6398120">
    <ele>455.8</ele>
   </trkpt>
   <trkpt lat="36.5963280" lon="-4.6398950">
    <ele>455.8</ele>
   </trkpt>
   <trkpt lat="36.5962790" lon="-4.6399730">
    <ele>456.0</ele>
   </trkpt>
   <trkpt lat="36.5962310" lon="-4.6400490">
    <ele>456.0</ele>
   </trkpt>
   <trkpt lat="36.5961810" lon="-4.6401250">
    <ele>456.4</ele>
   </trkpt>
   <trkpt lat="36.5961300" lon="-4.6401970">
    <ele>456.6</ele>
   </trkpt>
   <trkpt lat="36.5960830" lon="-4.6402640">
    <ele>457.0</ele>
   </trkpt>
   <trkpt lat="36.5960340" lon="-4.6403350">
    <ele>457.4</ele>
   </trkpt>
   <trkpt lat="36.5959880" lon="-4.6404020">
    <ele>457.6</ele>
   </trkpt>
   <trkpt lat="36.5959470" lon="-4.6404660">
    <ele>457.8</ele>
   </trkpt>
   <trkpt lat="36.5959040" lon="-4.6405320">
    <ele>458.2</ele>
   </trkpt>
   <trkpt lat="36.5958610" lon="-4.6405960">
    <ele>458.6</ele>
   </trkpt>
   <trkpt lat="36.5958170" lon="-4.6406550">
    <ele>459.0</ele>
   </trkpt>
   <trkpt lat="36.5957710" lon="-4.6407140">
    <ele>459.4</ele>
   </trkpt>
   <trkpt lat="36.5957220" lon="-4.6407690">
    <ele>459.8</ele>
   </trkpt>
   <trkpt lat="36.5956720" lon="-4.6408240">
    <ele>460.2</ele>
   </trkpt>
   <trkpt lat="36.5956270" lon="-4.6408770">
    <ele>460.6</ele>
   </trkpt>
   <trkpt lat="36.5955760" lon="-4.6409330">
    <ele>460.8</ele>
   </trkpt>
   <trkpt lat="36.5955310" lon="-4.6409890">
    <ele>461.2</ele>
   </trkpt>
   <trkpt lat="36.5954840" lon="-4.6410500">
    <ele>461.8</ele>
   </trkpt>
   <trkpt lat="36.5954430" lon="-4.6411100">
    <ele>462.0</ele>
   </trkpt>
   <trkpt lat="36.5954000" lon="-4.6411750">
    <ele>462.4</ele>
   </trkpt>
   <trkpt lat="36.5953590" lon="-4.6412490">
    <ele>462.8</ele>
   </trkpt>
   <trkpt lat="36.5953160" lon="-4.6413250">
    <ele>463.2</ele>
   </trkpt>
   <trkpt lat="36.5952790" lon="-4.6413970">
    <ele>463.6</ele>
   </trkpt>
   <trkpt lat="36.5952400" lon="-4.6414770">
    <ele>464.2</ele>
   </trkpt>
   <trkpt lat="36.5951980" lon="-4.6415560">
    <ele>464.6</ele>
   </trkpt>
   <trkpt lat="36.5951560" lon="-4.6416400">
    <ele>465.0</ele>
   </trkpt>
   <trkpt lat="36.5951200" lon="-4.6417240">
    <ele>465.2</ele>
   </trkpt>
   <trkpt lat="36.5950800" lon="-4.6418170">
    <ele>465.4</ele>
   </trkpt>
   <trkpt lat="36.5950400" lon="-4.6419060">
    <ele>465.2</ele>
   </trkpt>
   <trkpt lat="36.5950000" lon="-4.6420010">
    <ele>464.8</ele>
   </trkpt>
   <trkpt lat="36.5949670" lon="-4.6420910">
    <ele>464.6</ele>
   </trkpt>
   <trkpt lat="36.5949320" lon="-4.6421830">
    <ele>464.4</ele>
   </trkpt>
   <trkpt lat="36.5949010" lon="-4.6422770">
    <ele>464.4</ele>
   </trkpt>
   <trkpt lat="36.5948700" lon="-4.6423730">
    <ele>464.2</ele>
   </trkpt>
   <trkpt lat="36.5948400" lon="-4.6424640">
    <ele>464.0</ele>
   </trkpt>
   <trkpt lat="36.5948080" lon="-4.6425630">
    <ele>463.6</ele>
   </trkpt>
   <trkpt lat="36.5947820" lon="-4.6426600">
    <ele>463.4</ele>
   </trkpt>
   <trkpt lat="36.5947560" lon="-4.6427550">
    <ele>463.0</ele>
   </trkpt>
   <trkpt lat="36.5947290" lon="-4.6428580">
    <ele>462.8</ele>
   </trkpt>
   <trkpt lat="36.5947010" lon="-4.6429600">
    <ele>462.8</ele>
   </trkpt>
   <trkpt lat="36.5946760" lon="-4.6430570">
    <ele>462.8</ele>
   </trkpt>
   <trkpt lat="36.5946510" lon="-4.6431650">
    <ele>462.8</ele>
   </trkpt>
   <trkpt lat="36.5946360" lon="-4.6432700">
    <ele>462.8</ele>
   </trkpt>
   <trkpt lat="36.5946210" lon="-4.6433800">
    <ele>462.6</ele>
   </trkpt>
   <trkpt lat="36.5946090" lon="-4.6434910">
    <ele>462.2</ele>
   </trkpt>
   <trkpt lat="36.5945970" lon="-4.6436130">
    <ele>461.8</ele>
   </trkpt>
   <trkpt lat="36.5945860" lon="-4.6437290">
    <ele>461.2</ele>
   </trkpt>
   <trkpt lat="36.5945820" lon="-4.6438560">
    <ele>460.4</ele>
   </trkpt>
   <trkpt lat="36.5945820" lon="-4.6439790">
    <ele>459.8</ele>
   </trkpt>
   <trkpt lat="36.5945920" lon="-4.6441080">
    <ele>458.8</ele>
   </trkpt>
   <trkpt lat="36.5946070" lon="-4.6442350">
    <ele>457.8</ele>
   </trkpt>
   <trkpt lat="36.5946340" lon="-4.6443720">
    <ele>456.6</ele>
   </trkpt>
   <trkpt lat="36.5946660" lon="-4.6444940">
    <ele>455.4</ele>
   </trkpt>
   <trkpt lat="36.5947000" lon="-4.6446270">
    <ele>454.6</ele>
   </trkpt>
   <trkpt lat="36.5947210" lon="-4.6447680">
    <ele>454.0</ele>
   </trkpt>
   <trkpt lat="36.5947070" lon="-4.6448950">
    <ele>453.8</ele>
   </trkpt>
   <trkpt lat="36.5946550" lon="-4.6450290">
    <ele>453.4</ele>
   </trkpt>
   <trkpt lat="36.5945730" lon="-4.6451280">
    <ele>452.8</ele>
   </trkpt>
   <trkpt lat="36.5944790" lon="-4.6452080">
    <ele>451.8</ele>
   </trkpt>
   <trkpt lat="36.5943960" lon="-4.6453190">
    <ele>451.2</ele>
   </trkpt>
   <trkpt lat="36.5943440" lon="-4.6454520">
    <ele>450.4</ele>
   </trkpt>
   <trkpt lat="36.5943180" lon="-4.6456040">
    <ele>449.4</ele>
   </trkpt>
   <trkpt lat="36.5943110" lon="-4.6457650">
    <ele>448.4</ele>
   </trkpt>
   <trkpt lat="36.5943070" lon="-4.6459200">
    <ele>447.8</ele>
   </trkpt>
   <trkpt lat="36.5943000" lon="-4.6460750">
    <ele>447.4</ele>
   </trkpt>
   <trkpt lat="36.5942960" lon="-4.6462200">
    <ele>447.4</ele>
   </trkpt>
   <trkpt lat="36.5942920" lon="-4.6463640">
    <ele>447.4</ele>
   </trkpt>
   <trkpt lat="36.5942850" lon="-4.6465100">
    <ele>447.4</ele>
   </trkpt>
   <trkpt lat="36.5942770" lon="-4.6466550">
    <ele>447.4</ele>
   </trkpt>
   <trkpt lat="36.5942690" lon="-4.6467940">
    <ele>447.4</ele>
   </trkpt>
   <trkpt lat="36.5942620" lon="-4.6469250">
    <ele>447.0</ele>
   </trkpt>
   <trkpt lat="36.5942540" lon="-4.6470700">
    <ele>447.0</ele>
   </trkpt>
   <trkpt lat="36.5942470" lon="-4.6471930">
    <ele>446.8</ele>
   </trkpt>
   <trkpt lat="36.5942360" lon="-4.6473180">
    <ele>446.4</ele>
   </trkpt>
   <trkpt lat="36.5942240" lon="-4.6474550">
    <ele>446.2</ele>
   </trkpt>
   <trkpt lat="36.5942130" lon="-4.6475950">
    <ele>446.0</ele>
   </trkpt>
   <trkpt lat="36.5942010" lon="-4.6477340">
    <ele>445.8</ele>
   </trkpt>
   <trkpt lat="36.5941970" lon="-4.6478830">
    <ele>445.4</ele>
   </trkpt>
   <trkpt lat="36.5942000" lon="-4.6480430">
    <ele>445.0</ele>
   </trkpt>
   <trkpt lat="36.5942070" lon="-4.6482070">
    <ele>444.6</ele>
   </trkpt>
   <trkpt lat="36.5942220" lon="-4.6483710">
    <ele>443.8</ele>
   </trkpt>
   <trkpt lat="36.5942380" lon="-4.6485520">
    <ele>443.0</ele>
   </trkpt>
   <trkpt lat="36.5942450" lon="-4.6487230">
    <ele>442.2</ele>
   </trkpt>
   <trkpt lat="36.5942420" lon="-4.6489000">
    <ele>441.0</ele>
   </trkpt>
   <trkpt lat="36.5942280" lon="-4.6490770">
    <ele>439.6</ele>
   </trkpt>
   <trkpt lat="36.5942130" lon="-4.6492540">
    <ele>438.8</ele>
   </trkpt>
   <trkpt lat="36.5942150" lon="-4.6494340">
    <ele>438.4</ele>
   </trkpt>
   <trkpt lat="36.5942270" lon="-4.6496210">
    <ele>438.0</ele>
   </trkpt>
   <trkpt lat="36.5942410" lon="-4.6497760">
    <ele>437.6</ele>
   </trkpt>
   <trkpt lat="36.5942490" lon="-4.6499400">
    <ele>437.4</ele>
   </trkpt>
   <trkpt lat="36.5942530" lon="-4.6501150">
    <ele>437.0</ele>
   </trkpt>
   <trkpt lat="36.5942500" lon="-4.6502780">
    <ele>436.6</ele>
   </trkpt>
   <trkpt lat="36.5942500" lon="-4.6504410">
    <ele>435.8</ele>
   </trkpt>
   <trkpt lat="36.5942600" lon="-4.6506100">
    <ele>435.4</ele>
   </trkpt>
   <trkpt lat="36.5942960" lon="-4.6507740">
    <ele>434.8</ele>
   </trkpt>
   <trkpt lat="36.5943530" lon="-4.6509340">
    <ele>434.2</ele>
   </trkpt>
   <trkpt lat="36.5944270" lon="-4.6510720">
    <ele>433.6</ele>
   </trkpt>
   <trkpt lat="36.5945030" lon="-4.6512110">
    <ele>433.2</ele>
   </trkpt>
   <trkpt lat="36.5945550" lon="-4.6513600">
    <ele>432.6</ele>
   </trkpt>
   <trkpt lat="36.5945720" lon="-4.6515090">
    <ele>432.4</ele>
   </trkpt>
   <trkpt lat="36.5945640" lon="-4.6516640">
    <ele>432.2</ele>
   </trkpt>
   <trkpt lat="36.5945380" lon="-4.6518240">
    <ele>432.0</ele>
   </trkpt>
   <trkpt lat="36.5945110" lon="-4.6519760">
    <ele>432.4</ele>
   </trkpt>
   <trkpt lat="36.5944850" lon="-4.6521240">
    <ele>432.6</ele>
   </trkpt>
   <trkpt lat="36.5944620" lon="-4.6522780">
    <ele>432.6</ele>
   </trkpt>
   <trkpt lat="36.5944340" lon="-4.6524340">
    <ele>432.2</ele>
   </trkpt>
   <trkpt lat="36.5944020" lon="-4.6525730">
    <ele>431.6</ele>
   </trkpt>
   <trkpt lat="36.5943670" lon="-4.6527230">
    <ele>431.2</ele>
   </trkpt>
   <trkpt lat="36.5943470" lon="-4.6528650">
    <ele>430.8</ele>
   </trkpt>
   <trkpt lat="36.5943380" lon="-4.6530010">
    <ele>430.6</ele>
   </trkpt>
   <trkpt lat="36.5943410" lon="-4.6531440">
    <ele>430.6</ele>
   </trkpt>
   <trkpt lat="36.5943520" lon="-4.6532850">
    <ele>430.8</ele>
   </trkpt>
   <trkpt lat="36.5943670" lon="-4.6534110">
    <ele>430.6</ele>
   </trkpt>
   <trkpt lat="36.5943820" lon="-4.6535480">
    <ele>430.6</ele>
   </trkpt>
   <trkpt lat="36.5943970" lon="-4.6536820">
    <ele>430.4</ele>
   </trkpt>
   <trkpt lat="36.5944160" lon="-4.6538150">
    <ele>430.2</ele>
   </trkpt>
   <trkpt lat="36.5944320" lon="-4.6539510">
    <ele>429.8</ele>
   </trkpt>
   <trkpt lat="36.5944440" lon="-4.6540880">
    <ele>429.4</ele>
   </trkpt>
   <trkpt lat="36.5944580" lon="-4.6542180">
    <ele>429.2</ele>
   </trkpt>
   <trkpt lat="36.5944770" lon="-4.6543550">
    <ele>428.6</ele>
   </trkpt>
   <trkpt lat="36.5945060" lon="-4.6544850">
    <ele>428.2</ele>
   </trkpt>
   <trkpt lat="36.5945440" lon="-4.6546140">
    <ele>427.8</ele>
   </trkpt>
   <trkpt lat="36.5945790" lon="-4.6547470">
    <ele>427.2</ele>
   </trkpt>
   <trkpt lat="36.5946130" lon="-4.6548780">
    <ele>426.8</ele>
   </trkpt>
   <trkpt lat="36.5946470" lon="-4.6550070">
    <ele>426.4</ele>
   </trkpt>
   <trkpt lat="36.5946820" lon="-4.6551360">
    <ele>426.4</ele>
   </trkpt>
   <trkpt lat="36.5947160" lon="-4.6552570">
    <ele>426.2</ele>
   </trkpt>
   <trkpt lat="36.5947500" lon="-4.6553710">
    <ele>426.4</ele>
   </trkpt>
   <trkpt lat="36.5947940" lon="-4.6554770">
    <ele>426.4</ele>
   </trkpt>
   <trkpt lat="36.5948490" lon="-4.6555780">
    <ele>426.6</ele>
   </trkpt>
   <trkpt lat="36.5949060" lon="-4.6556580">
    <ele>426.8</ele>
   </trkpt>
   <trkpt lat="36.5949730" lon="-4.6557370">
    <ele>427.0</ele>
   </trkpt>
   <trkpt lat="36.5950430" lon="-4.6558020">
    <ele>427.0</ele>
   </trkpt>
   <trkpt lat="36.5951150" lon="-4.6558600">
    <ele>426.8</ele>
   </trkpt>
   <trkpt lat="36.5951870" lon="-4.6559150">
    <ele>426.8</ele>
   </trkpt>
   <trkpt lat="36.5952630" lon="-4.6559770">
    <ele>427.2</ele>
   </trkpt>
   <trkpt lat="36.5953250" lon="-4.6560450">
    <ele>428.0</ele>
   </trkpt>
   <trkpt lat="36.5953910" lon="-4.6561230">
    <ele>428.8</ele>
   </trkpt>
   <trkpt lat="36.5954530" lon="-4.6562070">
    <ele>429.2</ele>
   </trkpt>
   <trkpt lat="36.5955110" lon="-4.6563000">
    <ele>429.8</ele>
   </trkpt>
   <trkpt lat="36.5955610" lon="-4.6564010">
    <ele>430.4</ele>
   </trkpt>
   <trkpt lat="36.5956020" lon="-4.6565150">
    <ele>430.6</ele>
   </trkpt>
   <trkpt lat="36.5956270" lon="-4.6566210">
    <ele>430.4</ele>
   </trkpt>
   <trkpt lat="36.5956520" lon="-4.6567290">
    <ele>430.0</ele>
   </trkpt>
   <trkpt lat="36.5956780" lon="-4.6568540">
    <ele>429.4</ele>
   </trkpt>
   <trkpt lat="36.5956990" lon="-4.6569530">
    <ele>429.4</ele>
   </trkpt>
   <trkpt lat="36.5957170" lon="-4.6570730">
    <ele>429.6</ele>
   </trkpt>
   <trkpt lat="36.5957320" lon="-4.6571790">
    <ele>429.6</ele>
   </trkpt>
   <trkpt lat="36.5957540" lon="-4.6572780">
    <ele>429.6</ele>
   </trkpt>
   <trkpt lat="36.5957850" lon="-4.6573780">
    <ele>429.6</ele>
   </trkpt>
   <trkpt lat="36.5958240" lon="-4.6574610">
    <ele>429.6</ele>
   </trkpt>
   <trkpt lat="36.5958770" lon="-4.6575420">
    <ele>429.4</ele>
   </trkpt>
   <trkpt lat="36.5959360" lon="-4.6576080">
    <ele>429.4</ele>
   </trkpt>
   <trkpt lat="36.5960110" lon="-4.6576670">
    <ele>429.6</ele>
   </trkpt>
   <trkpt lat="36.5960850" lon="-4.6577220">
    <ele>429.8</ele>
   </trkpt>
   <trkpt lat="36.5961560" lon="-4.6577980">
    <ele>430.0</ele>
   </trkpt>
   <trkpt lat="36.5962030" lon="-4.6578940">
    <ele>430.0</ele>
   </trkpt>
   <trkpt lat="36.5962310" lon="-4.6580090">
    <ele>429.8</ele>
   </trkpt>
   <trkpt lat="36.5962540" lon="-4.6581200">
    <ele>429.8</ele>
   </trkpt>
   <trkpt lat="36.5962880" lon="-4.6582310">
    <ele>429.6</ele>
   </trkpt>
   <trkpt lat="36.5963350" lon="-4.6583250">
    <ele>429.6</ele>
   </trkpt>
   <trkpt lat="36.5963900" lon="-4.6584110">
    <ele>430.0</ele>
   </trkpt>
   <trkpt lat="36.5964470" lon="-4.6584790">
    <ele>430.2</ele>
   </trkpt>
   <trkpt lat="36.5965010" lon="-4.6585500">
    <ele>430.6</ele>
   </trkpt>
   <trkpt lat="36.5965450" lon="-4.6586310">
    <ele>431.2</ele>
   </trkpt>
   <trkpt lat="36.5965740" lon="-4.6587180">
    <ele>432.2</ele>
   </trkpt>
   <trkpt lat="36.5965910" lon="-4.6588080">
    <ele>433.0</ele>
   </trkpt>
   <trkpt lat="36.5965920" lon="-4.6588900">
    <ele>433.8</ele>
   </trkpt>
   <trkpt lat="36.5965880" lon="-4.6589710">
    <ele>434.4</ele>
   </trkpt>
   <trkpt lat="36.5965810" lon="-4.6590440">
    <ele>435.0</ele>
   </trkpt>
   <trkpt lat="36.5965730" lon="-4.6591150">
    <ele>435.2</ele>
   </trkpt>
   <trkpt lat="36.5965660" lon="-4.6591820">
    <ele>435.4</ele>
   </trkpt>
   <trkpt lat="36.5965650" lon="-4.6592430">
    <ele>435.8</ele>
   </trkpt>
   <trkpt lat="36.5965650" lon="-4.6593030">
    <ele>436.2</ele>
   </trkpt>
   <trkpt lat="36.5965650" lon="-4.6593610">
    <ele>436.8</ele>
   </trkpt>
   <trkpt lat="36.5965690" lon="-4.6594140">
    <ele>437.4</ele>
   </trkpt>
   <trkpt lat="36.5965800" lon="-4.6594670">
    <ele>438.0</ele>
   </trkpt>
   <trkpt lat="36.5965910" lon="-4.6595170">
    <ele>438.4</ele>
   </trkpt>
   <trkpt lat="36.5966060" lon="-4.6595640">
    <ele>439.0</ele>
   </trkpt>
   <trkpt lat="36.5966210" lon="-4.6596070">
    <ele>439.8</ele>
   </trkpt>
   <trkpt lat="36.5966300" lon="-4.6596530">
    <ele>440.4</ele>
   </trkpt>
   <trkpt lat="36.5966430" lon="-4.6596940">
    <ele>441.0</ele>
   </trkpt>
   <trkpt lat="36.5966560" lon="-4.6597420">
    <ele>441.6</ele>
   </trkpt>
   <trkpt lat="36.5966670" lon="-4.6597840">
    <ele>442.2</ele>
   </trkpt>
   <trkpt lat="36.5966820" lon="-4.6598270">
    <ele>442.6</ele>
   </trkpt>
   <trkpt lat="36.5966940" lon="-4.6598710">
    <ele>443.2</ele>
   </trkpt>
   <trkpt lat="36.5967090" lon="-4.6599140">
    <ele>443.8</ele>
   </trkpt>
   <trkpt lat="36.5967240" lon="-4.6599540">
    <ele>444.4</ele>
   </trkpt>
   <trkpt lat="36.5967320" lon="-4.6599970">
    <ele>444.8</ele>
   </trkpt>
   <trkpt lat="36.5967470" lon="-4.6600400">
    <ele>445.2</ele>
   </trkpt>
   <trkpt lat="36.5967620" lon="-4.6600820">
    <ele>445.4</ele>
   </trkpt>
   <trkpt lat="36.5967780" lon="-4.6601250">
    <ele>445.4</ele>
   </trkpt>
   <trkpt lat="36.5967890" lon="-4.6601680">
    <ele>445.6</ele>
   </trkpt>
   <trkpt lat="36.5968040" lon="-4.6602100">
    <ele>445.6</ele>
   </trkpt>
   <trkpt lat="36.5968160" lon="-4.6602570">
    <ele>445.6</ele>
   </trkpt>
   <trkpt lat="36.5968280" lon="-4.6603020">
    <ele>445.8</ele>
   </trkpt>
   <trkpt lat="36.5968390" lon="-4.6603450">
    <ele>446.0</ele>
   </trkpt>
   <trkpt lat="36.5968540" lon="-4.6603920">
    <ele>446.0</ele>
   </trkpt>
   <trkpt lat="36.5968660" lon="-4.6604390">
    <ele>446.2</ele>
   </trkpt>
   <trkpt lat="36.5968800" lon="-4.6604810">
    <ele>446.4</ele>
   </trkpt>
   <trkpt lat="36.5968920" lon="-4.6605260">
    <ele>446.8</ele>
   </trkpt>
   <trkpt lat="36.5969030" lon="-4.6605690">
    <ele>447.4</ele>
   </trkpt>
   <trkpt lat="36.5969120" lon="-4.6606170">
    <ele>447.8</ele>
   </trkpt>
   <trkpt lat="36.5969190" lon="-4.6606620">
    <ele>448.4</ele>
   </trkpt>
   <trkpt lat="36.5969310" lon="-4.6607090">
    <ele>448.8</ele>
   </trkpt>
   <trkpt lat="36.5969380" lon="-4.6607530">
    <ele>449.2</ele>
   </trkpt>
   <trkpt lat="36.5969500" lon="-4.6607970">
    <ele>449.6</ele>
   </trkpt>
   <trkpt lat="36.5969570" lon="-4.6608400">
    <ele>450.0</ele>
   </trkpt>
   <trkpt lat="36.5969680" lon="-4.6608850">
    <ele>450.4</ele>
   </trkpt>
   <trkpt lat="36.5969800" lon="-4.6609330">
    <ele>450.6</ele>
   </trkpt>
   <trkpt lat="36.5969920" lon="-4.6609780">
    <ele>451.0</ele>
   </trkpt>
   <trkpt lat="36.5969990" lon="-4.6610240">
    <ele>451.4</ele>
   </trkpt>
   <trkpt lat="36.5970100" lon="-4.6610710">
    <ele>451.6</ele>
   </trkpt>
   <trkpt lat="36.5970190" lon="-4.6611160">
    <ele>451.8</ele>
   </trkpt>
   <trkpt lat="36.5970300" lon="-4.6611630">
    <ele>452.0</ele>
   </trkpt>
   <trkpt lat="36.5970410" lon="-4.6612080">
    <ele>452.4</ele>
   </trkpt>
   <trkpt lat="36.5970560" lon="-4.6612530">
    <ele>452.6</ele>
   </trkpt>
   <trkpt lat="36.5970640" lon="-4.6612970">
    <ele>452.4</ele>
   </trkpt>
   <trkpt lat="36.5970790" lon="-4.6613430">
    <ele>452.4</ele>
   </trkpt>
   <trkpt lat="36.5970910" lon="-4.6613870">
    <ele>452.4</ele>
   </trkpt>
   <trkpt lat="36.5971980" lon="-4.6616800">
    <ele>454.2</ele>
   </trkpt>
   <trkpt lat="36.5972100" lon="-4.6617000">
    <ele>454.0</ele>
   </trkpt>
   <trkpt lat="36.5972350" lon="-4.6617410">
    <ele>454.0</ele>
   </trkpt>
   <trkpt lat="36.5972680" lon="-4.6617840">
    <ele>453.6</ele>
   </trkpt>
   <trkpt lat="36.5973080" lon="-4.6618310">
    <ele>453.0</ele>
   </trkpt>
   <trkpt lat="36.5973550" lon="-4.6618840">
    <ele>452.2</ele>
   </trkpt>
   <trkpt lat="36.5974100" lon="-4.6619380">
    <ele>451.6</ele>
   </trkpt>
   <trkpt lat="36.5974710" lon="-4.6619880">
    <ele>450.8</ele>
   </trkpt>
   <trkpt lat="36.5975470" lon="-4.6620300">
    <ele>449.8</ele>
   </trkpt>
   <trkpt lat="36.5976290" lon="-4.6620590">
    <ele>448.6</ele>
   </trkpt>
   <trkpt lat="36.5977190" lon="-4.6620880">
    <ele>447.4</ele>
   </trkpt>
   <trkpt lat="36.5978030" lon="-4.6621160">
    <ele>446.0</ele>
   </trkpt>
   <trkpt lat="36.5978870" lon="-4.6621540">
    <ele>444.8</ele>
   </trkpt>
   <trkpt lat="36.5979590" lon="-4.6622270">
    <ele>443.8</ele>
   </trkpt>
   <trkpt lat="36.5980040" lon="-4.6623360">
    <ele>442.8</ele>
   </trkpt>
   <trkpt lat="36.5980270" lon="-4.6624590">
    <ele>441.8</ele>
   </trkpt>
   <trkpt lat="36.5980480" lon="-4.6626060">
    <ele>440.4</ele>
   </trkpt>
   <trkpt lat="36.5980800" lon="-4.6627500">
    <ele>439.0</ele>
   </trkpt>
   <trkpt lat="36.5981220" lon="-4.6629050">
    <ele>437.8</ele>
   </trkpt>
   <trkpt lat="36.5981620" lon="-4.6630610">
    <ele>436.4</ele>
   </trkpt>
   <trkpt lat="36.5982020" lon="-4.6632320">
    <ele>435.2</ele>
   </trkpt>
   <trkpt lat="36.5982330" lon="-4.6634050">
    <ele>433.6</ele>
   </trkpt>
   <trkpt lat="36.5982530" lon="-4.6635880">
    <ele>432.2</ele>
   </trkpt>
   <trkpt lat="36.5982660" lon="-4.6637800">
    <ele>430.8</ele>
   </trkpt>
   <trkpt lat="36.5982840" lon="-4.6639680">
    <ele>429.0</ele>
   </trkpt>
   <trkpt lat="36.5983060" lon="-4.6641680">
    <ele>427.2</ele>
   </trkpt>
   <trkpt lat="36.5983290" lon="-4.6643730">
    <ele>425.4</ele>
   </trkpt>
   <trkpt lat="36.5983460" lon="-4.6645850">
    <ele>423.4</ele>
   </trkpt>
   <trkpt lat="36.5983640" lon="-4.6647900">
    <ele>421.4</ele>
   </trkpt>
   <trkpt lat="36.5983790" lon="-4.6649960">
    <ele>419.6</ele>
   </trkpt>
   <trkpt lat="36.5983950" lon="-4.6652120">
    <ele>418.2</ele>
   </trkpt>
   <trkpt lat="36.5984100" lon="-4.6654290">
    <ele>416.6</ele>
   </trkpt>
   <trkpt lat="36.5984260" lon="-4.6656440">
    <ele>414.6</ele>
   </trkpt>
   <trkpt lat="36.5984380" lon="-4.6658560">
    <ele>412.4</ele>
   </trkpt>
   <trkpt lat="36.5984520" lon="-4.6660500">
    <ele>410.2</ele>
   </trkpt>
   <trkpt lat="36.5984740" lon="-4.6662640">
    <ele>408.0</ele>
   </trkpt>
   <trkpt lat="36.5985120" lon="-4.6664730">
    <ele>405.8</ele>
   </trkpt>
   <trkpt lat="36.5985670" lon="-4.6666610">
    <ele>403.8</ele>
   </trkpt>
   <trkpt lat="36.5986450" lon="-4.6668440">
    <ele>401.6</ele>
   </trkpt>
   <trkpt lat="36.5987480" lon="-4.6670250">
    <ele>399.4</ele>
   </trkpt>
   <trkpt lat="36.5988450" lon="-4.6671780">
    <ele>397.4</ele>
   </trkpt>
   <trkpt lat="36.5989430" lon="-4.6673300">
    <ele>395.8</ele>
   </trkpt>
   <trkpt lat="36.5990220" lon="-4.6674940">
    <ele>394.6</ele>
   </trkpt>
   <trkpt lat="36.5990720" lon="-4.6676760">
    <ele>393.6</ele>
   </trkpt>
   <trkpt lat="36.5990940" lon="-4.6678620">
    <ele>393.2</ele>
   </trkpt>
   <trkpt lat="36.5990940" lon="-4.6680150">
    <ele>393.2</ele>
   </trkpt>
   <trkpt lat="36.5991010" lon="-4.6681760">
    <ele>393.8</ele>
   </trkpt>
   <trkpt lat="36.5991210" lon="-4.6683310">
    <ele>394.4</ele>
   </trkpt>
   <trkpt lat="36.5991450" lon="-4.6684490">
    <ele>395.6</ele>
   </trkpt>
   <trkpt lat="36.5991760" lon="-4.6685740">
    <ele>396.8</ele>
   </trkpt>
   <trkpt lat="36.5992130" lon="-4.6686900">
    <ele>398.2</ele>
   </trkpt>
   <trkpt lat="36.5992390" lon="-4.6687730">
    <ele>399.4</ele>
   </trkpt>
   <trkpt lat="36.5992690" lon="-4.6688580">
    <ele>400.4</ele>
   </trkpt>
   <trkpt lat="36.5993010" lon="-4.6689380">
    <ele>401.4</ele>
   </trkpt>
   <trkpt lat="36.5993280" lon="-4.6690070">
    <ele>402.4</ele>
   </trkpt>
   <trkpt lat="36.5993520" lon="-4.6690730">
    <ele>403.4</ele>
   </trkpt>
   <trkpt lat="36.5993700" lon="-4.6691310">
    <ele>404.4</ele>
   </trkpt>
   <trkpt lat="36.5993930" lon="-4.6691870">
    <ele>404.8</ele>
   </trkpt>
   <trkpt lat="36.5994130" lon="-4.6692370">
    <ele>405.2</ele>
   </trkpt>
   <trkpt lat="36.5994300" lon="-4.6692900">
    <ele>406.2</ele>
   </trkpt>
   <trkpt lat="36.5994410" lon="-4.6693310">
    <ele>406.8</ele>
   </trkpt>
   <trkpt lat="36.5994560" lon="-4.6693750">
    <ele>407.2</ele>
   </trkpt>
   <trkpt lat="36.5994760" lon="-4.6694170">
    <ele>407.4</ele>
   </trkpt>
   <trkpt lat="36.5994900" lon="-4.6694480">
    <ele>407.6</ele>
   </trkpt>
   <trkpt lat="36.5995090" lon="-4.6694850">
    <ele>408.2</ele>
   </trkpt>
   <trkpt lat="36.5995170" lon="-4.6695200">
    <ele>408.4</ele>
   </trkpt>
   <trkpt lat="36.5995280" lon="-4.6695530">
    <ele>408.6</ele>
   </trkpt>
   <trkpt lat="36.5995430" lon="-4.6695830">
    <ele>409.0</ele>
   </trkpt>
   <trkpt lat="36.5995580" lon="-4.6696140">
    <ele>409.4</ele>
   </trkpt>
   <trkpt lat="36.5995740" lon="-4.6696430">
    <ele>409.4</ele>
   </trkpt>
   <trkpt lat="36.5995820" lon="-4.6696730">
    <ele>409.6</ele>
   </trkpt>
   <trkpt lat="36.5995930" lon="-4.6697010">
    <ele>409.6</ele>
   </trkpt>
   <trkpt lat="36.5996040" lon="-4.6697320">
    <ele>410.0</ele>
   </trkpt>
   <trkpt lat="36.5996160" lon="-4.6697640">
    <ele>410.4</ele>
   </trkpt>
   <trkpt lat="36.5996280" lon="-4.6697960">
    <ele>411.0</ele>
   </trkpt>
   <trkpt lat="36.5996350" lon="-4.6698260">
    <ele>411.6</ele>
   </trkpt>
   <trkpt lat="36.5996470" lon="-4.6698600">
    <ele>412.0</ele>
   </trkpt>
   <trkpt lat="36.5996580" lon="-4.6698930">
    <ele>412.6</ele>
   </trkpt>
   <trkpt lat="36.5996690" lon="-4.6699230">
    <ele>413.2</ele>
   </trkpt>
   <trkpt lat="36.5996800" lon="-4.6699550">
    <ele>413.8</ele>
   </trkpt>
   <trkpt lat="36.5996960" lon="-4.6699910">
    <ele>414.2</ele>
   </trkpt>
   <trkpt lat="36.5997110" lon="-4.6700250">
    <ele>414.6</ele>
   </trkpt>
   <trkpt lat="36.5997220" lon="-4.6700610">
    <ele>415.0</ele>
   </trkpt>
   <trkpt lat="36.5997370" lon="-4.6700960">
    <ele>415.2</ele>
   </trkpt>
   <trkpt lat="36.5997520" lon="-4.6701300">
    <ele>415.6</ele>
   </trkpt>
   <trkpt lat="36.5997650" lon="-4.6701660">
    <ele>416.0</ele>
   </trkpt>
   <trkpt lat="36.5997790" lon="-4.6702000">
    <ele>416.4</ele>
   </trkpt>
   <trkpt lat="36.5997970" lon="-4.6702320">
    <ele>416.8</ele>
   </trkpt>
   <trkpt lat="36.5998120" lon="-4.6702700">
    <ele>417.2</ele>
   </trkpt>
   <trkpt lat="36.5998260" lon="-4.6703090">
    <ele>417.6</ele>
   </trkpt>
   <trkpt lat="36.5998410" lon="-4.6703450">
    <ele>417.8</ele>
   </trkpt>
   <trkpt lat="36.5998600" lon="-4.6703790">
    <ele>418.0</ele>
   </trkpt>
   <trkpt lat="36.5998750" lon="-4.6704160">
    <ele>418.2</ele>
   </trkpt>
   <trkpt lat="36.5998900" lon="-4.6704490">
    <ele>418.4</ele>
   </trkpt>
   <trkpt lat="36.5999090" lon="-4.6704830">
    <ele>418.8</ele>
   </trkpt>
   <trkpt lat="36.5999280" lon="-4.6705140">
    <ele>419.0</ele>
   </trkpt>
   <trkpt lat="36.5999500" lon="-4.6705450">
    <ele>419.2</ele>
   </trkpt>
   <trkpt lat="36.5999730" lon="-4.6705790">
    <ele>419.4</ele>
   </trkpt>
   <trkpt lat="36.5999970" lon="-4.6706130">
    <ele>419.6</ele>
   </trkpt>
   <trkpt lat="36.6000220" lon="-4.6706450">
    <ele>420.0</ele>
   </trkpt>
   <trkpt lat="36.6000500" lon="-4.6706770">
    <ele>420.4</ele>
   </trkpt>
   <trkpt lat="36.6000800" lon="-4.6707110">
    <ele>421.0</ele>
   </trkpt>
   <trkpt lat="36.6001090" lon="-4.6707430">
    <ele>421.4</ele>
   </trkpt>
   <trkpt lat="36.6001410" lon="-4.6707780">
    <ele>422.0</ele>
   </trkpt>
   <trkpt lat="36.6001750" lon="-4.6708140">
    <ele>422.4</ele>
   </trkpt>
   <trkpt lat="36.6002040" lon="-4.6708480">
    <ele>423.0</ele>
   </trkpt>
   <trkpt lat="36.6002360" lon="-4.6708890">
    <ele>423.2</ele>
   </trkpt>
   <trkpt lat="36.6002670" lon="-4.6709300">
    <ele>423.6</ele>
   </trkpt>
   <trkpt lat="36.6002970" lon="-4.6709690">
    <ele>423.8</ele>
   </trkpt>
   <trkpt lat="36.6003240" lon="-4.6710120">
    <ele>423.8</ele>
   </trkpt>
   <trkpt lat="36.6003510" lon="-4.6710600">
    <ele>423.8</ele>
   </trkpt>
   <trkpt lat="36.6003740" lon="-4.6711060">
    <ele>423.8</ele>
   </trkpt>
   <trkpt lat="36.6003930" lon="-4.6711570">
    <ele>424.0</ele>
   </trkpt>
   <trkpt lat="36.6004090" lon="-4.6712120">
    <ele>424.2</ele>
   </trkpt>
   <trkpt lat="36.6004280" lon="-4.6712670">
    <ele>424.6</ele>
   </trkpt>
   <trkpt lat="36.6004430" lon="-4.6713250">
    <ele>424.8</ele>
   </trkpt>
   <trkpt lat="36.6004590" lon="-4.6713860">
    <ele>425.0</ele>
   </trkpt>
   <trkpt lat="36.6004740" lon="-4.6714440">
    <ele>425.0</ele>
   </trkpt>
   <trkpt lat="36.6004890" lon="-4.6715050">
    <ele>425.0</ele>
   </trkpt>
   <trkpt lat="36.6005080" lon="-4.6715620">
    <ele>425.0</ele>
   </trkpt>
   <trkpt lat="36.6005230" lon="-4.6716180">
    <ele>425.2</ele>
   </trkpt>
   <trkpt lat="36.6005380" lon="-4.6716770">
    <ele>425.6</ele>
   </trkpt>
   <trkpt lat="36.6005540" lon="-4.6717360">
    <ele>426.2</ele>
   </trkpt>
   <trkpt lat="36.6005720" lon="-4.6717940">
    <ele>426.8</ele>
   </trkpt>
   <trkpt lat="36.6005910" lon="-4.6718550">
    <ele>427.4</ele>
   </trkpt>
   <trkpt lat="36.6006100" lon="-4.6719180">
    <ele>427.6</ele>
   </trkpt>
   <trkpt lat="36.6006340" lon="-4.6719810">
    <ele>428.0</ele>
   </trkpt>
   <trkpt lat="36.6006600" lon="-4.6720400">
    <ele>428.2</ele>
   </trkpt>
   <trkpt lat="36.6006870" lon="-4.6721000">
    <ele>428.4</ele>
   </trkpt>
   <trkpt lat="36.6007190" lon="-4.6721530">
    <ele>428.6</ele>
   </trkpt>
   <trkpt lat="36.6007510" lon="-4.6722110">
    <ele>428.8</ele>
   </trkpt>
   <trkpt lat="36.6007860" lon="-4.6722690">
    <ele>429.0</ele>
   </trkpt>
   <trkpt lat="36.6008220" lon="-4.6723230">
    <ele>429.4</ele>
   </trkpt>
   <trkpt lat="36.6008570" lon="-4.6723800">
    <ele>429.8</ele>
   </trkpt>
   <trkpt lat="36.6008960" lon="-4.6724390">
    <ele>429.8</ele>
   </trkpt>
   <trkpt lat="36.6009260" lon="-4.6724970">
    <ele>430.2</ele>
   </trkpt>
   <trkpt lat="36.6009580" lon="-4.6725590">
    <ele>430.6</ele>
   </trkpt>
   <trkpt lat="36.6009880" lon="-4.6726130">
    <ele>431.0</ele>
   </trkpt>
   <trkpt lat="36.6010170" lon="-4.6726660">
    <ele>431.6</ele>
   </trkpt>
   <trkpt lat="36.6010490" lon="-4.6727170">
    <ele>432.0</ele>
   </trkpt>
   <trkpt lat="36.6010790" lon="-4.6727640">
    <ele>432.4</ele>
   </trkpt>
   <trkpt lat="36.6011050" lon="-4.6728090">
    <ele>433.0</ele>
   </trkpt>
   <trkpt lat="36.6011330" lon="-4.6728560">
    <ele>433.8</ele>
   </trkpt>
   <trkpt lat="36.6011600" lon="-4.6728990">
    <ele>434.2</ele>
   </trkpt>
   <trkpt lat="36.6011850" lon="-4.6729360">
    <ele>434.8</ele>
   </trkpt>
   <trkpt lat="36.6012130" lon="-4.6729760">
    <ele>435.2</ele>
   </trkpt>
   <trkpt lat="36.6012390" lon="-4.6730110">
    <ele>435.8</ele>
   </trkpt>
   <trkpt lat="36.6012660" lon="-4.6730460">
    <ele>436.4</ele>
   </trkpt>
   <trkpt lat="36.6012930" lon="-4.6730780">
    <ele>437.0</ele>
   </trkpt>
   <trkpt lat="36.6013240" lon="-4.6731110">
    <ele>437.8</ele>
   </trkpt>
   <trkpt lat="36.6013540" lon="-4.6731410">
    <ele>438.4</ele>
   </trkpt>
   <trkpt lat="36.6013830" lon="-4.6731650">
    <ele>439.2</ele>
   </trkpt>
   <trkpt lat="36.6014180" lon="-4.6731910">
    <ele>439.6</ele>
   </trkpt>
   <trkpt lat="36.6014520" lon="-4.6732160">
    <ele>439.8</ele>
   </trkpt>
   <trkpt lat="36.6014910" lon="-4.6732400">
    <ele>439.8</ele>
   </trkpt>
   <trkpt lat="36.6015290" lon="-4.6732590">
    <ele>439.6</ele>
   </trkpt>
   <trkpt lat="36.6015660" lon="-4.6732720">
    <ele>439.4</ele>
   </trkpt>
   <trkpt lat="36.6016050" lon="-4.6732840">
    <ele>439.2</ele>
   </trkpt>
   <trkpt lat="36.6016470" lon="-4.6732920">
    <ele>438.8</ele>
   </trkpt>
   <trkpt lat="36.6016830" lon="-4.6732960">
    <ele>438.6</ele>
   </trkpt>
   <trkpt lat="36.6017230" lon="-4.6732920">
    <ele>438.2</ele>
   </trkpt>
   <trkpt lat="36.6017660" lon="-4.6732870">
    <ele>438.2</ele>
   </trkpt>
   <trkpt lat="36.6018070" lon="-4.6732790">
    <ele>438.4</ele>
   </trkpt>
   <trkpt lat="36.6018520" lon="-4.6732720">
    <ele>439.0</ele>
   </trkpt>
   <trkpt lat="36.6019020" lon="-4.6732750">
    <ele>439.4</ele>
   </trkpt>
   <trkpt lat="36.6019510" lon="-4.6732870">
    <ele>440.0</ele>
   </trkpt>
   <trkpt lat="36.6020010" lon="-4.6733110">
    <ele>440.4</ele>
   </trkpt>
   <trkpt lat="36.6020450" lon="-4.6733390">
    <ele>441.2</ele>
   </trkpt>
   <trkpt lat="36.6020870" lon="-4.6733780">
    <ele>441.8</ele>
   </trkpt>
   <trkpt lat="36.6021300" lon="-4.6734270">
    <ele>442.6</ele>
   </trkpt>
   <trkpt lat="36.6021620" lon="-4.6734690">
    <ele>443.2</ele>
   </trkpt>
   <trkpt lat="36.6021880" lon="-4.6735140">
    <ele>443.8</ele>
   </trkpt>
   <trkpt lat="36.6022100" lon="-4.6735680">
    <ele>444.4</ele>
   </trkpt>
   <trkpt lat="36.6022320" lon="-4.6736250">
    <ele>444.6</ele>
   </trkpt>
   <trkpt lat="36.6022510" lon="-4.6736830">
    <ele>444.8</ele>
   </trkpt>
   <trkpt lat="36.6022700" lon="-4.6737450">
    <ele>445.0</ele>
   </trkpt>
   <trkpt lat="36.6022860" lon="-4.6738090">
    <ele>445.0</ele>
   </trkpt>
   <trkpt lat="36.6023000" lon="-4.6738700">
    <ele>445.2</ele>
   </trkpt>
   <trkpt lat="36.6023160" lon="-4.6739370">
    <ele>445.4</ele>
   </trkpt>
   <trkpt lat="36.6023310" lon="-4.6740050">
    <ele>445.8</ele>
   </trkpt>
   <trkpt lat="36.6023560" lon="-4.6740680">
    <ele>445.8</ele>
   </trkpt>
   <trkpt lat="36.6023860" lon="-4.6741280">
    <ele>446.0</ele>
   </trkpt>
   <trkpt lat="36.6024240" lon="-4.6741870">
    <ele>446.0</ele>
   </trkpt>
   <trkpt lat="36.6024640" lon="-4.6742360">
    <ele>446.2</ele>
   </trkpt>
   <trkpt lat="36.6025140" lon="-4.6742800">
    <ele>446.6</ele>
   </trkpt>
   <trkpt lat="36.6025750" lon="-4.6743170">
    <ele>447.0</ele>
   </trkpt>
   <trkpt lat="36.6026240" lon="-4.6743490">
    <ele>447.4</ele>
   </trkpt>
   <trkpt lat="36.6026800" lon="-4.6743870">
    <ele>447.8</ele>
   </trkpt>
   <trkpt lat="36.6027380" lon="-4.6744240">
    <ele>448.0</ele>
   </trkpt>
   <trkpt lat="36.6027950" lon="-4.6744610">
    <ele>448.2</ele>
   </trkpt>
   <trkpt lat="36.6028560" lon="-4.6745010">
    <ele>448.4</ele>
   </trkpt>
   <trkpt lat="36.6029120" lon="-4.6745380">
    <ele>448.6</ele>
   </trkpt>
   <trkpt lat="36.6029750" lon="-4.6745760">
    <ele>448.8</ele>
   </trkpt>
   <trkpt lat="36.6030300" lon="-4.6746100">
    <ele>448.8</ele>
   </trkpt>
   <trkpt lat="36.6030910" lon="-4.6746500">
    <ele>449.0</ele>
   </trkpt>
   <trkpt lat="36.6031450" lon="-4.6746980">
    <ele>449.2</ele>
   </trkpt>
   <trkpt lat="36.6031940" lon="-4.6747550">
    <ele>449.6</ele>
   </trkpt>
   <trkpt lat="36.6032410" lon="-4.6748180">
    <ele>449.6</ele>
   </trkpt>
   <trkpt lat="36.6032800" lon="-4.6748800">
    <ele>449.8</ele>
   </trkpt>
   <trkpt lat="36.6033210" lon="-4.6749570">
    <ele>450.0</ele>
   </trkpt>
   <trkpt lat="36.6033540" lon="-4.6750340">
    <ele>450.2</ele>
   </trkpt>
   <trkpt lat="36.6033830" lon="-4.6751050">
    <ele>450.2</ele>
   </trkpt>
   <trkpt lat="36.6034050" lon="-4.6751770">
    <ele>450.4</ele>
   </trkpt>
   <trkpt lat="36.6034270" lon="-4.6752540">
    <ele>451.0</ele>
   </trkpt>
   <trkpt lat="36.6034480" lon="-4.6753310">
    <ele>452.0</ele>
   </trkpt>
   <trkpt lat="36.6034720" lon="-4.6754110">
    <ele>452.8</ele>
   </trkpt>
   <trkpt lat="36.6034960" lon="-4.6754890">
    <ele>453.2</ele>
   </trkpt>
   <trkpt lat="36.6035130" lon="-4.6755560">
    <ele>453.6</ele>
   </trkpt>
   <trkpt lat="36.6035370" lon="-4.6756290">
    <ele>453.6</ele>
   </trkpt>
   <trkpt lat="36.6035610" lon="-4.6757010">
    <ele>453.8</ele>
   </trkpt>
   <trkpt lat="36.6035820" lon="-4.6757630">
    <ele>453.8</ele>
   </trkpt>
   <trkpt lat="36.6036020" lon="-4.6758280">
    <ele>454.0</ele>
   </trkpt>
   <trkpt lat="36.6036260" lon="-4.6758920">
    <ele>454.2</ele>
   </trkpt>
   <trkpt lat="36.6036450" lon="-4.6759420">
    <ele>454.4</ele>
   </trkpt>
   <trkpt lat="36.6036700" lon="-4.6760010">
    <ele>454.6</ele>
   </trkpt>
   <trkpt lat="36.6036950" lon="-4.6760610">
    <ele>455.2</ele>
   </trkpt>
   <trkpt lat="36.6037190" lon="-4.6761090">
    <ele>456.2</ele>
   </trkpt>
   <trkpt lat="36.6037460" lon="-4.6761560">
    <ele>457.2</ele>
   </trkpt>
   <trkpt lat="36.6037770" lon="-4.6762100">
    <ele>458.4</ele>
   </trkpt>
   <trkpt lat="36.6038090" lon="-4.6762650">
    <ele>459.4</ele>
   </trkpt>
   <trkpt lat="36.6038450" lon="-4.6763170">
    <ele>460.2</ele>
   </trkpt>
   <trkpt lat="36.6038850" lon="-4.6763640">
    <ele>460.6</ele>
   </trkpt>
   <trkpt lat="36.6039200" lon="-4.6764060">
    <ele>461.0</ele>
   </trkpt>
   <trkpt lat="36.6039550" lon="-4.6764520">
    <ele>461.4</ele>
   </trkpt>
   <trkpt lat="36.6039960" lon="-4.6765070">
    <ele>461.6</ele>
   </trkpt>
   <trkpt lat="36.6040200" lon="-4.6765660">
    <ele>461.8</ele>
   </trkpt>
   <trkpt lat="36.6040370" lon="-4.6766330">
    <ele>462.2</ele>
   </trkpt>
   <trkpt lat="36.6040350" lon="-4.6767110">
    <ele>462.4</ele>
   </trkpt>
   <trkpt lat="36.6040210" lon="-4.6767750">
    <ele>462.2</ele>
   </trkpt>
   <trkpt lat="36.6039950" lon="-4.6768410">
    <ele>462.0</ele>
   </trkpt>
   <trkpt lat="36.6039630" lon="-4.6769070">
    <ele>461.6</ele>
   </trkpt>
   <trkpt lat="36.6039360" lon="-4.6769620">
    <ele>461.4</ele>
   </trkpt>
   <trkpt lat="36.6038950" lon="-4.6770190">
    <ele>461.4</ele>
   </trkpt>
   <trkpt lat="36.6038490" lon="-4.6770760">
    <ele>461.4</ele>
   </trkpt>
   <trkpt lat="36.6038060" lon="-4.6771250">
    <ele>461.6</ele>
   </trkpt>
   <trkpt lat="36.6037600" lon="-4.6771730">
    <ele>462.0</ele>
   </trkpt>
   <trkpt lat="36.6037090" lon="-4.6772160">
    <ele>462.6</ele>
   </trkpt>
   <trkpt lat="36.6036620" lon="-4.6772530">
    <ele>463.4</ele>
   </trkpt>
   <trkpt lat="36.6036120" lon="-4.6772950">
    <ele>464.0</ele>
   </trkpt>
   <trkpt lat="36.6035690" lon="-4.6773410">
    <ele>464.4</ele>
   </trkpt>
   <trkpt lat="36.6035290" lon="-4.6773930">
    <ele>465.0</ele>
   </trkpt>
   <trkpt lat="36.6034950" lon="-4.6774530">
    <ele>465.6</ele>
   </trkpt>
   <trkpt lat="36.6034620" lon="-4.6775160">
    <ele>465.8</ele>
   </trkpt>
   <trkpt lat="36.6034380" lon="-4.6775740">
    <ele>466.0</ele>
   </trkpt>
   <trkpt lat="36.6034110" lon="-4.6776370">
    <ele>466.4</ele>
   </trkpt>
   <trkpt lat="36.6033780" lon="-4.6777100">
    <ele>466.8</ele>
   </trkpt>
   <trkpt lat="36.6033580" lon="-4.6777730">
    <ele>467.6</ele>
   </trkpt>
   <trkpt lat="36.6033450" lon="-4.6778500">
    <ele>468.2</ele>
   </trkpt>
   <trkpt lat="36.6033370" lon="-4.6779340">
    <ele>468.6</ele>
   </trkpt>
   <trkpt lat="36.6033330" lon="-4.6780210">
    <ele>468.6</ele>
   </trkpt>
   <trkpt lat="36.6033360" lon="-4.6781180">
    <ele>468.0</ele>
   </trkpt>
   <trkpt lat="36.6033290" lon="-4.6782180">
    <ele>467.4</ele>
   </trkpt>
   <trkpt lat="36.6033000" lon="-4.6783150">
    <ele>466.6</ele>
   </trkpt>
   <trkpt lat="36.6032490" lon="-4.6784020">
    <ele>465.8</ele>
   </trkpt>
   <trkpt lat="36.6031820" lon="-4.6784890">
    <ele>464.6</ele>
   </trkpt>
   <trkpt lat="36.6031030" lon="-4.6785690">
    <ele>463.0</ele>
   </trkpt>
   <trkpt lat="36.6030060" lon="-4.6786360">
    <ele>461.6</ele>
   </trkpt>
   <trkpt lat="36.6028990" lon="-4.6786980">
    <ele>460.4</ele>
   </trkpt>
   <trkpt lat="36.6027940" lon="-4.6787620">
    <ele>459.4</ele>
   </trkpt>
   <trkpt lat="36.6026730" lon="-4.6788210">
    <ele>458.2</ele>
   </trkpt>
   <trkpt lat="36.6025700" lon="-4.6788770">
    <ele>456.8</ele>
   </trkpt>
   <trkpt lat="36.6024780" lon="-4.6789370">
    <ele>455.4</ele>
   </trkpt>
   <trkpt lat="36.6024180" lon="-4.6790270">
    <ele>453.8</ele>
   </trkpt>
   <trkpt lat="36.6023890" lon="-4.6791410">
    <ele>452.2</ele>
   </trkpt>
   <trkpt lat="36.6024030" lon="-4.6792540">
    <ele>450.6</ele>
   </trkpt>
   <trkpt lat="36.6024540" lon="-4.6793600">
    <ele>449.2</ele>
   </trkpt>
   <trkpt lat="36.6025280" lon="-4.6794400">
    <ele>447.8</ele>
   </trkpt>
   <trkpt lat="36.6026050" lon="-4.6795160">
    <ele>446.8</ele>
   </trkpt>
   <trkpt lat="36.6026940" lon="-4.6795910">
    <ele>446.0</ele>
   </trkpt>
   <trkpt lat="36.6027810" lon="-4.6796760">
    <ele>445.4</ele>
   </trkpt>
   <trkpt lat="36.6028620" lon="-4.6797680">
    <ele>444.8</ele>
   </trkpt>
   <trkpt lat="36.6029360" lon="-4.6798780">
    <ele>444.2</ele>
   </trkpt>
   <trkpt lat="36.6030120" lon="-4.6799940">
    <ele>443.6</ele>
   </trkpt>
   <trkpt lat="36.6030810" lon="-4.6801150">
    <ele>443.0</ele>
   </trkpt>
   <trkpt lat="36.6031620" lon="-4.6802440">
    <ele>442.6</ele>
   </trkpt>
   <trkpt lat="36.6032420" lon="-4.6803530">
    <ele>442.2</ele>
   </trkpt>
   <trkpt lat="36.6033270" lon="-4.6804640">
    <ele>441.6</ele>
   </trkpt>
   <trkpt lat="36.6033930" lon="-4.6805940">
    <ele>441.0</ele>
   </trkpt>
   <trkpt lat="36.6034290" lon="-4.6807420">
    <ele>440.8</ele>
   </trkpt>
   <trkpt lat="36.6034490" lon="-4.6808900">
    <ele>440.8</ele>
   </trkpt>
   <trkpt lat="36.6034650" lon="-4.6810390">
    <ele>440.8</ele>
   </trkpt>
   <trkpt lat="36.6034940" lon="-4.6811840">
    <ele>440.6</ele>
   </trkpt>
   <trkpt lat="36.6035350" lon="-4.6813160">
    <ele>440.8</ele>
   </trkpt>
   <trkpt lat="36.6035920" lon="-4.6814330">
    <ele>441.0</ele>
   </trkpt>
   <trkpt lat="36.6036620" lon="-4.6815420">
    <ele>441.4</ele>
   </trkpt>
   <trkpt lat="36.6037390" lon="-4.6816380">
    <ele>441.6</ele>
   </trkpt>
   <trkpt lat="36.6038300" lon="-4.6817340">
    <ele>441.8</ele>
   </trkpt>
   <trkpt lat="36.6039130" lon="-4.6818230">
    <ele>442.0</ele>
   </trkpt>
   <trkpt lat="36.6040000" lon="-4.6819130">
    <ele>441.8</ele>
   </trkpt>
   <trkpt lat="36.6040930" lon="-4.6819950">
    <ele>441.8</ele>
   </trkpt>
   <trkpt lat="36.6041920" lon="-4.6820510">
    <ele>441.8</ele>
   </trkpt>
   <trkpt lat="36.6043000" lon="-4.6820700">
    <ele>441.8</ele>
   </trkpt>
   <trkpt lat="36.6044140" lon="-4.6820460">
    <ele>441.4</ele>
   </trkpt>
   <trkpt lat="36.6045190" lon="-4.6819780">
    <ele>440.6</ele>
   </trkpt>
   <trkpt lat="36.6046180" lon="-4.6818920">
    <ele>440.0</ele>
   </trkpt>
   <trkpt lat="36.6047130" lon="-4.6817950">
    <ele>439.6</ele>
   </trkpt>
   <trkpt lat="36.6048100" lon="-4.6817140">
    <ele>439.2</ele>
   </trkpt>
   <trkpt lat="36.6049190" lon="-4.6816820">
    <ele>439.0</ele>
   </trkpt>
   <trkpt lat="36.6050260" lon="-4.6817010">
    <ele>438.6</ele>
   </trkpt>
   <trkpt lat="36.6051290" lon="-4.6817770">
    <ele>438.6</ele>
   </trkpt>
   <trkpt lat="36.6051870" lon="-4.6818900">
    <ele>438.4</ele>
   </trkpt>
   <trkpt lat="36.6052160" lon="-4.6820420">
    <ele>438.0</ele>
   </trkpt>
   <trkpt lat="36.6052030" lon="-4.6821820">
    <ele>437.8</ele>
   </trkpt>
   <trkpt lat="36.6051920" lon="-4.6823280">
    <ele>437.6</ele>
   </trkpt>
   <trkpt lat="36.6051940" lon="-4.6824850">
    <ele>437.6</ele>
   </trkpt>
   <trkpt lat="36.6052160" lon="-4.6826380">
    <ele>437.6</ele>
   </trkpt>
   <trkpt lat="36.6052590" lon="-4.6827660">
    <ele>437.4</ele>
   </trkpt>
   <trkpt lat="36.6053240" lon="-4.6829000">
    <ele>437.4</ele>
   </trkpt>
   <trkpt lat="36.6054110" lon="-4.6830080">
    <ele>437.2</ele>
   </trkpt>
   <trkpt lat="36.6055000" lon="-4.6831110">
    <ele>437.2</ele>
   </trkpt>
   <trkpt lat="36.6055880" lon="-4.6832080">
    <ele>437.2</ele>
   </trkpt>
   <trkpt lat="36.6056730" lon="-4.6833110">
    <ele>437.2</ele>
   </trkpt>
   <trkpt lat="36.6057430" lon="-4.6834120">
    <ele>437.4</ele>
   </trkpt>
   <trkpt lat="36.6058110" lon="-4.6835150">
    <ele>437.6</ele>
   </trkpt>
   <trkpt lat="36.6058830" lon="-4.6836180">
    <ele>438.2</ele>
   </trkpt>
   <trkpt lat="36.6059450" lon="-4.6837070">
    <ele>438.6</ele>
   </trkpt>
   <trkpt lat="36.6060060" lon="-4.6838080">
    <ele>439.2</ele>
   </trkpt>
   <trkpt lat="36.6060370" lon="-4.6839290">
    <ele>439.6</ele>
   </trkpt>
   <trkpt lat="36.6060300" lon="-4.6840350">
    <ele>440.4</ele>
   </trkpt>
   <trkpt lat="36.6059900" lon="-4.6841310">
    <ele>441.2</ele>
   </trkpt>
   <trkpt lat="36.6059320" lon="-4.6842000">
    <ele>442.0</ele>
   </trkpt>
   <trkpt lat="36.6058790" lon="-4.6842530">
    <ele>442.6</ele>
   </trkpt>
   <trkpt lat="36.6058210" lon="-4.6843080">
    <ele>443.0</ele>
   </trkpt>
   <trkpt lat="36.6057700" lon="-4.6843720">
    <ele>443.4</ele>
   </trkpt>
   <trkpt lat="36.6057280" lon="-4.6844280">
    <ele>443.6</ele>
   </trkpt>
   <trkpt lat="36.6056920" lon="-4.6844930">
    <ele>444.0</ele>
   </trkpt>
   <trkpt lat="36.6056590" lon="-4.6845600">
    <ele>444.6</ele>
   </trkpt>
   <trkpt lat="36.6056360" lon="-4.6846170">
    <ele>445.2</ele>
   </trkpt>
   <trkpt lat="36.6056120" lon="-4.6846810">
    <ele>445.8</ele>
   </trkpt>
   <trkpt lat="36.6055960" lon="-4.6847430">
    <ele>446.4</ele>
   </trkpt>
   <trkpt lat="36.6055810" lon="-4.6848050">
    <ele>447.0</ele>
   </trkpt>
   <trkpt lat="36.6055720" lon="-4.6848760">
    <ele>448.0</ele>
   </trkpt>
   <trkpt lat="36.6055650" lon="-4.6849430">
    <ele>449.0</ele>
   </trkpt>
   <trkpt lat="36.6055640" lon="-4.6850140">
    <ele>449.6</ele>
   </trkpt>
   <trkpt lat="36.6055750" lon="-4.6850990">
    <ele>450.0</ele>
   </trkpt>
   <trkpt lat="36.6055970" lon="-4.6851740">
    <ele>449.8</ele>
   </trkpt>
   <trkpt lat="36.6056330" lon="-4.6852480">
    <ele>449.4</ele>
   </trkpt>
   <trkpt lat="36.6056740" lon="-4.6853240">
    <ele>449.0</ele>
   </trkpt>
   <trkpt lat="36.6057270" lon="-4.6854010">
    <ele>448.4</ele>
   </trkpt>
   <trkpt lat="36.6057850" lon="-4.6854710">
    <ele>448.0</ele>
   </trkpt>
   <trkpt lat="36.6058500" lon="-4.6855570">
    <ele>447.8</ele>
   </trkpt>
   <trkpt lat="36.6059000" lon="-4.6856530">
    <ele>447.8</ele>
   </trkpt>
   <trkpt lat="36.6059440" lon="-4.6857530">
    <ele>447.6</ele>
   </trkpt>
   <trkpt lat="36.6059680" lon="-4.6858700">
    <ele>447.4</ele>
   </trkpt>
   <trkpt lat="36.6059890" lon="-4.6859900">
    <ele>447.2</ele>
   </trkpt>
   <trkpt lat="36.6059910" lon="-4.6861100">
    <ele>447.0</ele>
   </trkpt>
   <trkpt lat="36.6059910" lon="-4.6862390">
    <ele>447.2</ele>
   </trkpt>
   <trkpt lat="36.6059910" lon="-4.6863440">
    <ele>447.2</ele>
   </trkpt>
   <trkpt lat="36.6060050" lon="-4.6864460">
    <ele>447.4</ele>
   </trkpt>
   <trkpt lat="36.6060300" lon="-4.6865470">
    <ele>447.6</ele>
   </trkpt>
   <trkpt lat="36.6060710" lon="-4.6866330">
    <ele>447.8</ele>
   </trkpt>
   <trkpt lat="36.6061250" lon="-4.6867010">
    <ele>448.2</ele>
   </trkpt>
   <trkpt lat="36.6061840" lon="-4.6867410">
    <ele>448.8</ele>
   </trkpt>
   <trkpt lat="36.6062460" lon="-4.6867680">
    <ele>449.4</ele>
   </trkpt>
   <trkpt lat="36.6063090" lon="-4.6867850">
    <ele>450.2</ele>
   </trkpt>
   <trkpt lat="36.6063650" lon="-4.6867880">
    <ele>451.0</ele>
   </trkpt>
   <trkpt lat="36.6064190" lon="-4.6867860">
    <ele>451.8</ele>
   </trkpt>
   <trkpt lat="36.6064710" lon="-4.6867770">
    <ele>452.8</ele>
   </trkpt>
   <trkpt lat="36.6065280" lon="-4.6867600">
    <ele>453.6</ele>
   </trkpt>
   <trkpt lat="36.6065750" lon="-4.6867410">
    <ele>454.4</ele>
   </trkpt>
   <trkpt lat="36.6066250" lon="-4.6867230">
    <ele>455.2</ele>
   </trkpt>
   <trkpt lat="36.6066700" lon="-4.6867100">
    <ele>456.0</ele>
   </trkpt>
   <trkpt lat="36.6067170" lon="-4.6867000">
    <ele>456.8</ele>
   </trkpt>
   <trkpt lat="36.6067610" lon="-4.6867050">
    <ele>457.4</ele>
   </trkpt>
   <trkpt lat="36.6068030" lon="-4.6867200">
    <ele>458.0</ele>
   </trkpt>
   <trkpt lat="36.6068500" lon="-4.6867470">
    <ele>458.6</ele>
   </trkpt>
   <trkpt lat="36.6068890" lon="-4.6867800">
    <ele>459.0</ele>
   </trkpt>
   <trkpt lat="36.6069260" lon="-4.6868210">
    <ele>459.6</ele>
   </trkpt>
   <trkpt lat="36.6069540" lon="-4.6868720">
    <ele>460.0</ele>
   </trkpt>
   <trkpt lat="36.6069710" lon="-4.6869360">
    <ele>460.4</ele>
   </trkpt>
   <trkpt lat="36.6069720" lon="-4.6870030">
    <ele>460.6</ele>
   </trkpt>
   <trkpt lat="36.6069580" lon="-4.6870730">
    <ele>460.8</ele>
   </trkpt>
   <trkpt lat="36.6069330" lon="-4.6871440">
    <ele>460.8</ele>
   </trkpt>
   <trkpt lat="36.6068980" lon="-4.6872200">
    <ele>460.6</ele>
   </trkpt>
   <trkpt lat="36.6068580" lon="-4.6872930">
    <ele>460.4</ele>
   </trkpt>
   <trkpt lat="36.6068220" lon="-4.6873810">
    <ele>460.0</ele>
   </trkpt>
   <trkpt lat="36.6067950" lon="-4.6874770">
    <ele>459.2</ele>
   </trkpt>
   <trkpt lat="36.6067720" lon="-4.6875870">
    <ele>458.6</ele>
   </trkpt>
   <trkpt lat="36.6067560" lon="-4.6877080">
    <ele>457.8</ele>
   </trkpt>
   <trkpt lat="36.6067470" lon="-4.6878320">
    <ele>457.2</ele>
   </trkpt>
   <trkpt lat="36.6067500" lon="-4.6879650">
    <ele>456.4</ele>
   </trkpt>
   <trkpt lat="36.6067670" lon="-4.6881040">
    <ele>455.4</ele>
   </trkpt>
   <trkpt lat="36.6067940" lon="-4.6882510">
    <ele>454.6</ele>
   </trkpt>
   <trkpt lat="36.6068280" lon="-4.6884050">
    <ele>453.4</ele>
   </trkpt>
   <trkpt lat="36.6068670" lon="-4.6885720">
    <ele>451.8</ele>
   </trkpt>
   <trkpt lat="36.6069000" lon="-4.6887330">
    <ele>450.0</ele>
   </trkpt>
   <trkpt lat="36.6069310" lon="-4.6889090">
    <ele>448.4</ele>
   </trkpt>
   <trkpt lat="36.6069610" lon="-4.6890870">
    <ele>446.6</ele>
   </trkpt>
   <trkpt lat="36.6069880" lon="-4.6892800">
    <ele>444.4</ele>
   </trkpt>
   <trkpt lat="36.6070080" lon="-4.6894750">
    <ele>442.2</ele>
   </trkpt>
   <trkpt lat="36.6070280" lon="-4.6896910">
    <ele>440.2</ele>
   </trkpt>
   <trkpt lat="36.6070390" lon="-4.6898810">
    <ele>438.0</ele>
   </trkpt>
   <trkpt lat="36.6070500" lon="-4.6900840">
    <ele>436.0</ele>
   </trkpt>
   <trkpt lat="36.6070580" lon="-4.6902880">
    <ele>434.0</ele>
   </trkpt>
   <trkpt lat="36.6070660" lon="-4.6905030">
    <ele>432.0</ele>
   </trkpt>
   <trkpt lat="36.6070710" lon="-4.6907230">
    <ele>430.0</ele>
   </trkpt>
   <trkpt lat="36.6070780" lon="-4.6909330">
    <ele>427.8</ele>
   </trkpt>
   <trkpt lat="36.6070790" lon="-4.6911490">
    <ele>426.2</ele>
   </trkpt>
   <trkpt lat="36.6070790" lon="-4.6913670">
    <ele>425.0</ele>
   </trkpt>
   <trkpt lat="36.6070790" lon="-4.6915840">
    <ele>423.6</ele>
   </trkpt>
   <trkpt lat="36.6070860" lon="-4.6917810">
    <ele>422.2</ele>
   </trkpt>
   <trkpt lat="36.6070900" lon="-4.6919830">
    <ele>421.6</ele>
   </trkpt>
   <trkpt lat="36.6071010" lon="-4.6921790">
    <ele>421.0</ele>
   </trkpt>
   <trkpt lat="36.6071220" lon="-4.6923680">
    <ele>419.8</ele>
   </trkpt>
   <trkpt lat="36.6071480" lon="-4.6925540">
    <ele>418.8</ele>
   </trkpt>
   <trkpt lat="36.6071760" lon="-4.6927430">
    <ele>418.2</ele>
   </trkpt>
   <trkpt lat="36.6072060" lon="-4.6929180">
    <ele>417.6</ele>
   </trkpt>
   <trkpt lat="36.6072320" lon="-4.6930870">
    <ele>416.8</ele>
   </trkpt>
   <trkpt lat="36.6072570" lon="-4.6932720">
    <ele>416.0</ele>
   </trkpt>
   <trkpt lat="36.6072680" lon="-4.6934440">
    <ele>415.2</ele>
   </trkpt>
   <trkpt lat="36.6072800" lon="-4.6936200">
    <ele>414.4</ele>
   </trkpt>
   <trkpt lat="36.6072810" lon="-4.6938010">
    <ele>413.2</ele>
   </trkpt>
   <trkpt lat="36.6072740" lon="-4.6939820">
    <ele>411.8</ele>
   </trkpt>
   <trkpt lat="36.6072630" lon="-4.6941650">
    <ele>411.4</ele>
   </trkpt>
   <trkpt lat="36.6072470" lon="-4.6943580">
    <ele>410.8</ele>
   </trkpt>
   <trkpt lat="36.6072320" lon="-4.6945490">
    <ele>409.6</ele>
   </trkpt>
   <trkpt lat="36.6072120" lon="-4.6947320">
    <ele>408.0</ele>
   </trkpt>
   <trkpt lat="36.6071910" lon="-4.6949390">
    <ele>406.0</ele>
   </trkpt>
   <trkpt lat="36.6071720" lon="-4.6951320">
    <ele>403.8</ele>
   </trkpt>
   <trkpt lat="36.6071600" lon="-4.6953420">
    <ele>402.0</ele>
   </trkpt>
   <trkpt lat="36.6071550" lon="-4.6955440">
    <ele>400.0</ele>
   </trkpt>
   <trkpt lat="36.6071480" lon="-4.6957380">
    <ele>398.4</ele>
   </trkpt>
   <trkpt lat="36.6071470" lon="-4.6959300">
    <ele>397.4</ele>
   </trkpt>
   <trkpt lat="36.6071580" lon="-4.6961360">
    <ele>396.0</ele>
   </trkpt>
   <trkpt lat="36.6071890" lon="-4.6963200">
    <ele>394.0</ele>
   </trkpt>
   <trkpt lat="36.6072380" lon="-4.6965140">
    <ele>392.4</ele>
   </trkpt>
   <trkpt lat="36.6073050" lon="-4.6967110">
    <ele>391.0</ele>
   </trkpt>
   <trkpt lat="36.6073790" lon="-4.6968800">
    <ele>389.0</ele>
   </trkpt>
   <trkpt lat="36.6074640" lon="-4.6970610">
    <ele>387.4</ele>
   </trkpt>
   <trkpt lat="36.6075530" lon="-4.6972400">
    <ele>385.8</ele>
   </trkpt>
   <trkpt lat="36.6076400" lon="-4.6974150">
    <ele>384.4</ele>
   </trkpt>
   <trkpt lat="36.6077310" lon="-4.6975910">
    <ele>382.8</ele>
   </trkpt>
   <trkpt lat="36.6078250" lon="-4.6977690">
    <ele>381.2</ele>
   </trkpt>
   <trkpt lat="36.6079140" lon="-4.6979360">
    <ele>379.4</ele>
   </trkpt>
   <trkpt lat="36.6080090" lon="-4.6981050">
    <ele>378.0</ele>
   </trkpt>
   <trkpt lat="36.6080970" lon="-4.6982880">
    <ele>376.6</ele>
   </trkpt>
   <trkpt lat="36.6081710" lon="-4.6984630">
    <ele>375.0</ele>
   </trkpt>
   <trkpt lat="36.6082460" lon="-4.6986400">
    <ele>373.4</ele>
   </trkpt>
   <trkpt lat="36.6083230" lon="-4.6988310">
    <ele>371.6</ele>
   </trkpt>
   <trkpt lat="36.6084020" lon="-4.6990010">
    <ele>369.6</ele>
   </trkpt>
   <trkpt lat="36.6084960" lon="-4.6991690">
    <ele>367.6</ele>
   </trkpt>
   <trkpt lat="36.6086030" lon="-4.6993360">
    <ele>365.6</ele>
   </trkpt>
   <trkpt lat="36.6087120" lon="-4.6994910">
    <ele>363.8</ele>
   </trkpt>
   <trkpt lat="36.6088250" lon="-4.6996340">
    <ele>362.2</ele>
   </trkpt>
   <trkpt lat="36.6089490" lon="-4.6997800">
    <ele>360.6</ele>
   </trkpt>
   <trkpt lat="36.6090600" lon="-4.6999150">
    <ele>359.6</ele>
   </trkpt>
   <trkpt lat="36.6091650" lon="-4.7000730">
    <ele>358.6</ele>
   </trkpt>
   <trkpt lat="36.6092610" lon="-4.7002480">
    <ele>357.6</ele>
   </trkpt>
   <trkpt lat="36.6093370" lon="-4.7004240">
    <ele>356.4</ele>
   </trkpt>
   <trkpt lat="36.6094170" lon="-4.7006050">
    <ele>355.2</ele>
   </trkpt>
   <trkpt lat="36.6094940" lon="-4.7007860">
    <ele>353.6</ele>
   </trkpt>
   <trkpt lat="36.6095840" lon="-4.7009500">
    <ele>352.2</ele>
   </trkpt>
   <trkpt lat="36.6096860" lon="-4.7010940">
    <ele>351.0</ele>
   </trkpt>
   <trkpt lat="36.6098120" lon="-4.7012340">
    <ele>350.0</ele>
   </trkpt>
   <trkpt lat="36.6099400" lon="-4.7013560">
    <ele>349.4</ele>
   </trkpt>
   <trkpt lat="36.6100650" lon="-4.7015050">
    <ele>348.6</ele>
   </trkpt>
   <trkpt lat="36.6101710" lon="-4.7016670">
    <ele>347.6</ele>
   </trkpt>
   <trkpt lat="36.6102560" lon="-4.7018450">
    <ele>346.6</ele>
   </trkpt>
   <trkpt lat="36.6103230" lon="-4.7020300">
    <ele>345.8</ele>
   </trkpt>
   <trkpt lat="36.6103810" lon="-4.7022160">
    <ele>345.0</ele>
   </trkpt>
   <trkpt lat="36.6104270" lon="-4.7023980">
    <ele>344.4</ele>
   </trkpt>
   <trkpt lat="36.6104770" lon="-4.7025820">
    <ele>343.8</ele>
   </trkpt>
   <trkpt lat="36.6105200" lon="-4.7027570">
    <ele>343.4</ele>
   </trkpt>
   <trkpt lat="36.6105820" lon="-4.7029190">
    <ele>343.4</ele>
   </trkpt>
   <trkpt lat="36.6106500" lon="-4.7030720">
    <ele>343.4</ele>
   </trkpt>
   <trkpt lat="36.6107300" lon="-4.7032210">
    <ele>343.2</ele>
   </trkpt>
   <trkpt lat="36.6108100" lon="-4.7033530">
    <ele>342.6</ele>
   </trkpt>
   <trkpt lat="36.6109000" lon="-4.7034770">
    <ele>342.2</ele>
   </trkpt>
   <trkpt lat="36.6109910" lon="-4.7035890">
    <ele>341.8</ele>
   </trkpt>
   <trkpt lat="36.6110860" lon="-4.7036890">
    <ele>341.6</ele>
   </trkpt>
   <trkpt lat="36.6111850" lon="-4.7037780">
    <ele>341.2</ele>
   </trkpt>
   <trkpt lat="36.6112900" lon="-4.7038600">
    <ele>340.6</ele>
   </trkpt>
   <trkpt lat="36.6113860" lon="-4.7039230">
    <ele>340.0</ele>
   </trkpt>
   <trkpt lat="36.6114930" lon="-4.7039830">
    <ele>339.8</ele>
   </trkpt>
   <trkpt lat="36.6115960" lon="-4.7040380">
    <ele>339.4</ele>
   </trkpt>
   <trkpt lat="36.6117050" lon="-4.7040880">
    <ele>339.0</ele>
   </trkpt>
   <trkpt lat="36.6118130" lon="-4.7041420">
    <ele>338.6</ele>
   </trkpt>
   <trkpt lat="36.6119200" lon="-4.7041930">
    <ele>338.2</ele>
   </trkpt>
   <trkpt lat="36.6120260" lon="-4.7042410">
    <ele>337.8</ele>
   </trkpt>
   <trkpt lat="36.6121330" lon="-4.7042910">
    <ele>337.6</ele>
   </trkpt>
   <trkpt lat="36.6122360" lon="-4.7043440">
    <ele>337.2</ele>
   </trkpt>
   <trkpt lat="36.6123410" lon="-4.7043980">
    <ele>336.6</ele>
   </trkpt>
   <trkpt lat="36.6124500" lon="-4.7044550">
    <ele>336.2</ele>
   </trkpt>
   <trkpt lat="36.6125490" lon="-4.7045090">
    <ele>335.8</ele>
   </trkpt>
   <trkpt lat="36.6126540" lon="-4.7045620">
    <ele>335.6</ele>
   </trkpt>
   <trkpt lat="36.6127590" lon="-4.7046160">
    <ele>335.4</ele>
   </trkpt>
   <trkpt lat="36.6128660" lon="-4.7046600">
    <ele>334.8</ele>
   </trkpt>
   <trkpt lat="36.6129680" lon="-4.7046930">
    <ele>334.6</ele>
   </trkpt>
   <trkpt lat="36.6130740" lon="-4.7047140">
    <ele>334.4</ele>
   </trkpt>
   <trkpt lat="36.6131810" lon="-4.7047280">
    <ele>334.0</ele>
   </trkpt>
   <trkpt lat="36.6132910" lon="-4.7047330">
    <ele>333.8</ele>
   </trkpt>
   <trkpt lat="36.6134030" lon="-4.7047220">
    <ele>333.2</ele>
   </trkpt>
   <trkpt lat="36.6135080" lon="-4.7047040">
    <ele>332.8</ele>
   </trkpt>
   <trkpt lat="36.6136170" lon="-4.7046970">
    <ele>332.6</ele>
   </trkpt>
   <trkpt lat="36.6137280" lon="-4.7047240">
    <ele>332.4</ele>
   </trkpt>
   <trkpt lat="36.6138240" lon="-4.7047820">
    <ele>332.4</ele>
   </trkpt>
   <trkpt lat="36.6139180" lon="-4.7048530">
    <ele>332.4</ele>
   </trkpt>
   <trkpt lat="36.6140050" lon="-4.7049190">
    <ele>332.6</ele>
   </trkpt>
   <trkpt lat="36.6141000" lon="-4.7049850">
    <ele>332.6</ele>
   </trkpt>
   <trkpt lat="36.6141790" lon="-4.7050390">
    <ele>332.6</ele>
   </trkpt>
   <trkpt lat="36.6142660" lon="-4.7050900">
    <ele>332.8</ele>
   </trkpt>
   <trkpt lat="36.6143620" lon="-4.7051350">
    <ele>332.8</ele>
   </trkpt>
   <trkpt lat="36.6144490" lon="-4.7051680">
    <ele>332.8</ele>
   </trkpt>
   <trkpt lat="36.6145410" lon="-4.7051920">
    <ele>332.8</ele>
   </trkpt>
   <trkpt lat="36.6146360" lon="-4.7052130">
    <ele>333.0</ele>
   </trkpt>
   <trkpt lat="36.6147260" lon="-4.7052290">
    <ele>332.8</ele>
   </trkpt>
   <trkpt lat="36.6148180" lon="-4.7052420">
    <ele>332.6</ele>
   </trkpt>
   <trkpt lat="36.6149140" lon="-4.7052540">
    <ele>332.4</ele>
   </trkpt>
   <trkpt lat="36.6150110" lon="-4.7052620">
    <ele>332.0</ele>
   </trkpt>
   <trkpt lat="36.6151140" lon="-4.7052650">
    <ele>331.6</ele>
   </trkpt>
   <trkpt lat="36.6152230" lon="-4.7052630">
    <ele>331.0</ele>
   </trkpt>
   <trkpt lat="36.6153250" lon="-4.7052620">
    <ele>330.6</ele>
   </trkpt>
   <trkpt lat="36.6154360" lon="-4.7052780">
    <ele>330.4</ele>
   </trkpt>
   <trkpt lat="36.6155470" lon="-4.7053280">
    <ele>330.0</ele>
   </trkpt>
   <trkpt lat="36.6156370" lon="-4.7053920">
    <ele>329.8</ele>
   </trkpt>
   <trkpt lat="36.6157290" lon="-4.7054640">
    <ele>329.6</ele>
   </trkpt>
   <trkpt lat="36.6158250" lon="-4.7055450">
    <ele>329.6</ele>
   </trkpt>
   <trkpt lat="36.6159110" lon="-4.7056190">
    <ele>329.2</ele>
   </trkpt>
   <trkpt lat="36.6159950" lon="-4.7056940">
    <ele>328.6</ele>
   </trkpt>
   <trkpt lat="36.6160900" lon="-4.7057730">
    <ele>328.2</ele>
   </trkpt>
   <trkpt lat="36.6161890" lon="-4.7058470">
    <ele>327.8</ele>
   </trkpt>
   <trkpt lat="36.6162920" lon="-4.7059170">
    <ele>327.2</ele>
   </trkpt>
   <trkpt lat="36.6163990" lon="-4.7059800">
    <ele>326.4</ele>
   </trkpt>
   <trkpt lat="36.6165050" lon="-4.7060430">
    <ele>325.2</ele>
   </trkpt>
   <trkpt lat="36.6166150" lon="-4.7061090">
    <ele>324.0</ele>
   </trkpt>
   <trkpt lat="36.6167350" lon="-4.7061780">
    <ele>323.2</ele>
   </trkpt>
   <trkpt lat="36.6168460" lon="-4.7062480">
    <ele>322.6</ele>
   </trkpt>
   <trkpt lat="36.6169600" lon="-4.7063120">
    <ele>321.6</ele>
   </trkpt>
   <trkpt lat="36.6170870" lon="-4.7063760">
    <ele>320.4</ele>
   </trkpt>
   <trkpt lat="36.6172050" lon="-4.7064260">
    <ele>319.0</ele>
   </trkpt>
   <trkpt lat="36.6173220" lon="-4.7064700">
    <ele>318.0</ele>
   </trkpt>
   <trkpt lat="36.6174530" lon="-4.7065150">
    <ele>317.2</ele>
   </trkpt>
   <trkpt lat="36.6175700" lon="-4.7065490">
    <ele>316.6</ele>
   </trkpt>
   <trkpt lat="36.6176950" lon="-4.7065830">
    <ele>315.8</ele>
   </trkpt>
   <trkpt lat="36.6177930" lon="-4.7066070">
    <ele>315.0</ele>
   </trkpt>
   <trkpt lat="36.6179340" lon="-4.7066380">
    <ele>314.2</ele>
   </trkpt>
   <trkpt lat="36.6180610" lon="-4.7066620">
    <ele>313.2</ele>
   </trkpt>
   <trkpt lat="36.6181920" lon="-4.7066830">
    <ele>312.2</ele>
   </trkpt>
   <trkpt lat="36.6183090" lon="-4.7067070">
    <ele>311.2</ele>
   </trkpt>
   <trkpt lat="36.6184290" lon="-4.7067250">
    <ele>310.0</ele>
   </trkpt>
   <trkpt lat="36.6185500" lon="-4.7067390">
    <ele>309.0</ele>
   </trkpt>
   <trkpt lat="36.6186620" lon="-4.7067550">
    <ele>307.8</ele>
   </trkpt>
   <trkpt lat="36.6187790" lon="-4.7067700">
    <ele>306.8</ele>
   </trkpt>
   <trkpt lat="36.6189050" lon="-4.7067840">
    <ele>305.8</ele>
   </trkpt>
   <trkpt lat="36.6190200" lon="-4.7067990">
    <ele>304.4</ele>
   </trkpt>
   <trkpt lat="36.6191410" lon="-4.7068160">
    <ele>303.4</ele>
   </trkpt>
   <trkpt lat="36.6192710" lon="-4.7068440">
    <ele>302.8</ele>
   </trkpt>
   <trkpt lat="36.6193860" lon="-4.7068720">
    <ele>302.0</ele>
   </trkpt>
   <trkpt lat="36.6195070" lon="-4.7069110">
    <ele>300.8</ele>
   </trkpt>
   <trkpt lat="36.6196350" lon="-4.7069590">
    <ele>299.6</ele>
   </trkpt>
   <trkpt lat="36.6197520" lon="-4.7070110">
    <ele>298.4</ele>
   </trkpt>
   <trkpt lat="36.6198770" lon="-4.7070300">
    <ele>297.2</ele>
   </trkpt>
   <trkpt lat="36.6200010" lon="-4.7070200">
    <ele>296.6</ele>
   </trkpt>
   <trkpt lat="36.6201070" lon="-4.7070460">
    <ele>296.4</ele>
   </trkpt>
   <trkpt lat="36.6202000" lon="-4.7071060">
    <ele>296.2</ele>
   </trkpt>
   <trkpt lat="36.6202740" lon="-4.7072020">
    <ele>296.0</ele>
   </trkpt>
   <trkpt lat="36.6203120" lon="-4.7073110">
    <ele>296.2</ele>
   </trkpt>
   <trkpt lat="36.6203190" lon="-4.7074350">
    <ele>296.6</ele>
   </trkpt>
   <trkpt lat="36.6202870" lon="-4.7075570">
    <ele>296.8</ele>
   </trkpt>
   <trkpt lat="36.6202330" lon="-4.7076580">
    <ele>296.8</ele>
   </trkpt>
   <trkpt lat="36.6201830" lon="-4.7077710">
    <ele>296.6</ele>
   </trkpt>
   <trkpt lat="36.6201520" lon="-4.7079020">
    <ele>296.2</ele>
   </trkpt>
   <trkpt lat="36.6201290" lon="-4.7080160">
    <ele>295.8</ele>
   </trkpt>
   <trkpt lat="36.6200930" lon="-4.7081530">
    <ele>295.6</ele>
   </trkpt>
   <trkpt lat="36.6200640" lon="-4.7082540">
    <ele>295.4</ele>
   </trkpt>
   <trkpt lat="36.6200150" lon="-4.7083940">
    <ele>295.4</ele>
   </trkpt>
   <trkpt lat="36.6199630" lon="-4.7085280">
    <ele>295.2</ele>
   </trkpt>
   <trkpt lat="36.6199080" lon="-4.7086620">
    <ele>295.2</ele>
   </trkpt>
   <trkpt lat="36.6198570" lon="-4.7087890">
    <ele>295.0</ele>
   </trkpt>
   <trkpt lat="36.6198010" lon="-4.7089300">
    <ele>294.8</ele>
   </trkpt>
   <trkpt lat="36.6197410" lon="-4.7090760">
    <ele>294.4</ele>
   </trkpt>
   <trkpt lat="36.6196840" lon="-4.7092020">
    <ele>294.4</ele>
   </trkpt>
   <trkpt lat="36.6196220" lon="-4.7093410">
    <ele>294.4</ele>
   </trkpt>
   <trkpt lat="36.6195640" lon="-4.7094730">
    <ele>294.6</ele>
   </trkpt>
   <trkpt lat="36.6195050" lon="-4.7096150">
    <ele>294.6</ele>
   </trkpt>
   <trkpt lat="36.6194540" lon="-4.7097600">
    <ele>294.8</ele>
   </trkpt>
   <trkpt lat="36.6194100" lon="-4.7099050">
    <ele>295.2</ele>
   </trkpt>
   <trkpt lat="36.6193800" lon="-4.7100400">
    <ele>295.4</ele>
   </trkpt>
   <trkpt lat="36.6193630" lon="-4.7101830">
    <ele>295.4</ele>
   </trkpt>
   <trkpt lat="36.6193510" lon="-4.7103240">
    <ele>295.4</ele>
   </trkpt>
   <trkpt lat="36.6193500" lon="-4.7104530">
    <ele>295.4</ele>
   </trkpt>
   <trkpt lat="36.6193570" lon="-4.7105780">
    <ele>295.8</ele>
   </trkpt>
   <trkpt lat="36.6193620" lon="-4.7107070">
    <ele>296.2</ele>
   </trkpt>
   <trkpt lat="36.6193650" lon="-4.7108180">
    <ele>296.6</ele>
   </trkpt>
   <trkpt lat="36.6193730" lon="-4.7109350">
    <ele>297.0</ele>
   </trkpt>
   <trkpt lat="36.6193770" lon="-4.7110490">
    <ele>297.6</ele>
   </trkpt>
   <trkpt lat="36.6193810" lon="-4.7111590">
    <ele>297.8</ele>
   </trkpt>
   <trkpt lat="36.6193810" lon="-4.7112660">
    <ele>297.8</ele>
   </trkpt>
   <trkpt lat="36.6193740" lon="-4.7113820">
    <ele>298.0</ele>
   </trkpt>
   <trkpt lat="36.6193630" lon="-4.7114870">
    <ele>298.4</ele>
   </trkpt>
   <trkpt lat="36.6193480" lon="-4.7115960">
    <ele>299.0</ele>
   </trkpt>
   <trkpt lat="36.6193300" lon="-4.7117020">
    <ele>299.2</ele>
   </trkpt>
   <trkpt lat="36.6193040" lon="-4.7118100">
    <ele>299.2</ele>
   </trkpt>
   <trkpt lat="36.6192730" lon="-4.7119200">
    <ele>299.2</ele>
   </trkpt>
   <trkpt lat="36.6192380" lon="-4.7120260">
    <ele>299.0</ele>
   </trkpt>
   <trkpt lat="36.6191960" lon="-4.7121240">
    <ele>298.8</ele>
   </trkpt>
   <trkpt lat="36.6191470" lon="-4.7122300">
    <ele>298.8</ele>
   </trkpt>
   <trkpt lat="36.6190880" lon="-4.7123400">
    <ele>299.0</ele>
   </trkpt>
   <trkpt lat="36.6190260" lon="-4.7124420">
    <ele>299.4</ele>
   </trkpt>
   <trkpt lat="36.6189560" lon="-4.7125500">
    <ele>299.4</ele>
   </trkpt>
   <trkpt lat="36.6188750" lon="-4.7126510">
    <ele>299.4</ele>
   </trkpt>
   <trkpt lat="36.6187950" lon="-4.7127430">
    <ele>299.2</ele>
   </trkpt>
   <trkpt lat="36.6187050" lon="-4.7128370">
    <ele>299.4</ele>
   </trkpt>
   <trkpt lat="36.6186110" lon="-4.7129340">
    <ele>299.2</ele>
   </trkpt>
   <trkpt lat="36.6185270" lon="-4.7130240">
    <ele>299.2</ele>
   </trkpt>
   <trkpt lat="36.6184430" lon="-4.7131250">
    <ele>299.2</ele>
   </trkpt>
   <trkpt lat="36.6183600" lon="-4.7132350">
    <ele>299.2</ele>
   </trkpt>
   <trkpt lat="36.6182950" lon="-4.7133390">
    <ele>299.0</ele>
   </trkpt>
   <trkpt lat="36.6182310" lon="-4.7134590">
    <ele>299.0</ele>
   </trkpt>
   <trkpt lat="36.6181780" lon="-4.7135760">
    <ele>299.0</ele>
   </trkpt>
   <trkpt lat="36.6181340" lon="-4.7137010">
    <ele>299.4</ele>
   </trkpt>
   <trkpt lat="36.6180980" lon="-4.7138240">
    <ele>299.6</ele>
   </trkpt>
   <trkpt lat="36.6180740" lon="-4.7139470">
    <ele>299.8</ele>
   </trkpt>
   <trkpt lat="36.6180590" lon="-4.7140540">
    <ele>300.2</ele>
   </trkpt>
   <trkpt lat="36.6180500" lon="-4.7141620">
    <ele>300.6</ele>
   </trkpt>
   <trkpt lat="36.6180500" lon="-4.7142710">
    <ele>300.8</ele>
   </trkpt>
   <trkpt lat="36.6180530" lon="-4.7143610">
    <ele>301.2</ele>
   </trkpt>
   <trkpt lat="36.6180570" lon="-4.7144490">
    <ele>301.8</ele>
   </trkpt>
   <trkpt lat="36.6180570" lon="-4.7145380">
    <ele>302.4</ele>
   </trkpt>
   <trkpt lat="36.6180610" lon="-4.7146160">
    <ele>303.0</ele>
   </trkpt>
   <trkpt lat="36.6180610" lon="-4.7146920">
    <ele>303.6</ele>
   </trkpt>
   <trkpt lat="36.6180650" lon="-4.7147710">
    <ele>304.2</ele>
   </trkpt>
   <trkpt lat="36.6180620" lon="-4.7148370">
    <ele>304.6</ele>
   </trkpt>
   <trkpt lat="36.6180580" lon="-4.7149040">
    <ele>305.2</ele>
   </trkpt>
   <trkpt lat="36.6180540" lon="-4.7149740">
    <ele>305.6</ele>
   </trkpt>
   <trkpt lat="36.6180500" lon="-4.7150350">
    <ele>306.0</ele>
   </trkpt>
   <trkpt lat="36.6180430" lon="-4.7150970">
    <ele>306.4</ele>
   </trkpt>
   <trkpt lat="36.6180350" lon="-4.7151560">
    <ele>307.0</ele>
   </trkpt>
   <trkpt lat="36.6180280" lon="-4.7152170">
    <ele>307.4</ele>
   </trkpt>
   <trkpt lat="36.6180130" lon="-4.7152740">
    <ele>308.2</ele>
   </trkpt>
   <trkpt lat="36.6180000" lon="-4.7153350">
    <ele>308.8</ele>
   </trkpt>
   <trkpt lat="36.6179860" lon="-4.7153880">
    <ele>309.2</ele>
   </trkpt>
   <trkpt lat="36.6179710" lon="-4.7154440">
    <ele>309.8</ele>
   </trkpt>
   <trkpt lat="36.6179510" lon="-4.7155040">
    <ele>310.2</ele>
   </trkpt>
   <trkpt lat="36.6179330" lon="-4.7155540">
    <ele>310.8</ele>
   </trkpt>
   <trkpt lat="36.6179110" lon="-4.7156070">
    <ele>311.2</ele>
   </trkpt>
   <trkpt lat="36.6178850" lon="-4.7156570">
    <ele>311.8</ele>
   </trkpt>
   <trkpt lat="36.6178580" lon="-4.7157090">
    <ele>312.4</ele>
   </trkpt>
   <trkpt lat="36.6178220" lon="-4.7157660">
    <ele>313.0</ele>
   </trkpt>
   <trkpt lat="36.6177940" lon="-4.7158160">
    <ele>313.4</ele>
   </trkpt>
   <trkpt lat="36.6177550" lon="-4.7158670">
    <ele>314.0</ele>
   </trkpt>
   <trkpt lat="36.6177190" lon="-4.7159220">
    <ele>314.4</ele>
   </trkpt>
   <trkpt lat="36.6176800" lon="-4.7159650">
    <ele>314.8</ele>
   </trkpt>
   <trkpt lat="36.6176340" lon="-4.7160120">
    <ele>315.0</ele>
   </trkpt>
   <trkpt lat="36.6175860" lon="-4.7160600">
    <ele>315.2</ele>
   </trkpt>
   <trkpt lat="36.6175430" lon="-4.7161000">
    <ele>315.4</ele>
   </trkpt>
   <trkpt lat="36.6174900" lon="-4.7161430">
    <ele>315.6</ele>
   </trkpt>
   <trkpt lat="36.6174350" lon="-4.7161880">
    <ele>315.8</ele>
   </trkpt>
   <trkpt lat="36.6173880" lon="-4.7162220">
    <ele>316.0</ele>
   </trkpt>
   <trkpt lat="36.6173310" lon="-4.7162530">
    <ele>316.0</ele>
   </trkpt>
   <trkpt lat="36.6172710" lon="-4.7162760">
    <ele>316.0</ele>
   </trkpt>
   <trkpt lat="36.6172110" lon="-4.7162990">
    <ele>316.2</ele>
   </trkpt>
   <trkpt lat="36.6171480" lon="-4.7163180">
    <ele>316.2</ele>
   </trkpt>
   <trkpt lat="36.6170750" lon="-4.7163400">
    <ele>316.2</ele>
   </trkpt>
   <trkpt lat="36.6170150" lon="-4.7163590">
    <ele>316.2</ele>
   </trkpt>
   <trkpt lat="36.6169430" lon="-4.7163820">
    <ele>316.0</ele>
   </trkpt>
   <trkpt lat="36.6168640" lon="-4.7164040">
    <ele>316.0</ele>
   </trkpt>
   <trkpt lat="36.6167890" lon="-4.7164260">
    <ele>316.0</ele>
   </trkpt>
   <trkpt lat="36.6167060" lon="-4.7164550">
    <ele>315.8</ele>
   </trkpt>
   <trkpt lat="36.6166180" lon="-4.7164900">
    <ele>315.6</ele>
   </trkpt>
   <trkpt lat="36.6165310" lon="-4.7165310">
    <ele>315.0</ele>
   </trkpt>
   <trkpt lat="36.6164340" lon="-4.7165820">
    <ele>314.4</ele>
   </trkpt>
   <trkpt lat="36.6163450" lon="-4.7166320">
    <ele>314.0</ele>
   </trkpt>
   <trkpt lat="36.6162570" lon="-4.7166910">
    <ele>313.6</ele>
   </trkpt>
   <trkpt lat="36.6161620" lon="-4.7167660">
    <ele>313.2</ele>
   </trkpt>
   <trkpt lat="36.6160670" lon="-4.7168450">
    <ele>312.8</ele>
   </trkpt>
   <trkpt lat="36.6159770" lon="-4.7169330">
    <ele>312.4</ele>
   </trkpt>
   <trkpt lat="36.6158910" lon="-4.7170340">
    <ele>312.0</ele>
   </trkpt>
   <trkpt lat="36.6158040" lon="-4.7171440">
    <ele>311.8</ele>
   </trkpt>
   <trkpt lat="36.6157240" lon="-4.7172630">
    <ele>311.2</ele>
   </trkpt>
   <trkpt lat="36.6156440" lon="-4.7174060">
    <ele>310.4</ele>
   </trkpt>
   <trkpt lat="36.6155790" lon="-4.7175370">
    <ele>309.6</ele>
   </trkpt>
   <trkpt lat="36.6155200" lon="-4.7176740">
    <ele>308.6</ele>
   </trkpt>
   <trkpt lat="36.6154640" lon="-4.7178370">
    <ele>307.8</ele>
   </trkpt>
   <trkpt lat="36.6154290" lon="-4.7179790">
    <ele>307.0</ele>
   </trkpt>
   <trkpt lat="36.6154010" lon="-4.7181330">
    <ele>306.6</ele>
   </trkpt>
   <trkpt lat="36.6153760" lon="-4.7183030">
    <ele>306.0</ele>
   </trkpt>
   <trkpt lat="36.6153650" lon="-4.7184460">
    <ele>305.6</ele>
   </trkpt>
   <trkpt lat="36.6153610" lon="-4.7185930">
    <ele>305.6</ele>
   </trkpt>
   <trkpt lat="36.6153640" lon="-4.7187550">
    <ele>306.0</ele>
   </trkpt>
   <trkpt lat="36.6153640" lon="-4.7188850">
    <ele>307.0</ele>
   </trkpt>
   <trkpt lat="36.6153700" lon="-4.7190160">
    <ele>308.2</ele>
   </trkpt>
   <trkpt lat="36.6153820" lon="-4.7191560">
    <ele>308.6</ele>
   </trkpt>
   <trkpt lat="36.6153930" lon="-4.7192850">
    <ele>308.8</ele>
   </trkpt>
   <trkpt lat="36.6153980" lon="-4.7194120">
    <ele>309.4</ele>
   </trkpt>
   <trkpt lat="36.6153980" lon="-4.7195230">
    <ele>309.8</ele>
   </trkpt>
   <trkpt lat="36.6153980" lon="-4.7196350">
    <ele>310.2</ele>
   </trkpt>
   <trkpt lat="36.6153980" lon="-4.7197410">
    <ele>310.6</ele>
   </trkpt>
   <trkpt lat="36.6153950" lon="-4.7198490">
    <ele>310.8</ele>
   </trkpt>
   <trkpt lat="36.6153880" lon="-4.7199550">
    <ele>311.2</ele>
   </trkpt>
   <trkpt lat="36.6153760" lon="-4.7200580">
    <ele>311.6</ele>
   </trkpt>
   <trkpt lat="36.6153650" lon="-4.7201480">
    <ele>312.0</ele>
   </trkpt>
   <trkpt lat="36.6153470" lon="-4.7202420">
    <ele>312.4</ele>
   </trkpt>
   <trkpt lat="36.6153320" lon="-4.7203310">
    <ele>313.0</ele>
   </trkpt>
   <trkpt lat="36.6153100" lon="-4.7204190">
    <ele>313.6</ele>
   </trkpt>
   <trkpt lat="36.6152900" lon="-4.7205100">
    <ele>314.0</ele>
   </trkpt>
   <trkpt lat="36.6152680" lon="-4.7205940">
    <ele>314.6</ele>
   </trkpt>
   <trkpt lat="36.6152460" lon="-4.7206760">
    <ele>315.4</ele>
   </trkpt>
   <trkpt lat="36.6152220" lon="-4.7207620">
    <ele>315.8</ele>
   </trkpt>
   <trkpt lat="36.6152000" lon="-4.7208420">
    <ele>316.6</ele>
   </trkpt>
   <trkpt lat="36.6151800" lon="-4.7209270">
    <ele>317.8</ele>
   </trkpt>
   <trkpt lat="36.6151600" lon="-4.7210110">
    <ele>318.8</ele>
   </trkpt>
   <trkpt lat="36.6151410" lon="-4.7210890">
    <ele>319.6</ele>
   </trkpt>
   <trkpt lat="36.6151220" lon="-4.7211730">
    <ele>320.4</ele>
   </trkpt>
   <trkpt lat="36.6151100" lon="-4.7212550">
    <ele>320.8</ele>
   </trkpt>
   <trkpt lat="36.6150990" lon="-4.7213410">
    <ele>321.0</ele>
   </trkpt>
   <trkpt lat="36.6150900" lon="-4.7214310">
    <ele>321.0</ele>
   </trkpt>
   <trkpt lat="36.6150830" lon="-4.7215200">
    <ele>321.2</ele>
   </trkpt>
   <trkpt lat="36.6150820" lon="-4.7216000">
    <ele>321.4</ele>
   </trkpt>
   <trkpt lat="36.6150870" lon="-4.7216900">
    <ele>321.6</ele>
   </trkpt>
   <trkpt lat="36.6150930" lon="-4.7217830">
    <ele>321.6</ele>
   </trkpt>
   <trkpt lat="36.6151030" lon="-4.7218660">
    <ele>321.6</ele>
   </trkpt>
   <trkpt lat="36.6151140" lon="-4.7219530">
    <ele>321.6</ele>
   </trkpt>
   <trkpt lat="36.6151330" lon="-4.7220410">
    <ele>321.2</ele>
   </trkpt>
   <trkpt lat="36.6151510" lon="-4.7221200">
    <ele>320.8</ele>
   </trkpt>
   <trkpt lat="36.6151710" lon="-4.7222050">
    <ele>320.6</ele>
   </trkpt>
   <trkpt lat="36.6151860" lon="-4.7222840">
    <ele>320.4</ele>
   </trkpt>
   <trkpt lat="36.6152030" lon="-4.7223680">
    <ele>320.4</ele>
   </trkpt>
   <trkpt lat="36.6152270" lon="-4.7224590">
    <ele>320.0</ele>
   </trkpt>
   <trkpt lat="36.6152480" lon="-4.7225520">
    <ele>319.8</ele>
   </trkpt>
   <trkpt lat="36.6152590" lon="-4.7226370">
    <ele>319.8</ele>
   </trkpt>
   <trkpt lat="36.6152710" lon="-4.7227340">
    <ele>319.8</ele>
   </trkpt>
   <trkpt lat="36.6152820" lon="-4.7228290">
    <ele>319.8</ele>
   </trkpt>
   <trkpt lat="36.6152910" lon="-4.7229330">
    <ele>319.8</ele>
   </trkpt>
   <trkpt lat="36.6152880" lon="-4.7230340">
    <ele>319.6</ele>
   </trkpt>
   <trkpt lat="36.6152780" lon="-4.7231400">
    <ele>319.4</ele>
   </trkpt>
   <trkpt lat="36.6152570" lon="-4.7232440">
    <ele>319.4</ele>
   </trkpt>
   <trkpt lat="36.6152340" lon="-4.7233550">
    <ele>319.4</ele>
   </trkpt>
   <trkpt lat="36.6152040" lon="-4.7234700">
    <ele>319.4</ele>
   </trkpt>
   <trkpt lat="36.6151700" lon="-4.7235880">
    <ele>319.2</ele>
   </trkpt>
   <trkpt lat="36.6151290" lon="-4.7237050">
    <ele>318.8</ele>
   </trkpt>
   <trkpt lat="36.6150840" lon="-4.7238280">
    <ele>318.6</ele>
   </trkpt>
   <trkpt lat="36.6150360" lon="-4.7239520">
    <ele>318.4</ele>
   </trkpt>
   <trkpt lat="36.6149880" lon="-4.7240900">
    <ele>318.0</ele>
   </trkpt>
   <trkpt lat="36.6149460" lon="-4.7242270">
    <ele>317.6</ele>
   </trkpt>
   <trkpt lat="36.6149150" lon="-4.7243680">
    <ele>317.0</ele>
   </trkpt>
   <trkpt lat="36.6148900" lon="-4.7245270">
    <ele>316.4</ele>
   </trkpt>
   <trkpt lat="36.6148770" lon="-4.7246850">
    <ele>315.8</ele>
   </trkpt>
   <trkpt lat="36.6148760" lon="-4.7248370">
    <ele>315.2</ele>
   </trkpt>
   <trkpt lat="36.6148930" lon="-4.7249950">
    <ele>314.6</ele>
   </trkpt>
   <trkpt lat="36.6149180" lon="-4.7251450">
    <ele>314.0</ele>
   </trkpt>
   <trkpt lat="36.6149580" lon="-4.7252890">
    <ele>313.6</ele>
   </trkpt>
   <trkpt lat="36.6150070" lon="-4.7254250">
    <ele>313.4</ele>
   </trkpt>
   <trkpt lat="36.6150680" lon="-4.7255550">
    <ele>313.2</ele>
   </trkpt>
   <trkpt lat="36.6151330" lon="-4.7256630">
    <ele>313.2</ele>
   </trkpt>
   <trkpt lat="36.6152100" lon="-4.7257690">
    <ele>313.0</ele>
   </trkpt>
   <trkpt lat="36.6152860" lon="-4.7258590">
    <ele>313.0</ele>
   </trkpt>
   <trkpt lat="36.6153640" lon="-4.7259360">
    <ele>313.2</ele>
   </trkpt>
   <trkpt lat="36.6154510" lon="-4.7260070">
    <ele>313.4</ele>
   </trkpt>
   <trkpt lat="36.6155340" lon="-4.7260700">
    <ele>313.8</ele>
   </trkpt>
   <trkpt lat="36.6156120" lon="-4.7261260">
    <ele>314.2</ele>
   </trkpt>
   <trkpt lat="36.6156910" lon="-4.7261810">
    <ele>314.6</ele>
   </trkpt>
   <trkpt lat="36.6157730" lon="-4.7262330">
    <ele>315.2</ele>
   </trkpt>
   <trkpt lat="36.6158370" lon="-4.7262760">
    <ele>315.4</ele>
   </trkpt>
   <trkpt lat="36.6159050" lon="-4.7263240">
    <ele>315.8</ele>
   </trkpt>
   <trkpt lat="36.6159740" lon="-4.7263700">
    <ele>316.0</ele>
   </trkpt>
   <trkpt lat="36.6160370" lon="-4.7264100">
    <ele>316.2</ele>
   </trkpt>
   <trkpt lat="36.6160970" lon="-4.7264500">
    <ele>316.8</ele>
   </trkpt>
   <trkpt lat="36.6161610" lon="-4.7264920">
    <ele>317.4</ele>
   </trkpt>
   <trkpt lat="36.6162210" lon="-4.7265290">
    <ele>317.8</ele>
   </trkpt>
   <trkpt lat="36.6162800" lon="-4.7265670">
    <ele>318.2</ele>
   </trkpt>
   <trkpt lat="36.6163380" lon="-4.7266070">
    <ele>318.6</ele>
   </trkpt>
   <trkpt lat="36.6163900" lon="-4.7266430">
    <ele>319.2</ele>
   </trkpt>
   <trkpt lat="36.6164470" lon="-4.7266810">
    <ele>319.6</ele>
   </trkpt>
   <trkpt lat="36.6165040" lon="-4.7267170">
    <ele>320.0</ele>
   </trkpt>
   <trkpt lat="36.6165620" lon="-4.7267500">
    <ele>320.4</ele>
   </trkpt>
   <trkpt lat="36.6166170" lon="-4.7267860">
    <ele>320.8</ele>
   </trkpt>
   <trkpt lat="36.6166690" lon="-4.7268240">
    <ele>321.0</ele>
   </trkpt>
   <trkpt lat="36.6167220" lon="-4.7268590">
    <ele>321.6</ele>
   </trkpt>
   <trkpt lat="36.6167760" lon="-4.7268920">
    <ele>321.8</ele>
   </trkpt>
   <trkpt lat="36.6168300" lon="-4.7269290">
    <ele>322.0</ele>
   </trkpt>
   <trkpt lat="36.6168800" lon="-4.7269620">
    <ele>322.4</ele>
   </trkpt>
   <trkpt lat="36.6169360" lon="-4.7269970">
    <ele>322.6</ele>
   </trkpt>
   <trkpt lat="36.6169840" lon="-4.7270300">
    <ele>323.0</ele>
   </trkpt>
   <trkpt lat="36.6170370" lon="-4.7270640">
    <ele>323.2</ele>
   </trkpt>
   <trkpt lat="36.6170890" lon="-4.7270970">
    <ele>323.6</ele>
   </trkpt>
   <trkpt lat="36.6171390" lon="-4.7271310">
    <ele>323.8</ele>
   </trkpt>
   <trkpt lat="36.6171860" lon="-4.7271620">
    <ele>324.0</ele>
   </trkpt>
   <trkpt lat="36.6172370" lon="-4.7271930">
    <ele>324.4</ele>
   </trkpt>
   <trkpt lat="36.6172880" lon="-4.7272270">
    <ele>325.0</ele>
   </trkpt>
   <trkpt lat="36.6173340" lon="-4.7272600">
    <ele>325.4</ele>
   </trkpt>
   <trkpt lat="36.6173830" lon="-4.7272900">
    <ele>325.8</ele>
   </trkpt>
   <trkpt lat="36.6174300" lon="-4.7273270">
    <ele>326.0</ele>
   </trkpt>
   <trkpt lat="36.6174750" lon="-4.7273640">
    <ele>326.0</ele>
   </trkpt>
   <trkpt lat="36.6175220" lon="-4.7273990">
    <ele>326.2</ele>
   </trkpt>
   <trkpt lat="36.6175680" lon="-4.7274290">
    <ele>326.4</ele>
   </trkpt>
   <trkpt lat="36.6176160" lon="-4.7274650">
    <ele>326.6</ele>
   </trkpt>
   <trkpt lat="36.6176610" lon="-4.7275000">
    <ele>326.8</ele>
   </trkpt>
   <trkpt lat="36.6177040" lon="-4.7275330">
    <ele>327.0</ele>
   </trkpt>
   <trkpt lat="36.6177470" lon="-4.7275690">
    <ele>327.2</ele>
   </trkpt>
   <trkpt lat="36.6177930" lon="-4.7276130">
    <ele>327.8</ele>
   </trkpt>
   <trkpt lat="36.6178380" lon="-4.7276580">
    <ele>328.0</ele>
   </trkpt>
   <trkpt lat="36.6178800" lon="-4.7277040">
    <ele>328.4</ele>
   </trkpt>
   <trkpt lat="36.6179250" lon="-4.7277500">
    <ele>328.8</ele>
   </trkpt>
   <trkpt lat="36.6179720" lon="-4.7277970">
    <ele>329.0</ele>
   </trkpt>
   <trkpt lat="36.6180170" lon="-4.7278420">
    <ele>329.2</ele>
   </trkpt>
   <trkpt lat="36.6180610" lon="-4.7278950">
    <ele>329.2</ele>
   </trkpt>
   <trkpt lat="36.6181010" lon="-4.7279460">
    <ele>329.2</ele>
   </trkpt>
   <trkpt lat="36.6181430" lon="-4.7280010">
    <ele>329.2</ele>
   </trkpt>
   <trkpt lat="36.6181850" lon="-4.7280580">
    <ele>329.4</ele>
   </trkpt>
   <trkpt lat="36.6182280" lon="-4.7281170">
    <ele>329.4</ele>
   </trkpt>
   <trkpt lat="36.6182650" lon="-4.7281740">
    <ele>329.4</ele>
   </trkpt>
   <trkpt lat="36.6183070" lon="-4.7282390">
    <ele>329.4</ele>
   </trkpt>
   <trkpt lat="36.6183460" lon="-4.7283060">
    <ele>329.6</ele>
   </trkpt>
   <trkpt lat="36.6183830" lon="-4.7283760">
    <ele>329.8</ele>
   </trkpt>
   <trkpt lat="36.6184210" lon="-4.7284480">
    <ele>329.8</ele>
   </trkpt>
   <trkpt lat="36.6184560" lon="-4.7285240">
    <ele>329.6</ele>
   </trkpt>
   <trkpt lat="36.6184910" lon="-4.7285960">
    <ele>329.6</ele>
   </trkpt>
   <trkpt lat="36.6185300" lon="-4.7286770">
    <ele>329.6</ele>
   </trkpt>
   <trkpt lat="36.6185700" lon="-4.7287600">
    <ele>329.6</ele>
   </trkpt>
   <trkpt lat="36.6186090" lon="-4.7288440">
    <ele>329.4</ele>
   </trkpt>
   <trkpt lat="36.6186440" lon="-4.7289320">
    <ele>329.2</ele>
   </trkpt>
   <trkpt lat="36.6186860" lon="-4.7290220">
    <ele>328.8</ele>
   </trkpt>
   <trkpt lat="36.6187270" lon="-4.7291080">
    <ele>328.8</ele>
   </trkpt>
   <trkpt lat="36.6187690" lon="-4.7291990">
    <ele>328.4</ele>
   </trkpt>
   <trkpt lat="36.6188150" lon="-4.7292900">
    <ele>328.2</ele>
   </trkpt>
   <trkpt lat="36.6188600" lon="-4.7293790">
    <ele>328.6</ele>
   </trkpt>
   <trkpt lat="36.6189080" lon="-4.7294690">
    <ele>328.8</ele>
   </trkpt>
   <trkpt lat="36.6189620" lon="-4.7295620">
    <ele>328.8</ele>
   </trkpt>
   <trkpt lat="36.6190170" lon="-4.7296490">
    <ele>328.2</ele>
   </trkpt>
   <trkpt lat="36.6190790" lon="-4.7297410">
    <ele>327.8</ele>
   </trkpt>
   <trkpt lat="36.6191400" lon="-4.7298280">
    <ele>327.4</ele>
   </trkpt>
   <trkpt lat="36.6192080" lon="-4.7299090">
    <ele>327.4</ele>
   </trkpt>
   <trkpt lat="36.6192800" lon="-4.7299910">
    <ele>327.4</ele>
   </trkpt>
   <trkpt lat="36.6193530" lon="-4.7300720">
    <ele>327.4</ele>
   </trkpt>
   <trkpt lat="36.6194250" lon="-4.7301470">
    <ele>327.0</ele>
   </trkpt>
   <trkpt lat="36.6195050" lon="-4.7302280">
    <ele>326.6</ele>
   </trkpt>
   <trkpt lat="36.6195850" lon="-4.7303040">
    <ele>326.2</ele>
   </trkpt>
   <trkpt lat="36.6196610" lon="-4.7303800">
    <ele>326.0</ele>
   </trkpt>
   <trkpt lat="36.6197410" lon="-4.7304580">
    <ele>325.4</ele>
   </trkpt>
   <trkpt lat="36.6198240" lon="-4.7305360">
    <ele>324.8</ele>
   </trkpt>
   <trkpt lat="36.6199010" lon="-4.7306100">
    <ele>324.2</ele>
   </trkpt>
   <trkpt lat="36.6199800" lon="-4.7306890">
    <ele>323.8</ele>
   </trkpt>
   <trkpt lat="36.6200520" lon="-4.7307630">
    <ele>323.8</ele>
   </trkpt>
   <trkpt lat="36.6201270" lon="-4.7308360">
    <ele>323.8</ele>
   </trkpt>
   <trkpt lat="36.6201970" lon="-4.7309040">
    <ele>323.4</ele>
   </trkpt>
   <trkpt lat="36.6202760" lon="-4.7309770">
    <ele>323.6</ele>
   </trkpt>
   <trkpt lat="36.6203430" lon="-4.7310440">
    <ele>323.6</ele>
   </trkpt>
   <trkpt lat="36.6204220" lon="-4.7311160">
    <ele>323.8</ele>
   </trkpt>
   <trkpt lat="36.6204900" lon="-4.7311840">
    <ele>323.6</ele>
   </trkpt>
   <trkpt lat="36.6205610" lon="-4.7312500">
    <ele>323.4</ele>
   </trkpt>
   <trkpt lat="36.6206270" lon="-4.7313170">
    <ele>323.4</ele>
   </trkpt>
   <trkpt lat="36.6206940" lon="-4.7313850">
    <ele>323.6</ele>
   </trkpt>
   <trkpt lat="36.6207550" lon="-4.7314440">
    <ele>324.2</ele>
   </trkpt>
   <trkpt lat="36.6208200" lon="-4.7315100">
    <ele>324.6</ele>
   </trkpt>
   <trkpt lat="36.6208810" lon="-4.7315680">
    <ele>324.8</ele>
   </trkpt>
   <trkpt lat="36.6209380" lon="-4.7316290">
    <ele>325.2</ele>
   </trkpt>
   <trkpt lat="36.6209910" lon="-4.7316880">
    <ele>325.4</ele>
   </trkpt>
   <trkpt lat="36.6210520" lon="-4.7317540">
    <ele>325.6</ele>
   </trkpt>
   <trkpt lat="36.6211050" lon="-4.7318130">
    <ele>325.8</ele>
   </trkpt>
   <trkpt lat="36.6211560" lon="-4.7318770">
    <ele>326.0</ele>
   </trkpt>
   <trkpt lat="36.6212100" lon="-4.7319390">
    <ele>326.2</ele>
   </trkpt>
   <trkpt lat="36.6212540" lon="-4.7320010">
    <ele>326.4</ele>
   </trkpt>
   <trkpt lat="36.6213070" lon="-4.7320640">
    <ele>326.6</ele>
   </trkpt>
   <trkpt lat="36.6213550" lon="-4.7321290">
    <ele>326.8</ele>
   </trkpt>
   <trkpt lat="36.6214000" lon="-4.7321930">
    <ele>327.0</ele>
   </trkpt>
   <trkpt lat="36.6214470" lon="-4.7322610">
    <ele>327.4</ele>
   </trkpt>
   <trkpt lat="36.6214920" lon="-4.7323280">
    <ele>327.6</ele>
   </trkpt>
   <trkpt lat="36.6215350" lon="-4.7323960">
    <ele>328.0</ele>
   </trkpt>
   <trkpt lat="36.6215800" lon="-4.7324650">
    <ele>328.2</ele>
   </trkpt>
   <trkpt lat="36.6216240" lon="-4.7325390">
    <ele>328.4</ele>
   </trkpt>
   <trkpt lat="36.6216630" lon="-4.7326080">
    <ele>328.4</ele>
   </trkpt>
   <trkpt lat="36.6217070" lon="-4.7326850">
    <ele>328.4</ele>
   </trkpt>
   <trkpt lat="36.6217450" lon="-4.7327570">
    <ele>328.4</ele>
   </trkpt>
   <trkpt lat="36.6217860" lon="-4.7328330">
    <ele>328.2</ele>
   </trkpt>
   <trkpt lat="36.6218250" lon="-4.7329090">
    <ele>328.4</ele>
   </trkpt>
   <trkpt lat="36.6218630" lon="-4.7329840">
    <ele>328.6</ele>
   </trkpt>
   <trkpt lat="36.6218950" lon="-4.7330560">
    <ele>328.8</ele>
   </trkpt>
   <trkpt lat="36.6219320" lon="-4.7331370">
    <ele>329.0</ele>
   </trkpt>
   <trkpt lat="36.6219700" lon="-4.7332200">
    <ele>329.0</ele>
   </trkpt>
   <trkpt lat="36.6220040" lon="-4.7332960">
    <ele>329.2</ele>
   </trkpt>
   <trkpt lat="36.6220350" lon="-4.7333720">
    <ele>329.8</ele>
   </trkpt>
   <trkpt lat="36.6220670" lon="-4.7334540">
    <ele>330.2</ele>
   </trkpt>
   <trkpt lat="36.6220970" lon="-4.7335270">
    <ele>330.6</ele>
   </trkpt>
   <trkpt lat="36.6221280" lon="-4.7336060">
    <ele>330.8</ele>
   </trkpt>
   <trkpt lat="36.6221580" lon="-4.7336830">
    <ele>330.8</ele>
   </trkpt>
   <trkpt lat="36.6221810" lon="-4.7337620">
    <ele>330.8</ele>
   </trkpt>
   <trkpt lat="36.6222070" lon="-4.7338410">
    <ele>331.0</ele>
   </trkpt>
   <trkpt lat="36.6222350" lon="-4.7339230">
    <ele>331.2</ele>
   </trkpt>
   <trkpt lat="36.6222570" lon="-4.7339980">
    <ele>331.2</ele>
   </trkpt>
   <trkpt lat="36.6222830" lon="-4.7340790">
    <ele>331.2</ele>
   </trkpt>
   <trkpt lat="36.6223110" lon="-4.7341630">
    <ele>331.4</ele>
   </trkpt>
   <trkpt lat="36.6223380" lon="-4.7342450">
    <ele>331.6</ele>
   </trkpt>
   <trkpt lat="36.6223610" lon="-4.7343220">
    <ele>331.8</ele>
   </trkpt>
   <trkpt lat="36.6223840" lon="-4.7344060">
    <ele>332.0</ele>
   </trkpt>
   <trkpt lat="36.6224100" lon="-4.7344840">
    <ele>332.2</ele>
   </trkpt>
   <trkpt lat="36.6224340" lon="-4.7345650">
    <ele>332.6</ele>
   </trkpt>
   <trkpt lat="36.6224600" lon="-4.7346440">
    <ele>332.8</ele>
   </trkpt>
   <trkpt lat="36.6224900" lon="-4.7347260">
    <ele>333.0</ele>
   </trkpt>
   <trkpt lat="36.6225170" lon="-4.7348050">
    <ele>333.2</ele>
   </trkpt>
   <trkpt lat="36.6225480" lon="-4.7348860">
    <ele>333.4</ele>
   </trkpt>
   <trkpt lat="36.6225770" lon="-4.7349580">
    <ele>333.6</ele>
   </trkpt>
   <trkpt lat="36.6226120" lon="-4.7350390">
    <ele>333.8</ele>
   </trkpt>
   <trkpt lat="36.6226410" lon="-4.7351090">
    <ele>334.2</ele>
   </trkpt>
   <trkpt lat="36.6226750" lon="-4.7351860">
    <ele>334.4</ele>
   </trkpt>
   <trkpt lat="36.6227120" lon="-4.7352580">
    <ele>334.6</ele>
   </trkpt>
   <trkpt lat="36.6227500" lon="-4.7353320">
    <ele>334.6</ele>
   </trkpt>
   <trkpt lat="36.6227890" lon="-4.7354000">
    <ele>334.8</ele>
   </trkpt>
   <trkpt lat="36.6228320" lon="-4.7354730">
    <ele>335.0</ele>
   </trkpt>
   <trkpt lat="36.6228770" lon="-4.7355490">
    <ele>335.4</ele>
   </trkpt>
   <trkpt lat="36.6229210" lon="-4.7356200">
    <ele>335.6</ele>
   </trkpt>
   <trkpt lat="36.6229700" lon="-4.7356920">
    <ele>335.8</ele>
   </trkpt>
   <trkpt lat="36.6230210" lon="-4.7357640">
    <ele>336.0</ele>
   </trkpt>
   <trkpt lat="36.6230690" lon="-4.7358310">
    <ele>336.0</ele>
   </trkpt>
   <trkpt lat="36.6231250" lon="-4.7359010">
    <ele>336.2</ele>
   </trkpt>
   <trkpt lat="36.6231840" lon="-4.7359720">
    <ele>336.0</ele>
   </trkpt>
   <trkpt lat="36.6232450" lon="-4.7360390">
    <ele>336.0</ele>
   </trkpt>
   <trkpt lat="36.6233080" lon="-4.7361050">
    <ele>335.8</ele>
   </trkpt>
   <trkpt lat="36.6233740" lon="-4.7361720">
    <ele>335.4</ele>
   </trkpt>
   <trkpt lat="36.6234360" lon="-4.7362320">
    <ele>335.4</ele>
   </trkpt>
   <trkpt lat="36.6235060" lon="-4.7362960">
    <ele>335.2</ele>
   </trkpt>
   <trkpt lat="36.6235780" lon="-4.7363560">
    <ele>335.2</ele>
   </trkpt>
   <trkpt lat="36.6236470" lon="-4.7364120">
    <ele>335.2</ele>
   </trkpt>
   <trkpt lat="36.6237220" lon="-4.7364680">
    <ele>334.8</ele>
   </trkpt>
   <trkpt lat="36.6237960" lon="-4.7365210">
    <ele>334.6</ele>
   </trkpt>
   <trkpt lat="36.6238620" lon="-4.7365650">
    <ele>334.2</ele>
   </trkpt>
   <trkpt lat="36.6239380" lon="-4.7366080">
    <ele>334.2</ele>
   </trkpt>
   <trkpt lat="36.6240170" lon="-4.7366520">
    <ele>334.2</ele>
   </trkpt>
   <trkpt lat="36.6240920" lon="-4.7366940">
    <ele>334.0</ele>
   </trkpt>
   <trkpt lat="36.6241690" lon="-4.7367320">
    <ele>334.0</ele>
   </trkpt>
   <trkpt lat="36.6242510" lon="-4.7367660">
    <ele>334.0</ele>
   </trkpt>
   <trkpt lat="36.6243290" lon="-4.7367960">
    <ele>334.0</ele>
   </trkpt>
   <trkpt lat="36.6244120" lon="-4.7368270">
    <ele>334.0</ele>
   </trkpt>
   <trkpt lat="36.6244940" lon="-4.7368530">
    <ele>333.8</ele>
   </trkpt>
   <trkpt lat="36.6245770" lon="-4.7368770">
    <ele>333.2</ele>
   </trkpt>
   <trkpt lat="36.6246610" lon="-4.7368970">
    <ele>332.6</ele>
   </trkpt>
   <trkpt lat="36.6247450" lon="-4.7369160">
    <ele>332.6</ele>
   </trkpt>
   <trkpt lat="36.6248230" lon="-4.7369320">
    <ele>332.6</ele>
   </trkpt>
   <trkpt lat="36.6249140" lon="-4.7369480">
    <ele>332.6</ele>
   </trkpt>
   <trkpt lat="36.6250070" lon="-4.7369590">
    <ele>332.4</ele>
   </trkpt>
   <trkpt lat="36.6250970" lon="-4.7369730">
    <ele>332.0</ele>
   </trkpt>
   <trkpt lat="36.6251920" lon="-4.7369910">
    <ele>331.4</ele>
   </trkpt>
   <trkpt lat="36.6252870" lon="-4.7370050">
    <ele>331.0</ele>
   </trkpt>
   <trkpt lat="36.6253780" lon="-4.7370150">
    <ele>330.2</ele>
   </trkpt>
   <trkpt lat="36.6254790" lon="-4.7370280">
    <ele>329.4</ele>
   </trkpt>
   <trkpt lat="36.6255790" lon="-4.7370420">
    <ele>328.8</ele>
   </trkpt>
   <trkpt lat="36.6256750" lon="-4.7370580">
    <ele>328.4</ele>
   </trkpt>
   <trkpt lat="36.6257740" lon="-4.7370760">
    <ele>327.8</ele>
   </trkpt>
   <trkpt lat="36.6258790" lon="-4.7371060">
    <ele>327.2</ele>
   </trkpt>
   <trkpt lat="36.6259830" lon="-4.7371370">
    <ele>326.6</ele>
   </trkpt>
   <trkpt lat="36.6260880" lon="-4.7371750">
    <ele>326.0</ele>
   </trkpt>
   <trkpt lat="36.6261940" lon="-4.7372160">
    <ele>325.6</ele>
   </trkpt>
   <trkpt lat="36.6263000" lon="-4.7372640">
    <ele>325.2</ele>
   </trkpt>
   <trkpt lat="36.6264100" lon="-4.7373210">
    <ele>324.4</ele>
   </trkpt>
   <trkpt lat="36.6265180" lon="-4.7373840">
    <ele>323.4</ele>
   </trkpt>
   <trkpt lat="36.6266200" lon="-4.7374460">
    <ele>322.4</ele>
   </trkpt>
   <trkpt lat="36.6267330" lon="-4.7375210">
    <ele>321.6</ele>
   </trkpt>
   <trkpt lat="36.6268390" lon="-4.7375930">
    <ele>321.0</ele>
   </trkpt>
   <trkpt lat="36.6269480" lon="-4.7376730">
    <ele>320.2</ele>
   </trkpt>
   <trkpt lat="36.6270530" lon="-4.7377540">
    <ele>319.2</ele>
   </trkpt>
   <trkpt lat="36.6271650" lon="-4.7378480">
    <ele>318.4</ele>
   </trkpt>
   <trkpt lat="36.6272610" lon="-4.7379360">
    <ele>317.4</ele>
   </trkpt>
   <trkpt lat="36.6273630" lon="-4.7380340">
    <ele>316.4</ele>
   </trkpt>
   <trkpt lat="36.6274680" lon="-4.7381360">
    <ele>315.8</ele>
   </trkpt>
   <trkpt lat="36.6275710" lon="-4.7382340">
    <ele>315.4</ele>
   </trkpt>
   <trkpt lat="36.6276770" lon="-4.7383290">
    <ele>315.0</ele>
   </trkpt>
   <trkpt lat="36.6277870" lon="-4.7384200">
    <ele>314.4</ele>
   </trkpt>
   <trkpt lat="36.6278980" lon="-4.7384970">
    <ele>314.0</ele>
   </trkpt>
   <trkpt lat="36.6280280" lon="-4.7385680">
    <ele>313.4</ele>
   </trkpt>
   <trkpt lat="36.6281510" lon="-4.7386200">
    <ele>312.6</ele>
   </trkpt>
   <trkpt lat="36.6282810" lon="-4.7386570">
    <ele>311.8</ele>
   </trkpt>
   <trkpt lat="36.6284080" lon="-4.7386740">
    <ele>311.4</ele>
   </trkpt>
   <trkpt lat="36.6285360" lon="-4.7386840">
    <ele>311.2</ele>
   </trkpt>
   <trkpt lat="36.6286520" lon="-4.7386910">
    <ele>311.2</ele>
   </trkpt>
   <trkpt lat="36.6287740" lon="-4.7386960">
    <ele>311.0</ele>
   </trkpt>
   <trkpt lat="36.6288850" lon="-4.7387020">
    <ele>311.2</ele>
   </trkpt>
   <trkpt lat="36.6290010" lon="-4.7387110">
    <ele>311.4</ele>
   </trkpt>
   <trkpt lat="36.6291020" lon="-4.7387230">
    <ele>311.2</ele>
   </trkpt>
   <trkpt lat="36.6292100" lon="-4.7387370">
    <ele>311.4</ele>
   </trkpt>
   <trkpt lat="36.6292990" lon="-4.7387560">
    <ele>311.8</ele>
   </trkpt>
   <trkpt lat="36.6293890" lon="-4.7387820">
    <ele>312.0</ele>
   </trkpt>
   <trkpt lat="36.6294790" lon="-4.7388090">
    <ele>312.4</ele>
   </trkpt>
   <trkpt lat="36.6295730" lon="-4.7388420">
    <ele>312.6</ele>
   </trkpt>
   <trkpt lat="36.6296560" lon="-4.7388750">
    <ele>313.0</ele>
   </trkpt>
   <trkpt lat="36.6297380" lon="-4.7389100">
    <ele>313.4</ele>
   </trkpt>
   <trkpt lat="36.6298120" lon="-4.7389490">
    <ele>313.8</ele>
   </trkpt>
   <trkpt lat="36.6298920" lon="-4.7389970">
    <ele>313.8</ele>
   </trkpt>
   <trkpt lat="36.6299670" lon="-4.7390450">
    <ele>313.8</ele>
   </trkpt>
   <trkpt lat="36.6300400" lon="-4.7390940">
    <ele>314.2</ele>
   </trkpt>
   <trkpt lat="36.6301110" lon="-4.7391460">
    <ele>314.4</ele>
   </trkpt>
   <trkpt lat="36.6301800" lon="-4.7392060">
    <ele>314.6</ele>
   </trkpt>
   <trkpt lat="36.6302400" lon="-4.7392650">
    <ele>314.8</ele>
   </trkpt>
   <trkpt lat="36.6303060" lon="-4.7393260">
    <ele>315.2</ele>
   </trkpt>
   <trkpt lat="36.6303640" lon="-4.7393900">
    <ele>315.4</ele>
   </trkpt>
   <trkpt lat="36.6304200" lon="-4.7394570">
    <ele>315.6</ele>
   </trkpt>
   <trkpt lat="36.6304770" lon="-4.7395210">
    <ele>315.6</ele>
   </trkpt>
   <trkpt lat="36.6305320" lon="-4.7395860">
    <ele>315.8</ele>
   </trkpt>
   <trkpt lat="36.6305800" lon="-4.7396470">
    <ele>315.8</ele>
   </trkpt>
   <trkpt lat="36.6306310" lon="-4.7397180">
    <ele>316.0</ele>
   </trkpt>
   <trkpt lat="36.6306840" lon="-4.7397930">
    <ele>316.2</ele>
   </trkpt>
   <trkpt lat="36.6307370" lon="-4.7398620">
    <ele>316.4</ele>
   </trkpt>
   <trkpt lat="36.6307890" lon="-4.7399300">
    <ele>316.6</ele>
   </trkpt>
   <trkpt lat="36.6308450" lon="-4.7400030">
    <ele>316.6</ele>
   </trkpt>
   <trkpt lat="36.6308940" lon="-4.7400750">
    <ele>316.6</ele>
   </trkpt>
   <trkpt lat="36.6309450" lon="-4.7401480">
    <ele>316.8</ele>
   </trkpt>
   <trkpt lat="36.6309980" lon="-4.7402170">
    <ele>316.8</ele>
   </trkpt>
   <trkpt lat="36.6310520" lon="-4.7402820">
    <ele>317.0</ele>
   </trkpt>
   <trkpt lat="36.6311090" lon="-4.7403540">
    <ele>317.2</ele>
   </trkpt>
   <trkpt lat="36.6311610" lon="-4.7404190">
    <ele>317.2</ele>
   </trkpt>
   <trkpt lat="36.6312170" lon="-4.7404810">
    <ele>317.2</ele>
   </trkpt>
   <trkpt lat="36.6312720" lon="-4.7405400">
    <ele>317.4</ele>
   </trkpt>
   <trkpt lat="36.6313290" lon="-4.7405950">
    <ele>317.6</ele>
   </trkpt>
   <trkpt lat="36.6313790" lon="-4.7406430">
    <ele>317.8</ele>
   </trkpt>
   <trkpt lat="36.6314350" lon="-4.7406920">
    <ele>317.8</ele>
   </trkpt>
   <trkpt lat="36.6314930" lon="-4.7407410">
    <ele>318.0</ele>
   </trkpt>
   <trkpt lat="36.6315510" lon="-4.7407880">
    <ele>318.4</ele>
   </trkpt>
   <trkpt lat="36.6316090" lon="-4.7408330">
    <ele>318.6</ele>
   </trkpt>
   <trkpt lat="36.6316710" lon="-4.7408750">
    <ele>318.8</ele>
   </trkpt>
   <trkpt lat="36.6317290" lon="-4.7409110">
    <ele>319.0</ele>
   </trkpt>
   <trkpt lat="36.6317930" lon="-4.7409520">
    <ele>319.2</ele>
   </trkpt>
   <trkpt lat="36.6318530" lon="-4.7409840">
    <ele>319.4</ele>
   </trkpt>
   <trkpt lat="36.6319230" lon="-4.7410190">
    <ele>319.4</ele>
   </trkpt>
   <trkpt lat="36.6319950" lon="-4.7410500">
    <ele>319.2</ele>
   </trkpt>
   <trkpt lat="36.6320660" lon="-4.7410790">
    <ele>319.2</ele>
   </trkpt>
   <trkpt lat="36.6321350" lon="-4.7411030">
    <ele>319.2</ele>
   </trkpt>
   <trkpt lat="36.6322110" lon="-4.7411270">
    <ele>319.0</ele>
   </trkpt>
   <trkpt lat="36.6322870" lon="-4.7411490">
    <ele>318.8</ele>
   </trkpt>
   <trkpt lat="36.6323650" lon="-4.7411700">
    <ele>318.8</ele>
   </trkpt>
   <trkpt lat="36.6324370" lon="-4.7411860">
    <ele>318.6</ele>
   </trkpt>
   <trkpt lat="36.6325160" lon="-4.7412000">
    <ele>318.4</ele>
   </trkpt>
   <trkpt lat="36.6325900" lon="-4.7412090">
    <ele>318.2</ele>
   </trkpt>
   <trkpt lat="36.6326680" lon="-4.7412130">
    <ele>318.4</ele>
   </trkpt>
   <trkpt lat="36.6327430" lon="-4.7412170">
    <ele>318.4</ele>
   </trkpt>
   <trkpt lat="36.6328180" lon="-4.7412210">
    <ele>318.2</ele>
   </trkpt>
   <trkpt lat="36.6328980" lon="-4.7412230">
    <ele>317.8</ele>
   </trkpt>
   <trkpt lat="36.6329800" lon="-4.7412200">
    <ele>317.8</ele>
   </trkpt>
   <trkpt lat="36.6330480" lon="-4.7412190">
    <ele>317.8</ele>
   </trkpt>
   <trkpt lat="36.6331240" lon="-4.7412190">
    <ele>317.8</ele>
   </trkpt>
   <trkpt lat="36.6332000" lon="-4.7412160">
    <ele>317.8</ele>
   </trkpt>
   <trkpt lat="36.6332780" lon="-4.7412170">
    <ele>318.0</ele>
   </trkpt>
   <trkpt lat="36.6333570" lon="-4.7412180">
    <ele>318.2</ele>
   </trkpt>
   <trkpt lat="36.6334290" lon="-4.7412260">
    <ele>318.4</ele>
   </trkpt>
   <trkpt lat="36.6335040" lon="-4.7412340">
    <ele>318.4</ele>
   </trkpt>
   <trkpt lat="36.6335860" lon="-4.7412410">
    <ele>318.4</ele>
   </trkpt>
   <trkpt lat="36.6336620" lon="-4.7412530">
    <ele>318.4</ele>
   </trkpt>
   <trkpt lat="36.6337420" lon="-4.7412700">
    <ele>318.2</ele>
   </trkpt>
   <trkpt lat="36.6338220" lon="-4.7412950">
    <ele>318.0</ele>
   </trkpt>
   <trkpt lat="36.6339020" lon="-4.7413210">
    <ele>317.6</ele>
   </trkpt>
   <trkpt lat="36.6339820" lon="-4.7413560">
    <ele>316.8</ele>
   </trkpt>
   <trkpt lat="36.6340660" lon="-4.7413970">
    <ele>316.4</ele>
   </trkpt>
   <trkpt lat="36.6341430" lon="-4.7414370">
    <ele>316.0</ele>
   </trkpt>
   <trkpt lat="36.6342220" lon="-4.7414850">
    <ele>315.8</ele>
   </trkpt>
   <trkpt lat="36.6343040" lon="-4.7415420">
    <ele>315.4</ele>
   </trkpt>
   <trkpt lat="36.6343800" lon="-4.7416020">
    <ele>315.2</ele>
   </trkpt>
   <trkpt lat="36.6344590" lon="-4.7416690">
    <ele>315.0</ele>
   </trkpt>
   <trkpt lat="36.6345460" lon="-4.7417440">
    <ele>314.6</ele>
   </trkpt>
   <trkpt lat="36.6346250" lon="-4.7418150">
    <ele>314.4</ele>
   </trkpt>
   <trkpt lat="36.6347040" lon="-4.7418850">
    <ele>313.8</ele>
   </trkpt>
   <trkpt lat="36.6347900" lon="-4.7419590">
    <ele>313.2</ele>
   </trkpt>
   <trkpt lat="36.6348770" lon="-4.7420340">
    <ele>312.4</ele>
   </trkpt>
   <trkpt lat="36.6349700" lon="-4.7421030">
    <ele>312.0</ele>
   </trkpt>
   <trkpt lat="36.6350640" lon="-4.7421700">
    <ele>311.2</ele>
   </trkpt>
   <trkpt lat="36.6351530" lon="-4.7422240">
    <ele>310.6</ele>
   </trkpt>
   <trkpt lat="36.6352550" lon="-4.7422690">
    <ele>310.0</ele>
   </trkpt>
   <trkpt lat="36.6353630" lon="-4.7423020">
    <ele>309.6</ele>
   </trkpt>
   <trkpt lat="36.6354720" lon="-4.7423330">
    <ele>309.2</ele>
   </trkpt>
   <trkpt lat="36.6355840" lon="-4.7423510">
    <ele>308.8</ele>
   </trkpt>
   <trkpt lat="36.6356930" lon="-4.7423600">
    <ele>308.4</ele>
   </trkpt>
   <trkpt lat="36.6358080" lon="-4.7423640">
    <ele>308.4</ele>
   </trkpt>
   <trkpt lat="36.6359210" lon="-4.7423660">
    <ele>308.6</ele>
   </trkpt>
   <trkpt lat="36.6360350" lon="-4.7423730">
    <ele>308.6</ele>
   </trkpt>
   <trkpt lat="36.6361490" lon="-4.7423790">
    <ele>308.6</ele>
   </trkpt>
   <trkpt lat="36.6362660" lon="-4.7423930">
    <ele>308.6</ele>
   </trkpt>
   <trkpt lat="36.6363770" lon="-4.7424150">
    <ele>308.4</ele>
   </trkpt>
   <trkpt lat="36.6364870" lon="-4.7424460">
    <ele>308.2</ele>
   </trkpt>
   <trkpt lat="36.6365970" lon="-4.7424840">
    <ele>307.8</ele>
   </trkpt>
   <trkpt lat="36.6367030" lon="-4.7425320">
    <ele>307.4</ele>
   </trkpt>
   <trkpt lat="36.6368090" lon="-4.7425810">
    <ele>307.0</ele>
   </trkpt>
   <trkpt lat="36.6369060" lon="-4.7426370">
    <ele>306.6</ele>
   </trkpt>
   <trkpt lat="36.6370010" lon="-4.7426950">
    <ele>306.0</ele>
   </trkpt>
   <trkpt lat="36.6370970" lon="-4.7427570">
    <ele>305.4</ele>
   </trkpt>
   <trkpt lat="36.6371890" lon="-4.7428140">
    <ele>305.0</ele>
   </trkpt>
   <trkpt lat="36.6372810" lon="-4.7428700">
    <ele>304.8</ele>
   </trkpt>
   <trkpt lat="36.6373720" lon="-4.7429290">
    <ele>304.4</ele>
   </trkpt>
   <trkpt lat="36.6374570" lon="-4.7429860">
    <ele>303.8</ele>
   </trkpt>
   <trkpt lat="36.6375480" lon="-4.7430460">
    <ele>303.0</ele>
   </trkpt>
   <trkpt lat="36.6376370" lon="-4.7431020">
    <ele>302.4</ele>
   </trkpt>
   <trkpt lat="36.6377270" lon="-4.7431570">
    <ele>302.2</ele>
   </trkpt>
   <trkpt lat="36.6378160" lon="-4.7432170">
    <ele>302.0</ele>
   </trkpt>
   <trkpt lat="36.6379030" lon="-4.7432820">
    <ele>301.6</ele>
   </trkpt>
   <trkpt lat="36.6379850" lon="-4.7433480">
    <ele>301.4</ele>
   </trkpt>
   <trkpt lat="36.6380690" lon="-4.7434260">
    <ele>301.2</ele>
   </trkpt>
   <trkpt lat="36.6381540" lon="-4.7435070">
    <ele>301.0</ele>
   </trkpt>
   <trkpt lat="36.6382260" lon="-4.7435780">
    <ele>301.0</ele>
   </trkpt>
   <trkpt lat="36.6383070" lon="-4.7436630">
    <ele>300.8</ele>
   </trkpt>
   <trkpt lat="36.6383910" lon="-4.7437450">
    <ele>300.6</ele>
   </trkpt>
   <trkpt lat="36.6384770" lon="-4.7438250">
    <ele>300.2</ele>
   </trkpt>
   <trkpt lat="36.6385670" lon="-4.7439090">
    <ele>300.0</ele>
   </trkpt>
   <trkpt lat="36.6386580" lon="-4.7439930">
    <ele>299.6</ele>
   </trkpt>
   <trkpt lat="36.6387520" lon="-4.7440660">
    <ele>299.2</ele>
   </trkpt>
   <trkpt lat="36.6388450" lon="-4.7441370">
    <ele>299.2</ele>
   </trkpt>
   <trkpt lat="36.6389460" lon="-4.7441970">
    <ele>299.0</ele>
   </trkpt>
   <trkpt lat="36.6390530" lon="-4.7442450">
    <ele>298.6</ele>
   </trkpt>
   <trkpt lat="36.6391600" lon="-4.7442920">
    <ele>298.2</ele>
   </trkpt>
   <trkpt lat="36.6392630" lon="-4.7443240">
    <ele>297.8</ele>
   </trkpt>
   <trkpt lat="36.6393580" lon="-4.7443460">
    <ele>297.4</ele>
   </trkpt>
   <trkpt lat="36.6394690" lon="-4.7443610">
    <ele>297.2</ele>
   </trkpt>
   <trkpt lat="36.6395870" lon="-4.7443750">
    <ele>297.0</ele>
   </trkpt>
   <trkpt lat="36.6396930" lon="-4.7443810">
    <ele>296.8</ele>
   </trkpt>
   <trkpt lat="36.6398030" lon="-4.7443830">
    <ele>296.6</ele>
   </trkpt>
   <trkpt lat="36.6399150" lon="-4.7443830">
    <ele>296.4</ele>
   </trkpt>
   <trkpt lat="36.6400220" lon="-4.7443860">
    <ele>296.0</ele>
   </trkpt>
   <trkpt lat="36.6401220" lon="-4.7443900">
    <ele>295.4</ele>
   </trkpt>
   <trkpt lat="36.6402190" lon="-4.7443990">
    <ele>295.0</ele>
   </trkpt>
   <trkpt lat="36.6403110" lon="-4.7444110">
    <ele>294.6</ele>
   </trkpt>
   <trkpt lat="36.6404020" lon="-4.7444270">
    <ele>294.4</ele>
   </trkpt>
   <trkpt lat="36.6404920" lon="-4.7444430">
    <ele>294.6</ele>
   </trkpt>
   <trkpt lat="36.6405740" lon="-4.7444650">
    <ele>295.0</ele>
   </trkpt>
   <trkpt lat="36.6406580" lon="-4.7444860">
    <ele>295.2</ele>
   </trkpt>
   <trkpt lat="36.6407410" lon="-4.7445080">
    <ele>295.4</ele>
   </trkpt>
   <trkpt lat="36.6408170" lon="-4.7445280">
    <ele>295.8</ele>
   </trkpt>
   <trkpt lat="36.6408940" lon="-4.7445510">
    <ele>296.2</ele>
   </trkpt>
   <trkpt lat="36.6409630" lon="-4.7445710">
    <ele>296.8</ele>
   </trkpt>
   <trkpt lat="36.6410340" lon="-4.7445910">
    <ele>297.2</ele>
   </trkpt>
   <trkpt lat="36.6411030" lon="-4.7446120">
    <ele>297.8</ele>
   </trkpt>
   <trkpt lat="36.6411720" lon="-4.7446320">
    <ele>298.2</ele>
   </trkpt>
   <trkpt lat="36.6412380" lon="-4.7446520">
    <ele>298.6</ele>
   </trkpt>
   <trkpt lat="36.6413040" lon="-4.7446710">
    <ele>298.8</ele>
   </trkpt>
   <trkpt lat="36.6413600" lon="-4.7446870">
    <ele>299.0</ele>
   </trkpt>
   <trkpt lat="36.6414210" lon="-4.7447060">
    <ele>299.0</ele>
   </trkpt>
   <trkpt lat="36.6414800" lon="-4.7447250">
    <ele>299.2</ele>
   </trkpt>
   <trkpt lat="36.6415360" lon="-4.7447410">
    <ele>299.6</ele>
   </trkpt>
   <trkpt lat="36.6415940" lon="-4.7447580">
    <ele>300.0</ele>
   </trkpt>
   <trkpt lat="36.6416520" lon="-4.7447760">
    <ele>300.4</ele>
   </trkpt>
   <trkpt lat="36.6417120" lon="-4.7447930">
    <ele>300.6</ele>
   </trkpt>
   <trkpt lat="36.6417700" lon="-4.7448140">
    <ele>301.0</ele>
   </trkpt>
   <trkpt lat="36.6418310" lon="-4.7448330">
    <ele>301.2</ele>
   </trkpt>
   <trkpt lat="36.6418900" lon="-4.7448510">
    <ele>301.2</ele>
   </trkpt>
   <trkpt lat="36.6419540" lon="-4.7448680">
    <ele>301.2</ele>
   </trkpt>
   <trkpt lat="36.6420200" lon="-4.7448870">
    <ele>301.0</ele>
   </trkpt>
   <trkpt lat="36.6420870" lon="-4.7449080">
    <ele>301.0</ele>
   </trkpt>
   <trkpt lat="36.6421570" lon="-4.7449330">
    <ele>300.8</ele>
   </trkpt>
   <trkpt lat="36.6422280" lon="-4.7449580">
    <ele>300.6</ele>
   </trkpt>
   <trkpt lat="36.6423020" lon="-4.7449890">
    <ele>300.4</ele>
   </trkpt>
   <trkpt lat="36.6423790" lon="-4.7450290">
    <ele>300.2</ele>
   </trkpt>
   <trkpt lat="36.6424580" lon="-4.7450700">
    <ele>300.0</ele>
   </trkpt>
   <trkpt lat="36.6425390" lon="-4.7451130">
    <ele>299.4</ele>
   </trkpt>
   <trkpt lat="36.6426160" lon="-4.7451610">
    <ele>298.6</ele>
   </trkpt>
   <trkpt lat="36.6427000" lon="-4.7452190">
    <ele>297.6</ele>
   </trkpt>
   <trkpt lat="36.6427850" lon="-4.7452790">
    <ele>297.0</ele>
   </trkpt>
   <trkpt lat="36.6428640" lon="-4.7453430">
    <ele>296.4</ele>
   </trkpt>
   <trkpt lat="36.6429440" lon="-4.7454190">
    <ele>295.8</ele>
   </trkpt>
   <trkpt lat="36.6430180" lon="-4.7454920">
    <ele>295.4</ele>
   </trkpt>
   <trkpt lat="36.6430840" lon="-4.7455720">
    <ele>295.0</ele>
   </trkpt>
   <trkpt lat="36.6431540" lon="-4.7456540">
    <ele>294.6</ele>
   </trkpt>
   <trkpt lat="36.6432130" lon="-4.7457290">
    <ele>294.4</ele>
   </trkpt>
   <trkpt lat="36.6432710" lon="-4.7458050">
    <ele>294.0</ele>
   </trkpt>
   <trkpt lat="36.6433300" lon="-4.7458800">
    <ele>293.6</ele>
   </trkpt>
   <trkpt lat="36.6433830" lon="-4.7459510">
    <ele>293.6</ele>
   </trkpt>
   <trkpt lat="36.6434330" lon="-4.7460180">
    <ele>294.0</ele>
   </trkpt>
   <trkpt lat="36.6434690" lon="-4.7460990">
    <ele>294.4</ele>
   </trkpt>
   <trkpt lat="36.6435010" lon="-4.7461850">
    <ele>294.8</ele>
   </trkpt>
   <trkpt lat="36.6435150" lon="-4.7462710">
    <ele>295.4</ele>
   </trkpt>
   <trkpt lat="36.6435060" lon="-4.7463620">
    <ele>296.0</ele>
   </trkpt>
   <trkpt lat="36.6434690" lon="-4.7464380">
    <ele>296.4</ele>
   </trkpt>
   <trkpt lat="36.6434080" lon="-4.7465020">
    <ele>296.4</ele>
   </trkpt>
   <trkpt lat="36.6433320" lon="-4.7465570">
    <ele>296.4</ele>
   </trkpt>
   <trkpt lat="36.6432560" lon="-4.7466030">
    <ele>296.2</ele>
   </trkpt>
   <trkpt lat="36.6431710" lon="-4.7466570">
    <ele>296.0</ele>
   </trkpt>
   <trkpt lat="36.6430730" lon="-4.7467170">
    <ele>295.4</ele>
   </trkpt>
   <trkpt lat="36.6429840" lon="-4.7467770">
    <ele>295.2</ele>
   </trkpt>
   <trkpt lat="36.6428900" lon="-4.7468380">
    <ele>294.8</ele>
   </trkpt>
   <trkpt lat="36.6427870" lon="-4.7469060">
    <ele>294.4</ele>
   </trkpt>
   <trkpt lat="36.6426820" lon="-4.7469760">
    <ele>293.8</ele>
   </trkpt>
   <trkpt lat="36.6425740" lon="-4.7470490">
    <ele>293.0</ele>
   </trkpt>
   <trkpt lat="36.6424590" lon="-4.7471340">
    <ele>292.2</ele>
   </trkpt>
   <trkpt lat="36.6423550" lon="-4.7472110">
    <ele>291.6</ele>
   </trkpt>
   <trkpt lat="36.6422500" lon="-4.7472890">
    <ele>291.4</ele>
   </trkpt>
   <trkpt lat="36.6421440" lon="-4.7473840">
    <ele>291.6</ele>
   </trkpt>
   <trkpt lat="36.6420370" lon="-4.7474820">
    <ele>291.8</ele>
   </trkpt>
   <trkpt lat="36.6419420" lon="-4.7475760">
    <ele>291.8</ele>
   </trkpt>
   <trkpt lat="36.6418460" lon="-4.7476750">
    <ele>291.6</ele>
   </trkpt>
   <trkpt lat="36.6417590" lon="-4.7477640">
    <ele>291.2</ele>
   </trkpt>
   <trkpt lat="36.6416770" lon="-4.7478500">
    <ele>291.0</ele>
   </trkpt>
   <trkpt lat="36.6415930" lon="-4.7479440">
    <ele>291.0</ele>
   </trkpt>
   <trkpt lat="36.6415080" lon="-4.7480400">
    <ele>291.0</ele>
   </trkpt>
   <trkpt lat="36.6414270" lon="-4.7481340">
    <ele>291.2</ele>
   </trkpt>
   <trkpt lat="36.6413510" lon="-4.7482250">
    <ele>291.6</ele>
   </trkpt>
   <trkpt lat="36.6412760" lon="-4.7483210">
    <ele>292.0</ele>
   </trkpt>
   <trkpt lat="36.6412040" lon="-4.7484200">
    <ele>292.2</ele>
   </trkpt>
   <trkpt lat="36.6411410" lon="-4.7485110">
    <ele>292.4</ele>
   </trkpt>
   <trkpt lat="36.6410730" lon="-4.7486020">
    <ele>292.2</ele>
   </trkpt>
   <trkpt lat="36.6410100" lon="-4.7486930">
    <ele>292.2</ele>
   </trkpt>
   <trkpt lat="36.6409510" lon="-4.7487810">
    <ele>292.2</ele>
   </trkpt>
   <trkpt lat="36.6408910" lon="-4.7488770">
    <ele>292.4</ele>
   </trkpt>
   <trkpt lat="36.6408370" lon="-4.7489630">
    <ele>292.6</ele>
   </trkpt>
   <trkpt lat="36.6407770" lon="-4.7490540">
    <ele>292.8</ele>
   </trkpt>
   <trkpt lat="36.6407230" lon="-4.7491430">
    <ele>292.8</ele>
   </trkpt>
   <trkpt lat="36.6406720" lon="-4.7492270">
    <ele>293.0</ele>
   </trkpt>
   <trkpt lat="36.6406210" lon="-4.7493160">
    <ele>293.2</ele>
   </trkpt>
   <trkpt lat="36.6405640" lon="-4.7494090">
    <ele>293.4</ele>
   </trkpt>
   <trkpt lat="36.6405210" lon="-4.7494900">
    <ele>293.6</ele>
   </trkpt>
   <trkpt lat="36.6404730" lon="-4.7495760">
    <ele>293.8</ele>
   </trkpt>
   <trkpt lat="36.6404280" lon="-4.7496580">
    <ele>294.6</ele>
   </trkpt>
   <trkpt lat="36.6403850" lon="-4.7497390">
    <ele>295.2</ele>
   </trkpt>
   <trkpt lat="36.6403340" lon="-4.7498320">
    <ele>295.6</ele>
   </trkpt>
   <trkpt lat="36.6402850" lon="-4.7499220">
    <ele>296.2</ele>
   </trkpt>
   <trkpt lat="36.6402470" lon="-4.7499980">
    <ele>296.6</ele>
   </trkpt>
   <trkpt lat="36.6402000" lon="-4.7500840">
    <ele>297.0</ele>
   </trkpt>
   <trkpt lat="36.6401520" lon="-4.7501710">
    <ele>297.4</ele>
   </trkpt>
   <trkpt lat="36.6401120" lon="-4.7502500">
    <ele>297.8</ele>
   </trkpt>
   <trkpt lat="36.6400700" lon="-4.7503340">
    <ele>298.0</ele>
   </trkpt>
   <trkpt lat="36.6400240" lon="-4.7504260">
    <ele>298.2</ele>
   </trkpt>
   <trkpt lat="36.6399870" lon="-4.7505020">
    <ele>298.4</ele>
   </trkpt>
   <trkpt lat="36.6399440" lon="-4.7505900">
    <ele>298.4</ele>
   </trkpt>
   <trkpt lat="36.6399020" lon="-4.7506850">
    <ele>298.6</ele>
   </trkpt>
   <trkpt lat="36.6398640" lon="-4.7507650">
    <ele>298.8</ele>
   </trkpt>
   <trkpt lat="36.6398270" lon="-4.7508480">
    <ele>298.8</ele>
   </trkpt>
   <trkpt lat="36.6397870" lon="-4.7509370">
    <ele>299.0</ele>
   </trkpt>
   <trkpt lat="36.6397460" lon="-4.7510280">
    <ele>299.2</ele>
   </trkpt>
   <trkpt lat="36.6397070" lon="-4.7511190">
    <ele>299.2</ele>
   </trkpt>
   <trkpt lat="36.6396640" lon="-4.7512090">
    <ele>299.4</ele>
   </trkpt>
   <trkpt lat="36.6396310" lon="-4.7512900">
    <ele>299.8</ele>
   </trkpt>
   <trkpt lat="36.6395920" lon="-4.7513800">
    <ele>300.0</ele>
   </trkpt>
   <trkpt lat="36.6395530" lon="-4.7514700">
    <ele>300.2</ele>
   </trkpt>
   <trkpt lat="36.6395200" lon="-4.7515550">
    <ele>300.4</ele>
   </trkpt>
   <trkpt lat="36.6394820" lon="-4.7516460">
    <ele>300.6</ele>
   </trkpt>
   <trkpt lat="36.6394460" lon="-4.7517390">
    <ele>300.6</ele>
   </trkpt>
   <trkpt lat="36.6394130" lon="-4.7518260">
    <ele>300.6</ele>
   </trkpt>
   <trkpt lat="36.6393770" lon="-4.7519150">
    <ele>300.8</ele>
   </trkpt>
   <trkpt lat="36.6393420" lon="-4.7520070">
    <ele>300.8</ele>
   </trkpt>
   <trkpt lat="36.6393070" lon="-4.7521000">
    <ele>301.0</ele>
   </trkpt>
   <trkpt lat="36.6392730" lon="-4.7521960">
    <ele>301.2</ele>
   </trkpt>
   <trkpt lat="36.6392380" lon="-4.7522910">
    <ele>301.4</ele>
   </trkpt>
   <trkpt lat="36.6392040" lon="-4.7523870">
    <ele>301.8</ele>
   </trkpt>
   <trkpt lat="36.6391720" lon="-4.7524870">
    <ele>302.0</ele>
   </trkpt>
   <trkpt lat="36.6391380" lon="-4.7525850">
    <ele>302.0</ele>
   </trkpt>
   <trkpt lat="36.6391050" lon="-4.7526790">
    <ele>302.2</ele>
   </trkpt>
   <trkpt lat="36.6390730" lon="-4.7527800">
    <ele>302.2</ele>
   </trkpt>
   <trkpt lat="36.6390400" lon="-4.7528850">
    <ele>302.4</ele>
   </trkpt>
   <trkpt lat="36.6390120" lon="-4.7529760">
    <ele>302.4</ele>
   </trkpt>
   <trkpt lat="36.6389820" lon="-4.7530770">
    <ele>302.4</ele>
   </trkpt>
   <trkpt lat="36.6389490" lon="-4.7531830">
    <ele>302.4</ele>
   </trkpt>
   <trkpt lat="36.6389170" lon="-4.7532780">
    <ele>302.6</ele>
   </trkpt>
   <trkpt lat="36.6388900" lon="-4.7533760">
    <ele>302.8</ele>
   </trkpt>
   <trkpt lat="36.6388580" lon="-4.7534830">
    <ele>302.8</ele>
   </trkpt>
   <trkpt lat="36.6388330" lon="-4.7535770">
    <ele>303.0</ele>
   </trkpt>
   <trkpt lat="36.6388060" lon="-4.7536820">
    <ele>303.2</ele>
   </trkpt>
   <trkpt lat="36.6387750" lon="-4.7537870">
    <ele>303.2</ele>
   </trkpt>
   <trkpt lat="36.6387500" lon="-4.7538800">
    <ele>303.4</ele>
   </trkpt>
   <trkpt lat="36.6387240" lon="-4.7539860">
    <ele>303.6</ele>
   </trkpt>
   <trkpt lat="36.6386950" lon="-4.7540970">
    <ele>303.8</ele>
   </trkpt>
   <trkpt lat="36.6386680" lon="-4.7542060">
    <ele>303.6</ele>
   </trkpt>
   <trkpt lat="36.6386370" lon="-4.7543160">
    <ele>303.8</ele>
   </trkpt>
   <trkpt lat="36.6386110" lon="-4.7544210">
    <ele>303.8</ele>
   </trkpt>
   <trkpt lat="36.6385840" lon="-4.7545330">
    <ele>303.8</ele>
   </trkpt>
   <trkpt lat="36.6385590" lon="-4.7546520">
    <ele>303.8</ele>
   </trkpt>
   <trkpt lat="36.6385380" lon="-4.7547540">
    <ele>303.8</ele>
   </trkpt>
   <trkpt lat="36.6385150" lon="-4.7548690">
    <ele>303.8</ele>
   </trkpt>
   <trkpt lat="36.6384900" lon="-4.7549920">
    <ele>303.8</ele>
   </trkpt>
   <trkpt lat="36.6384690" lon="-4.7550990">
    <ele>303.6</ele>
   </trkpt>
   <trkpt lat="36.6384470" lon="-4.7552050">
    <ele>303.4</ele>
   </trkpt>
   <trkpt lat="36.6384250" lon="-4.7553210">
    <ele>303.2</ele>
   </trkpt>
   <trkpt lat="36.6384010" lon="-4.7554390">
    <ele>302.8</ele>
   </trkpt>
   <trkpt lat="36.6383790" lon="-4.7555560">
    <ele>302.6</ele>
   </trkpt>
   <trkpt lat="36.6383570" lon="-4.7556760">
    <ele>302.4</ele>
   </trkpt>
   <trkpt lat="36.6383360" lon="-4.7557980">
    <ele>302.4</ele>
   </trkpt>
   <trkpt lat="36.6383170" lon="-4.7559160">
    <ele>302.6</ele>
   </trkpt>
   <trkpt lat="36.6383000" lon="-4.7560470">
    <ele>302.6</ele>
   </trkpt>
   <trkpt lat="36.6382820" lon="-4.7561710">
    <ele>302.6</ele>
   </trkpt>
   <trkpt lat="36.6382640" lon="-4.7562900">
    <ele>302.4</ele>
   </trkpt>
   <trkpt lat="36.6382470" lon="-4.7564240">
    <ele>302.2</ele>
   </trkpt>
   <trkpt lat="36.6382350" lon="-4.7565480">
    <ele>302.2</ele>
   </trkpt>
   <trkpt lat="36.6382170" lon="-4.7566780">
    <ele>302.4</ele>
   </trkpt>
   <trkpt lat="36.6382000" lon="-4.7568150">
    <ele>302.4</ele>
   </trkpt>
   <trkpt lat="36.6381860" lon="-4.7569420">
    <ele>302.8</ele>
   </trkpt>
   <trkpt lat="36.6381710" lon="-4.7570660">
    <ele>303.0</ele>
   </trkpt>
   <trkpt lat="36.6381580" lon="-4.7572010">
    <ele>302.6</ele>
   </trkpt>
   <trkpt lat="36.6381470" lon="-4.7573250">
    <ele>302.0</ele>
   </trkpt>
   <trkpt lat="36.6381360" lon="-4.7574520">
    <ele>301.6</ele>
   </trkpt>
   <trkpt lat="36.6381270" lon="-4.7575810">
    <ele>301.4</ele>
   </trkpt>
   <trkpt lat="36.6381200" lon="-4.7577030">
    <ele>301.0</ele>
   </trkpt>
   <trkpt lat="36.6381120" lon="-4.7578210">
    <ele>300.6</ele>
   </trkpt>
   <trkpt lat="36.6381050" lon="-4.7579390">
    <ele>300.6</ele>
   </trkpt>
   <trkpt lat="36.6381000" lon="-4.7580550">
    <ele>300.2</ele>
   </trkpt>
   <trkpt lat="36.6380940" lon="-4.7581680">
    <ele>300.2</ele>
   </trkpt>
   <trkpt lat="36.6380890" lon="-4.7582870">
    <ele>300.4</ele>
   </trkpt>
   <trkpt lat="36.6380850" lon="-4.7584080">
    <ele>300.2</ele>
   </trkpt>
   <trkpt lat="36.6380810" lon="-4.7585250">
    <ele>300.0</ele>
   </trkpt>
   <trkpt lat="36.6380770" lon="-4.7586490">
    <ele>299.8</ele>
   </trkpt>
   <trkpt lat="36.6380770" lon="-4.7587640">
    <ele>299.8</ele>
   </trkpt>
   <trkpt lat="36.6380770" lon="-4.7588830">
    <ele>299.6</ele>
   </trkpt>
   <trkpt lat="36.6380770" lon="-4.7590020">
    <ele>299.6</ele>
   </trkpt>
   <trkpt lat="36.6380770" lon="-4.7591230">
    <ele>299.6</ele>
   </trkpt>
   <trkpt lat="36.6380770" lon="-4.7592370">
    <ele>299.4</ele>
   </trkpt>
   <trkpt lat="36.6380800" lon="-4.7593650">
    <ele>299.4</ele>
   </trkpt>
   <trkpt lat="36.6380840" lon="-4.7594860">
    <ele>299.0</ele>
   </trkpt>
   <trkpt lat="36.6380880" lon="-4.7596090">
    <ele>298.8</ele>
   </trkpt>
   <trkpt lat="36.6380950" lon="-4.7597410">
    <ele>299.0</ele>
   </trkpt>
   <trkpt lat="36.6380990" lon="-4.7598670">
    <ele>298.8</ele>
   </trkpt>
   <trkpt lat="36.6381030" lon="-4.7599930">
    <ele>298.8</ele>
   </trkpt>
   <trkpt lat="36.6381070" lon="-4.7601240">
    <ele>299.0</ele>
   </trkpt>
   <trkpt lat="36.6381140" lon="-4.7602470">
    <ele>299.2</ele>
   </trkpt>
   <trkpt lat="36.6381180" lon="-4.7603720">
    <ele>299.4</ele>
   </trkpt>
   <trkpt lat="36.6381260" lon="-4.7605130">
    <ele>299.4</ele>
   </trkpt>
   <trkpt lat="36.6381330" lon="-4.7606390">
    <ele>299.0</ele>
   </trkpt>
   <trkpt lat="36.6381440" lon="-4.7607650">
    <ele>298.6</ele>
   </trkpt>
   <trkpt lat="36.6381550" lon="-4.7608980">
    <ele>298.2</ele>
   </trkpt>
   <trkpt lat="36.6381670" lon="-4.7610320">
    <ele>298.0</ele>
   </trkpt>
   <trkpt lat="36.6381780" lon="-4.7611640">
    <ele>297.8</ele>
   </trkpt>
   <trkpt lat="36.6381900" lon="-4.7613010">
    <ele>297.6</ele>
   </trkpt>
   <trkpt lat="36.6382050" lon="-4.7614340">
    <ele>297.4</ele>
   </trkpt>
   <trkpt lat="36.6382200" lon="-4.7615650">
    <ele>297.2</ele>
   </trkpt>
   <trkpt lat="36.6382320" lon="-4.7617050">
    <ele>297.0</ele>
   </trkpt>
   <trkpt lat="36.6382460" lon="-4.7618340">
    <ele>297.0</ele>
   </trkpt>
   <trkpt lat="36.6382650" lon="-4.7619690">
    <ele>297.0</ele>
   </trkpt>
   <trkpt lat="36.6382820" lon="-4.7621130">
    <ele>297.0</ele>
   </trkpt>
   <trkpt lat="36.6382960" lon="-4.7622440">
    <ele>296.8</ele>
   </trkpt>
   <trkpt lat="36.6383110" lon="-4.7623790">
    <ele>296.6</ele>
   </trkpt>
   <trkpt lat="36.6383270" lon="-4.7625240">
    <ele>296.4</ele>
   </trkpt>
   <trkpt lat="36.6383420" lon="-4.7626590">
    <ele>296.4</ele>
   </trkpt>
   <trkpt lat="36.6383570" lon="-4.7627920">
    <ele>296.2</ele>
   </trkpt>
   <trkpt lat="36.6383720" lon="-4.7629350">
    <ele>296.2</ele>
   </trkpt>
   <trkpt lat="36.6383880" lon="-4.7630750">
    <ele>296.0</ele>
   </trkpt>
   <trkpt lat="36.6383990" lon="-4.7632140">
    <ele>295.8</ele>
   </trkpt>
   <trkpt lat="36.6384110" lon="-4.7633590">
    <ele>295.6</ele>
   </trkpt>
   <trkpt lat="36.6384260" lon="-4.7634940">
    <ele>295.4</ele>
   </trkpt>
   <trkpt lat="36.6384370" lon="-4.7636340">
    <ele>295.0</ele>
   </trkpt>
   <trkpt lat="36.6384500" lon="-4.7637850">
    <ele>294.8</ele>
   </trkpt>
   <trkpt lat="36.6384610" lon="-4.7639220">
    <ele>294.4</ele>
   </trkpt>
   <trkpt lat="36.6384710" lon="-4.7640530">
    <ele>294.2</ele>
   </trkpt>
   <trkpt lat="36.6384800" lon="-4.7641960">
    <ele>294.0</ele>
   </trkpt>
   <trkpt lat="36.6384880" lon="-4.7643410">
    <ele>294.0</ele>
   </trkpt>
   <trkpt lat="36.6384950" lon="-4.7644840">
    <ele>293.8</ele>
   </trkpt>
   <trkpt lat="36.6385030" lon="-4.7646290">
    <ele>293.8</ele>
   </trkpt>
   <trkpt lat="36.6385110" lon="-4.7647660">
    <ele>293.8</ele>
   </trkpt>
   <trkpt lat="36.6385120" lon="-4.7649050">
    <ele>293.8</ele>
   </trkpt>
   <trkpt lat="36.6385120" lon="-4.7650490">
    <ele>293.8</ele>
   </trkpt>
   <trkpt lat="36.6385150" lon="-4.7651760">
    <ele>293.4</ele>
   </trkpt>
   <trkpt lat="36.6385150" lon="-4.7653020">
    <ele>293.0</ele>
   </trkpt>
   <trkpt lat="36.6385170" lon="-4.7654310">
    <ele>292.8</ele>
   </trkpt>
   <trkpt lat="36.6385190" lon="-4.7655620">
    <ele>293.0</ele>
   </trkpt>
   <trkpt lat="36.6385160" lon="-4.7656870">
    <ele>293.2</ele>
   </trkpt>
   <trkpt lat="36.6385150" lon="-4.7658170">
    <ele>293.4</ele>
   </trkpt>
   <trkpt lat="36.6385150" lon="-4.7659170">
    <ele>293.8</ele>
   </trkpt>
   <trkpt lat="36.6385160" lon="-4.7656910">
    <ele>295.6</ele>
   </trkpt>
   <trkpt lat="36.6385150" lon="-4.7657230">
    <ele>295.6</ele>
   </trkpt>
   <trkpt lat="36.6385150" lon="-4.7657900">
    <ele>295.8</ele>
   </trkpt>
   <trkpt lat="36.6385150" lon="-4.7658580">
    <ele>295.8</ele>
   </trkpt>
   <trkpt lat="36.6385130" lon="-4.7659220">
    <ele>295.8</ele>
   </trkpt>
   <trkpt lat="36.6385100" lon="-4.7659990">
    <ele>296.0</ele>
   </trkpt>
   <trkpt lat="36.6385080" lon="-4.7660840">
    <ele>296.2</ele>
   </trkpt>
   <trkpt lat="36.6385080" lon="-4.7661620">
    <ele>296.2</ele>
   </trkpt>
   <trkpt lat="36.6385080" lon="-4.7662480">
    <ele>296.4</ele>
   </trkpt>
   <trkpt lat="36.6385040" lon="-4.7663310">
    <ele>296.4</ele>
   </trkpt>
   <trkpt lat="36.6385040" lon="-4.7664130">
    <ele>296.6</ele>
   </trkpt>
   <trkpt lat="36.6385010" lon="-4.7665020">
    <ele>296.6</ele>
   </trkpt>
   <trkpt lat="36.6384970" lon="-4.7665870">
    <ele>296.8</ele>
   </trkpt>
   <trkpt lat="36.6384960" lon="-4.7666720">
    <ele>297.0</ele>
   </trkpt>
   <trkpt lat="36.6384930" lon="-4.7667630">
    <ele>297.2</ele>
   </trkpt>
   <trkpt lat="36.6384890" lon="-4.7668500">
    <ele>297.2</ele>
   </trkpt>
   <trkpt lat="36.6384860" lon="-4.7669330">
    <ele>297.4</ele>
   </trkpt>
   <trkpt lat="36.6384850" lon="-4.7670270">
    <ele>297.4</ele>
   </trkpt>
   <trkpt lat="36.6384820" lon="-4.7671120">
    <ele>297.4</ele>
   </trkpt>
   <trkpt lat="36.6384780" lon="-4.7671950">
    <ele>297.6</ele>
   </trkpt>
   <trkpt lat="36.6384740" lon="-4.7672900">
    <ele>297.6</ele>
   </trkpt>
   <trkpt lat="36.6384730" lon="-4.7673730">
    <ele>298.0</ele>
   </trkpt>
   <trkpt lat="36.6384670" lon="-4.7674560">
    <ele>298.0</ele>
   </trkpt>
   <trkpt lat="36.6384630" lon="-4.7675420">
    <ele>298.0</ele>
   </trkpt>
   <trkpt lat="36.6384590" lon="-4.7676290">
    <ele>298.0</ele>
   </trkpt>
   <trkpt lat="36.6384580" lon="-4.7677130">
    <ele>298.0</ele>
   </trkpt>
   <trkpt lat="36.6384550" lon="-4.7678020">
    <ele>298.2</ele>
   </trkpt>
   <trkpt lat="36.6384510" lon="-4.7678800">
    <ele>298.4</ele>
   </trkpt>
   <trkpt lat="36.6384470" lon="-4.7679590">
    <ele>298.6</ele>
   </trkpt>
   <trkpt lat="36.6384470" lon="-4.7680430">
    <ele>298.6</ele>
   </trkpt>
   <trkpt lat="36.6384470" lon="-4.7681190">
    <ele>299.0</ele>
   </trkpt>
   <trkpt lat="36.6384400" lon="-4.7681940">
    <ele>299.6</ele>
   </trkpt>
   <trkpt lat="36.6384360" lon="-4.7682760">
    <ele>300.2</ele>
   </trkpt>
   <trkpt lat="36.6384350" lon="-4.7683510">
    <ele>300.4</ele>
   </trkpt>
   <trkpt lat="36.6384320" lon="-4.7684300">
    <ele>300.2</ele>
   </trkpt>
   <trkpt lat="36.6384320" lon="-4.7685120">
    <ele>300.2</ele>
   </trkpt>
   <trkpt lat="36.6384280" lon="-4.7685980">
    <ele>300.2</ele>
   </trkpt>
   <trkpt lat="36.6384240" lon="-4.7686820">
    <ele>300.2</ele>
   </trkpt>
   <trkpt lat="36.6384170" lon="-4.7687690">
    <ele>300.6</ele>
   </trkpt>
   <trkpt lat="36.6384130" lon="-4.7688570">
    <ele>300.6</ele>
   </trkpt>
   <trkpt lat="36.6384090" lon="-4.7689470">
    <ele>300.8</ele>
   </trkpt>
   <trkpt lat="36.6384090" lon="-4.7690380">
    <ele>300.6</ele>
   </trkpt>
   <trkpt lat="36.6384050" lon="-4.7691370">
    <ele>300.6</ele>
   </trkpt>
   <trkpt lat="36.6384050" lon="-4.7692350">
    <ele>300.4</ele>
   </trkpt>
   <trkpt lat="36.6384020" lon="-4.7693280">
    <ele>300.2</ele>
   </trkpt>
   <trkpt lat="36.6383980" lon="-4.7694280">
    <ele>300.0</ele>
   </trkpt>
   <trkpt lat="36.6383940" lon="-4.7695330">
    <ele>299.8</ele>
   </trkpt>
   <trkpt lat="36.6383900" lon="-4.7696250">
    <ele>299.6</ele>
   </trkpt>
   <trkpt lat="36.6383860" lon="-4.7697330">
    <ele>299.4</ele>
   </trkpt>
   <trkpt lat="36.6383820" lon="-4.7698440">
    <ele>299.4</ele>
   </trkpt>
   <trkpt lat="36.6383790" lon="-4.7699480">
    <ele>299.4</ele>
   </trkpt>
   <trkpt lat="36.6383780" lon="-4.7700610">
    <ele>299.4</ele>
   </trkpt>
   <trkpt lat="36.6383780" lon="-4.7701860">
    <ele>299.0</ele>
   </trkpt>
   <trkpt lat="36.6383820" lon="-4.7702980">
    <ele>298.6</ele>
   </trkpt>
   <trkpt lat="36.6383890" lon="-4.7704200">
    <ele>298.0</ele>
   </trkpt>
   <trkpt lat="36.6383970" lon="-4.7705500">
    <ele>297.4</ele>
   </trkpt>
   <trkpt lat="36.6384070" lon="-4.7706670">
    <ele>296.8</ele>
   </trkpt>
   <trkpt lat="36.6384190" lon="-4.7707980">
    <ele>296.2</ele>
   </trkpt>
   <trkpt lat="36.6384370" lon="-4.7709270">
    <ele>295.6</ele>
   </trkpt>
   <trkpt lat="36.6384590" lon="-4.7710560">
    <ele>294.8</ele>
   </trkpt>
   <trkpt lat="36.6384830" lon="-4.7711930">
    <ele>294.2</ele>
   </trkpt>
   <trkpt lat="36.6385120" lon="-4.7713250">
    <ele>293.4</ele>
   </trkpt>
   <trkpt lat="36.6385460" lon="-4.7714560">
    <ele>292.8</ele>
   </trkpt>
   <trkpt lat="36.6385830" lon="-4.7715850">
    <ele>292.6</ele>
   </trkpt>
   <trkpt lat="36.6386190" lon="-4.7717230">
    <ele>291.8</ele>
   </trkpt>
   <trkpt lat="36.6386590" lon="-4.7718510">
    <ele>290.8</ele>
   </trkpt>
   <trkpt lat="36.6387060" lon="-4.7719860">
    <ele>290.2</ele>
   </trkpt>
   <trkpt lat="36.6387520" lon="-4.7721140">
    <ele>289.4</ele>
   </trkpt>
   <trkpt lat="36.6388020" lon="-4.7722340">
    <ele>288.6</ele>
   </trkpt>
   <trkpt lat="36.6388620" lon="-4.7723600">
    <ele>287.8</ele>
   </trkpt>
   <trkpt lat="36.6389230" lon="-4.7724830">
    <ele>287.0</ele>
   </trkpt>
   <trkpt lat="36.6389920" lon="-4.7726060">
    <ele>286.2</ele>
   </trkpt>
   <trkpt lat="36.6390570" lon="-4.7727260">
    <ele>285.6</ele>
   </trkpt>
   <trkpt lat="36.6391290" lon="-4.7728470">
    <ele>285.0</ele>
   </trkpt>
   <trkpt lat="36.6392050" lon="-4.7729680">
    <ele>284.2</ele>
   </trkpt>
   <trkpt lat="36.6392940" lon="-4.7730830">
    <ele>283.6</ele>
   </trkpt>
   <trkpt lat="36.6393610" lon="-4.7731890">
    <ele>283.0</ele>
   </trkpt>
   <trkpt lat="36.6394400" lon="-4.7733100">
    <ele>282.4</ele>
   </trkpt>
   <trkpt lat="36.6395230" lon="-4.7734350">
    <ele>281.8</ele>
   </trkpt>
   <trkpt lat="36.6395990" lon="-4.7735560">
    <ele>281.4</ele>
   </trkpt>
   <trkpt lat="36.6396700" lon="-4.7736810">
    <ele>281.0</ele>
   </trkpt>
   <trkpt lat="36.6397420" lon="-4.7738120">
    <ele>280.8</ele>
   </trkpt>
   <trkpt lat="36.6398110" lon="-4.7739530">
    <ele>280.4</ele>
   </trkpt>
   <trkpt lat="36.6398670" lon="-4.7740890">
    <ele>279.8</ele>
   </trkpt>
   <trkpt lat="36.6399280" lon="-4.7742320">
    <ele>279.4</ele>
   </trkpt>
   <trkpt lat="36.6399810" lon="-4.7743740">
    <ele>279.0</ele>
   </trkpt>
   <trkpt lat="36.6400350" lon="-4.7745260">
    <ele>278.6</ele>
   </trkpt>
   <trkpt lat="36.6400820" lon="-4.7746740">
    <ele>278.2</ele>
   </trkpt>
   <trkpt lat="36.6401280" lon="-4.7748260">
    <ele>277.4</ele>
   </trkpt>
   <trkpt lat="36.6401670" lon="-4.7749780">
    <ele>276.6</ele>
   </trkpt>
   <trkpt lat="36.6402020" lon="-4.7751330">
    <ele>276.0</ele>
   </trkpt>
   <trkpt lat="36.6402320" lon="-4.7752780">
    <ele>275.4</ele>
   </trkpt>
   <trkpt lat="36.6402560" lon="-4.7754330">
    <ele>275.0</ele>
   </trkpt>
   <trkpt lat="36.6402750" lon="-4.7755850">
    <ele>274.6</ele>
   </trkpt>
   <trkpt lat="36.6402910" lon="-4.7757320">
    <ele>274.2</ele>
   </trkpt>
   <trkpt lat="36.6403070" lon="-4.7758900">
    <ele>274.0</ele>
   </trkpt>
   <trkpt lat="36.6403190" lon="-4.7760410">
    <ele>273.6</ele>
   </trkpt>
   <trkpt lat="36.6403330" lon="-4.7761820">
    <ele>273.0</ele>
   </trkpt>
   <trkpt lat="36.6403450" lon="-4.7763300">
    <ele>272.6</ele>
   </trkpt>
   <trkpt lat="36.6403600" lon="-4.7764760">
    <ele>272.2</ele>
   </trkpt>
   <trkpt lat="36.6403720" lon="-4.7766170">
    <ele>271.6</ele>
   </trkpt>
   <trkpt lat="36.6403830" lon="-4.7767620">
    <ele>271.2</ele>
   </trkpt>
   <trkpt lat="36.6403950" lon="-4.7769140">
    <ele>270.8</ele>
   </trkpt>
   <trkpt lat="36.6404030" lon="-4.7770550">
    <ele>270.2</ele>
   </trkpt>
   <trkpt lat="36.6404170" lon="-4.7772010">
    <ele>269.6</ele>
   </trkpt>
   <trkpt lat="36.6404330" lon="-4.7773530">
    <ele>269.2</ele>
   </trkpt>
   <trkpt lat="36.6404450" lon="-4.7775000">
    <ele>269.0</ele>
   </trkpt>
   <trkpt lat="36.6404560" lon="-4.7776480">
    <ele>268.8</ele>
   </trkpt>
   <trkpt lat="36.6404710" lon="-4.7777970">
    <ele>268.6</ele>
   </trkpt>
   <trkpt lat="36.6404860" lon="-4.7779420">
    <ele>268.6</ele>
   </trkpt>
   <trkpt lat="36.6404950" lon="-4.7780920">
    <ele>268.6</ele>
   </trkpt>
   <trkpt lat="36.6405050" lon="-4.7782360">
    <ele>268.2</ele>
   </trkpt>
   <trkpt lat="36.6405190" lon="-4.7783730">
    <ele>268.0</ele>
   </trkpt>
   <trkpt lat="36.6405360" lon="-4.7785300">
    <ele>267.6</ele>
   </trkpt>
   <trkpt lat="36.6405470" lon="-4.7786760">
    <ele>267.2</ele>
   </trkpt>
   <trkpt lat="36.6405590" lon="-4.7788170">
    <ele>267.0</ele>
   </trkpt>
   <trkpt lat="36.6405700" lon="-4.7789620">
    <ele>267.0</ele>
   </trkpt>
   <trkpt lat="36.6405750" lon="-4.7790980">
    <ele>266.8</ele>
   </trkpt>
   <trkpt lat="36.6405750" lon="-4.7792270">
    <ele>266.6</ele>
   </trkpt>
   <trkpt lat="36.6405720" lon="-4.7793580">
    <ele>266.4</ele>
   </trkpt>
   <trkpt lat="36.6405650" lon="-4.7794820">
    <ele>266.4</ele>
   </trkpt>
   <trkpt lat="36.6405500" lon="-4.7795960">
    <ele>266.6</ele>
   </trkpt>
   <trkpt lat="36.6405350" lon="-4.7797110">
    <ele>266.8</ele>
   </trkpt>
   <trkpt lat="36.6405200" lon="-4.7798200">
    <ele>267.0</ele>
   </trkpt>
   <trkpt lat="36.6404950" lon="-4.7799210">
    <ele>267.2</ele>
   </trkpt>
   <trkpt lat="36.6404690" lon="-4.7800160">
    <ele>267.6</ele>
   </trkpt>
   <trkpt lat="36.6404370" lon="-4.7801240">
    <ele>268.0</ele>
   </trkpt>
   <trkpt lat="36.6404080" lon="-4.7802120">
    <ele>268.2</ele>
   </trkpt>
   <trkpt lat="36.6403740" lon="-4.7803070">
    <ele>268.8</ele>
   </trkpt>
   <trkpt lat="36.6403390" lon="-4.7803950">
    <ele>269.2</ele>
   </trkpt>
   <trkpt lat="36.6403060" lon="-4.7804680">
    <ele>270.0</ele>
   </trkpt>
   <trkpt lat="36.6402600" lon="-4.7805570">
    <ele>270.8</ele>
   </trkpt>
   <trkpt lat="36.6402200" lon="-4.7806350">
    <ele>271.4</ele>
   </trkpt>
   <trkpt lat="36.6401770" lon="-4.7807010">
    <ele>271.8</ele>
   </trkpt>
   <trkpt lat="36.6401340" lon="-4.7807700">
    <ele>272.2</ele>
   </trkpt>
   <trkpt lat="36.6400910" lon="-4.7808390">
    <ele>272.6</ele>
   </trkpt>
   <trkpt lat="36.6400500" lon="-4.7809020">
    <ele>273.2</ele>
   </trkpt>
   <trkpt lat="36.6400050" lon="-4.7809640">
    <ele>273.8</ele>
   </trkpt>
   <trkpt lat="36.6399540" lon="-4.7810270">
    <ele>274.4</ele>
   </trkpt>
   <trkpt lat="36.6399120" lon="-4.7810800">
    <ele>275.0</ele>
   </trkpt>
   <trkpt lat="36.6398640" lon="-4.7811410">
    <ele>275.4</ele>
   </trkpt>
   <trkpt lat="36.6398150" lon="-4.7811990">
    <ele>276.2</ele>
   </trkpt>
   <trkpt lat="36.6397650" lon="-4.7812560">
    <ele>276.6</ele>
   </trkpt>
   <trkpt lat="36.6397190" lon="-4.7813120">
    <ele>277.2</ele>
   </trkpt>
   <trkpt lat="36.6396700" lon="-4.7813660">
    <ele>277.6</ele>
   </trkpt>
   <trkpt lat="36.6396270" lon="-4.7814220">
    <ele>278.0</ele>
   </trkpt>
   <trkpt lat="36.6395810" lon="-4.7814810">
    <ele>278.4</ele>
   </trkpt>
   <trkpt lat="36.6395350" lon="-4.7815360">
    <ele>278.8</ele>
   </trkpt>
   <trkpt lat="36.6394910" lon="-4.7815880">
    <ele>279.2</ele>
   </trkpt>
   <trkpt lat="36.6394470" lon="-4.7816440">
    <ele>279.4</ele>
   </trkpt>
   <trkpt lat="36.6394000" lon="-4.7816970">
    <ele>279.6</ele>
   </trkpt>
   <trkpt lat="36.6393570" lon="-4.7817470">
    <ele>279.8</ele>
   </trkpt>
   <trkpt lat="36.6393110" lon="-4.7817970">
    <ele>280.0</ele>
   </trkpt>
   <trkpt lat="36.6392680" lon="-4.7818480">
    <ele>280.4</ele>
   </trkpt>
   <trkpt lat="36.6392250" lon="-4.7818950">
    <ele>280.8</ele>
   </trkpt>
   <trkpt lat="36.6391810" lon="-4.7819470">
    <ele>281.2</ele>
   </trkpt>
   <trkpt lat="36.6391370" lon="-4.7820000">
    <ele>281.6</ele>
   </trkpt>
   <trkpt lat="36.6390970" lon="-4.7820490">
    <ele>282.0</ele>
   </trkpt>
   <trkpt lat="36.6390540" lon="-4.7821010">
    <ele>282.4</ele>
   </trkpt>
   <trkpt lat="36.6390120" lon="-4.7821510">
    <ele>282.8</ele>
   </trkpt>
   <trkpt lat="36.6389710" lon="-4.7822000">
    <ele>283.4</ele>
   </trkpt>
   <trkpt lat="36.6389300" lon="-4.7822510">
    <ele>284.0</ele>
   </trkpt>
   <trkpt lat="36.6388890" lon="-4.7823050">
    <ele>284.2</ele>
   </trkpt>
   <trkpt lat="36.6388490" lon="-4.7823570">
    <ele>284.4</ele>
   </trkpt>
   <trkpt lat="36.6388100" lon="-4.7824130">
    <ele>284.6</ele>
   </trkpt>
   <trkpt lat="36.6387690" lon="-4.7824700">
    <ele>284.8</ele>
   </trkpt>
   <trkpt lat="36.6387310" lon="-4.7825250">
    <ele>285.0</ele>
   </trkpt>
   <trkpt lat="36.6386880" lon="-4.7825860">
    <ele>285.4</ele>
   </trkpt>
   <trkpt lat="36.6386520" lon="-4.7826480">
    <ele>285.8</ele>
   </trkpt>
   <trkpt lat="36.6386190" lon="-4.7827050">
    <ele>286.0</ele>
   </trkpt>
   <trkpt lat="36.6385880" lon="-4.7827710">
    <ele>286.2</ele>
   </trkpt>
   <trkpt lat="36.6385580" lon="-4.7828350">
    <ele>286.4</ele>
   </trkpt>
   <trkpt lat="36.6385270" lon="-4.7828990">
    <ele>286.6</ele>
   </trkpt>
   <trkpt lat="36.6385030" lon="-4.7829630">
    <ele>286.8</ele>
   </trkpt>
   <trkpt lat="36.6384730" lon="-4.7830240">
    <ele>287.0</ele>
   </trkpt>
   <trkpt lat="36.6384460" lon="-4.7830870">
    <ele>287.2</ele>
   </trkpt>
   <trkpt lat="36.6384260" lon="-4.7831520">
    <ele>287.2</ele>
   </trkpt>
   <trkpt lat="36.6384070" lon="-4.7832150">
    <ele>287.2</ele>
   </trkpt>
   <trkpt lat="36.6383880" lon="-4.7832760">
    <ele>287.2</ele>
   </trkpt>
   <trkpt lat="36.6383690" lon="-4.7833400">
    <ele>287.6</ele>
   </trkpt>
   <trkpt lat="36.6383530" lon="-4.7834050">
    <ele>287.8</ele>
   </trkpt>
   <trkpt lat="36.6383410" lon="-4.7834660">
    <ele>288.2</ele>
   </trkpt>
   <trkpt lat="36.6383260" lon="-4.7835310">
    <ele>288.6</ele>
   </trkpt>
   <trkpt lat="36.6383150" lon="-4.7835940">
    <ele>288.8</ele>
   </trkpt>
   <trkpt lat="36.6383100" lon="-4.7836580">
    <ele>289.2</ele>
   </trkpt>
   <trkpt lat="36.6383030" lon="-4.7837280">
    <ele>289.4</ele>
   </trkpt>
   <trkpt lat="36.6382980" lon="-4.7837940">
    <ele>289.8</ele>
   </trkpt>
   <trkpt lat="36.6382920" lon="-4.7838570">
    <ele>290.2</ele>
   </trkpt>
   <trkpt lat="36.6382870" lon="-4.7839200">
    <ele>290.4</ele>
   </trkpt>
   <trkpt lat="36.6382830" lon="-4.7839880">
    <ele>290.6</ele>
   </trkpt>
   <trkpt lat="36.6382830" lon="-4.7840550">
    <ele>290.8</ele>
   </trkpt>
   <trkpt lat="36.6382830" lon="-4.7841200">
    <ele>291.2</ele>
   </trkpt>
   <trkpt lat="36.6382830" lon="-4.7841870">
    <ele>291.6</ele>
   </trkpt>
   <trkpt lat="36.6382860" lon="-4.7842560">
    <ele>291.8</ele>
   </trkpt>
   <trkpt lat="36.6382870" lon="-4.7843170">
    <ele>292.0</ele>
   </trkpt>
   <trkpt lat="36.6382930" lon="-4.7843860">
    <ele>292.2</ele>
   </trkpt>
   <trkpt lat="36.6383010" lon="-4.7844520">
    <ele>292.4</ele>
   </trkpt>
   <trkpt lat="36.6383090" lon="-4.7845210">
    <ele>292.6</ele>
   </trkpt>
   <trkpt lat="36.6383160" lon="-4.7845870">
    <ele>293.0</ele>
   </trkpt>
   <trkpt lat="36.6383270" lon="-4.7846530">
    <ele>293.2</ele>
   </trkpt>
   <trkpt lat="36.6383380" lon="-4.7847160">
    <ele>293.2</ele>
   </trkpt>
   <trkpt lat="36.6383470" lon="-4.7847880">
    <ele>293.2</ele>
   </trkpt>
   <trkpt lat="36.6383540" lon="-4.7848540">
    <ele>293.4</ele>
   </trkpt>
   <trkpt lat="36.6383650" lon="-4.7849270">
    <ele>293.4</ele>
   </trkpt>
   <trkpt lat="36.6383770" lon="-4.7849940">
    <ele>293.6</ele>
   </trkpt>
   <trkpt lat="36.6383880" lon="-4.7850610">
    <ele>293.8</ele>
   </trkpt>
   <trkpt lat="36.6384000" lon="-4.7851300">
    <ele>294.0</ele>
   </trkpt>
   <trkpt lat="36.6384110" lon="-4.7851990">
    <ele>294.2</ele>
   </trkpt>
   <trkpt lat="36.6384190" lon="-4.7852670">
    <ele>294.2</ele>
   </trkpt>
   <trkpt lat="36.6384270" lon="-4.7853400">
    <ele>294.2</ele>
   </trkpt>
   <trkpt lat="36.6384380" lon="-4.7854130">
    <ele>294.2</ele>
   </trkpt>
   <trkpt lat="36.6384460" lon="-4.7854850">
    <ele>294.4</ele>
   </trkpt>
   <trkpt lat="36.6384570" lon="-4.7855590">
    <ele>294.6</ele>
   </trkpt>
   <trkpt lat="36.6384650" lon="-4.7856370">
    <ele>294.8</ele>
   </trkpt>
   <trkpt lat="36.6384760" lon="-4.7857130">
    <ele>294.8</ele>
   </trkpt>
   <trkpt lat="36.6384840" lon="-4.7857950">
    <ele>295.0</ele>
   </trkpt>
   <trkpt lat="36.6384950" lon="-4.7858830">
    <ele>295.2</ele>
   </trkpt>
   <trkpt lat="36.6385030" lon="-4.7859670">
    <ele>295.2</ele>
   </trkpt>
   <trkpt lat="36.6385110" lon="-4.7860550">
    <ele>295.4</ele>
   </trkpt>
   <trkpt lat="36.6385180" lon="-4.7861480">
    <ele>295.6</ele>
   </trkpt>
   <trkpt lat="36.6385220" lon="-4.7862340">
    <ele>295.6</ele>
   </trkpt>
   <trkpt lat="36.6385230" lon="-4.7863320">
    <ele>295.8</ele>
   </trkpt>
   <trkpt lat="36.6385230" lon="-4.7864230">
    <ele>296.0</ele>
   </trkpt>
   <trkpt lat="36.6385300" lon="-4.7865140">
    <ele>296.2</ele>
   </trkpt>
   <trkpt lat="36.6385340" lon="-4.7866060">
    <ele>296.2</ele>
   </trkpt>
   <trkpt lat="36.6385350" lon="-4.7867060">
    <ele>296.0</ele>
   </trkpt>
   <trkpt lat="36.6385310" lon="-4.7867970">
    <ele>295.8</ele>
   </trkpt>
   <trkpt lat="36.6385270" lon="-4.7868900">
    <ele>295.8</ele>
   </trkpt>
   <trkpt lat="36.6385230" lon="-4.7869800">
    <ele>295.8</ele>
   </trkpt>
   <trkpt lat="36.6385230" lon="-4.7870690">
    <ele>295.8</ele>
   </trkpt>
   <trkpt lat="36.6385200" lon="-4.7871490">
    <ele>295.8</ele>
   </trkpt>
   <trkpt lat="36.6385190" lon="-4.7872410">
    <ele>295.8</ele>
   </trkpt>
   <trkpt lat="36.6385130" lon="-4.7873330">
    <ele>295.8</ele>
   </trkpt>
   <trkpt lat="36.6385120" lon="-4.7874250">
    <ele>295.6</ele>
   </trkpt>
   <trkpt lat="36.6385050" lon="-4.7875150">
    <ele>295.6</ele>
   </trkpt>
   <trkpt lat="36.6384980" lon="-4.7876100">
    <ele>295.8</ele>
   </trkpt>
   <trkpt lat="36.6384900" lon="-4.7877030">
    <ele>296.0</ele>
   </trkpt>
   <trkpt lat="36.6384790" lon="-4.7878020">
    <ele>296.2</ele>
   </trkpt>
   <trkpt lat="36.6384680" lon="-4.7878900">
    <ele>296.4</ele>
   </trkpt>
   <trkpt lat="36.6384560" lon="-4.7879920">
    <ele>296.4</ele>
   </trkpt>
   <trkpt lat="36.6384440" lon="-4.7880960">
    <ele>296.4</ele>
   </trkpt>
   <trkpt lat="36.6384300" lon="-4.7881920">
    <ele>296.6</ele>
   </trkpt>
   <trkpt lat="36.6384150" lon="-4.7882910">
    <ele>296.8</ele>
   </trkpt>
   <trkpt lat="36.6383990" lon="-4.7883930">
    <ele>297.0</ele>
   </trkpt>
   <trkpt lat="36.6383840" lon="-4.7884890">
    <ele>297.2</ele>
   </trkpt>
   <trkpt lat="36.6383690" lon="-4.7885900">
    <ele>297.2</ele>
   </trkpt>
   <trkpt lat="36.6383480" lon="-4.7886830">
    <ele>297.4</ele>
   </trkpt>
   <trkpt lat="36.6383310" lon="-4.7887860">
    <ele>297.4</ele>
   </trkpt>
   <trkpt lat="36.6383090" lon="-4.7888860">
    <ele>297.4</ele>
   </trkpt>
   <trkpt lat="36.6382890" lon="-4.7889880">
    <ele>297.6</ele>
   </trkpt>
   <trkpt lat="36.6382710" lon="-4.7890840">
    <ele>297.6</ele>
   </trkpt>
   <trkpt lat="36.6382510" lon="-4.7891850">
    <ele>297.6</ele>
   </trkpt>
   <trkpt lat="36.6382320" lon="-4.7892850">
    <ele>297.8</ele>
   </trkpt>
   <trkpt lat="36.6382100" lon="-4.7893840">
    <ele>298.0</ele>
   </trkpt>
   <trkpt lat="36.6381910" lon="-4.7894810">
    <ele>298.2</ele>
   </trkpt>
   <trkpt lat="36.6381710" lon="-4.7895810">
    <ele>298.2</ele>
   </trkpt>
   <trkpt lat="36.6381530" lon="-4.7896740">
    <ele>298.2</ele>
   </trkpt>
   <trkpt lat="36.6381330" lon="-4.7897750">
    <ele>298.2</ele>
   </trkpt>
   <trkpt lat="36.6381140" lon="-4.7898670">
    <ele>298.2</ele>
   </trkpt>
   <trkpt lat="36.6380950" lon="-4.7899570">
    <ele>298.4</ele>
   </trkpt>
   <trkpt lat="36.6380760" lon="-4.7900500">
    <ele>298.8</ele>
   </trkpt>
   <trkpt lat="36.6380570" lon="-4.7901430">
    <ele>299.0</ele>
   </trkpt>
   <trkpt lat="36.6380380" lon="-4.7902310">
    <ele>299.4</ele>
   </trkpt>
   <trkpt lat="36.6380180" lon="-4.7903220">
    <ele>300.0</ele>
   </trkpt>
   <trkpt lat="36.6380030" lon="-4.7904040">
    <ele>300.4</ele>
   </trkpt>
   <trkpt lat="36.6379880" lon="-4.7904880">
    <ele>300.8</ele>
   </trkpt>
   <trkpt lat="36.6379690" lon="-4.7905740">
    <ele>301.0</ele>
   </trkpt>
   <trkpt lat="36.6379490" lon="-4.7906560">
    <ele>301.4</ele>
   </trkpt>
   <trkpt lat="36.6379340" lon="-4.7907310">
    <ele>301.6</ele>
   </trkpt>
   <trkpt lat="36.6379190" lon="-4.7908090">
    <ele>301.8</ele>
   </trkpt>
   <trkpt lat="36.6379030" lon="-4.7908850">
    <ele>302.0</ele>
   </trkpt>
   <trkpt lat="36.6378880" lon="-4.7909570">
    <ele>302.0</ele>
   </trkpt>
   <trkpt lat="36.6378730" lon="-4.7910320">
    <ele>302.2</ele>
   </trkpt>
   <trkpt lat="36.6378570" lon="-4.7911050">
    <ele>302.6</ele>
   </trkpt>
   <trkpt lat="36.6378430" lon="-4.7911720">
    <ele>302.8</ele>
   </trkpt>
   <trkpt lat="36.6378270" lon="-4.7912470">
    <ele>303.2</ele>
   </trkpt>
   <trkpt lat="36.6378150" lon="-4.7913180">
    <ele>303.4</ele>
   </trkpt>
   <trkpt lat="36.6378010" lon="-4.7913830">
    <ele>303.6</ele>
   </trkpt>
   <trkpt lat="36.6377880" lon="-4.7914530">
    <ele>304.0</ele>
   </trkpt>
   <trkpt lat="36.6377730" lon="-4.7915210">
    <ele>304.2</ele>
   </trkpt>
   <trkpt lat="36.6377620" lon="-4.7915850">
    <ele>304.6</ele>
   </trkpt>
   <trkpt lat="36.6377470" lon="-4.7916510">
    <ele>304.8</ele>
   </trkpt>
   <trkpt lat="36.6377350" lon="-4.7917180">
    <ele>305.2</ele>
   </trkpt>
   <trkpt lat="36.6377200" lon="-4.7917810">
    <ele>305.4</ele>
   </trkpt>
   <trkpt lat="36.6377090" lon="-4.7918430">
    <ele>305.8</ele>
   </trkpt>
   <trkpt lat="36.6376970" lon="-4.7919090">
    <ele>306.2</ele>
   </trkpt>
   <trkpt lat="36.6376860" lon="-4.7919720">
    <ele>306.6</ele>
   </trkpt>
   <trkpt lat="36.6376740" lon="-4.7920390">
    <ele>307.0</ele>
   </trkpt>
   <trkpt lat="36.6376620" lon="-4.7921030">
    <ele>307.4</ele>
   </trkpt>
   <trkpt lat="36.6376480" lon="-4.7921660">
    <ele>307.6</ele>
   </trkpt>
   <trkpt lat="36.6376360" lon="-4.7922300">
    <ele>308.0</ele>
   </trkpt>
   <trkpt lat="36.6376240" lon="-4.7922930">
    <ele>308.2</ele>
   </trkpt>
   <trkpt lat="36.6376130" lon="-4.7923560">
    <ele>308.4</ele>
   </trkpt>
   <trkpt lat="36.6376010" lon="-4.7924230">
    <ele>308.8</ele>
   </trkpt>
   <trkpt lat="36.6375900" lon="-4.7924850">
    <ele>309.2</ele>
   </trkpt>
   <trkpt lat="36.6375820" lon="-4.7925480">
    <ele>309.6</ele>
   </trkpt>
   <trkpt lat="36.6375710" lon="-4.7926100">
    <ele>310.0</ele>
   </trkpt>
   <trkpt lat="36.6375630" lon="-4.7926770">
    <ele>310.4</ele>
   </trkpt>
   <trkpt lat="36.6375520" lon="-4.7927410">
    <ele>310.8</ele>
   </trkpt>
   <trkpt lat="36.6375440" lon="-4.7928080">
    <ele>311.0</ele>
   </trkpt>
   <trkpt lat="36.6375360" lon="-4.7928720">
    <ele>311.2</ele>
   </trkpt>
   <trkpt lat="36.6375280" lon="-4.7929380">
    <ele>311.4</ele>
   </trkpt>
   <trkpt lat="36.6375200" lon="-4.7930070">
    <ele>311.4</ele>
   </trkpt>
   <trkpt lat="36.6375100" lon="-4.7930690">
    <ele>311.6</ele>
   </trkpt>
   <trkpt lat="36.6375050" lon="-4.7931310">
    <ele>311.8</ele>
   </trkpt>
   <trkpt lat="36.6374980" lon="-4.7931970">
    <ele>312.0</ele>
   </trkpt>
   <trkpt lat="36.6374940" lon="-4.7932650">
    <ele>312.4</ele>
   </trkpt>
   <trkpt lat="36.6374900" lon="-4.7933270">
    <ele>313.0</ele>
   </trkpt>
   <trkpt lat="36.6374830" lon="-4.7933930">
    <ele>313.2</ele>
   </trkpt>
   <trkpt lat="36.6374750" lon="-4.7934620">
    <ele>313.6</ele>
   </trkpt>
   <trkpt lat="36.6374710" lon="-4.7935270">
    <ele>313.8</ele>
   </trkpt>
   <trkpt lat="36.6374670" lon="-4.7935960">
    <ele>314.2</ele>
   </trkpt>
   <trkpt lat="36.6374630" lon="-4.7936650">
    <ele>314.4</ele>
   </trkpt>
   <trkpt lat="36.6374560" lon="-4.7937300">
    <ele>314.8</ele>
   </trkpt>
   <trkpt lat="36.6374550" lon="-4.7937950">
    <ele>315.2</ele>
   </trkpt>
   <trkpt lat="36.6374520" lon="-4.7938620">
    <ele>315.4</ele>
   </trkpt>
   <trkpt lat="36.6374480" lon="-4.7939290">
    <ele>315.8</ele>
   </trkpt>
   <trkpt lat="36.6374440" lon="-4.7939940">
    <ele>316.2</ele>
   </trkpt>
   <trkpt lat="36.6374400" lon="-4.7940660">
    <ele>316.6</ele>
   </trkpt>
   <trkpt lat="36.6374360" lon="-4.7941340">
    <ele>316.8</ele>
   </trkpt>
   <trkpt lat="36.6374360" lon="-4.7942060">
    <ele>317.4</ele>
   </trkpt>
   <trkpt lat="36.6374390" lon="-4.7942800">
    <ele>317.8</ele>
   </trkpt>
   <trkpt lat="36.6374400" lon="-4.7943520">
    <ele>318.0</ele>
   </trkpt>
   <trkpt lat="36.6374400" lon="-4.7944260">
    <ele>318.2</ele>
   </trkpt>
   <trkpt lat="36.6374360" lon="-4.7945010">
    <ele>318.4</ele>
   </trkpt>
   <trkpt lat="36.6374390" lon="-4.7945800">
    <ele>318.8</ele>
   </trkpt>
   <trkpt lat="36.6374400" lon="-4.7946490">
    <ele>319.0</ele>
   </trkpt>
   <trkpt lat="36.6374430" lon="-4.7947260">
    <ele>319.0</ele>
   </trkpt>
   <trkpt lat="36.6374470" lon="-4.7947990">
    <ele>318.8</ele>
   </trkpt>
   <trkpt lat="36.6374510" lon="-4.7948720">
    <ele>318.6</ele>
   </trkpt>
   <trkpt lat="36.6374580" lon="-4.7949490">
    <ele>318.4</ele>
   </trkpt>
   <trkpt lat="36.6374650" lon="-4.7950210">
    <ele>318.4</ele>
   </trkpt>
   <trkpt lat="36.6374730" lon="-4.7951010">
    <ele>318.4</ele>
   </trkpt>
   <trkpt lat="36.6374770" lon="-4.7951790">
    <ele>318.4</ele>
   </trkpt>
   <trkpt lat="36.6374840" lon="-4.7952530">
    <ele>318.4</ele>
   </trkpt>
   <trkpt lat="36.6374920" lon="-4.7953280">
    <ele>318.4</ele>
   </trkpt>
   <trkpt lat="36.6375000" lon="-4.7954170">
    <ele>318.8</ele>
   </trkpt>
   <trkpt lat="36.6375040" lon="-4.7954980">
    <ele>319.0</ele>
   </trkpt>
   <trkpt lat="36.6375080" lon="-4.7955840">
    <ele>319.0</ele>
   </trkpt>
   <trkpt lat="36.6375180" lon="-4.7956650">
    <ele>319.0</ele>
   </trkpt>
   <trkpt lat="36.6375300" lon="-4.7957500">
    <ele>319.0</ele>
   </trkpt>
   <trkpt lat="36.6375440" lon="-4.7958380">
    <ele>319.0</ele>
   </trkpt>
   <trkpt lat="36.6375560" lon="-4.7959260">
    <ele>319.0</ele>
   </trkpt>
   <trkpt lat="36.6375640" lon="-4.7960150">
    <ele>319.0</ele>
   </trkpt>
   <trkpt lat="36.6375750" lon="-4.7961090">
    <ele>319.0</ele>
   </trkpt>
   <trkpt lat="36.6375870" lon="-4.7962060">
    <ele>319.0</ele>
   </trkpt>
   <trkpt lat="36.6375980" lon="-4.7962970">
    <ele>318.6</ele>
   </trkpt>
   <trkpt lat="36.6376100" lon="-4.7964010">
    <ele>318.2</ele>
   </trkpt>
   <trkpt lat="36.6376220" lon="-4.7965030">
    <ele>317.8</ele>
   </trkpt>
   <trkpt lat="36.6376360" lon="-4.7966010">
    <ele>317.4</ele>
   </trkpt>
   <trkpt lat="36.6376520" lon="-4.7967050">
    <ele>316.8</ele>
   </trkpt>
   <trkpt lat="36.6376630" lon="-4.7968090">
    <ele>316.4</ele>
   </trkpt>
   <trkpt lat="36.6376780" lon="-4.7969160">
    <ele>316.0</ele>
   </trkpt>
   <trkpt lat="36.6377010" lon="-4.7970300">
    <ele>315.8</ele>
   </trkpt>
   <trkpt lat="36.6377160" lon="-4.7971360">
    <ele>315.6</ele>
   </trkpt>
   <trkpt lat="36.6377370" lon="-4.7972550">
    <ele>315.4</ele>
   </trkpt>
   <trkpt lat="36.6377610" lon="-4.7973780">
    <ele>315.0</ele>
   </trkpt>
   <trkpt lat="36.6377840" lon="-4.7975020">
    <ele>314.2</ele>
   </trkpt>
   <trkpt lat="36.6378080" lon="-4.7976320">
    <ele>313.8</ele>
   </trkpt>
   <trkpt lat="36.6378300" lon="-4.7977560">
    <ele>313.6</ele>
   </trkpt>
   <trkpt lat="36.6378570" lon="-4.7978900">
    <ele>313.2</ele>
   </trkpt>
   <trkpt lat="36.6378800" lon="-4.7980210">
    <ele>312.8</ele>
   </trkpt>
   <trkpt lat="36.6379020" lon="-4.7981520">
    <ele>312.2</ele>
   </trkpt>
   <trkpt lat="36.6379280" lon="-4.7982890">
    <ele>311.6</ele>
   </trkpt>
   <trkpt lat="36.6379480" lon="-4.7984270">
    <ele>311.0</ele>
   </trkpt>
   <trkpt lat="36.6379680" lon="-4.7985680">
    <ele>310.6</ele>
   </trkpt>
   <trkpt lat="36.6379870" lon="-4.7987120">
    <ele>310.6</ele>
   </trkpt>
   <trkpt lat="36.6380070" lon="-4.7988550">
    <ele>310.6</ele>
   </trkpt>
   <trkpt lat="36.6380210" lon="-4.7989880">
    <ele>310.2</ele>
   </trkpt>
   <trkpt lat="36.6380360" lon="-4.7991240">
    <ele>309.8</ele>
   </trkpt>
   <trkpt lat="36.6380480" lon="-4.7992710">
    <ele>309.4</ele>
   </trkpt>
   <trkpt lat="36.6380570" lon="-4.7994190">
    <ele>309.0</ele>
   </trkpt>
   <trkpt lat="36.6380640" lon="-4.7995610">
    <ele>308.4</ele>
   </trkpt>
   <trkpt lat="36.6380720" lon="-4.7997000">
    <ele>308.0</ele>
   </trkpt>
   <trkpt lat="36.6380760" lon="-4.7998380">
    <ele>307.4</ele>
   </trkpt>
   <trkpt lat="36.6380800" lon="-4.7999800">
    <ele>307.0</ele>
   </trkpt>
   <trkpt lat="36.6380810" lon="-4.8001250">
    <ele>306.6</ele>
   </trkpt>
   <trkpt lat="36.6380840" lon="-4.8002520">
    <ele>306.6</ele>
   </trkpt>
   <trkpt lat="36.6380810" lon="-4.8003870">
    <ele>306.6</ele>
   </trkpt>
   <trkpt lat="36.6380770" lon="-4.8005230">
    <ele>306.6</ele>
   </trkpt>
   <trkpt lat="36.6380730" lon="-4.8006460">
    <ele>306.8</ele>
   </trkpt>
   <trkpt lat="36.6380630" lon="-4.8007710">
    <ele>307.2</ele>
   </trkpt>
   <trkpt lat="36.6380550" lon="-4.8008960">
    <ele>307.8</ele>
   </trkpt>
   <trkpt lat="36.6380470" lon="-4.8010200">
    <ele>308.0</ele>
   </trkpt>
   <trkpt lat="36.6380360" lon="-4.8011390">
    <ele>307.8</ele>
   </trkpt>
   <trkpt lat="36.6380250" lon="-4.8012610">
    <ele>307.6</ele>
   </trkpt>
   <trkpt lat="36.6380100" lon="-4.8013850">
    <ele>307.6</ele>
   </trkpt>
   <trkpt lat="36.6379930" lon="-4.8015140">
    <ele>308.0</ele>
   </trkpt>
   <trkpt lat="36.6379800" lon="-4.8016220">
    <ele>308.0</ele>
   </trkpt>
   <trkpt lat="36.6379640" lon="-4.8017420">
    <ele>308.0</ele>
   </trkpt>
   <trkpt lat="36.6379450" lon="-4.8018600">
    <ele>307.8</ele>
   </trkpt>
   <trkpt lat="36.6379230" lon="-4.8019740">
    <ele>307.6</ele>
   </trkpt>
   <trkpt lat="36.6379040" lon="-4.8020890">
    <ele>307.6</ele>
   </trkpt>
   <trkpt lat="36.6378840" lon="-4.8022030">
    <ele>307.4</ele>
   </trkpt>
   <trkpt lat="36.6378620" lon="-4.8023190">
    <ele>307.6</ele>
   </trkpt>
   <trkpt lat="36.6378360" lon="-4.8024290">
    <ele>307.8</ele>
   </trkpt>
   <trkpt lat="36.6378080" lon="-4.8025450">
    <ele>308.0</ele>
   </trkpt>
   <trkpt lat="36.6377810" lon="-4.8026600">
    <ele>308.0</ele>
   </trkpt>
   <trkpt lat="36.6377560" lon="-4.8027600">
    <ele>307.8</ele>
   </trkpt>
   <trkpt lat="36.6377290" lon="-4.8028650">
    <ele>307.4</ele>
   </trkpt>
   <trkpt lat="36.6377020" lon="-4.8029680">
    <ele>307.4</ele>
   </trkpt>
   <trkpt lat="36.6376720" lon="-4.8030700">
    <ele>307.8</ele>
   </trkpt>
   <trkpt lat="36.6376440" lon="-4.8031770">
    <ele>308.0</ele>
   </trkpt>
   <trkpt lat="36.6376140" lon="-4.8032800">
    <ele>308.4</ele>
   </trkpt>
   <trkpt lat="36.6375820" lon="-4.8033770">
    <ele>308.6</ele>
   </trkpt>
   <trkpt lat="36.6375500" lon="-4.8034860">
    <ele>308.6</ele>
   </trkpt>
   <trkpt lat="36.6375180" lon="-4.8035950">
    <ele>308.6</ele>
   </trkpt>
   <trkpt lat="36.6374860" lon="-4.8036970">
    <ele>308.6</ele>
   </trkpt>
   <trkpt lat="36.6374540" lon="-4.8038030">
    <ele>308.6</ele>
   </trkpt>
   <trkpt lat="36.6374190" lon="-4.8039140">
    <ele>308.6</ele>
   </trkpt>
   <trkpt lat="36.6373860" lon="-4.8040140">
    <ele>308.4</ele>
   </trkpt>
   <trkpt lat="36.6373520" lon="-4.8041200">
    <ele>308.0</ele>
   </trkpt>
   <trkpt lat="36.6373230" lon="-4.8042280">
    <ele>307.8</ele>
   </trkpt>
   <trkpt lat="36.6372950" lon="-4.8043240">
    <ele>307.8</ele>
   </trkpt>
   <trkpt lat="36.6372670" lon="-4.8044260">
    <ele>308.0</ele>
   </trkpt>
   <trkpt lat="36.6372380" lon="-4.8045270">
    <ele>308.0</ele>
   </trkpt>
   <trkpt lat="36.6372100" lon="-4.8046280">
    <ele>308.0</ele>
   </trkpt>
   <trkpt lat="36.6371820" lon="-4.8047360">
    <ele>308.2</ele>
   </trkpt>
   <trkpt lat="36.6371560" lon="-4.8048220">
    <ele>308.2</ele>
   </trkpt>
   <trkpt lat="36.6371290" lon="-4.8049240">
    <ele>308.4</ele>
   </trkpt>
   <trkpt lat="36.6371030" lon="-4.8050300">
    <ele>308.4</ele>
   </trkpt>
   <trkpt lat="36.6370770" lon="-4.8051270">
    <ele>308.6</ele>
   </trkpt>
   <trkpt lat="36.6370540" lon="-4.8052280">
    <ele>308.6</ele>
   </trkpt>
   <trkpt lat="36.6370310" lon="-4.8053260">
    <ele>309.0</ele>
   </trkpt>
   <trkpt lat="36.6370070" lon="-4.8054290">
    <ele>309.2</ele>
   </trkpt>
   <trkpt lat="36.6369880" lon="-4.8055220">
    <ele>309.6</ele>
   </trkpt>
   <trkpt lat="36.6369650" lon="-4.8056210">
    <ele>310.0</ele>
   </trkpt>
   <trkpt lat="36.6369470" lon="-4.8057140">
    <ele>310.2</ele>
   </trkpt>
   <trkpt lat="36.6369270" lon="-4.8058090">
    <ele>310.4</ele>
   </trkpt>
   <trkpt lat="36.6369060" lon="-4.8059110">
    <ele>310.6</ele>
   </trkpt>
   <trkpt lat="36.6368930" lon="-4.8059910">
    <ele>310.6</ele>
   </trkpt>
   <trkpt lat="36.6368740" lon="-4.8060820">
    <ele>310.8</ele>
   </trkpt>
   <trkpt lat="36.6368540" lon="-4.8061710">
    <ele>311.2</ele>
   </trkpt>
   <trkpt lat="36.6368390" lon="-4.8062540">
    <ele>311.4</ele>
   </trkpt>
   <trkpt lat="36.6368240" lon="-4.8063380">
    <ele>311.8</ele>
   </trkpt>
   <trkpt lat="36.6368090" lon="-4.8064250">
    <ele>312.4</ele>
   </trkpt>
   <trkpt lat="36.6367970" lon="-4.8065050">
    <ele>312.6</ele>
   </trkpt>
   <trkpt lat="36.6367820" lon="-4.8065910">
    <ele>312.8</ele>
   </trkpt>
   <trkpt lat="36.6367660" lon="-4.8066740">
    <ele>313.0</ele>
   </trkpt>
   <trkpt lat="36.6367550" lon="-4.8067530">
    <ele>313.4</ele>
   </trkpt>
   <trkpt lat="36.6367420" lon="-4.8068380">
    <ele>314.0</ele>
   </trkpt>
   <trkpt lat="36.6367280" lon="-4.8069110">
    <ele>314.6</ele>
   </trkpt>
   <trkpt lat="36.6367160" lon="-4.8069910">
    <ele>315.0</ele>
   </trkpt>
   <trkpt lat="36.6367050" lon="-4.8070740">
    <ele>315.2</ele>
   </trkpt>
   <trkpt lat="36.6366940" lon="-4.8071560">
    <ele>315.2</ele>
   </trkpt>
   <trkpt lat="36.6366860" lon="-4.8072350">
    <ele>315.4</ele>
   </trkpt>
   <trkpt lat="36.6366750" lon="-4.8073210">
    <ele>315.6</ele>
   </trkpt>
   <trkpt lat="36.6366630" lon="-4.8074050">
    <ele>315.8</ele>
   </trkpt>
   <trkpt lat="36.6366550" lon="-4.8074940">
    <ele>316.0</ele>
   </trkpt>
   <trkpt lat="36.6366440" lon="-4.8075750">
    <ele>316.2</ele>
   </trkpt>
   <trkpt lat="36.6366360" lon="-4.8076630">
    <ele>316.4</ele>
   </trkpt>
   <trkpt lat="36.6366250" lon="-4.8077510">
    <ele>316.2</ele>
   </trkpt>
   <trkpt lat="36.6366170" lon="-4.8078380">
    <ele>316.2</ele>
   </trkpt>
   <trkpt lat="36.6366060" lon="-4.8079240">
    <ele>316.2</ele>
   </trkpt>
   <trkpt lat="36.6365980" lon="-4.8080130">
    <ele>316.2</ele>
   </trkpt>
   <trkpt lat="36.6365900" lon="-4.8081040">
    <ele>316.2</ele>
   </trkpt>
   <trkpt lat="36.6365820" lon="-4.8081980">
    <ele>316.2</ele>
   </trkpt>
   <trkpt lat="36.6365780" lon="-4.8082920">
    <ele>316.2</ele>
   </trkpt>
   <trkpt lat="36.6365710" lon="-4.8083780">
    <ele>316.0</ele>
   </trkpt>
   <trkpt lat="36.6365630" lon="-4.8084700">
    <ele>316.2</ele>
   </trkpt>
   <trkpt lat="36.6365550" lon="-4.8085670">
    <ele>316.6</ele>
   </trkpt>
   <trkpt lat="36.6365480" lon="-4.8086570">
    <ele>316.8</ele>
   </trkpt>
   <trkpt lat="36.6365400" lon="-4.8087520">
    <ele>317.0</ele>
   </trkpt>
   <trkpt lat="36.6365330" lon="-4.8088400">
    <ele>317.0</ele>
   </trkpt>
   <trkpt lat="36.6365290" lon="-4.8089340">
    <ele>317.2</ele>
   </trkpt>
   <trkpt lat="36.6365280" lon="-4.8090310">
    <ele>317.2</ele>
   </trkpt>
   <trkpt lat="36.6365250" lon="-4.8091310">
    <ele>317.4</ele>
   </trkpt>
   <trkpt lat="36.6365210" lon="-4.8092320">
    <ele>317.2</ele>
   </trkpt>
   <trkpt lat="36.6365170" lon="-4.8093370">
    <ele>317.2</ele>
   </trkpt>
   <trkpt lat="36.6365130" lon="-4.8094480">
    <ele>317.4</ele>
   </trkpt>
   <trkpt lat="36.6365090" lon="-4.8095500">
    <ele>317.2</ele>
   </trkpt>
   <trkpt lat="36.6365090" lon="-4.8096630">
    <ele>316.6</ele>
   </trkpt>
   <trkpt lat="36.6365090" lon="-4.8097790">
    <ele>316.2</ele>
   </trkpt>
   <trkpt lat="36.6365060" lon="-4.8098950">
    <ele>315.6</ele>
   </trkpt>
   <trkpt lat="36.6365090" lon="-4.8100160">
    <ele>315.2</ele>
   </trkpt>
   <trkpt lat="36.6365090" lon="-4.8101430">
    <ele>314.6</ele>
   </trkpt>
   <trkpt lat="36.6365090" lon="-4.8102610">
    <ele>314.2</ele>
   </trkpt>
   <trkpt lat="36.6365110" lon="-4.8103900">
    <ele>313.8</ele>
   </trkpt>
   <trkpt lat="36.6365130" lon="-4.8105210">
    <ele>313.4</ele>
   </trkpt>
   <trkpt lat="36.6365130" lon="-4.8106340">
    <ele>313.2</ele>
   </trkpt>
   <trkpt lat="36.6365140" lon="-4.8107690">
    <ele>313.0</ele>
   </trkpt>
   <trkpt lat="36.6365160" lon="-4.8109080">
    <ele>312.6</ele>
   </trkpt>
   <trkpt lat="36.6365170" lon="-4.8110310">
    <ele>312.0</ele>
   </trkpt>
   <trkpt lat="36.6365200" lon="-4.8111640">
    <ele>311.4</ele>
   </trkpt>
   <trkpt lat="36.6365240" lon="-4.8113040">
    <ele>310.8</ele>
   </trkpt>
   <trkpt lat="36.6365280" lon="-4.8114360">
    <ele>310.4</ele>
   </trkpt>
   <trkpt lat="36.6365310" lon="-4.8115720">
    <ele>309.8</ele>
   </trkpt>
   <trkpt lat="36.6365320" lon="-4.8117080">
    <ele>309.4</ele>
   </trkpt>
   <trkpt lat="36.6365350" lon="-4.8118520">
    <ele>309.2</ele>
   </trkpt>
   <trkpt lat="36.6365390" lon="-4.8119890">
    <ele>309.0</ele>
   </trkpt>
   <trkpt lat="36.6365430" lon="-4.8121240">
    <ele>308.6</ele>
   </trkpt>
   <trkpt lat="36.6365430" lon="-4.8122670">
    <ele>308.2</ele>
   </trkpt>
   <trkpt lat="36.6365470" lon="-4.8124110">
    <ele>308.2</ele>
   </trkpt>
   <trkpt lat="36.6365500" lon="-4.8125430">
    <ele>308.2</ele>
   </trkpt>
   <trkpt lat="36.6365510" lon="-4.8126770">
    <ele>308.2</ele>
   </trkpt>
   <trkpt lat="36.6365510" lon="-4.8128250">
    <ele>308.0</ele>
   </trkpt>
   <trkpt lat="36.6365510" lon="-4.8129670">
    <ele>307.8</ele>
   </trkpt>
   <trkpt lat="36.6365480" lon="-4.8131050">
    <ele>307.8</ele>
   </trkpt>
   <trkpt lat="36.6365400" lon="-4.8132500">
    <ele>307.6</ele>
   </trkpt>
   <trkpt lat="36.6365320" lon="-4.8133960">
    <ele>307.2</ele>
   </trkpt>
   <trkpt lat="36.6365220" lon="-4.8135280">
    <ele>307.0</ele>
   </trkpt>
   <trkpt lat="36.6365070" lon="-4.8136600">
    <ele>307.0</ele>
   </trkpt>
   <trkpt lat="36.6364860" lon="-4.8137950">
    <ele>307.0</ele>
   </trkpt>
   <trkpt lat="36.6364650" lon="-4.8139300">
    <ele>306.8</ele>
   </trkpt>
   <trkpt lat="36.6364430" lon="-4.8140570">
    <ele>306.6</ele>
   </trkpt>
   <trkpt lat="36.6364170" lon="-4.8141900">
    <ele>306.4</ele>
   </trkpt>
   <trkpt lat="36.6363860" lon="-4.8143250">
    <ele>305.8</ele>
   </trkpt>
   <trkpt lat="36.6363490" lon="-4.8144560">
    <ele>305.4</ele>
   </trkpt>
   <trkpt lat="36.6363160" lon="-4.8145790">
    <ele>305.2</ele>
   </trkpt>
   <trkpt lat="36.6362750" lon="-4.8147090">
    <ele>304.6</ele>
   </trkpt>
   <trkpt lat="36.6362320" lon="-4.8148380">
    <ele>304.4</ele>
   </trkpt>
   <trkpt lat="36.6361880" lon="-4.8149590">
    <ele>304.4</ele>
   </trkpt>
   <trkpt lat="36.6361420" lon="-4.8150840">
    <ele>304.6</ele>
   </trkpt>
   <trkpt lat="36.6360880" lon="-4.8152060">
    <ele>304.6</ele>
   </trkpt>
   <trkpt lat="36.6360340" lon="-4.8153210">
    <ele>304.6</ele>
   </trkpt>
   <trkpt lat="36.6359740" lon="-4.8154280">
    <ele>305.0</ele>
   </trkpt>
   <trkpt lat="36.6359130" lon="-4.8155350">
    <ele>305.2</ele>
   </trkpt>
   <trkpt lat="36.6358500" lon="-4.8156450">
    <ele>305.2</ele>
   </trkpt>
   <trkpt lat="36.6357910" lon="-4.8157400">
    <ele>305.0</ele>
   </trkpt>
   <trkpt lat="36.6357250" lon="-4.8158480">
    <ele>304.8</ele>
   </trkpt>
   <trkpt lat="36.6356550" lon="-4.8159510">
    <ele>304.6</ele>
   </trkpt>
   <trkpt lat="36.6355900" lon="-4.8160400">
    <ele>304.6</ele>
   </trkpt>
   <trkpt lat="36.6355220" lon="-4.8161320">
    <ele>304.8</ele>
   </trkpt>
   <trkpt lat="36.6354520" lon="-4.8162310">
    <ele>305.4</ele>
   </trkpt>
   <trkpt lat="36.6353910" lon="-4.8163140">
    <ele>305.8</ele>
   </trkpt>
   <trkpt lat="36.6353280" lon="-4.8164020">
    <ele>306.2</ele>
   </trkpt>
   <trkpt lat="36.6352610" lon="-4.8164910">
    <ele>306.6</ele>
   </trkpt>
   <trkpt lat="36.6351860" lon="-4.8165830">
    <ele>307.0</ele>
   </trkpt>
   <trkpt lat="36.6351220" lon="-4.8166660">
    <ele>307.0</ele>
   </trkpt>
   <trkpt lat="36.6350610" lon="-4.8167540">
    <ele>307.0</ele>
   </trkpt>
   <trkpt lat="36.6349940" lon="-4.8168470">
    <ele>307.0</ele>
   </trkpt>
   <trkpt lat="36.6349280" lon="-4.8169400">
    <ele>307.6</ele>
   </trkpt>
   <trkpt lat="36.6348580" lon="-4.8170370">
    <ele>307.8</ele>
   </trkpt>
   <trkpt lat="36.6347950" lon="-4.8171280">
    <ele>308.0</ele>
   </trkpt>
   <trkpt lat="36.6347380" lon="-4.8172290">
    <ele>308.0</ele>
   </trkpt>
   <trkpt lat="36.6346820" lon="-4.8173230">
    <ele>308.0</ele>
   </trkpt>
   <trkpt lat="36.6346220" lon="-4.8174230">
    <ele>308.2</ele>
   </trkpt>
   <trkpt lat="36.6345600" lon="-4.8175300">
    <ele>308.4</ele>
   </trkpt>
   <trkpt lat="36.6345030" lon="-4.8176310">
    <ele>308.8</ele>
   </trkpt>
   <trkpt lat="36.6344450" lon="-4.8177310">
    <ele>309.2</ele>
   </trkpt>
   <trkpt lat="36.6343900" lon="-4.8178320">
    <ele>309.6</ele>
   </trkpt>
   <trkpt lat="36.6343410" lon="-4.8179230">
    <ele>310.2</ele>
   </trkpt>
   <trkpt lat="36.6342870" lon="-4.8180280">
    <ele>310.6</ele>
   </trkpt>
   <trkpt lat="36.6342340" lon="-4.8181330">
    <ele>311.0</ele>
   </trkpt>
   <trkpt lat="36.6341970" lon="-4.8182140">
    <ele>311.4</ele>
   </trkpt>
   <trkpt lat="36.6341490" lon="-4.8183150">
    <ele>312.0</ele>
   </trkpt>
   <trkpt lat="36.6341070" lon="-4.8184080">
    <ele>312.6</ele>
   </trkpt>
   <trkpt lat="36.6340680" lon="-4.8185000">
    <ele>313.4</ele>
   </trkpt>
   <trkpt lat="36.6340310" lon="-4.8186000">
    <ele>314.2</ele>
   </trkpt>
   <trkpt lat="36.6340010" lon="-4.8186810">
    <ele>315.0</ele>
   </trkpt>
   <trkpt lat="36.6339650" lon="-4.8187690">
    <ele>315.8</ele>
   </trkpt>
   <trkpt lat="36.6339290" lon="-4.8188730">
    <ele>316.6</ele>
   </trkpt>
   <trkpt lat="36.6338990" lon="-4.8189530">
    <ele>317.6</ele>
   </trkpt>
   <trkpt lat="36.6338680" lon="-4.8190400">
    <ele>318.4</ele>
   </trkpt>
   <trkpt lat="36.6338360" lon="-4.8191280">
    <ele>319.0</ele>
   </trkpt>
   <trkpt lat="36.6338040" lon="-4.8192170">
    <ele>319.6</ele>
   </trkpt>
   <trkpt lat="36.6337710" lon="-4.8193080">
    <ele>320.4</ele>
   </trkpt>
   <trkpt lat="36.6337400" lon="-4.8193950">
    <ele>321.2</ele>
   </trkpt>
   <trkpt lat="36.6337090" lon="-4.8194820">
    <ele>321.4</ele>
   </trkpt>
   <trkpt lat="36.6336840" lon="-4.8195610">
    <ele>321.8</ele>
   </trkpt>
   <trkpt lat="36.6336570" lon="-4.8196440">
    <ele>322.0</ele>
   </trkpt>
   <trkpt lat="36.6336280" lon="-4.8197290">
    <ele>322.6</ele>
   </trkpt>
   <trkpt lat="36.6336010" lon="-4.8197970">
    <ele>323.2</ele>
   </trkpt>
   <trkpt lat="36.6335710" lon="-4.8198770">
    <ele>323.8</ele>
   </trkpt>
   <trkpt lat="36.6335410" lon="-4.8199490">
    <ele>324.2</ele>
   </trkpt>
   <trkpt lat="36.6335100" lon="-4.8200170">
    <ele>324.8</ele>
   </trkpt>
   <trkpt lat="36.6334750" lon="-4.8200900">
    <ele>325.2</ele>
   </trkpt>
   <trkpt lat="36.6334460" lon="-4.8201520">
    <ele>325.8</ele>
   </trkpt>
   <trkpt lat="36.6334150" lon="-4.8202210">
    <ele>326.2</ele>
   </trkpt>
   <trkpt lat="36.6333760" lon="-4.8202900">
    <ele>327.0</ele>
   </trkpt>
   <trkpt lat="36.6333440" lon="-4.8203510">
    <ele>327.6</ele>
   </trkpt>
   <trkpt lat="36.6333080" lon="-4.8204100">
    <ele>328.2</ele>
   </trkpt>
   <trkpt lat="36.6332710" lon="-4.8204720">
    <ele>328.6</ele>
   </trkpt>
   <trkpt lat="36.6332270" lon="-4.8205400">
    <ele>328.8</ele>
   </trkpt>
   <trkpt lat="36.6331860" lon="-4.8206070">
    <ele>329.4</ele>
   </trkpt>
   <trkpt lat="36.6331460" lon="-4.8206620">
    <ele>329.8</ele>
   </trkpt>
   <trkpt lat="36.6331000" lon="-4.8207270">
    <ele>330.2</ele>
   </trkpt>
   <trkpt lat="36.6330530" lon="-4.8207870">
    <ele>330.6</ele>
   </trkpt>
   <trkpt lat="36.6330080" lon="-4.8208450">
    <ele>330.8</ele>
   </trkpt>
   <trkpt lat="36.6329640" lon="-4.8208940">
    <ele>331.2</ele>
   </trkpt>
   <trkpt lat="36.6329100" lon="-4.8209520">
    <ele>331.8</ele>
   </trkpt>
   <trkpt lat="36.6328600" lon="-4.8210030">
    <ele>332.6</ele>
   </trkpt>
   <trkpt lat="36.6328100" lon="-4.8210530">
    <ele>333.0</ele>
   </trkpt>
   <trkpt lat="36.6327580" lon="-4.8211040">
    <ele>333.4</ele>
   </trkpt>
   <trkpt lat="36.6327090" lon="-4.8211530">
    <ele>333.8</ele>
   </trkpt>
   <trkpt lat="36.6326560" lon="-4.8212010">
    <ele>334.2</ele>
   </trkpt>
   <trkpt lat="36.6326010" lon="-4.8212470">
    <ele>334.6</ele>
   </trkpt>
   <trkpt lat="36.6325500" lon="-4.8212880">
    <ele>335.2</ele>
   </trkpt>
   <trkpt lat="36.6324940" lon="-4.8213320">
    <ele>335.6</ele>
   </trkpt>
   <trkpt lat="36.6324390" lon="-4.8213720">
    <ele>335.8</ele>
   </trkpt>
   <trkpt lat="36.6323810" lon="-4.8214070">
    <ele>336.2</ele>
   </trkpt>
   <trkpt lat="36.6323230" lon="-4.8214430">
    <ele>336.6</ele>
   </trkpt>
   <trkpt lat="36.6322500" lon="-4.8214850">
    <ele>337.0</ele>
   </trkpt>
   <trkpt lat="36.6321850" lon="-4.8215230">
    <ele>337.4</ele>
   </trkpt>
   <trkpt lat="36.6321180" lon="-4.8215560">
    <ele>337.8</ele>
   </trkpt>
   <trkpt lat="36.6320470" lon="-4.8215910">
    <ele>338.2</ele>
   </trkpt>
   <trkpt lat="36.6319800" lon="-4.8216220">
    <ele>338.6</ele>
   </trkpt>
   <trkpt lat="36.6319060" lon="-4.8216510">
    <ele>339.2</ele>
   </trkpt>
   <trkpt lat="36.6318300" lon="-4.8216800">
    <ele>339.8</ele>
   </trkpt>
   <trkpt lat="36.6317520" lon="-4.8217090">
    <ele>340.4</ele>
   </trkpt>
   <trkpt lat="36.6316750" lon="-4.8217350">
    <ele>341.0</ele>
   </trkpt>
   <trkpt lat="36.6315930" lon="-4.8217610">
    <ele>341.6</ele>
   </trkpt>
   <trkpt lat="36.6315120" lon="-4.8217850">
    <ele>342.2</ele>
   </trkpt>
   <trkpt lat="36.6314300" lon="-4.8218070">
    <ele>342.8</ele>
   </trkpt>
   <trkpt lat="36.6313480" lon="-4.8218340">
    <ele>343.4</ele>
   </trkpt>
   <trkpt lat="36.6312650" lon="-4.8218600">
    <ele>344.0</ele>
   </trkpt>
   <trkpt lat="36.6311770" lon="-4.8218870">
    <ele>344.8</ele>
   </trkpt>
   <trkpt lat="36.6310900" lon="-4.8219150">
    <ele>345.2</ele>
   </trkpt>
   <trkpt lat="36.6310050" lon="-4.8219450">
    <ele>345.8</ele>
   </trkpt>
   <trkpt lat="36.6309210" lon="-4.8219780">
    <ele>346.2</ele>
   </trkpt>
   <trkpt lat="36.6308320" lon="-4.8220140">
    <ele>346.8</ele>
   </trkpt>
   <trkpt lat="36.6307490" lon="-4.8220480">
    <ele>347.6</ele>
   </trkpt>
   <trkpt lat="36.6306650" lon="-4.8220880">
    <ele>348.2</ele>
   </trkpt>
   <trkpt lat="36.6305840" lon="-4.8221340">
    <ele>348.6</ele>
   </trkpt>
   <trkpt lat="36.6305070" lon="-4.8221790">
    <ele>349.2</ele>
   </trkpt>
   <trkpt lat="36.6304330" lon="-4.8222290">
    <ele>349.6</ele>
   </trkpt>
   <trkpt lat="36.6303530" lon="-4.8222840">
    <ele>350.2</ele>
   </trkpt>
   <trkpt lat="36.6302800" lon="-4.8223410">
    <ele>350.8</ele>
   </trkpt>
   <trkpt lat="36.6302070" lon="-4.8224010">
    <ele>351.2</ele>
   </trkpt>
   <trkpt lat="36.6301380" lon="-4.8224610">
    <ele>351.8</ele>
   </trkpt>
   <trkpt lat="36.6300700" lon="-4.8225210">
    <ele>352.4</ele>
   </trkpt>
   <trkpt lat="36.6300040" lon="-4.8225830">
    <ele>353.2</ele>
   </trkpt>
   <trkpt lat="36.6299430" lon="-4.8226460">
    <ele>354.0</ele>
   </trkpt>
   <trkpt lat="36.6298820" lon="-4.8227110">
    <ele>354.8</ele>
   </trkpt>
   <trkpt lat="36.6298270" lon="-4.8227800">
    <ele>355.4</ele>
   </trkpt>
   <trkpt lat="36.6297690" lon="-4.8228500">
    <ele>356.2</ele>
   </trkpt>
   <trkpt lat="36.6297220" lon="-4.8229150">
    <ele>356.8</ele>
   </trkpt>
   <trkpt lat="36.6296710" lon="-4.8229880">
    <ele>357.4</ele>
   </trkpt>
   <trkpt lat="36.6296230" lon="-4.8230590">
    <ele>358.0</ele>
   </trkpt>
   <trkpt lat="36.6295790" lon="-4.8231280">
    <ele>358.4</ele>
   </trkpt>
   <trkpt lat="36.6295410" lon="-4.8231930">
    <ele>359.0</ele>
   </trkpt>
   <trkpt lat="36.6294980" lon="-4.8232720">
    <ele>359.6</ele>
   </trkpt>
   <trkpt lat="36.6294570" lon="-4.8233440">
    <ele>360.2</ele>
   </trkpt>
   <trkpt lat="36.6294190" lon="-4.8234140">
    <ele>360.8</ele>
   </trkpt>
   <trkpt lat="36.6293870" lon="-4.8234810">
    <ele>361.4</ele>
   </trkpt>
   <trkpt lat="36.6293490" lon="-4.8235620">
    <ele>362.2</ele>
   </trkpt>
   <trkpt lat="36.6293140" lon="-4.8236400">
    <ele>362.8</ele>
   </trkpt>
   <trkpt lat="36.6292820" lon="-4.8237170">
    <ele>363.4</ele>
   </trkpt>
   <trkpt lat="36.6292570" lon="-4.8237910">
    <ele>364.0</ele>
   </trkpt>
   <trkpt lat="36.6292290" lon="-4.8238710">
    <ele>364.4</ele>
   </trkpt>
   <trkpt lat="36.6292060" lon="-4.8239500">
    <ele>364.8</ele>
   </trkpt>
   <trkpt lat="36.6291830" lon="-4.8240280">
    <ele>365.2</ele>
   </trkpt>
   <trkpt lat="36.6291620" lon="-4.8241030">
    <ele>365.6</ele>
   </trkpt>
   <trkpt lat="36.6291410" lon="-4.8241870">
    <ele>366.0</ele>
   </trkpt>
   <trkpt lat="36.6291260" lon="-4.8242590">
    <ele>366.4</ele>
   </trkpt>
   <trkpt lat="36.6291100" lon="-4.8243360">
    <ele>367.0</ele>
   </trkpt>
   <trkpt lat="36.6290940" lon="-4.8244130">
    <ele>367.6</ele>
   </trkpt>
   <trkpt lat="36.6290790" lon="-4.8244850">
    <ele>368.2</ele>
   </trkpt>
   <trkpt lat="36.6290680" lon="-4.8245570">
    <ele>368.8</ele>
   </trkpt>
   <trkpt lat="36.6290590" lon="-4.8246350">
    <ele>369.2</ele>
   </trkpt>
   <trkpt lat="36.6290550" lon="-4.8247100">
    <ele>369.6</ele>
   </trkpt>
   <trkpt lat="36.6290480" lon="-4.8247910">
    <ele>370.0</ele>
   </trkpt>
   <trkpt lat="36.6290400" lon="-4.8248790">
    <ele>370.4</ele>
   </trkpt>
   <trkpt lat="36.6290360" lon="-4.8249640">
    <ele>370.8</ele>
   </trkpt>
   <trkpt lat="36.6290320" lon="-4.8250490">
    <ele>371.2</ele>
   </trkpt>
   <trkpt lat="36.6290290" lon="-4.8251350">
    <ele>371.8</ele>
   </trkpt>
   <trkpt lat="36.6290280" lon="-4.8252200">
    <ele>372.2</ele>
   </trkpt>
   <trkpt lat="36.6290320" lon="-4.8253030">
    <ele>372.8</ele>
   </trkpt>
   <trkpt lat="36.6290290" lon="-4.8253900">
    <ele>373.6</ele>
   </trkpt>
   <trkpt lat="36.6290280" lon="-4.8254720">
    <ele>374.2</ele>
   </trkpt>
   <trkpt lat="36.6290250" lon="-4.8255560">
    <ele>374.8</ele>
   </trkpt>
   <trkpt lat="36.6290240" lon="-4.8256420">
    <ele>375.6</ele>
   </trkpt>
   <trkpt lat="36.6290240" lon="-4.8257180">
    <ele>376.4</ele>
   </trkpt>
   <trkpt lat="36.6290240" lon="-4.8258060">
    <ele>377.0</ele>
   </trkpt>
   <trkpt lat="36.6290240" lon="-4.8258880">
    <ele>377.4</ele>
   </trkpt>
   <trkpt lat="36.6290280" lon="-4.8259670">
    <ele>377.6</ele>
   </trkpt>
   <trkpt lat="36.6290250" lon="-4.8260570">
    <ele>377.8</ele>
   </trkpt>
   <trkpt lat="36.6290210" lon="-4.8261430">
    <ele>378.2</ele>
   </trkpt>
   <trkpt lat="36.6290170" lon="-4.8262250">
    <ele>378.6</ele>
   </trkpt>
   <trkpt lat="36.6290130" lon="-4.8263100">
    <ele>379.0</ele>
   </trkpt>
   <trkpt lat="36.6290020" lon="-4.8263950">
    <ele>379.4</ele>
   </trkpt>
   <trkpt lat="36.6289910" lon="-4.8264820">
    <ele>380.0</ele>
   </trkpt>
   <trkpt lat="36.6289800" lon="-4.8265730">
    <ele>380.8</ele>
   </trkpt>
   <trkpt lat="36.6289680" lon="-4.8266690">
    <ele>381.4</ele>
   </trkpt>
   <trkpt lat="36.6289540" lon="-4.8267500">
    <ele>382.0</ele>
   </trkpt>
   <trkpt lat="36.6289350" lon="-4.8268440">
    <ele>382.4</ele>
   </trkpt>
   <trkpt lat="36.6289110" lon="-4.8269390">
    <ele>383.0</ele>
   </trkpt>
   <trkpt lat="36.6288930" lon="-4.8270260">
    <ele>383.4</ele>
   </trkpt>
   <trkpt lat="36.6288670" lon="-4.8271160">
    <ele>383.8</ele>
   </trkpt>
   <trkpt lat="36.6288390" lon="-4.8272130">
    <ele>384.2</ele>
   </trkpt>
   <trkpt lat="36.6288140" lon="-4.8272980">
    <ele>384.6</ele>
   </trkpt>
   <trkpt lat="36.6287840" lon="-4.8273840">
    <ele>385.2</ele>
   </trkpt>
   <trkpt lat="36.6287590" lon="-4.8274750">
    <ele>385.8</ele>
   </trkpt>
   <trkpt lat="36.6287300" lon="-4.8275620">
    <ele>386.2</ele>
   </trkpt>
   <trkpt lat="36.6287030" lon="-4.8276490">
    <ele>386.8</ele>
   </trkpt>
   <trkpt lat="36.6286750" lon="-4.8277380">
    <ele>387.4</ele>
   </trkpt>
   <trkpt lat="36.6286460" lon="-4.8278210">
    <ele>387.8</ele>
   </trkpt>
   <trkpt lat="36.6286160" lon="-4.8279060">
    <ele>388.4</ele>
   </trkpt>
   <trkpt lat="36.6285880" lon="-4.8279940">
    <ele>389.0</ele>
   </trkpt>
   <trkpt lat="36.6285620" lon="-4.8280780">
    <ele>389.4</ele>
   </trkpt>
   <trkpt lat="36.6285380" lon="-4.8281660">
    <ele>389.6</ele>
   </trkpt>
   <trkpt lat="36.6285150" lon="-4.8282520">
    <ele>390.0</ele>
   </trkpt>
   <trkpt lat="36.6284960" lon="-4.8283290">
    <ele>390.6</ele>
   </trkpt>
   <trkpt lat="36.6284770" lon="-4.8284050">
    <ele>391.2</ele>
   </trkpt>
   <trkpt lat="36.6284580" lon="-4.8284800">
    <ele>391.6</ele>
   </trkpt>
   <trkpt lat="36.6284430" lon="-4.8285520">
    <ele>392.0</ele>
   </trkpt>
   <trkpt lat="36.6284300" lon="-4.8286240">
    <ele>392.4</ele>
   </trkpt>
   <trkpt lat="36.6284180" lon="-4.8286990">
    <ele>393.0</ele>
   </trkpt>
   <trkpt lat="36.6284040" lon="-4.8287600">
    <ele>393.4</ele>
   </trkpt>
   <trkpt lat="36.6283960" lon="-4.8288280">
    <ele>393.8</ele>
   </trkpt>
   <trkpt lat="36.6283840" lon="-4.8289000">
    <ele>394.2</ele>
   </trkpt>
   <trkpt lat="36.6283800" lon="-4.8289650">
    <ele>394.4</ele>
   </trkpt>
   <trkpt lat="36.6283700" lon="-4.8290280">
    <ele>394.8</ele>
   </trkpt>
   <trkpt lat="36.6283650" lon="-4.8291020">
    <ele>395.2</ele>
   </trkpt>
   <trkpt lat="36.6283580" lon="-4.8291670">
    <ele>395.6</ele>
   </trkpt>
   <trkpt lat="36.6283500" lon="-4.8292370">
    <ele>396.0</ele>
   </trkpt>
   <trkpt lat="36.6283460" lon="-4.8293110">
    <ele>396.4</ele>
   </trkpt>
   <trkpt lat="36.6283420" lon="-4.8293790">
    <ele>396.8</ele>
   </trkpt>
   <trkpt lat="36.6283380" lon="-4.8294460">
    <ele>397.0</ele>
   </trkpt>
   <trkpt lat="36.6283380" lon="-4.8295210">
    <ele>397.4</ele>
   </trkpt>
   <trkpt lat="36.6283310" lon="-4.8295930">
    <ele>397.6</ele>
   </trkpt>
   <trkpt lat="36.6283300" lon="-4.8296710">
    <ele>397.8</ele>
   </trkpt>
   <trkpt lat="36.6283270" lon="-4.8297530">
    <ele>398.0</ele>
   </trkpt>
   <trkpt lat="36.6283230" lon="-4.8298270">
    <ele>398.0</ele>
   </trkpt>
   <trkpt lat="36.6283160" lon="-4.8299050">
    <ele>398.2</ele>
   </trkpt>
   <trkpt lat="36.6283110" lon="-4.8299920">
    <ele>398.4</ele>
   </trkpt>
   <trkpt lat="36.6283040" lon="-4.8300720">
    <ele>399.0</ele>
   </trkpt>
   <trkpt lat="36.6282940" lon="-4.8301520">
    <ele>399.4</ele>
   </trkpt>
   <trkpt lat="36.6282840" lon="-4.8302400">
    <ele>399.8</ele>
   </trkpt>
   <trkpt lat="36.6282740" lon="-4.8303310">
    <ele>400.2</ele>
   </trkpt>
   <trkpt lat="36.6282630" lon="-4.8304230">
    <ele>400.4</ele>
   </trkpt>
   <trkpt lat="36.6282510" lon="-4.8305160">
    <ele>400.4</ele>
   </trkpt>
   <trkpt lat="36.6282360" lon="-4.8306100">
    <ele>400.4</ele>
   </trkpt>
   <trkpt lat="36.6282250" lon="-4.8307060">
    <ele>400.4</ele>
   </trkpt>
   <trkpt lat="36.6282070" lon="-4.8308010">
    <ele>400.6</ele>
   </trkpt>
   <trkpt lat="36.6281870" lon="-4.8309050">
    <ele>400.6</ele>
   </trkpt>
   <trkpt lat="36.6281640" lon="-4.8310080">
    <ele>400.6</ele>
   </trkpt>
   <trkpt lat="36.6281410" lon="-4.8311170">
    <ele>400.6</ele>
   </trkpt>
   <trkpt lat="36.6281120" lon="-4.8312200">
    <ele>400.8</ele>
   </trkpt>
   <trkpt lat="36.6280780" lon="-4.8313290">
    <ele>400.8</ele>
   </trkpt>
   <trkpt lat="36.6280390" lon="-4.8314400">
    <ele>401.0</ele>
   </trkpt>
   <trkpt lat="36.6279990" lon="-4.8315450">
    <ele>400.8</ele>
   </trkpt>
   <trkpt lat="36.6279520" lon="-4.8316570">
    <ele>400.6</ele>
   </trkpt>
   <trkpt lat="36.6278990" lon="-4.8317790">
    <ele>400.0</ele>
   </trkpt>
   <trkpt lat="36.6278460" lon="-4.8318830">
    <ele>399.6</ele>
   </trkpt>
   <trkpt lat="36.6277840" lon="-4.8319940">
    <ele>399.2</ele>
   </trkpt>
   <trkpt lat="36.6277190" lon="-4.8321040">
    <ele>399.0</ele>
   </trkpt>
   <trkpt lat="36.6276580" lon="-4.8322100">
    <ele>399.0</ele>
   </trkpt>
   <trkpt lat="36.6275900" lon="-4.8323160">
    <ele>399.0</ele>
   </trkpt>
   <trkpt lat="36.6275200" lon="-4.8324190">
    <ele>398.8</ele>
   </trkpt>
   <trkpt lat="36.6274540" lon="-4.8325140">
    <ele>398.6</ele>
   </trkpt>
   <trkpt lat="36.6273900" lon="-4.8326030">
    <ele>398.6</ele>
   </trkpt>
   <trkpt lat="36.6273190" lon="-4.8326970">
    <ele>399.2</ele>
   </trkpt>
   <trkpt lat="36.6272470" lon="-4.8327930">
    <ele>399.8</ele>
   </trkpt>
   <trkpt lat="36.6271750" lon="-4.8328800">
    <ele>400.4</ele>
   </trkpt>
   <trkpt lat="36.6271080" lon="-4.8329660">
    <ele>400.8</ele>
   </trkpt>
   <trkpt lat="36.6270390" lon="-4.8330580">
    <ele>401.0</ele>
   </trkpt>
   <trkpt lat="36.6269740" lon="-4.8331480">
    <ele>401.0</ele>
   </trkpt>
   <trkpt lat="36.6269050" lon="-4.8332350">
    <ele>401.2</ele>
   </trkpt>
   <trkpt lat="36.6268460" lon="-4.8333110">
    <ele>401.4</ele>
   </trkpt>
   <trkpt lat="36.6267770" lon="-4.8334000">
    <ele>401.4</ele>
   </trkpt>
   <trkpt lat="36.6267130" lon="-4.8334820">
    <ele>401.6</ele>
   </trkpt>
   <trkpt lat="36.6266500" lon="-4.8335650">
    <ele>401.6</ele>
   </trkpt>
   <trkpt lat="36.6265960" lon="-4.8336410">
    <ele>401.6</ele>
   </trkpt>
   <trkpt lat="36.6265360" lon="-4.8337270">
    <ele>402.0</ele>
   </trkpt>
   <trkpt lat="36.6264860" lon="-4.8338100">
    <ele>402.2</ele>
   </trkpt>
   <trkpt lat="36.6264310" lon="-4.8338960">
    <ele>402.6</ele>
   </trkpt>
   <trkpt lat="36.6263800" lon="-4.8339800">
    <ele>403.0</ele>
   </trkpt>
   <trkpt lat="36.6263250" lon="-4.8340710">
    <ele>403.6</ele>
   </trkpt>
   <trkpt lat="36.6262740" lon="-4.8341630">
    <ele>404.2</ele>
   </trkpt>
   <trkpt lat="36.6262290" lon="-4.8342550">
    <ele>404.6</ele>
   </trkpt>
   <trkpt lat="36.6261870" lon="-4.8343500">
    <ele>405.2</ele>
   </trkpt>
   <trkpt lat="36.6261440" lon="-4.8344490">
    <ele>405.6</ele>
   </trkpt>
   <trkpt lat="36.6261060" lon="-4.8345480">
    <ele>406.2</ele>
   </trkpt>
   <trkpt lat="36.6260730" lon="-4.8346420">
    <ele>406.6</ele>
   </trkpt>
   <trkpt lat="36.6260420" lon="-4.8347430">
    <ele>407.4</ele>
   </trkpt>
   <trkpt lat="36.6260090" lon="-4.8348430">
    <ele>408.2</ele>
   </trkpt>
   <trkpt lat="36.6259800" lon="-4.8349500">
    <ele>409.2</ele>
   </trkpt>
   <trkpt lat="36.6259520" lon="-4.8350600">
    <ele>410.0</ele>
   </trkpt>
   <trkpt lat="36.6259340" lon="-4.8351590">
    <ele>410.8</ele>
   </trkpt>
   <trkpt lat="36.6259170" lon="-4.8352710">
    <ele>411.4</ele>
   </trkpt>
   <trkpt lat="36.6258980" lon="-4.8353890">
    <ele>412.0</ele>
   </trkpt>
   <trkpt lat="36.6258860" lon="-4.8355020">
    <ele>412.4</ele>
   </trkpt>
   <trkpt lat="36.6258750" lon="-4.8356200">
    <ele>412.8</ele>
   </trkpt>
   <trkpt lat="36.6258630" lon="-4.8357360">
    <ele>413.0</ele>
   </trkpt>
   <trkpt lat="36.6258550" lon="-4.8358530">
    <ele>413.2</ele>
   </trkpt>
   <trkpt lat="36.6258460" lon="-4.8359710">
    <ele>413.6</ele>
   </trkpt>
   <trkpt lat="36.6258360" lon="-4.8360890">
    <ele>414.0</ele>
   </trkpt>
   <trkpt lat="36.6258290" lon="-4.8361970">
    <ele>414.6</ele>
   </trkpt>
   <trkpt lat="36.6258210" lon="-4.8363190">
    <ele>415.0</ele>
   </trkpt>
   <trkpt lat="36.6258170" lon="-4.8364370">
    <ele>415.4</ele>
   </trkpt>
   <trkpt lat="36.6258100" lon="-4.8365480">
    <ele>415.8</ele>
   </trkpt>
   <trkpt lat="36.6258050" lon="-4.8366630">
    <ele>416.4</ele>
   </trkpt>
   <trkpt lat="36.6257980" lon="-4.8367750">
    <ele>417.0</ele>
   </trkpt>
   <trkpt lat="36.6257910" lon="-4.8368860">
    <ele>417.4</ele>
   </trkpt>
   <trkpt lat="36.6257830" lon="-4.8369950">
    <ele>418.0</ele>
   </trkpt>
   <trkpt lat="36.6257720" lon="-4.8371120">
    <ele>418.4</ele>
   </trkpt>
   <trkpt lat="36.6257630" lon="-4.8372240">
    <ele>418.8</ele>
   </trkpt>
   <trkpt lat="36.6257560" lon="-4.8373260">
    <ele>419.2</ele>
   </trkpt>
   <trkpt lat="36.6257480" lon="-4.8374330">
    <ele>419.6</ele>
   </trkpt>
   <trkpt lat="36.6257370" lon="-4.8375400">
    <ele>419.8</ele>
   </trkpt>
   <trkpt lat="36.6257260" lon="-4.8376370">
    <ele>420.2</ele>
   </trkpt>
   <trkpt lat="36.6257140" lon="-4.8377440">
    <ele>420.4</ele>
   </trkpt>
   <trkpt lat="36.6257060" lon="-4.8378480">
    <ele>420.8</ele>
   </trkpt>
   <trkpt lat="36.6256990" lon="-4.8379450">
    <ele>421.4</ele>
   </trkpt>
   <trkpt lat="36.6256880" lon="-4.8380500">
    <ele>422.0</ele>
   </trkpt>
   <trkpt lat="36.6256760" lon="-4.8381470">
    <ele>422.2</ele>
   </trkpt>
   <trkpt lat="36.6256650" lon="-4.8382500">
    <ele>422.4</ele>
   </trkpt>
   <trkpt lat="36.6256500" lon="-4.8383530">
    <ele>422.4</ele>
   </trkpt>
   <trkpt lat="36.6256380" lon="-4.8384540">
    <ele>422.6</ele>
   </trkpt>
   <trkpt lat="36.6256270" lon="-4.8385490">
    <ele>423.0</ele>
   </trkpt>
   <trkpt lat="36.6256190" lon="-4.8386500">
    <ele>423.4</ele>
   </trkpt>
   <trkpt lat="36.6256040" lon="-4.8387520">
    <ele>423.6</ele>
   </trkpt>
   <trkpt lat="36.6255920" lon="-4.8388480">
    <ele>424.2</ele>
   </trkpt>
   <trkpt lat="36.6255740" lon="-4.8389460">
    <ele>424.8</ele>
   </trkpt>
   <trkpt lat="36.6255570" lon="-4.8390530">
    <ele>425.4</ele>
   </trkpt>
   <trkpt lat="36.6255430" lon="-4.8391490">
    <ele>426.0</ele>
   </trkpt>
   <trkpt lat="36.6255280" lon="-4.8392520">
    <ele>426.4</ele>
   </trkpt>
   <trkpt lat="36.6255090" lon="-4.8393570">
    <ele>426.8</ele>
   </trkpt>
   <trkpt lat="36.6254900" lon="-4.8394560">
    <ele>427.4</ele>
   </trkpt>
   <trkpt lat="36.6254740" lon="-4.8395630">
    <ele>427.8</ele>
   </trkpt>
   <trkpt lat="36.6254560" lon="-4.8396610">
    <ele>428.2</ele>
   </trkpt>
   <trkpt lat="36.6254370" lon="-4.8397680">
    <ele>428.6</ele>
   </trkpt>
   <trkpt lat="36.6254210" lon="-4.8398700">
    <ele>429.2</ele>
   </trkpt>
   <trkpt lat="36.6254010" lon="-4.8399670">
    <ele>429.6</ele>
   </trkpt>
   <trkpt lat="36.6253770" lon="-4.8400760">
    <ele>430.0</ele>
   </trkpt>
   <trkpt lat="36.6253530" lon="-4.8401890">
    <ele>430.4</ele>
   </trkpt>
   <trkpt lat="36.6253300" lon="-4.8402940">
    <ele>430.8</ele>
   </trkpt>
   <trkpt lat="36.6253070" lon="-4.8404020">
    <ele>431.2</ele>
   </trkpt>
   <trkpt lat="36.6252840" lon="-4.8405110">
    <ele>431.6</ele>
   </trkpt>
   <trkpt lat="36.6252610" lon="-4.8406180">
    <ele>432.0</ele>
   </trkpt>
   <trkpt lat="36.6252380" lon="-4.8407270">
    <ele>432.4</ele>
   </trkpt>
   <trkpt lat="36.6252090" lon="-4.8408280">
    <ele>432.8</ele>
   </trkpt>
   <trkpt lat="36.6251820" lon="-4.8409350">
    <ele>433.2</ele>
   </trkpt>
   <trkpt lat="36.6251590" lon="-4.8410380">
    <ele>433.6</ele>
   </trkpt>
   <trkpt lat="36.6251320" lon="-4.8411480">
    <ele>434.0</ele>
   </trkpt>
   <trkpt lat="36.6251080" lon="-4.8412590">
    <ele>434.2</ele>
   </trkpt>
   <trkpt lat="36.6250830" lon="-4.8413580">
    <ele>434.6</ele>
   </trkpt>
   <trkpt lat="36.6250560" lon="-4.8414650">
    <ele>435.0</ele>
   </trkpt>
   <trkpt lat="36.6250240" lon="-4.8415720">
    <ele>435.4</ele>
   </trkpt>
   <trkpt lat="36.6249950" lon="-4.8416730">
    <ele>435.8</ele>
   </trkpt>
   <trkpt lat="36.6249610" lon="-4.8417810">
    <ele>436.2</ele>
   </trkpt>
   <trkpt lat="36.6249310" lon="-4.8418890">
    <ele>436.6</ele>
   </trkpt>
   <trkpt lat="36.6248970" lon="-4.8420020">
    <ele>437.2</ele>
   </trkpt>
   <trkpt lat="36.6248620" lon="-4.8421150">
    <ele>437.6</ele>
   </trkpt>
   <trkpt lat="36.6248290" lon="-4.8422230">
    <ele>437.8</ele>
   </trkpt>
   <trkpt lat="36.6247900" lon="-4.8423380">
    <ele>438.2</ele>
   </trkpt>
   <trkpt lat="36.6247510" lon="-4.8424530">
    <ele>438.6</ele>
   </trkpt>
   <trkpt lat="36.6247180" lon="-4.8425600">
    <ele>439.0</ele>
   </trkpt>
   <trkpt lat="36.6246840" lon="-4.8426690">
    <ele>439.4</ele>
   </trkpt>
   <trkpt lat="36.6246430" lon="-4.8427890">
    <ele>439.8</ele>
   </trkpt>
   <trkpt lat="36.6246070" lon="-4.8428910">
    <ele>440.2</ele>
   </trkpt>
   <trkpt lat="36.6245680" lon="-4.8430050">
    <ele>440.8</ele>
   </trkpt>
   <trkpt lat="36.6245280" lon="-4.8431190">
    <ele>441.2</ele>
   </trkpt>
   <trkpt lat="36.6244910" lon="-4.8432170">
    <ele>441.8</ele>
   </trkpt>
   <trkpt lat="36.6244460" lon="-4.8433310">
    <ele>442.2</ele>
   </trkpt>
   <trkpt lat="36.6244020" lon="-4.8434470">
    <ele>442.6</ele>
   </trkpt>
   <trkpt lat="36.6243600" lon="-4.8435450">
    <ele>442.8</ele>
   </trkpt>
   <trkpt lat="36.6243160" lon="-4.8436570">
    <ele>443.2</ele>
   </trkpt>
   <trkpt lat="36.6242710" lon="-4.8437750">
    <ele>443.8</ele>
   </trkpt>
   <trkpt lat="36.6242350" lon="-4.8438670">
    <ele>444.2</ele>
   </trkpt>
   <trkpt lat="36.6241870" lon="-4.8439830">
    <ele>444.6</ele>
   </trkpt>
   <trkpt lat="36.6241380" lon="-4.8440960">
    <ele>444.8</ele>
   </trkpt>
   <trkpt lat="36.6241000" lon="-4.8441920">
    <ele>445.0</ele>
   </trkpt>
   <trkpt lat="36.6240510" lon="-4.8442970">
    <ele>445.2</ele>
   </trkpt>
   <trkpt lat="36.6239970" lon="-4.8444110">
    <ele>445.6</ele>
   </trkpt>
   <trkpt lat="36.6239560" lon="-4.8445040">
    <ele>445.8</ele>
   </trkpt>
   <trkpt lat="36.6239090" lon="-4.8446130">
    <ele>446.2</ele>
   </trkpt>
   <trkpt lat="36.6238600" lon="-4.8447240">
    <ele>446.6</ele>
   </trkpt>
   <trkpt lat="36.6238150" lon="-4.8448170">
    <ele>447.0</ele>
   </trkpt>
   <trkpt lat="36.6237620" lon="-4.8449170">
    <ele>447.2</ele>
   </trkpt>
   <trkpt lat="36.6237080" lon="-4.8450220">
    <ele>447.8</ele>
   </trkpt>
   <trkpt lat="36.6236690" lon="-4.8451120">
    <ele>448.2</ele>
   </trkpt>
   <trkpt lat="36.6236190" lon="-4.8452060">
    <ele>448.6</ele>
   </trkpt>
   <trkpt lat="36.6235710" lon="-4.8453060">
    <ele>449.0</ele>
   </trkpt>
   <trkpt lat="36.6235250" lon="-4.8453920">
    <ele>449.4</ele>
   </trkpt>
   <trkpt lat="36.6234750" lon="-4.8454840">
    <ele>449.8</ele>
   </trkpt>
   <trkpt lat="36.6234270" lon="-4.8455740">
    <ele>450.0</ele>
   </trkpt>
   <trkpt lat="36.6233780" lon="-4.8456680">
    <ele>450.4</ele>
   </trkpt>
   <trkpt lat="36.6233290" lon="-4.8457570">
    <ele>450.6</ele>
   </trkpt>
   <trkpt lat="36.6232750" lon="-4.8458520">
    <ele>450.8</ele>
   </trkpt>
   <trkpt lat="36.6232260" lon="-4.8459420">
    <ele>451.2</ele>
   </trkpt>
   <trkpt lat="36.6231710" lon="-4.8460380">
    <ele>451.4</ele>
   </trkpt>
   <trkpt lat="36.6231130" lon="-4.8461390">
    <ele>451.8</ele>
   </trkpt>
   <trkpt lat="36.6230670" lon="-4.8462230">
    <ele>452.0</ele>
   </trkpt>
   <trkpt lat="36.6230080" lon="-4.8463240">
    <ele>452.4</ele>
   </trkpt>
   <trkpt lat="36.6229490" lon="-4.8464240">
    <ele>452.6</ele>
   </trkpt>
   <trkpt lat="36.6228880" lon="-4.8465240">
    <ele>452.6</ele>
   </trkpt>
   <trkpt lat="36.6228230" lon="-4.8466350">
    <ele>452.6</ele>
   </trkpt>
   <trkpt lat="36.6227620" lon="-4.8467320">
    <ele>452.2</ele>
   </trkpt>
   <trkpt lat="36.6226980" lon="-4.8468300">
    <ele>452.0</ele>
   </trkpt>
   <trkpt lat="36.6226260" lon="-4.8469410">
    <ele>451.8</ele>
   </trkpt>
   <trkpt lat="36.6225550" lon="-4.8470460">
    <ele>451.6</ele>
   </trkpt>
   <trkpt lat="36.6224880" lon="-4.8471520">
    <ele>451.6</ele>
   </trkpt>
   <trkpt lat="36.6224100" lon="-4.8472730">
    <ele>451.6</ele>
   </trkpt>
   <trkpt lat="36.6223320" lon="-4.8473840">
    <ele>451.6</ele>
   </trkpt>
   <trkpt lat="36.6222560" lon="-4.8474940">
    <ele>451.4</ele>
   </trkpt>
   <trkpt lat="36.6221670" lon="-4.8476200">
    <ele>451.2</ele>
   </trkpt>
   <trkpt lat="36.6220790" lon="-4.8477370">
    <ele>451.0</ele>
   </trkpt>
   <trkpt lat="36.6219920" lon="-4.8478540">
    <ele>450.8</ele>
   </trkpt>
   <trkpt lat="36.6219030" lon="-4.8479740">
    <ele>450.2</ele>
   </trkpt>
   <trkpt lat="36.6218030" lon="-4.8481070">
    <ele>449.6</ele>
   </trkpt>
   <trkpt lat="36.6216970" lon="-4.8482430">
    <ele>448.8</ele>
   </trkpt>
   <trkpt lat="36.6215870" lon="-4.8483850">
    <ele>448.0</ele>
   </trkpt>
   <trkpt lat="36.6214820" lon="-4.8485130">
    <ele>447.4</ele>
   </trkpt>
   <trkpt lat="36.6213700" lon="-4.8486480">
    <ele>446.6</ele>
   </trkpt>
   <trkpt lat="36.6212480" lon="-4.8487950">
    <ele>445.8</ele>
   </trkpt>
   <trkpt lat="36.6211390" lon="-4.8489230">
    <ele>444.8</ele>
   </trkpt>
   <trkpt lat="36.6210150" lon="-4.8490640">
    <ele>443.6</ele>
   </trkpt>
   <trkpt lat="36.6208840" lon="-4.8492090">
    <ele>442.4</ele>
   </trkpt>
   <trkpt lat="36.6207770" lon="-4.8493240">
    <ele>441.4</ele>
   </trkpt>
   <trkpt lat="36.6206480" lon="-4.8494580">
    <ele>440.8</ele>
   </trkpt>
   <trkpt lat="36.6205130" lon="-4.8495940">
    <ele>440.4</ele>
   </trkpt>
   <trkpt lat="36.6203960" lon="-4.8497090">
    <ele>439.6</ele>
   </trkpt>
   <trkpt lat="36.6202730" lon="-4.8498310">
    <ele>438.2</ele>
   </trkpt>
   <trkpt lat="36.6201340" lon="-4.8499600">
    <ele>437.0</ele>
   </trkpt>
   <trkpt lat="36.6200060" lon="-4.8500740">
    <ele>436.0</ele>
   </trkpt>
   <trkpt lat="36.6198720" lon="-4.8501790">
    <ele>434.8</ele>
   </trkpt>
   <trkpt lat="36.6197220" lon="-4.8502620">
    <ele>433.6</ele>
   </trkpt>
   <trkpt lat="36.6195700" lon="-4.8503430">
    <ele>432.8</ele>
   </trkpt>
   <trkpt lat="36.6194170" lon="-4.8504010">
    <ele>432.0</ele>
   </trkpt>
   <trkpt lat="36.6192310" lon="-4.8504490">
    <ele>431.2</ele>
   </trkpt>
   <trkpt lat="36.6190710" lon="-4.8504650">
    <ele>430.4</ele>
   </trkpt>
   <trkpt lat="36.6189010" lon="-4.8504650">
    <ele>429.6</ele>
   </trkpt>
   <trkpt lat="36.6187170" lon="-4.8504460">
    <ele>428.8</ele>
   </trkpt>
   <trkpt lat="36.6185470" lon="-4.8504070">
    <ele>428.2</ele>
   </trkpt>
   <trkpt lat="36.6183670" lon="-4.8503410">
    <ele>428.0</ele>
   </trkpt>
   <trkpt lat="36.6181890" lon="-4.8502570">
    <ele>428.0</ele>
   </trkpt>
   <trkpt lat="36.6180170" lon="-4.8501650">
    <ele>428.0</ele>
   </trkpt>
   <trkpt lat="36.6178370" lon="-4.8500690">
    <ele>428.4</ele>
   </trkpt>
   <trkpt lat="36.6176600" lon="-4.8499770">
    <ele>429.0</ele>
   </trkpt>
   <trkpt lat="36.6174800" lon="-4.8498920">
    <ele>429.2</ele>
   </trkpt>
   <trkpt lat="36.6172820" lon="-4.8498200">
    <ele>429.0</ele>
   </trkpt>
   <trkpt lat="36.6170990" lon="-4.8497730">
    <ele>429.2</ele>
   </trkpt>
   <trkpt lat="36.6169070" lon="-4.8497460">
    <ele>430.0</ele>
   </trkpt>
   <trkpt lat="36.6167210" lon="-4.8497380">
    <ele>431.4</ele>
   </trkpt>
   <trkpt lat="36.6165490" lon="-4.8497530">
    <ele>432.6</ele>
   </trkpt>
   <trkpt lat="36.6163790" lon="-4.8497800">
    <ele>433.6</ele>
   </trkpt>
   <trkpt lat="36.6162100" lon="-4.8498080">
    <ele>434.4</ele>
   </trkpt>
   <trkpt lat="36.6160410" lon="-4.8498370">
    <ele>435.4</ele>
   </trkpt>
   <trkpt lat="36.6158790" lon="-4.8498610">
    <ele>436.2</ele>
   </trkpt>
   <trkpt lat="36.6157210" lon="-4.8498760">
    <ele>437.0</ele>
   </trkpt>
   <trkpt lat="36.6155800" lon="-4.8498750">
    <ele>437.8</ele>
   </trkpt>
   <trkpt lat="36.6154370" lon="-4.8498640">
    <ele>438.4</ele>
   </trkpt>
   <trkpt lat="36.6153090" lon="-4.8498490">
    <ele>438.4</ele>
   </trkpt>
   <trkpt lat="36.6151840" lon="-4.8498260">
    <ele>438.6</ele>
   </trkpt>
   <trkpt lat="36.6150590" lon="-4.8497990">
    <ele>439.0</ele>
   </trkpt>
   <trkpt lat="36.6149320" lon="-4.8497690">
    <ele>439.4</ele>
   </trkpt>
   <trkpt lat="36.6148290" lon="-4.8497410">
    <ele>440.0</ele>
   </trkpt>
   <trkpt lat="36.6147130" lon="-4.8497140">
    <ele>440.6</ele>
   </trkpt>
   <trkpt lat="36.6146070" lon="-4.8496880">
    <ele>441.2</ele>
   </trkpt>
   <trkpt lat="36.6144900" lon="-4.8496620">
    <ele>441.6</ele>
   </trkpt>
   <trkpt lat="36.6143820" lon="-4.8496410">
    <ele>442.0</ele>
   </trkpt>
   <trkpt lat="36.6142590" lon="-4.8496260">
    <ele>442.2</ele>
   </trkpt>
   <trkpt lat="36.6141530" lon="-4.8496190">
    <ele>442.6</ele>
   </trkpt>
   <trkpt lat="36.6140390" lon="-4.8496150">
    <ele>443.0</ele>
   </trkpt>
   <trkpt lat="36.6139250" lon="-4.8496200">
    <ele>443.4</ele>
   </trkpt>
   <trkpt lat="36.6138180" lon="-4.8496320">
    <ele>444.0</ele>
   </trkpt>
   <trkpt lat="36.6137050" lon="-4.8496460">
    <ele>444.4</ele>
   </trkpt>
   <trkpt lat="36.6135900" lon="-4.8496630">
    <ele>444.8</ele>
   </trkpt>
   <trkpt lat="36.6134920" lon="-4.8496750">
    <ele>445.2</ele>
   </trkpt>
   <trkpt lat="36.6133720" lon="-4.8496890">
    <ele>445.6</ele>
   </trkpt>
   <trkpt lat="36.6132510" lon="-4.8496980">
    <ele>445.8</ele>
   </trkpt>
   <trkpt lat="36.6131380" lon="-4.8497050">
    <ele>446.0</ele>
   </trkpt>
   <trkpt lat="36.6130300" lon="-4.8497160">
    <ele>446.2</ele>
   </trkpt>
   <trkpt lat="36.6129120" lon="-4.8497330">
    <ele>446.6</ele>
   </trkpt>
   <trkpt lat="36.6128020" lon="-4.8497470">
    <ele>446.6</ele>
   </trkpt>
   <trkpt lat="36.6126960" lon="-4.8497610">
    <ele>446.8</ele>
   </trkpt>
   <trkpt lat="36.6125820" lon="-4.8497820">
    <ele>447.0</ele>
   </trkpt>
   <trkpt lat="36.6124750" lon="-4.8498030">
    <ele>447.2</ele>
   </trkpt>
   <trkpt lat="36.6123630" lon="-4.8498310">
    <ele>447.4</ele>
   </trkpt>
   <trkpt lat="36.6122430" lon="-4.8498640">
    <ele>447.6</ele>
   </trkpt>
   <trkpt lat="36.6121450" lon="-4.8498940">
    <ele>448.0</ele>
   </trkpt>
   <trkpt lat="36.6120370" lon="-4.8499360">
    <ele>448.2</ele>
   </trkpt>
   <trkpt lat="36.6119270" lon="-4.8499880">
    <ele>448.4</ele>
   </trkpt>
   <trkpt lat="36.6118280" lon="-4.8500450">
    <ele>448.6</ele>
   </trkpt>
   <trkpt lat="36.6117180" lon="-4.8501120">
    <ele>448.8</ele>
   </trkpt>
   <trkpt lat="36.6116170" lon="-4.8501780">
    <ele>449.0</ele>
   </trkpt>
   <trkpt lat="36.6115090" lon="-4.8502510">
    <ele>449.2</ele>
   </trkpt>
   <trkpt lat="36.6114110" lon="-4.8503260">
    <ele>449.4</ele>
   </trkpt>
   <trkpt lat="36.6113220" lon="-4.8503990">
    <ele>449.8</ele>
   </trkpt>
   <trkpt lat="36.6112180" lon="-4.8504870">
    <ele>450.0</ele>
   </trkpt>
   <trkpt lat="36.6111220" lon="-4.8505650">
    <ele>450.4</ele>
   </trkpt>
   <trkpt lat="36.6110280" lon="-4.8506430">
    <ele>451.0</ele>
   </trkpt>
   <trkpt lat="36.6109310" lon="-4.8507240">
    <ele>451.6</ele>
   </trkpt>
   <trkpt lat="36.6108400" lon="-4.8508030">
    <ele>452.2</ele>
   </trkpt>
   <trkpt lat="36.6107510" lon="-4.8508790">
    <ele>452.8</ele>
   </trkpt>
   <trkpt lat="36.6106530" lon="-4.8509520">
    <ele>453.4</ele>
   </trkpt>
   <trkpt lat="36.6105550" lon="-4.8510180">
    <ele>454.2</ele>
   </trkpt>
   <trkpt lat="36.6104610" lon="-4.8510730">
    <ele>454.6</ele>
   </trkpt>
   <trkpt lat="36.6103680" lon="-4.8511190">
    <ele>455.0</ele>
   </trkpt>
   <trkpt lat="36.6102630" lon="-4.8511640">
    <ele>455.4</ele>
   </trkpt>
   <trkpt lat="36.6101570" lon="-4.8511980">
    <ele>456.0</ele>
   </trkpt>
   <trkpt lat="36.6100560" lon="-4.8512230">
    <ele>456.6</ele>
   </trkpt>
   <trkpt lat="36.6099580" lon="-4.8512400">
    <ele>457.0</ele>
   </trkpt>
   <trkpt lat="36.6098660" lon="-4.8512520">
    <ele>457.4</ele>
   </trkpt>
   <trkpt lat="36.6097680" lon="-4.8512550">
    <ele>457.8</ele>
   </trkpt>
   <trkpt lat="36.6096750" lon="-4.8512520">
    <ele>458.2</ele>
   </trkpt>
   <trkpt lat="36.6095830" lon="-4.8512440">
    <ele>458.4</ele>
   </trkpt>
   <trkpt lat="36.6094950" lon="-4.8512310">
    <ele>458.6</ele>
   </trkpt>
   <trkpt lat="36.6094050" lon="-4.8512110">
    <ele>459.0</ele>
   </trkpt>
   <trkpt lat="36.6093250" lon="-4.8511890">
    <ele>459.4</ele>
   </trkpt>
   <trkpt lat="36.6092380" lon="-4.8511580">
    <ele>460.0</ele>
   </trkpt>
   <trkpt lat="36.6091580" lon="-4.8511290">
    <ele>460.4</ele>
   </trkpt>
   <trkpt lat="36.6090790" lon="-4.8510960">
    <ele>460.8</ele>
   </trkpt>
   <trkpt lat="36.6089970" lon="-4.8510600">
    <ele>461.4</ele>
   </trkpt>
   <trkpt lat="36.6089130" lon="-4.8510200">
    <ele>462.0</ele>
   </trkpt>
   <trkpt lat="36.6088390" lon="-4.8509800">
    <ele>462.8</ele>
   </trkpt>
   <trkpt lat="36.6087580" lon="-4.8509390">
    <ele>463.4</ele>
   </trkpt>
   <trkpt lat="36.6086790" lon="-4.8509030">
    <ele>464.2</ele>
   </trkpt>
   <trkpt lat="36.6086130" lon="-4.8508710">
    <ele>464.8</ele>
   </trkpt>
   <trkpt lat="36.6085290" lon="-4.8508340">
    <ele>465.4</ele>
   </trkpt>
   <trkpt lat="36.6084420" lon="-4.8507970">
    <ele>466.2</ele>
   </trkpt>
   <trkpt lat="36.6083660" lon="-4.8507640">
    <ele>466.8</ele>
   </trkpt>
   <trkpt lat="36.6082820" lon="-4.8507320">
    <ele>467.6</ele>
   </trkpt>
   <trkpt lat="36.6081960" lon="-4.8507020">
    <ele>468.2</ele>
   </trkpt>
   <trkpt lat="36.6081120" lon="-4.8506750">
    <ele>468.8</ele>
   </trkpt>
   <trkpt lat="36.6080270" lon="-4.8506520">
    <ele>469.4</ele>
   </trkpt>
   <trkpt lat="36.6079430" lon="-4.8506300">
    <ele>470.0</ele>
   </trkpt>
   <trkpt lat="36.6078610" lon="-4.8506130">
    <ele>470.6</ele>
   </trkpt>
   <trkpt lat="36.6077800" lon="-4.8506030">
    <ele>471.2</ele>
   </trkpt>
   <trkpt lat="36.6076940" lon="-4.8505940">
    <ele>471.8</ele>
   </trkpt>
   <trkpt lat="36.6076150" lon="-4.8505870">
    <ele>472.4</ele>
   </trkpt>
   <trkpt lat="36.6075420" lon="-4.8505840">
    <ele>472.8</ele>
   </trkpt>
   <trkpt lat="36.6074720" lon="-4.8505840">
    <ele>473.2</ele>
   </trkpt>
   <trkpt lat="36.6074050" lon="-4.8505840">
    <ele>473.6</ele>
   </trkpt>
   <trkpt lat="36.6073380" lon="-4.8505870">
    <ele>474.2</ele>
   </trkpt>
   <trkpt lat="36.6072740" lon="-4.8505930">
    <ele>474.6</ele>
   </trkpt>
   <trkpt lat="36.6072090" lon="-4.8506010">
    <ele>474.8</ele>
   </trkpt>
   <trkpt lat="36.6071420" lon="-4.8506110">
    <ele>475.2</ele>
   </trkpt>
   <trkpt lat="36.6070740" lon="-4.8506230">
    <ele>475.4</ele>
   </trkpt>
   <trkpt lat="36.6070090" lon="-4.8506350">
    <ele>475.8</ele>
   </trkpt>
   <trkpt lat="36.6069410" lon="-4.8506490">
    <ele>476.0</ele>
   </trkpt>
   <trkpt lat="36.6068790" lon="-4.8506670">
    <ele>476.2</ele>
   </trkpt>
   <trkpt lat="36.6068130" lon="-4.8506880">
    <ele>476.4</ele>
   </trkpt>
   <trkpt lat="36.6067490" lon="-4.8507130">
    <ele>476.8</ele>
   </trkpt>
   <trkpt lat="36.6066810" lon="-4.8507380">
    <ele>477.0</ele>
   </trkpt>
   <trkpt lat="36.6066200" lon="-4.8507610">
    <ele>477.2</ele>
   </trkpt>
   <trkpt lat="36.6065490" lon="-4.8507880">
    <ele>477.4</ele>
   </trkpt>
   <trkpt lat="36.6064810" lon="-4.8508160">
    <ele>477.8</ele>
   </trkpt>
   <trkpt lat="36.6064160" lon="-4.8508440">
    <ele>478.2</ele>
   </trkpt>
   <trkpt lat="36.6063490" lon="-4.8508800">
    <ele>478.4</ele>
   </trkpt>
   <trkpt lat="36.6062770" lon="-4.8509150">
    <ele>478.6</ele>
   </trkpt>
   <trkpt lat="36.6062120" lon="-4.8509450">
    <ele>478.6</ele>
   </trkpt>
   <trkpt lat="36.6061380" lon="-4.8509770">
    <ele>478.4</ele>
   </trkpt>
   <trkpt lat="36.6060700" lon="-4.8510090">
    <ele>478.4</ele>
   </trkpt>
   <trkpt lat="36.6059970" lon="-4.8510460">
    <ele>478.2</ele>
   </trkpt>
   <trkpt lat="36.6059220" lon="-4.8510790">
    <ele>478.2</ele>
   </trkpt>
   <trkpt lat="36.6058430" lon="-4.8511150">
    <ele>478.4</ele>
   </trkpt>
   <trkpt lat="36.6057750" lon="-4.8511490">
    <ele>478.6</ele>
   </trkpt>
   <trkpt lat="36.6056930" lon="-4.8511900">
    <ele>478.8</ele>
   </trkpt>
   <trkpt lat="36.6056160" lon="-4.8512250">
    <ele>478.8</ele>
   </trkpt>
   <trkpt lat="36.6055410" lon="-4.8512650">
    <ele>479.0</ele>
   </trkpt>
   <trkpt lat="36.6054590" lon="-4.8513060">
    <ele>479.4</ele>
   </trkpt>
   <trkpt lat="36.6053820" lon="-4.8513460">
    <ele>479.6</ele>
   </trkpt>
   <trkpt lat="36.6053070" lon="-4.8513820">
    <ele>479.2</ele>
   </trkpt>
   <trkpt lat="36.6052230" lon="-4.8514210">
    <ele>478.8</ele>
   </trkpt>
   <trkpt lat="36.6051440" lon="-4.8514570">
    <ele>478.4</ele>
   </trkpt>
   <trkpt lat="36.6050670" lon="-4.8514950">
    <ele>478.0</ele>
   </trkpt>
   <trkpt lat="36.6049790" lon="-4.8515370">
    <ele>478.0</ele>
   </trkpt>
   <trkpt lat="36.6048940" lon="-4.8515780">
    <ele>477.8</ele>
   </trkpt>
   <trkpt lat="36.6048130" lon="-4.8516180">
    <ele>477.8</ele>
   </trkpt>
   <trkpt lat="36.6047280" lon="-4.8516600">
    <ele>477.8</ele>
   </trkpt>
   <trkpt lat="36.6046420" lon="-4.8517010">
    <ele>477.8</ele>
   </trkpt>
   <trkpt lat="36.6045500" lon="-4.8517420">
    <ele>477.8</ele>
   </trkpt>
   <trkpt lat="36.6044610" lon="-4.8517840">
    <ele>477.8</ele>
   </trkpt>
   <trkpt lat="36.6043680" lon="-4.8518290">
    <ele>477.8</ele>
   </trkpt>
   <trkpt lat="36.6042830" lon="-4.8518740">
    <ele>477.6</ele>
   </trkpt>
   <trkpt lat="36.6041890" lon="-4.8519210">
    <ele>477.4</ele>
   </trkpt>
   <trkpt lat="36.6040980" lon="-4.8519640">
    <ele>477.2</ele>
   </trkpt>
   <trkpt lat="36.6040030" lon="-4.8520070">
    <ele>477.0</ele>
   </trkpt>
   <trkpt lat="36.6039110" lon="-4.8520520">
    <ele>476.8</ele>
   </trkpt>
   <trkpt lat="36.6038180" lon="-4.8520990">
    <ele>476.8</ele>
   </trkpt>
   <trkpt lat="36.6037270" lon="-4.8521410">
    <ele>477.0</ele>
   </trkpt>
   <trkpt lat="36.6036300" lon="-4.8521860">
    <ele>477.2</ele>
   </trkpt>
   <trkpt lat="36.6035340" lon="-4.8522310">
    <ele>477.6</ele>
   </trkpt>
   <trkpt lat="36.6034420" lon="-4.8522750">
    <ele>478.0</ele>
   </trkpt>
   <trkpt lat="36.6033480" lon="-4.8523230">
    <ele>478.2</ele>
   </trkpt>
   <trkpt lat="36.6032500" lon="-4.8523690">
    <ele>478.2</ele>
   </trkpt>
   <trkpt lat="36.6031630" lon="-4.8524130">
    <ele>478.2</ele>
   </trkpt>
   <trkpt lat="36.6030640" lon="-4.8524630">
    <ele>478.0</ele>
   </trkpt>
   <trkpt lat="36.6029700" lon="-4.8525080">
    <ele>477.8</ele>
   </trkpt>
   <trkpt lat="36.6028700" lon="-4.8525520">
    <ele>478.0</ele>
   </trkpt>
   <trkpt lat="36.6027750" lon="-4.8525970">
    <ele>478.2</ele>
   </trkpt>
   <trkpt lat="36.6026820" lon="-4.8526430">
    <ele>478.2</ele>
   </trkpt>
   <trkpt lat="36.6025870" lon="-4.8526880">
    <ele>478.4</ele>
   </trkpt>
   <trkpt lat="36.6024860" lon="-4.8527350">
    <ele>478.6</ele>
   </trkpt>
   <trkpt lat="36.6023920" lon="-4.8527770">
    <ele>478.6</ele>
   </trkpt>
   <trkpt lat="36.6022930" lon="-4.8528240">
    <ele>478.8</ele>
   </trkpt>
   <trkpt lat="36.6021930" lon="-4.8528660">
    <ele>479.0</ele>
   </trkpt>
   <trkpt lat="36.6020950" lon="-4.8529060">
    <ele>479.2</ele>
   </trkpt>
   <trkpt lat="36.6019970" lon="-4.8529400">
    <ele>479.8</ele>
   </trkpt>
   <trkpt lat="36.6018960" lon="-4.8529740">
    <ele>480.2</ele>
   </trkpt>
   <trkpt lat="36.6018010" lon="-4.8530050">
    <ele>480.4</ele>
   </trkpt>
   <trkpt lat="36.6017040" lon="-4.8530310">
    <ele>480.6</ele>
   </trkpt>
   <trkpt lat="36.6016060" lon="-4.8530540">
    <ele>480.8</ele>
   </trkpt>
   <trkpt lat="36.6015030" lon="-4.8530750">
    <ele>481.0</ele>
   </trkpt>
   <trkpt lat="36.6014110" lon="-4.8530900">
    <ele>481.4</ele>
   </trkpt>
   <trkpt lat="36.6013090" lon="-4.8531040">
    <ele>481.6</ele>
   </trkpt>
   <trkpt lat="36.6012190" lon="-4.8531140">
    <ele>482.0</ele>
   </trkpt>
   <trkpt lat="36.6011200" lon="-4.8531240">
    <ele>482.2</ele>
   </trkpt>
   <trkpt lat="36.6010260" lon="-4.8531340">
    <ele>482.4</ele>
   </trkpt>
   <trkpt lat="36.6009270" lon="-4.8531450">
    <ele>482.6</ele>
   </trkpt>
   <trkpt lat="36.6008350" lon="-4.8531550">
    <ele>482.8</ele>
   </trkpt>
   <trkpt lat="36.6007400" lon="-4.8531640">
    <ele>483.0</ele>
   </trkpt>
   <trkpt lat="36.6006460" lon="-4.8531740">
    <ele>483.2</ele>
   </trkpt>
   <trkpt lat="36.6005570" lon="-4.8531850">
    <ele>483.4</ele>
   </trkpt>
   <trkpt lat="36.6004630" lon="-4.8531950">
    <ele>483.4</ele>
   </trkpt>
   <trkpt lat="36.6003670" lon="-4.8532060">
    <ele>483.6</ele>
   </trkpt>
   <trkpt lat="36.6002790" lon="-4.8532160">
    <ele>483.8</ele>
   </trkpt>
   <trkpt lat="36.6001860" lon="-4.8532240">
    <ele>484.0</ele>
   </trkpt>
   <trkpt lat="36.6000960" lon="-4.8532320">
    <ele>484.4</ele>
   </trkpt>
   <trkpt lat="36.6000090" lon="-4.8532360">
    <ele>484.8</ele>
   </trkpt>
   <trkpt lat="36.5999200" lon="-4.8532400">
    <ele>485.0</ele>
   </trkpt>
   <trkpt lat="36.5998300" lon="-4.8532460">
    <ele>485.4</ele>
   </trkpt>
   <trkpt lat="36.5997480" lon="-4.8532510">
    <ele>485.8</ele>
   </trkpt>
   <trkpt lat="36.5996600" lon="-4.8532530">
    <ele>486.2</ele>
   </trkpt>
   <trkpt lat="36.5995790" lon="-4.8532550">
    <ele>486.8</ele>
   </trkpt>
   <trkpt lat="36.5994930" lon="-4.8532580">
    <ele>487.2</ele>
   </trkpt>
   <trkpt lat="36.5994090" lon="-4.8532600">
    <ele>487.6</ele>
   </trkpt>
   <trkpt lat="36.5993290" lon="-4.8532650">
    <ele>487.6</ele>
   </trkpt>
   <trkpt lat="36.5992520" lon="-4.8532680">
    <ele>487.8</ele>
   </trkpt>
   <trkpt lat="36.5991620" lon="-4.8532730">
    <ele>488.2</ele>
   </trkpt>
   <trkpt lat="36.5990820" lon="-4.8532780">
    <ele>488.8</ele>
   </trkpt>
   <trkpt lat="36.5990030" lon="-4.8532830">
    <ele>489.4</ele>
   </trkpt>
   <trkpt lat="36.5989150" lon="-4.8532850">
    <ele>489.8</ele>
   </trkpt>
   <trkpt lat="36.5988320" lon="-4.8532880">
    <ele>490.2</ele>
   </trkpt>
   <trkpt lat="36.5987510" lon="-4.8532910">
    <ele>490.4</ele>
   </trkpt>
   <trkpt lat="36.5986740" lon="-4.8532940">
    <ele>490.8</ele>
   </trkpt>
   <trkpt lat="36.5985920" lon="-4.8533000">
    <ele>491.0</ele>
   </trkpt>
   <trkpt lat="36.5985110" lon="-4.8533030">
    <ele>491.2</ele>
   </trkpt>
   <trkpt lat="36.5984310" lon="-4.8533050">
    <ele>491.4</ele>
   </trkpt>
   <trkpt lat="36.5983470" lon="-4.8533070">
    <ele>491.6</ele>
   </trkpt>
   <trkpt lat="36.5982730" lon="-4.8533070">
    <ele>491.8</ele>
   </trkpt>
   <trkpt lat="36.5981880" lon="-4.8533080">
    <ele>492.0</ele>
   </trkpt>
   <trkpt lat="36.5981130" lon="-4.8533080">
    <ele>492.2</ele>
   </trkpt>
   <trkpt lat="36.5980370" lon="-4.8533080">
    <ele>492.6</ele>
   </trkpt>
   <trkpt lat="36.5979570" lon="-4.8533080">
    <ele>492.8</ele>
   </trkpt>
   <trkpt lat="36.5978750" lon="-4.8533080">
    <ele>493.2</ele>
   </trkpt>
   <trkpt lat="36.5978010" lon="-4.8533100">
    <ele>493.6</ele>
   </trkpt>
   <trkpt lat="36.5977190" lon="-4.8533080">
    <ele>493.8</ele>
   </trkpt>
   <trkpt lat="36.5976450" lon="-4.8533080">
    <ele>494.2</ele>
   </trkpt>
   <trkpt lat="36.5975660" lon="-4.8533100">
    <ele>494.6</ele>
   </trkpt>
   <trkpt lat="36.5974870" lon="-4.8533100">
    <ele>494.8</ele>
   </trkpt>
   <trkpt lat="36.5974100" lon="-4.8533110">
    <ele>495.0</ele>
   </trkpt>
   <trkpt lat="36.5973310" lon="-4.8533100">
    <ele>495.4</ele>
   </trkpt>
   <trkpt lat="36.5972500" lon="-4.8533080">
    <ele>495.6</ele>
   </trkpt>
   <trkpt lat="36.5971710" lon="-4.8533080">
    <ele>495.8</ele>
   </trkpt>
   <trkpt lat="36.5970940" lon="-4.8533070">
    <ele>496.2</ele>
   </trkpt>
   <trkpt lat="36.5970110" lon="-4.8533050">
    <ele>496.6</ele>
   </trkpt>
   <trkpt lat="36.5969300" lon="-4.8533040">
    <ele>496.8</ele>
   </trkpt>
   <trkpt lat="36.5968510" lon="-4.8533020">
    <ele>497.0</ele>
   </trkpt>
   <trkpt lat="36.5967700" lon="-4.8533020">
    <ele>497.2</ele>
   </trkpt>
   <trkpt lat="36.5966900" lon="-4.8533020">
    <ele>497.4</ele>
   </trkpt>
   <trkpt lat="36.5966100" lon="-4.8533020">
    <ele>497.6</ele>
   </trkpt>
   <trkpt lat="36.5965300" lon="-4.8533020">
    <ele>497.8</ele>
   </trkpt>
   <trkpt lat="36.5964450" lon="-4.8533030">
    <ele>498.0</ele>
   </trkpt>
   <trkpt lat="36.5963690" lon="-4.8533030">
    <ele>498.2</ele>
   </trkpt>
   <trkpt lat="36.5962830" lon="-4.8533040">
    <ele>498.4</ele>
   </trkpt>
   <trkpt lat="36.5961940" lon="-4.8533050">
    <ele>498.6</ele>
   </trkpt>
   <trkpt lat="36.5961110" lon="-4.8533080">
    <ele>498.8</ele>
   </trkpt>
   <trkpt lat="36.5960280" lon="-4.8533110">
    <ele>499.0</ele>
   </trkpt>
   <trkpt lat="36.5959420" lon="-4.8533160">
    <ele>499.2</ele>
   </trkpt>
   <trkpt lat="36.5958630" lon="-4.8533210">
    <ele>499.4</ele>
   </trkpt>
   <trkpt lat="36.5957730" lon="-4.8533280">
    <ele>499.6</ele>
   </trkpt>
   <trkpt lat="36.5956890" lon="-4.8533340">
    <ele>499.6</ele>
   </trkpt>
   <trkpt lat="36.5956000" lon="-4.8533410">
    <ele>499.6</ele>
   </trkpt>
   <trkpt lat="36.5955160" lon="-4.8533490">
    <ele>499.8</ele>
   </trkpt>
   <trkpt lat="36.5954250" lon="-4.8533580">
    <ele>500.0</ele>
   </trkpt>
   <trkpt lat="36.5953430" lon="-4.8533660">
    <ele>500.2</ele>
   </trkpt>
   <trkpt lat="36.5952550" lon="-4.8533730">
    <ele>500.4</ele>
   </trkpt>
   <trkpt lat="36.5951690" lon="-4.8533830">
    <ele>500.4</ele>
   </trkpt>
   <trkpt lat="36.5950800" lon="-4.8533940">
    <ele>500.6</ele>
   </trkpt>
   <trkpt lat="36.5949930" lon="-4.8534050">
    <ele>500.6</ele>
   </trkpt>
   <trkpt lat="36.5949040" lon="-4.8534160">
    <ele>500.8</ele>
   </trkpt>
   <trkpt lat="36.5948190" lon="-4.8534250">
    <ele>501.0</ele>
   </trkpt>
   <trkpt lat="36.5947240" lon="-4.8534340">
    <ele>501.2</ele>
   </trkpt>
   <trkpt lat="36.5946380" lon="-4.8534410">
    <ele>501.6</ele>
   </trkpt>
   <trkpt lat="36.5945460" lon="-4.8534460">
    <ele>501.8</ele>
   </trkpt>
   <trkpt lat="36.5944600" lon="-4.8534510">
    <ele>502.0</ele>
   </trkpt>
   <trkpt lat="36.5943630" lon="-4.8534530">
    <ele>502.0</ele>
   </trkpt>
   <trkpt lat="36.5942750" lon="-4.8534550">
    <ele>502.2</ele>
   </trkpt>
   <trkpt lat="36.5941790" lon="-4.8534530">
    <ele>502.4</ele>
   </trkpt>
   <trkpt lat="36.5940900" lon="-4.8534520">
    <ele>502.6</ele>
   </trkpt>
   <trkpt lat="36.5940030" lon="-4.8534430">
    <ele>502.8</ele>
   </trkpt>
   <trkpt lat="36.5939070" lon="-4.8534310">
    <ele>502.8</ele>
   </trkpt>
   <trkpt lat="36.5938140" lon="-4.8534170">
    <ele>502.8</ele>
   </trkpt>
   <trkpt lat="36.5937230" lon="-4.8534000">
    <ele>503.0</ele>
   </trkpt>
   <trkpt lat="36.5936240" lon="-4.8533790">
    <ele>503.2</ele>
   </trkpt>
   <trkpt lat="36.5935310" lon="-4.8533570">
    <ele>503.4</ele>
   </trkpt>
   <trkpt lat="36.5934380" lon="-4.8533330">
    <ele>503.6</ele>
   </trkpt>
   <trkpt lat="36.5933480" lon="-4.8533060">
    <ele>503.8</ele>
   </trkpt>
   <trkpt lat="36.5932530" lon="-4.8532750">
    <ele>504.0</ele>
   </trkpt>
   <trkpt lat="36.5931660" lon="-4.8532450">
    <ele>504.2</ele>
   </trkpt>
   <trkpt lat="36.5930770" lon="-4.8532100">
    <ele>504.4</ele>
   </trkpt>
   <trkpt lat="36.5929930" lon="-4.8531760">
    <ele>504.6</ele>
   </trkpt>
   <trkpt lat="36.5928970" lon="-4.8531340">
    <ele>504.8</ele>
   </trkpt>
   <trkpt lat="36.5928140" lon="-4.8530950">
    <ele>505.2</ele>
   </trkpt>
   <trkpt lat="36.5927260" lon="-4.8530510">
    <ele>505.6</ele>
   </trkpt>
   <trkpt lat="36.5926500" lon="-4.8530090">
    <ele>505.8</ele>
   </trkpt>
   <trkpt lat="36.5925660" lon="-4.8529600">
    <ele>506.2</ele>
   </trkpt>
   <trkpt lat="36.5924930" lon="-4.8529130">
    <ele>506.6</ele>
   </trkpt>
   <trkpt lat="36.5924150" lon="-4.8528660">
    <ele>507.0</ele>
   </trkpt>
   <trkpt lat="36.5923400" lon="-4.8528200">
    <ele>507.4</ele>
   </trkpt>
   <trkpt lat="36.5922610" lon="-4.8527700">
    <ele>507.6</ele>
   </trkpt>
   <trkpt lat="36.5921920" lon="-4.8527240">
    <ele>508.0</ele>
   </trkpt>
   <trkpt lat="36.5921130" lon="-4.8526730">
    <ele>508.4</ele>
   </trkpt>
   <trkpt lat="36.5920430" lon="-4.8526290">
    <ele>508.8</ele>
   </trkpt>
   <trkpt lat="36.5919670" lon="-4.8525810">
    <ele>509.2</ele>
   </trkpt>
   <trkpt lat="36.5918900" lon="-4.8525390">
    <ele>509.4</ele>
   </trkpt>
   <trkpt lat="36.5918210" lon="-4.8525000">
    <ele>509.6</ele>
   </trkpt>
   <trkpt lat="36.5917480" lon="-4.8524600">
    <ele>509.8</ele>
   </trkpt>
   <trkpt lat="36.5916720" lon="-4.8524160">
    <ele>510.0</ele>
   </trkpt>
   <trkpt lat="36.5915970" lon="-4.8523730">
    <ele>510.2</ele>
   </trkpt>
   <trkpt lat="36.5915210" lon="-4.8523330">
    <ele>510.4</ele>
   </trkpt>
   <trkpt lat="36.5914470" lon="-4.8522960">
    <ele>510.6</ele>
   </trkpt>
   <trkpt lat="36.5913670" lon="-4.8522560">
    <ele>511.0</ele>
   </trkpt>
   <trkpt lat="36.5912940" lon="-4.8522190">
    <ele>511.4</ele>
   </trkpt>
   <trkpt lat="36.5912140" lon="-4.8521820">
    <ele>511.8</ele>
   </trkpt>
   <trkpt lat="36.5911400" lon="-4.8521510">
    <ele>512.2</ele>
   </trkpt>
   <trkpt lat="36.5910660" lon="-4.8521200">
    <ele>512.8</ele>
   </trkpt>
   <trkpt lat="36.5909840" lon="-4.8520910">
    <ele>513.4</ele>
   </trkpt>
   <trkpt lat="36.5909040" lon="-4.8520630">
    <ele>513.8</ele>
   </trkpt>
   <trkpt lat="36.5908350" lon="-4.8520390">
    <ele>514.4</ele>
   </trkpt>
   <trkpt lat="36.5907580" lon="-4.8520170">
    <ele>515.0</ele>
   </trkpt>
   <trkpt lat="36.5906850" lon="-4.8520000">
    <ele>515.6</ele>
   </trkpt>
   <trkpt lat="36.5906090" lon="-4.8519860">
    <ele>516.2</ele>
   </trkpt>
   <trkpt lat="36.5905360" lon="-4.8519760">
    <ele>516.8</ele>
   </trkpt>
   <trkpt lat="36.5904620" lon="-4.8519670">
    <ele>517.2</ele>
   </trkpt>
   <trkpt lat="36.5903960" lon="-4.8519650">
    <ele>517.8</ele>
   </trkpt>
   <trkpt lat="36.5903220" lon="-4.8519660">
    <ele>518.4</ele>
   </trkpt>
   <trkpt lat="36.5902470" lon="-4.8519680">
    <ele>519.0</ele>
   </trkpt>
   <trkpt lat="36.5901760" lon="-4.8519710">
    <ele>519.6</ele>
   </trkpt>
   <trkpt lat="36.5901070" lon="-4.8519770">
    <ele>520.2</ele>
   </trkpt>
   <trkpt lat="36.5900360" lon="-4.8519830">
    <ele>520.8</ele>
   </trkpt>
   <trkpt lat="36.5899720" lon="-4.8519890">
    <ele>521.2</ele>
   </trkpt>
   <trkpt lat="36.5898980" lon="-4.8519980">
    <ele>521.4</ele>
   </trkpt>
   <trkpt lat="36.5898360" lon="-4.8520060">
    <ele>522.0</ele>
   </trkpt>
   <trkpt lat="36.5897650" lon="-4.8520130">
    <ele>522.6</ele>
   </trkpt>
   <trkpt lat="36.5896960" lon="-4.8520220">
    <ele>523.0</ele>
   </trkpt>
   <trkpt lat="36.5896270" lon="-4.8520320">
    <ele>523.4</ele>
   </trkpt>
   <trkpt lat="36.5895670" lon="-4.8520380">
    <ele>523.8</ele>
   </trkpt>
   <trkpt lat="36.5895000" lon="-4.8520450">
    <ele>524.2</ele>
   </trkpt>
   <trkpt lat="36.5894390" lon="-4.8520510">
    <ele>524.4</ele>
   </trkpt>
   <trkpt lat="36.5893730" lon="-4.8520560">
    <ele>525.0</ele>
   </trkpt>
   <trkpt lat="36.5893080" lon="-4.8520630">
    <ele>525.4</ele>
   </trkpt>
   <trkpt lat="36.5892460" lon="-4.8520690">
    <ele>525.8</ele>
   </trkpt>
   <trkpt lat="36.5891860" lon="-4.8520760">
    <ele>526.0</ele>
   </trkpt>
   <trkpt lat="36.5891200" lon="-4.8520810">
    <ele>526.4</ele>
   </trkpt>
   <trkpt lat="36.5890590" lon="-4.8520850">
    <ele>526.6</ele>
   </trkpt>
   <trkpt lat="36.5889950" lon="-4.8520850">
    <ele>527.0</ele>
   </trkpt>
   <trkpt lat="36.5889300" lon="-4.8520860">
    <ele>527.4</ele>
   </trkpt>
   <trkpt lat="36.5888650" lon="-4.8520870">
    <ele>527.6</ele>
   </trkpt>
   <trkpt lat="36.5888050" lon="-4.8520880">
    <ele>527.8</ele>
   </trkpt>
   <trkpt lat="36.5887380" lon="-4.8520880">
    <ele>528.0</ele>
   </trkpt>
   <trkpt lat="36.5886730" lon="-4.8520900">
    <ele>528.4</ele>
   </trkpt>
   <trkpt lat="36.5886100" lon="-4.8520900">
    <ele>528.6</ele>
   </trkpt>
   <trkpt lat="36.5885440" lon="-4.8520900">
    <ele>529.0</ele>
   </trkpt>
   <trkpt lat="36.5884790" lon="-4.8520890">
    <ele>529.4</ele>
   </trkpt>
   <trkpt lat="36.5884160" lon="-4.8520870">
    <ele>529.8</ele>
   </trkpt>
   <trkpt lat="36.5883490" lon="-4.8520850">
    <ele>530.2</ele>
   </trkpt>
   <trkpt lat="36.5882890" lon="-4.8520860">
    <ele>530.6</ele>
   </trkpt>
   <trkpt lat="36.5882190" lon="-4.8520880">
    <ele>530.8</ele>
   </trkpt>
   <trkpt lat="36.5881590" lon="-4.8520920">
    <ele>531.0</ele>
   </trkpt>
   <trkpt lat="36.5880940" lon="-4.8520920">
    <ele>531.0</ele>
   </trkpt>
   <trkpt lat="36.5880300" lon="-4.8520930">
    <ele>531.0</ele>
   </trkpt>
   <trkpt lat="36.5879670" lon="-4.8520950">
    <ele>531.2</ele>
   </trkpt>
   <trkpt lat="36.5879030" lon="-4.8520960">
    <ele>531.4</ele>
   </trkpt>
   <trkpt lat="36.5878390" lon="-4.8520980">
    <ele>531.6</ele>
   </trkpt>
   <trkpt lat="36.5877740" lon="-4.8521050">
    <ele>531.6</ele>
   </trkpt>
   <trkpt lat="36.5877090" lon="-4.8521140">
    <ele>531.6</ele>
   </trkpt>
   <trkpt lat="36.5876450" lon="-4.8521210">
    <ele>531.8</ele>
   </trkpt>
   <trkpt lat="36.5875790" lon="-4.8521290">
    <ele>531.8</ele>
   </trkpt>
   <trkpt lat="36.5875190" lon="-4.8521380">
    <ele>532.0</ele>
   </trkpt>
   <trkpt lat="36.5874560" lon="-4.8521500">
    <ele>532.4</ele>
   </trkpt>
   <trkpt lat="36.5873890" lon="-4.8521620">
    <ele>532.8</ele>
   </trkpt>
   <trkpt lat="36.5873260" lon="-4.8521760">
    <ele>533.4</ele>
   </trkpt>
   <trkpt lat="36.5872680" lon="-4.8521880">
    <ele>533.6</ele>
   </trkpt>
   <trkpt lat="36.5872060" lon="-4.8522020">
    <ele>533.8</ele>
   </trkpt>
   <trkpt lat="36.5871460" lon="-4.8522160">
    <ele>534.2</ele>
   </trkpt>
   <trkpt lat="36.5870840" lon="-4.8522330">
    <ele>534.6</ele>
   </trkpt>
   <trkpt lat="36.5870210" lon="-4.8522530">
    <ele>535.0</ele>
   </trkpt>
   <trkpt lat="36.5869580" lon="-4.8522730">
    <ele>535.6</ele>
   </trkpt>
   <trkpt lat="36.5869010" lon="-4.8522900">
    <ele>536.2</ele>
   </trkpt>
   <trkpt lat="36.5868390" lon="-4.8523100">
    <ele>536.8</ele>
   </trkpt>
   <trkpt lat="36.5867830" lon="-4.8523290">
    <ele>537.2</ele>
   </trkpt>
   <trkpt lat="36.5867240" lon="-4.8523490">
    <ele>537.6</ele>
   </trkpt>
   <trkpt lat="36.5866630" lon="-4.8523680">
    <ele>538.0</ele>
   </trkpt>
   <trkpt lat="36.5866020" lon="-4.8523870">
    <ele>538.4</ele>
   </trkpt>
   <trkpt lat="36.5865430" lon="-4.8524060">
    <ele>539.0</ele>
   </trkpt>
   <trkpt lat="36.5864850" lon="-4.8524250">
    <ele>539.6</ele>
   </trkpt>
   <trkpt lat="36.5864260" lon="-4.8524450">
    <ele>540.0</ele>
   </trkpt>
   <trkpt lat="36.5863680" lon="-4.8524660">
    <ele>540.4</ele>
   </trkpt>
   <trkpt lat="36.5863120" lon="-4.8524870">
    <ele>540.8</ele>
   </trkpt>
   <trkpt lat="36.5862530" lon="-4.8525070">
    <ele>541.2</ele>
   </trkpt>
   <trkpt lat="36.5861920" lon="-4.8525280">
    <ele>541.6</ele>
   </trkpt>
   <trkpt lat="36.5861330" lon="-4.8525450">
    <ele>542.0</ele>
   </trkpt>
   <trkpt lat="36.5860730" lon="-4.8525620">
    <ele>542.4</ele>
   </trkpt>
   <trkpt lat="36.5860150" lon="-4.8525760">
    <ele>542.8</ele>
   </trkpt>
   <trkpt lat="36.5859570" lon="-4.8525900">
    <ele>543.2</ele>
   </trkpt>
   <trkpt lat="36.5858940" lon="-4.8526030">
    <ele>543.4</ele>
   </trkpt>
   <trkpt lat="36.5858380" lon="-4.8526130">
    <ele>543.6</ele>
   </trkpt>
   <trkpt lat="36.5857820" lon="-4.8526240">
    <ele>543.6</ele>
   </trkpt>
   <trkpt lat="36.5857240" lon="-4.8526350">
    <ele>543.8</ele>
   </trkpt>
   <trkpt lat="36.5856650" lon="-4.8526460">
    <ele>544.0</ele>
   </trkpt>
   <trkpt lat="36.5856080" lon="-4.8526560">
    <ele>544.2</ele>
   </trkpt>
   <trkpt lat="36.5855450" lon="-4.8526630">
    <ele>544.6</ele>
   </trkpt>
   <trkpt lat="36.5854840" lon="-4.8526700">
    <ele>544.8</ele>
   </trkpt>
   <trkpt lat="36.5854240" lon="-4.8526780">
    <ele>545.2</ele>
   </trkpt>
   <trkpt lat="36.5853640" lon="-4.8526840">
    <ele>545.4</ele>
   </trkpt>
   <trkpt lat="36.5853040" lon="-4.8526900">
    <ele>545.8</ele>
   </trkpt>
   <trkpt lat="36.5852430" lon="-4.8526960">
    <ele>546.0</ele>
   </trkpt>
   <trkpt lat="36.5851790" lon="-4.8527010">
    <ele>546.2</ele>
   </trkpt>
   <trkpt lat="36.5851160" lon="-4.8527040">
    <ele>546.4</ele>
   </trkpt>
   <trkpt lat="36.5850530" lon="-4.8527060">
    <ele>546.6</ele>
   </trkpt>
   <trkpt lat="36.5849950" lon="-4.8527060">
    <ele>546.8</ele>
   </trkpt>
   <trkpt lat="36.5849300" lon="-4.8527060">
    <ele>547.0</ele>
   </trkpt>
   <trkpt lat="36.5848680" lon="-4.8527060">
    <ele>547.2</ele>
   </trkpt>
   <trkpt lat="36.5848020" lon="-4.8527050">
    <ele>547.6</ele>
   </trkpt>
   <trkpt lat="36.5847390" lon="-4.8527020">
    <ele>548.0</ele>
   </trkpt>
   <trkpt lat="36.5846710" lon="-4.8526970">
    <ele>548.4</ele>
   </trkpt>
   <trkpt lat="36.5846130" lon="-4.8526920">
    <ele>549.2</ele>
   </trkpt>
   <trkpt lat="36.5845470" lon="-4.8526870">
    <ele>549.8</ele>
   </trkpt>
   <trkpt lat="36.5844840" lon="-4.8526820">
    <ele>550.2</ele>
   </trkpt>
   <trkpt lat="36.5844130" lon="-4.8526770">
    <ele>550.8</ele>
   </trkpt>
   <trkpt lat="36.5843510" lon="-4.8526720">
    <ele>551.2</ele>
   </trkpt>
   <trkpt lat="36.5842800" lon="-4.8526690">
    <ele>552.0</ele>
   </trkpt>
   <trkpt lat="36.5842120" lon="-4.8526640">
    <ele>552.8</ele>
   </trkpt>
   <trkpt lat="36.5841450" lon="-4.8526590">
    <ele>553.6</ele>
   </trkpt>
   <trkpt lat="36.5840770" lon="-4.8526540">
    <ele>554.4</ele>
   </trkpt>
   <trkpt lat="36.5840060" lon="-4.8526520">
    <ele>555.2</ele>
   </trkpt>
   <trkpt lat="36.5839360" lon="-4.8526530">
    <ele>555.8</ele>
   </trkpt>
   <trkpt lat="36.5838610" lon="-4.8526550">
    <ele>556.4</ele>
   </trkpt>
   <trkpt lat="36.5837910" lon="-4.8526580">
    <ele>557.0</ele>
   </trkpt>
   <trkpt lat="36.5837200" lon="-4.8526610">
    <ele>557.8</ele>
   </trkpt>
   <trkpt lat="36.5836490" lon="-4.8526690">
    <ele>558.6</ele>
   </trkpt>
   <trkpt lat="36.5835790" lon="-4.8526750">
    <ele>559.4</ele>
   </trkpt>
   <trkpt lat="36.5835080" lon="-4.8526850">
    <ele>560.4</ele>
   </trkpt>
   <trkpt lat="36.5834370" lon="-4.8526990">
    <ele>561.2</ele>
   </trkpt>
   <trkpt lat="36.5833660" lon="-4.8527120">
    <ele>562.0</ele>
   </trkpt>
   <trkpt lat="36.5832970" lon="-4.8527270">
    <ele>563.0</ele>
   </trkpt>
   <trkpt lat="36.5832240" lon="-4.8527420">
    <ele>564.0</ele>
   </trkpt>
   <trkpt lat="36.5831500" lon="-4.8527540">
    <ele>564.8</ele>
   </trkpt>
   <trkpt lat="36.5830830" lon="-4.8527650">
    <ele>565.6</ele>
   </trkpt>
   <trkpt lat="36.5830080" lon="-4.8527770">
    <ele>566.2</ele>
   </trkpt>
   <trkpt lat="36.5829330" lon="-4.8527870">
    <ele>566.8</ele>
   </trkpt>
   <trkpt lat="36.5828620" lon="-4.8527940">
    <ele>567.4</ele>
   </trkpt>
   <trkpt lat="36.5827830" lon="-4.8528010">
    <ele>567.8</ele>
   </trkpt>
   <trkpt lat="36.5827020" lon="-4.8528060">
    <ele>568.0</ele>
   </trkpt>
   <trkpt lat="36.5826260" lon="-4.8528070">
    <ele>567.8</ele>
   </trkpt>
   <trkpt lat="36.5825430" lon="-4.8528050">
    <ele>567.8</ele>
   </trkpt>
   <trkpt lat="36.5824670" lon="-4.8528030">
    <ele>567.4</ele>
   </trkpt>
   <trkpt lat="36.5823870" lon="-4.8527990">
    <ele>567.2</ele>
   </trkpt>
   <trkpt lat="36.5823060" lon="-4.8527910">
    <ele>567.0</ele>
   </trkpt>
   <trkpt lat="36.5822230" lon="-4.8527780">
    <ele>566.8</ele>
   </trkpt>
   <trkpt lat="36.5821440" lon="-4.8527640">
    <ele>566.6</ele>
   </trkpt>
   <trkpt lat="36.5820560" lon="-4.8527500">
    <ele>566.4</ele>
   </trkpt>
   <trkpt lat="36.5819750" lon="-4.8527350">
    <ele>566.2</ele>
   </trkpt>
   <trkpt lat="36.5818940" lon="-4.8527230">
    <ele>566.0</ele>
   </trkpt>
   <trkpt lat="36.5818060" lon="-4.8527100">
    <ele>566.0</ele>
   </trkpt>
   <trkpt lat="36.5817190" lon="-4.8527020">
    <ele>566.0</ele>
   </trkpt>
   <trkpt lat="36.5816380" lon="-4.8527020">
    <ele>566.0</ele>
   </trkpt>
   <trkpt lat="36.5815490" lon="-4.8527000">
    <ele>566.0</ele>
   </trkpt>
   <trkpt lat="36.5814630" lon="-4.8527090">
    <ele>565.8</ele>
   </trkpt>
   <trkpt lat="36.5813750" lon="-4.8527310">
    <ele>565.6</ele>
   </trkpt>
   <trkpt lat="36.5812790" lon="-4.8527690">
    <ele>565.4</ele>
   </trkpt>
   <trkpt lat="36.5811910" lon="-4.8528140">
    <ele>565.2</ele>
   </trkpt>
   <trkpt lat="36.5811050" lon="-4.8528650">
    <ele>565.4</ele>
   </trkpt>
   <trkpt lat="36.5810160" lon="-4.8529230">
    <ele>565.4</ele>
   </trkpt>
   <trkpt lat="36.5809300" lon="-4.8529870">
    <ele>565.2</ele>
   </trkpt>
   <trkpt lat="36.5808480" lon="-4.8530510">
    <ele>565.0</ele>
   </trkpt>
   <trkpt lat="36.5807620" lon="-4.8531210">
    <ele>565.0</ele>
   </trkpt>
   <trkpt lat="36.5806760" lon="-4.8531850">
    <ele>565.0</ele>
   </trkpt>
   <trkpt lat="36.5805890" lon="-4.8532440">
    <ele>564.8</ele>
   </trkpt>
   <trkpt lat="36.5804980" lon="-4.8532980">
    <ele>564.6</ele>
   </trkpt>
   <trkpt lat="36.5804030" lon="-4.8533500">
    <ele>564.2</ele>
   </trkpt>
   <trkpt lat="36.5803040" lon="-4.8533950">
    <ele>564.0</ele>
   </trkpt>
   <trkpt lat="36.5802050" lon="-4.8534260">
    <ele>563.8</ele>
   </trkpt>
   <trkpt lat="36.5800940" lon="-4.8534470">
    <ele>563.4</ele>
   </trkpt>
   <trkpt lat="36.5799930" lon="-4.8534530">
    <ele>562.8</ele>
   </trkpt>
   <trkpt lat="36.5798900" lon="-4.8534470">
    <ele>562.2</ele>
   </trkpt>
   <trkpt lat="36.5797820" lon="-4.8534290">
    <ele>561.8</ele>
   </trkpt>
   <trkpt lat="36.5796800" lon="-4.8533990">
    <ele>561.4</ele>
   </trkpt>
   <trkpt lat="36.5795710" lon="-4.8533580">
    <ele>561.0</ele>
   </trkpt>
   <trkpt lat="36.5794760" lon="-4.8533080">
    <ele>560.8</ele>
   </trkpt>
   <trkpt lat="36.5793790" lon="-4.8532500">
    <ele>560.4</ele>
   </trkpt>
   <trkpt lat="36.5792680" lon="-4.8531870">
    <ele>560.0</ele>
   </trkpt>
   <trkpt lat="36.5791720" lon="-4.8531340">
    <ele>559.4</ele>
   </trkpt>
   <trkpt lat="36.5790670" lon="-4.8530760">
    <ele>558.4</ele>
   </trkpt>
   <trkpt lat="36.5789610" lon="-4.8530230">
    <ele>557.6</ele>
   </trkpt>
   <trkpt lat="36.5788450" lon="-4.8529730">
    <ele>557.0</ele>
   </trkpt>
   <trkpt lat="36.5787430" lon="-4.8529360">
    <ele>556.6</ele>
   </trkpt>
   <trkpt lat="36.5786230" lon="-4.8529040">
    <ele>556.2</ele>
   </trkpt>
   <trkpt lat="36.5785000" lon="-4.8528860">
    <ele>555.4</ele>
   </trkpt>
   <trkpt lat="36.5783890" lon="-4.8528790">
    <ele>554.6</ele>
   </trkpt>
   <trkpt lat="36.5782690" lon="-4.8528800">
    <ele>553.8</ele>
   </trkpt>
   <trkpt lat="36.5781390" lon="-4.8528940">
    <ele>553.2</ele>
   </trkpt>
   <trkpt lat="36.5780200" lon="-4.8529240">
    <ele>552.6</ele>
   </trkpt>
   <trkpt lat="36.5778970" lon="-4.8529630">
    <ele>552.0</ele>
   </trkpt>
   <trkpt lat="36.5777860" lon="-4.8530120">
    <ele>551.4</ele>
   </trkpt>
   <trkpt lat="36.5776820" lon="-4.8530700">
    <ele>551.0</ele>
   </trkpt>
   <trkpt lat="36.5775800" lon="-4.8531450">
    <ele>550.8</ele>
   </trkpt>
   <trkpt lat="36.5774810" lon="-4.8532340">
    <ele>550.6</ele>
   </trkpt>
   <trkpt lat="36.5774040" lon="-4.8533270">
    <ele>550.4</ele>
   </trkpt>
   <trkpt lat="36.5773270" lon="-4.8534390">
    <ele>550.2</ele>
   </trkpt>
   <trkpt lat="36.5772580" lon="-4.8535570">
    <ele>550.4</ele>
   </trkpt>
   <trkpt lat="36.5772060" lon="-4.8536760">
    <ele>550.4</ele>
   </trkpt>
   <trkpt lat="36.5771570" lon="-4.8538120">
    <ele>550.4</ele>
   </trkpt>
   <trkpt lat="36.5771170" lon="-4.8539470">
    <ele>550.4</ele>
   </trkpt>
   <trkpt lat="36.5770830" lon="-4.8540800">
    <ele>550.8</ele>
   </trkpt>
   <trkpt lat="36.5770510" lon="-4.8542150">
    <ele>551.0</ele>
   </trkpt>
   <trkpt lat="36.5770220" lon="-4.8543410">
    <ele>551.2</ele>
   </trkpt>
   <trkpt lat="36.5769900" lon="-4.8544720">
    <ele>552.0</ele>
   </trkpt>
   <trkpt lat="36.5769600" lon="-4.8546010">
    <ele>552.8</ele>
   </trkpt>
   <trkpt lat="36.5769260" lon="-4.8547270">
    <ele>553.2</ele>
   </trkpt>
   <trkpt lat="36.5768910" lon="-4.8548390">
    <ele>553.4</ele>
   </trkpt>
   <trkpt lat="36.5768390" lon="-4.8549640">
    <ele>553.6</ele>
   </trkpt>
   <trkpt lat="36.5767870" lon="-4.8550710">
    <ele>553.8</ele>
   </trkpt>
   <trkpt lat="36.5767370" lon="-4.8551660">
    <ele>553.8</ele>
   </trkpt>
   <trkpt lat="36.5766780" lon="-4.8552660">
    <ele>553.8</ele>
   </trkpt>
   <trkpt lat="36.5766130" lon="-4.8553650">
    <ele>553.8</ele>
   </trkpt>
   <trkpt lat="36.5765600" lon="-4.8554470">
    <ele>553.6</ele>
   </trkpt>
   <trkpt lat="36.5765000" lon="-4.8555380">
    <ele>553.2</ele>
   </trkpt>
   <trkpt lat="36.5764440" lon="-4.8556230">
    <ele>553.0</ele>
   </trkpt>
   <trkpt lat="36.5763900" lon="-4.8557080">
    <ele>552.8</ele>
   </trkpt>
   <trkpt lat="36.5763370" lon="-4.8557930">
    <ele>552.8</ele>
   </trkpt>
   <trkpt lat="36.5762760" lon="-4.8558830">
    <ele>552.8</ele>
   </trkpt>
   <trkpt lat="36.5762250" lon="-4.8559640">
    <ele>552.8</ele>
   </trkpt>
   <trkpt lat="36.5761670" lon="-4.8560500">
    <ele>552.8</ele>
   </trkpt>
   <trkpt lat="36.5761060" lon="-4.8561380">
    <ele>552.8</ele>
   </trkpt>
   <trkpt lat="36.5760570" lon="-4.8562170">
    <ele>553.0</ele>
   </trkpt>
   <trkpt lat="36.5760040" lon="-4.8563040">
    <ele>553.4</ele>
   </trkpt>
   <trkpt lat="36.5759490" lon="-4.8563900">
    <ele>553.8</ele>
   </trkpt>
   <trkpt lat="36.5758900" lon="-4.8564790">
    <ele>554.2</ele>
   </trkpt>
   <trkpt lat="36.5758350" lon="-4.8565650">
    <ele>554.6</ele>
   </trkpt>
   <trkpt lat="36.5757690" lon="-4.8566630">
    <ele>555.0</ele>
   </trkpt>
   <trkpt lat="36.5757140" lon="-4.8567400">
    <ele>555.4</ele>
   </trkpt>
   <trkpt lat="36.5756450" lon="-4.8568310">
    <ele>555.8</ele>
   </trkpt>
   <trkpt lat="36.5755720" lon="-4.8569260">
    <ele>556.0</ele>
   </trkpt>
   <trkpt lat="36.5754980" lon="-4.8570140">
    <ele>556.4</ele>
   </trkpt>
   <trkpt lat="36.5754220" lon="-4.8570940">
    <ele>556.6</ele>
   </trkpt>
   <trkpt lat="36.5753420" lon="-4.8571670">
    <ele>556.4</ele>
   </trkpt>
   <trkpt lat="36.5752630" lon="-4.8572290">
    <ele>556.0</ele>
   </trkpt>
   <trkpt lat="36.5751720" lon="-4.8572870">
    <ele>555.8</ele>
   </trkpt>
   <trkpt lat="36.5750930" lon="-4.8573350">
    <ele>555.6</ele>
   </trkpt>
   <trkpt lat="36.5750080" lon="-4.8573800">
    <ele>555.4</ele>
   </trkpt>
   <trkpt lat="36.5749230" lon="-4.8574190">
    <ele>555.2</ele>
   </trkpt>
   <trkpt lat="36.5748440" lon="-4.8574490">
    <ele>555.2</ele>
   </trkpt>
   <trkpt lat="36.5747640" lon="-4.8574810">
    <ele>555.2</ele>
   </trkpt>
   <trkpt lat="36.5746830" lon="-4.8575120">
    <ele>555.2</ele>
   </trkpt>
   <trkpt lat="36.5746020" lon="-4.8575440">
    <ele>555.2</ele>
   </trkpt>
   <trkpt lat="36.5745300" lon="-4.8575760">
    <ele>555.0</ele>
   </trkpt>
   <trkpt lat="36.5744530" lon="-4.8576140">
    <ele>555.0</ele>
   </trkpt>
   <trkpt lat="36.5743770" lon="-4.8576580">
    <ele>555.0</ele>
   </trkpt>
   <trkpt lat="36.5743110" lon="-4.8577050">
    <ele>555.0</ele>
   </trkpt>
   <trkpt lat="36.5742360" lon="-4.8577620">
    <ele>555.0</ele>
   </trkpt>
   <trkpt lat="36.5741700" lon="-4.8578240">
    <ele>555.0</ele>
   </trkpt>
   <trkpt lat="36.5741090" lon="-4.8578910">
    <ele>555.0</ele>
   </trkpt>
   <trkpt lat="36.5740540" lon="-4.8579620">
    <ele>555.2</ele>
   </trkpt>
   <trkpt lat="36.5739970" lon="-4.8580450">
    <ele>555.2</ele>
   </trkpt>
   <trkpt lat="36.5739520" lon="-4.8581250">
    <ele>555.4</ele>
   </trkpt>
   <trkpt lat="36.5739050" lon="-4.8582170">
    <ele>555.4</ele>
   </trkpt>
   <trkpt lat="36.5738660" lon="-4.8583090">
    <ele>555.4</ele>
   </trkpt>
   <trkpt lat="36.5738360" lon="-4.8584040">
    <ele>555.2</ele>
   </trkpt>
   <trkpt lat="36.5738090" lon="-4.8585020">
    <ele>555.2</ele>
   </trkpt>
   <trkpt lat="36.5737890" lon="-4.8586060">
    <ele>555.0</ele>
   </trkpt>
   <trkpt lat="36.5737740" lon="-4.8587090">
    <ele>554.8</ele>
   </trkpt>
   <trkpt lat="36.5737650" lon="-4.8588220">
    <ele>554.6</ele>
   </trkpt>
   <trkpt lat="36.5737650" lon="-4.8589330">
    <ele>554.4</ele>
   </trkpt>
   <trkpt lat="36.5737750" lon="-4.8590450">
    <ele>554.2</ele>
   </trkpt>
   <trkpt lat="36.5737900" lon="-4.8591530">
    <ele>554.0</ele>
   </trkpt>
   <trkpt lat="36.5738160" lon="-4.8592730">
    <ele>553.6</ele>
   </trkpt>
   <trkpt lat="36.5738450" lon="-4.8593800">
    <ele>553.4</ele>
   </trkpt>
   <trkpt lat="36.5738840" lon="-4.8594980">
    <ele>553.4</ele>
   </trkpt>
   <trkpt lat="36.5739300" lon="-4.8596000">
    <ele>553.4</ele>
   </trkpt>
   <trkpt lat="36.5739910" lon="-4.8597070">
    <ele>553.2</ele>
   </trkpt>
   <trkpt lat="36.5740590" lon="-4.8598100">
    <ele>552.8</ele>
   </trkpt>
   <trkpt lat="36.5741330" lon="-4.8599080">
    <ele>552.2</ele>
   </trkpt>
   <trkpt lat="36.5742090" lon="-4.8599970">
    <ele>551.8</ele>
   </trkpt>
   <trkpt lat="36.5742930" lon="-4.8600920">
    <ele>551.2</ele>
   </trkpt>
   <trkpt lat="36.5743760" lon="-4.8601830">
    <ele>550.6</ele>
   </trkpt>
   <trkpt lat="36.5744590" lon="-4.8602730">
    <ele>550.0</ele>
   </trkpt>
   <trkpt lat="36.5745470" lon="-4.8603690">
    <ele>549.4</ele>
   </trkpt>
   <trkpt lat="36.5746340" lon="-4.8604710">
    <ele>548.6</ele>
   </trkpt>
   <trkpt lat="36.5747170" lon="-4.8605660">
    <ele>547.8</ele>
   </trkpt>
   <trkpt lat="36.5748050" lon="-4.8606740">
    <ele>546.8</ele>
   </trkpt>
   <trkpt lat="36.5748920" lon="-4.8607810">
    <ele>546.0</ele>
   </trkpt>
   <trkpt lat="36.5749720" lon="-4.8608980">
    <ele>545.4</ele>
   </trkpt>
   <trkpt lat="36.5750420" lon="-4.8610300">
    <ele>545.0</ele>
   </trkpt>
   <trkpt lat="36.5750970" lon="-4.8611780">
    <ele>544.6</ele>
   </trkpt>
   <trkpt lat="36.5751330" lon="-4.8613190">
    <ele>544.0</ele>
   </trkpt>
   <trkpt lat="36.5751520" lon="-4.8614930">
    <ele>543.2</ele>
   </trkpt>
   <trkpt lat="36.5751530" lon="-4.8616640">
    <ele>542.2</ele>
   </trkpt>
   <trkpt lat="36.5751360" lon="-4.8618330">
    <ele>540.8</ele>
   </trkpt>
   <trkpt lat="36.5750960" lon="-4.8619970">
    <ele>539.0</ele>
   </trkpt>
   <trkpt lat="36.5750390" lon="-4.8621440">
    <ele>537.2</ele>
   </trkpt>
   <trkpt lat="36.5749610" lon="-4.8622910">
    <ele>535.8</ele>
   </trkpt>
   <trkpt lat="36.5748770" lon="-4.8624220">
    <ele>535.0</ele>
   </trkpt>
   <trkpt lat="36.5747880" lon="-4.8625410">
    <ele>534.4</ele>
   </trkpt>
   <trkpt lat="36.5746950" lon="-4.8626520">
    <ele>533.8</ele>
   </trkpt>
   <trkpt lat="36.5745920" lon="-4.8627580">
    <ele>533.0</ele>
   </trkpt>
   <trkpt lat="36.5744890" lon="-4.8628610">
    <ele>531.8</ele>
   </trkpt>
   <trkpt lat="36.5743910" lon="-4.8629630">
    <ele>530.2</ele>
   </trkpt>
   <trkpt lat="36.5742790" lon="-4.8630750">
    <ele>528.8</ele>
   </trkpt>
   <trkpt lat="36.5741730" lon="-4.8631770">
    <ele>527.6</ele>
   </trkpt>
   <trkpt lat="36.5740660" lon="-4.8632860">
    <ele>526.8</ele>
   </trkpt>
   <trkpt lat="36.5739510" lon="-4.8633990">
    <ele>526.2</ele>
   </trkpt>
   <trkpt lat="36.5738360" lon="-4.8635170">
    <ele>525.4</ele>
   </trkpt>
   <trkpt lat="36.5737330" lon="-4.8636250">
    <ele>524.4</ele>
   </trkpt>
   <trkpt lat="36.5736160" lon="-4.8637470">
    <ele>523.2</ele>
   </trkpt>
   <trkpt lat="36.5734970" lon="-4.8638620">
    <ele>522.0</ele>
   </trkpt>
   <trkpt lat="36.5733790" lon="-4.8639690">
    <ele>521.0</ele>
   </trkpt>
   <trkpt lat="36.5732480" lon="-4.8640730">
    <ele>519.6</ele>
   </trkpt>
   <trkpt lat="36.5731110" lon="-4.8641630">
    <ele>517.6</ele>
   </trkpt>
   <trkpt lat="36.5729720" lon="-4.8642250">
    <ele>515.8</ele>
   </trkpt>
   <trkpt lat="36.5728090" lon="-4.8642670">
    <ele>514.2</ele>
   </trkpt>
   <trkpt lat="36.5726540" lon="-4.8642730">
    <ele>513.0</ele>
   </trkpt>
   <trkpt lat="36.5724930" lon="-4.8642490">
    <ele>511.8</ele>
   </trkpt>
   <trkpt lat="36.5723380" lon="-4.8641990">
    <ele>510.6</ele>
   </trkpt>
   <trkpt lat="36.5721840" lon="-4.8641290">
    <ele>509.4</ele>
   </trkpt>
   <trkpt lat="36.5720340" lon="-4.8640520">
    <ele>508.4</ele>
   </trkpt>
   <trkpt lat="36.5718810" lon="-4.8639620">
    <ele>507.2</ele>
   </trkpt>
   <trkpt lat="36.5717260" lon="-4.8638690">
    <ele>506.0</ele>
   </trkpt>
   <trkpt lat="36.5715630" lon="-4.8637980">
    <ele>504.8</ele>
   </trkpt>
   <trkpt lat="36.5714000" lon="-4.8637510">
    <ele>503.4</ele>
   </trkpt>
   <trkpt lat="36.5712200" lon="-4.8637300">
    <ele>502.0</ele>
   </trkpt>
   <trkpt lat="36.5710530" lon="-4.8637330">
    <ele>500.6</ele>
   </trkpt>
   <trkpt lat="36.5708690" lon="-4.8637410">
    <ele>499.0</ele>
   </trkpt>
   <trkpt lat="36.5706920" lon="-4.8637420">
    <ele>497.8</ele>
   </trkpt>
   <trkpt lat="36.5705140" lon="-4.8637310">
    <ele>496.4</ele>
   </trkpt>
   <trkpt lat="36.5703350" lon="-4.8636970">
    <ele>495.0</ele>
   </trkpt>
   <trkpt lat="36.5701670" lon="-4.8636400">
    <ele>493.6</ele>
   </trkpt>
   <trkpt lat="36.5700000" lon="-4.8635670">
    <ele>492.6</ele>
   </trkpt>
   <trkpt lat="36.5698280" lon="-4.8634920">
    <ele>491.2</ele>
   </trkpt>
   <trkpt lat="36.5696560" lon="-4.8634450">
    <ele>490.0</ele>
   </trkpt>
   <trkpt lat="36.5694710" lon="-4.8634380">
    <ele>489.0</ele>
   </trkpt>
   <trkpt lat="36.5692980" lon="-4.8634750">
    <ele>487.8</ele>
   </trkpt>
   <trkpt lat="36.5691250" lon="-4.8635620">
    <ele>486.6</ele>
   </trkpt>
   <trkpt lat="36.5689800" lon="-4.8636870">
    <ele>485.2</ele>
   </trkpt>
   <trkpt lat="36.5688480" lon="-4.8638530">
    <ele>483.8</ele>
   </trkpt>
   <trkpt lat="36.5687360" lon="-4.8640280">
    <ele>482.2</ele>
   </trkpt>
   <trkpt lat="36.5686230" lon="-4.8642070">
    <ele>480.6</ele>
   </trkpt>
   <trkpt lat="36.5684950" lon="-4.8643760">
    <ele>479.0</ele>
   </trkpt>
   <trkpt lat="36.5683560" lon="-4.8645280">
    <ele>477.2</ele>
   </trkpt>
   <trkpt lat="36.5682120" lon="-4.8646440">
    <ele>475.4</ele>
   </trkpt>
   <trkpt lat="36.5680420" lon="-4.8647460">
    <ele>473.8</ele>
   </trkpt>
   <trkpt lat="36.5678770" lon="-4.8648130">
    <ele>472.8</ele>
   </trkpt>
   <trkpt lat="36.5677050" lon="-4.8648520">
    <ele>472.4</ele>
   </trkpt>
   <trkpt lat="36.5675320" lon="-4.8648610">
    <ele>471.2</ele>
   </trkpt>
   <trkpt lat="36.5673550" lon="-4.8648360">
    <ele>469.8</ele>
   </trkpt>
   <trkpt lat="36.5671970" lon="-4.8647780">
    <ele>468.2</ele>
   </trkpt>
   <trkpt lat="36.5670390" lon="-4.8646870">
    <ele>467.2</ele>
   </trkpt>
   <trkpt lat="36.5669020" lon="-4.8645760">
    <ele>466.2</ele>
   </trkpt>
   <trkpt lat="36.5667730" lon="-4.8644350">
    <ele>465.8</ele>
   </trkpt>
   <trkpt lat="36.5666660" lon="-4.8642770">
    <ele>465.4</ele>
   </trkpt>
   <trkpt lat="36.5665680" lon="-4.8640950">
    <ele>465.0</ele>
   </trkpt>
   <trkpt lat="36.5664930" lon="-4.8639090">
    <ele>464.4</ele>
   </trkpt>
   <trkpt lat="36.5664130" lon="-4.8637020">
    <ele>463.6</ele>
   </trkpt>
   <trkpt lat="36.5663410" lon="-4.8635070">
    <ele>462.6</ele>
   </trkpt>
   <trkpt lat="36.5662700" lon="-4.8633090">
    <ele>461.8</ele>
   </trkpt>
   <trkpt lat="36.5661980" lon="-4.8631120">
    <ele>461.0</ele>
   </trkpt>
   <trkpt lat="36.5661240" lon="-4.8629090">
    <ele>460.6</ele>
   </trkpt>
   <trkpt lat="36.5660580" lon="-4.8627180">
    <ele>460.2</ele>
   </trkpt>
   <trkpt lat="36.5659740" lon="-4.8625110">
    <ele>459.6</ele>
   </trkpt>
   <trkpt lat="36.5658830" lon="-4.8623350">
    <ele>459.2</ele>
   </trkpt>
   <trkpt lat="36.5657630" lon="-4.8621630">
    <ele>459.0</ele>
   </trkpt>
   <trkpt lat="36.5656300" lon="-4.8620210">
    <ele>458.6</ele>
   </trkpt>
   <trkpt lat="36.5654810" lon="-4.8619050">
    <ele>458.4</ele>
   </trkpt>
   <trkpt lat="36.5653190" lon="-4.8618180">
    <ele>458.2</ele>
   </trkpt>
   <trkpt lat="36.5651360" lon="-4.8617640">
    <ele>457.6</ele>
   </trkpt>
   <trkpt lat="36.5649560" lon="-4.8617480">
    <ele>456.8</ele>
   </trkpt>
   <trkpt lat="36.5647770" lon="-4.8617720">
    <ele>455.8</ele>
   </trkpt>
   <trkpt lat="36.5646040" lon="-4.8618350">
    <ele>454.6</ele>
   </trkpt>
   <trkpt lat="36.5644450" lon="-4.8619320">
    <ele>453.2</ele>
   </trkpt>
   <trkpt lat="36.5643150" lon="-4.8620450">
    <ele>452.0</ele>
   </trkpt>
   <trkpt lat="36.5641910" lon="-4.8621970">
    <ele>451.0</ele>
   </trkpt>
   <trkpt lat="36.5640670" lon="-4.8623550">
    <ele>450.0</ele>
   </trkpt>
   <trkpt lat="36.5639600" lon="-4.8625120">
    <ele>448.8</ele>
   </trkpt>
   <trkpt lat="36.5638470" lon="-4.8626640">
    <ele>447.6</ele>
   </trkpt>
   <trkpt lat="36.5637240" lon="-4.8628070">
    <ele>446.6</ele>
   </trkpt>
   <trkpt lat="36.5635960" lon="-4.8629240">
    <ele>446.0</ele>
   </trkpt>
   <trkpt lat="36.5634470" lon="-4.8630260">
    <ele>445.2</ele>
   </trkpt>
   <trkpt lat="36.5632930" lon="-4.8630980">
    <ele>444.4</ele>
   </trkpt>
   <trkpt lat="36.5631390" lon="-4.8631440">
    <ele>443.4</ele>
   </trkpt>
   <trkpt lat="36.5629850" lon="-4.8631670">
    <ele>442.4</ele>
   </trkpt>
   <trkpt lat="36.5628170" lon="-4.8631650">
    <ele>441.4</ele>
   </trkpt>
   <trkpt lat="36.5626660" lon="-4.8631510">
    <ele>440.6</ele>
   </trkpt>
   <trkpt lat="36.5624990" lon="-4.8631290">
    <ele>440.0</ele>
   </trkpt>
   <trkpt lat="36.5623450" lon="-4.8631060">
    <ele>439.0</ele>
   </trkpt>
   <trkpt lat="36.5621910" lon="-4.8630820">
    <ele>438.0</ele>
   </trkpt>
   <trkpt lat="36.5620300" lon="-4.8630600">
    <ele>436.6</ele>
   </trkpt>
   <trkpt lat="36.5618700" lon="-4.8630360">
    <ele>435.8</ele>
   </trkpt>
   <trkpt lat="36.5617200" lon="-4.8630150">
    <ele>435.4</ele>
   </trkpt>
   <trkpt lat="36.5615590" lon="-4.8629880">
    <ele>434.8</ele>
   </trkpt>
   <trkpt lat="36.5614080" lon="-4.8629590">
    <ele>434.0</ele>
   </trkpt>
   <trkpt lat="36.5612520" lon="-4.8629250">
    <ele>433.0</ele>
   </trkpt>
   <trkpt lat="36.5611020" lon="-4.8628720">
    <ele>432.0</ele>
   </trkpt>
   <trkpt lat="36.5609560" lon="-4.8627950">
    <ele>430.8</ele>
   </trkpt>
   <trkpt lat="36.5608240" lon="-4.8626990">
    <ele>430.0</ele>
   </trkpt>
   <trkpt lat="36.5606940" lon="-4.8625710">
    <ele>429.2</ele>
   </trkpt>
   <trkpt lat="36.5605860" lon="-4.8624330">
    <ele>428.6</ele>
   </trkpt>
   <trkpt lat="36.5604930" lon="-4.8622750">
    <ele>428.0</ele>
   </trkpt>
   <trkpt lat="36.5604090" lon="-4.8621050">
    <ele>427.4</ele>
   </trkpt>
   <trkpt lat="36.5603320" lon="-4.8619280">
    <ele>426.6</ele>
   </trkpt>
   <trkpt lat="36.5602610" lon="-4.8617670">
    <ele>426.0</ele>
   </trkpt>
   <trkpt lat="36.5601730" lon="-4.8615900">
    <ele>425.6</ele>
   </trkpt>
   <trkpt lat="36.5600740" lon="-4.8614320">
    <ele>425.6</ele>
   </trkpt>
   <trkpt lat="36.5599620" lon="-4.8612960">
    <ele>425.2</ele>
   </trkpt>
   <trkpt lat="36.5598310" lon="-4.8611840">
    <ele>425.0</ele>
   </trkpt>
   <trkpt lat="36.5596790" lon="-4.8610970">
    <ele>424.8</ele>
   </trkpt>
   <trkpt lat="36.5595310" lon="-4.8610440">
    <ele>424.6</ele>
   </trkpt>
   <trkpt lat="36.5593680" lon="-4.8610150">
    <ele>424.4</ele>
   </trkpt>
   <trkpt lat="36.5592110" lon="-4.8610070">
    <ele>424.2</ele>
   </trkpt>
   <trkpt lat="36.5590500" lon="-4.8610130">
    <ele>424.0</ele>
   </trkpt>
   <trkpt lat="36.5588930" lon="-4.8610290">
    <ele>423.6</ele>
   </trkpt>
   <trkpt lat="36.5587290" lon="-4.8610570">
    <ele>423.0</ele>
   </trkpt>
   <trkpt lat="36.5585850" lon="-4.8610980">
    <ele>422.4</ele>
   </trkpt>
   <trkpt lat="36.5584280" lon="-4.8611690">
    <ele>422.0</ele>
   </trkpt>
   <trkpt lat="36.5583020" lon="-4.8612630">
    <ele>421.2</ele>
   </trkpt>
   <trkpt lat="36.5581880" lon="-4.8613910">
    <ele>420.2</ele>
   </trkpt>
   <trkpt lat="36.5581000" lon="-4.8615430">
    <ele>419.4</ele>
   </trkpt>
   <trkpt lat="36.5580390" lon="-4.8617140">
    <ele>418.8</ele>
   </trkpt>
   <trkpt lat="36.5580120" lon="-4.8618870">
    <ele>418.2</ele>
   </trkpt>
   <trkpt lat="36.5580170" lon="-4.8620710">
    <ele>417.4</ele>
   </trkpt>
   <trkpt lat="36.5580460" lon="-4.8622340">
    <ele>416.2</ele>
   </trkpt>
   <trkpt lat="36.5581000" lon="-4.8624000">
    <ele>414.8</ele>
   </trkpt>
   <trkpt lat="36.5581660" lon="-4.8625400">
    <ele>413.6</ele>
   </trkpt>
   <trkpt lat="36.5582410" lon="-4.8626840">
    <ele>412.8</ele>
   </trkpt>
   <trkpt lat="36.5583060" lon="-4.8628150">
    <ele>411.8</ele>
   </trkpt>
   <trkpt lat="36.5583730" lon="-4.8629570">
    <ele>411.0</ele>
   </trkpt>
   <trkpt lat="36.5584300" lon="-4.8631020">
    <ele>410.0</ele>
   </trkpt>
   <trkpt lat="36.5584660" lon="-4.8632530">
    <ele>409.0</ele>
   </trkpt>
   <trkpt lat="36.5584860" lon="-4.8634070">
    <ele>408.2</ele>
   </trkpt>
   <trkpt lat="36.5584830" lon="-4.8635700">
    <ele>407.0</ele>
   </trkpt>
   <trkpt lat="36.5584620" lon="-4.8637160">
    <ele>406.0</ele>
   </trkpt>
   <trkpt lat="36.5584200" lon="-4.8638730">
    <ele>405.2</ele>
   </trkpt>
   <trkpt lat="36.5583570" lon="-4.8640090">
    <ele>405.2</ele>
   </trkpt>
   <trkpt lat="36.5582760" lon="-4.8641330">
    <ele>405.4</ele>
   </trkpt>
   <trkpt lat="36.5581760" lon="-4.8642430">
    <ele>405.4</ele>
   </trkpt>
   <trkpt lat="36.5580550" lon="-4.8643380">
    <ele>405.0</ele>
   </trkpt>
   <trkpt lat="36.5579320" lon="-4.8644030">
    <ele>404.4</ele>
   </trkpt>
   <trkpt lat="36.5577900" lon="-4.8644490">
    <ele>404.0</ele>
   </trkpt>
   <trkpt lat="36.5576520" lon="-4.8644860">
    <ele>403.6</ele>
   </trkpt>
   <trkpt lat="36.5575080" lon="-4.8645330">
    <ele>403.0</ele>
   </trkpt>
   <trkpt lat="36.5573770" lon="-4.8645990">
    <ele>402.0</ele>
   </trkpt>
   <trkpt lat="36.5572380" lon="-4.8646880">
    <ele>401.0</ele>
   </trkpt>
   <trkpt lat="36.5571200" lon="-4.8647830">
    <ele>399.8</ele>
   </trkpt>
   <trkpt lat="36.5569960" lon="-4.8649030">
    <ele>398.6</ele>
   </trkpt>
   <trkpt lat="36.5568820" lon="-4.8650210">
    <ele>397.8</ele>
   </trkpt>
   <trkpt lat="36.5567590" lon="-4.8651360">
    <ele>397.0</ele>
   </trkpt>
   <trkpt lat="36.5566300" lon="-4.8652320">
    <ele>396.4</ele>
   </trkpt>
   <trkpt lat="36.5564870" lon="-4.8653050">
    <ele>395.6</ele>
   </trkpt>
   <trkpt lat="36.5563510" lon="-4.8653460">
    <ele>394.6</ele>
   </trkpt>
   <trkpt lat="36.5561910" lon="-4.8653610">
    <ele>393.8</ele>
   </trkpt>
   <trkpt lat="36.5560430" lon="-4.8653350">
    <ele>393.0</ele>
   </trkpt>
   <trkpt lat="36.5558930" lon="-4.8652720">
    <ele>392.0</ele>
   </trkpt>
   <trkpt lat="36.5557620" lon="-4.8651750">
    <ele>390.8</ele>
   </trkpt>
   <trkpt lat="36.5556480" lon="-4.8650480">
    <ele>389.8</ele>
   </trkpt>
   <trkpt lat="36.5555570" lon="-4.8649110">
    <ele>389.2</ele>
   </trkpt>
   <trkpt lat="36.5554760" lon="-4.8647470">
    <ele>388.2</ele>
   </trkpt>
   <trkpt lat="36.5554130" lon="-4.8645740">
    <ele>387.2</ele>
   </trkpt>
   <trkpt lat="36.5553700" lon="-4.8643960">
    <ele>386.4</ele>
   </trkpt>
   <trkpt lat="36.5553490" lon="-4.8642120">
    <ele>386.2</ele>
   </trkpt>
   <trkpt lat="36.5553400" lon="-4.8640200">
    <ele>386.2</ele>
   </trkpt>
   <trkpt lat="36.5553400" lon="-4.8638450">
    <ele>386.0</ele>
   </trkpt>
   <trkpt lat="36.5553360" lon="-4.8636560">
    <ele>386.0</ele>
   </trkpt>
   <trkpt lat="36.5553250" lon="-4.8634710">
    <ele>385.8</ele>
   </trkpt>
   <trkpt lat="36.5553030" lon="-4.8632810">
    <ele>385.6</ele>
   </trkpt>
   <trkpt lat="36.5552660" lon="-4.8631020">
    <ele>385.2</ele>
   </trkpt>
   <trkpt lat="36.5552170" lon="-4.8629210">
    <ele>384.8</ele>
   </trkpt>
   <trkpt lat="36.5551590" lon="-4.8627530">
    <ele>384.4</ele>
   </trkpt>
   <trkpt lat="36.5550740" lon="-4.8625830">
    <ele>384.4</ele>
   </trkpt>
   <trkpt lat="36.5549780" lon="-4.8624360">
    <ele>384.4</ele>
   </trkpt>
   <trkpt lat="36.5548570" lon="-4.8623050">
    <ele>384.2</ele>
   </trkpt>
   <trkpt lat="36.5547190" lon="-4.8622110">
    <ele>383.8</ele>
   </trkpt>
   <trkpt lat="36.5545590" lon="-4.8621580">
    <ele>383.4</ele>
   </trkpt>
   <trkpt lat="36.5544000" lon="-4.8621520">
    <ele>382.8</ele>
   </trkpt>
   <trkpt lat="36.5542350" lon="-4.8621960">
    <ele>382.2</ele>
   </trkpt>
   <trkpt lat="36.5540880" lon="-4.8622830">
    <ele>381.4</ele>
   </trkpt>
   <trkpt lat="36.5539480" lon="-4.8624120">
    <ele>380.4</ele>
   </trkpt>
   <trkpt lat="36.5538350" lon="-4.8625620">
    <ele>379.2</ele>
   </trkpt>
   <trkpt lat="36.5537110" lon="-4.8627120">
    <ele>377.8</ele>
   </trkpt>
   <trkpt lat="36.5535770" lon="-4.8628310">
    <ele>376.4</ele>
   </trkpt>
   <trkpt lat="36.5534260" lon="-4.8629280">
    <ele>374.6</ele>
   </trkpt>
   <trkpt lat="36.5532780" lon="-4.8629850">
    <ele>373.2</ele>
   </trkpt>
   <trkpt lat="36.5531190" lon="-4.8630030">
    <ele>371.8</ele>
   </trkpt>
   <trkpt lat="36.5529700" lon="-4.8629800">
    <ele>371.0</ele>
   </trkpt>
   <trkpt lat="36.5528190" lon="-4.8629170">
    <ele>370.4</ele>
   </trkpt>
   <trkpt lat="36.5526990" lon="-4.8628310">
    <ele>370.0</ele>
   </trkpt>
   <trkpt lat="36.5525840" lon="-4.8626930">
    <ele>369.6</ele>
   </trkpt>
   <trkpt lat="36.5524710" lon="-4.8625440">
    <ele>369.0</ele>
   </trkpt>
   <trkpt lat="36.5523750" lon="-4.8623780">
    <ele>368.2</ele>
   </trkpt>
   <trkpt lat="36.5522850" lon="-4.8622140">
    <ele>367.0</ele>
   </trkpt>
   <trkpt lat="36.5521770" lon="-4.8620520">
    <ele>366.0</ele>
   </trkpt>
   <trkpt lat="36.5520670" lon="-4.8619180">
    <ele>365.2</ele>
   </trkpt>
   <trkpt lat="36.5519290" lon="-4.8617840">
    <ele>364.8</ele>
   </trkpt>
   <trkpt lat="36.5517850" lon="-4.8616830">
    <ele>364.6</ele>
   </trkpt>
   <trkpt lat="36.5516280" lon="-4.8616150">
    <ele>364.2</ele>
   </trkpt>
   <trkpt lat="36.5514570" lon="-4.8615730">
    <ele>363.8</ele>
   </trkpt>
   <trkpt lat="36.5512780" lon="-4.8615600">
    <ele>363.2</ele>
   </trkpt>
   <trkpt lat="36.5511140" lon="-4.8615680">
    <ele>362.4</ele>
   </trkpt>
   <trkpt lat="36.5509320" lon="-4.8615780">
    <ele>361.2</ele>
   </trkpt>
   <trkpt lat="36.5507650" lon="-4.8615860">
    <ele>360.0</ele>
   </trkpt>
   <trkpt lat="36.5505940" lon="-4.8615920">
    <ele>358.8</ele>
   </trkpt>
   <trkpt lat="36.5504260" lon="-4.8615950">
    <ele>357.6</ele>
   </trkpt>
   <trkpt lat="36.5502470" lon="-4.8615970">
    <ele>356.4</ele>
   </trkpt>
   <trkpt lat="36.5500850" lon="-4.8615890">
    <ele>355.0</ele>
   </trkpt>
   <trkpt lat="36.5499030" lon="-4.8615690">
    <ele>353.8</ele>
   </trkpt>
   <trkpt lat="36.5497310" lon="-4.8615460">
    <ele>352.8</ele>
   </trkpt>
   <trkpt lat="36.5495570" lon="-4.8615200">
    <ele>352.0</ele>
   </trkpt>
   <trkpt lat="36.5493850" lon="-4.8614930">
    <ele>351.4</ele>
   </trkpt>
   <trkpt lat="36.5492050" lon="-4.8614670">
    <ele>350.4</ele>
   </trkpt>
   <trkpt lat="36.5490340" lon="-4.8614380">
    <ele>349.4</ele>
   </trkpt>
   <trkpt lat="36.5488430" lon="-4.8614050">
    <ele>348.4</ele>
   </trkpt>
   <trkpt lat="36.5486690" lon="-4.8613820">
    <ele>347.2</ele>
   </trkpt>
   <trkpt lat="36.5484810" lon="-4.8613680">
    <ele>345.8</ele>
   </trkpt>
   <trkpt lat="36.5482980" lon="-4.8613610">
    <ele>344.4</ele>
   </trkpt>
   <trkpt lat="36.5481110" lon="-4.8613630">
    <ele>343.4</ele>
   </trkpt>
   <trkpt lat="36.5479240" lon="-4.8613650">
    <ele>342.4</ele>
   </trkpt>
   <trkpt lat="36.5477280" lon="-4.8613680">
    <ele>341.2</ele>
   </trkpt>
   <trkpt lat="36.5475490" lon="-4.8613730">
    <ele>340.0</ele>
   </trkpt>
   <trkpt lat="36.5473680" lon="-4.8613810">
    <ele>338.6</ele>
   </trkpt>
   <trkpt lat="36.5471850" lon="-4.8613930">
    <ele>337.2</ele>
   </trkpt>
   <trkpt lat="36.5469950" lon="-4.8614040">
    <ele>335.6</ele>
   </trkpt>
   <trkpt lat="36.5468270" lon="-4.8614180">
    <ele>334.2</ele>
   </trkpt>
   <trkpt lat="36.5466380" lon="-4.8614310">
    <ele>333.0</ele>
   </trkpt>
   <trkpt lat="36.5464590" lon="-4.8614450">
    <ele>332.4</ele>
   </trkpt>
   <trkpt lat="36.5462700" lon="-4.8614640">
    <ele>332.0</ele>
   </trkpt>
   <trkpt lat="36.5460910" lon="-4.8614810">
    <ele>331.8</ele>
   </trkpt>
   <trkpt lat="36.5459010" lon="-4.8615150">
    <ele>331.2</ele>
   </trkpt>
   <trkpt lat="36.5457260" lon="-4.8615590">
    <ele>330.0</ele>
   </trkpt>
   <trkpt lat="36.5455460" lon="-4.8616260">
    <ele>328.8</ele>
   </trkpt>
   <trkpt lat="36.5453750" lon="-4.8617080">
    <ele>327.2</ele>
   </trkpt>
   <trkpt lat="36.5452070" lon="-4.8618050">
    <ele>325.4</ele>
   </trkpt>
   <trkpt lat="36.5450540" lon="-4.8619210">
    <ele>324.0</ele>
   </trkpt>
   <trkpt lat="36.5448970" lon="-4.8620630">
    <ele>322.6</ele>
   </trkpt>
   <trkpt lat="36.5447600" lon="-4.8622080">
    <ele>321.2</ele>
   </trkpt>
   <trkpt lat="36.5446170" lon="-4.8623760">
    <ele>320.2</ele>
   </trkpt>
   <trkpt lat="36.5445010" lon="-4.8625440">
    <ele>319.2</ele>
   </trkpt>
   <trkpt lat="36.5443950" lon="-4.8627260">
    <ele>317.8</ele>
   </trkpt>
   <trkpt lat="36.5442910" lon="-4.8629160">
    <ele>316.2</ele>
   </trkpt>
   <trkpt lat="36.5441840" lon="-4.8631040">
    <ele>314.8</ele>
   </trkpt>
   <trkpt lat="36.5440750" lon="-4.8632780">
    <ele>313.6</ele>
   </trkpt>
   <trkpt lat="36.5439460" lon="-4.8634670">
    <ele>312.2</ele>
   </trkpt>
   <trkpt lat="36.5438250" lon="-4.8636260">
    <ele>310.8</ele>
   </trkpt>
   <trkpt lat="36.5436890" lon="-4.8637770">
    <ele>309.6</ele>
   </trkpt>
   <trkpt lat="36.5435380" lon="-4.8639140">
    <ele>307.8</ele>
   </trkpt>
   <trkpt lat="36.5433760" lon="-4.8640460">
    <ele>306.4</ele>
   </trkpt>
   <trkpt lat="36.5432180" lon="-4.8641560">
    <ele>305.4</ele>
   </trkpt>
   <trkpt lat="36.5430420" lon="-4.8642520">
    <ele>304.4</ele>
   </trkpt>
   <trkpt lat="36.5428630" lon="-4.8643220">
    <ele>303.2</ele>
   </trkpt>
   <trkpt lat="36.5426720" lon="-4.8643830">
    <ele>301.6</ele>
   </trkpt>
   <trkpt lat="36.5424830" lon="-4.8644330">
    <ele>299.6</ele>
   </trkpt>
   <trkpt lat="36.5422830" lon="-4.8644780">
    <ele>297.6</ele>
   </trkpt>
   <trkpt lat="36.5420970" lon="-4.8645160">
    <ele>295.8</ele>
   </trkpt>
   <trkpt lat="36.5418980" lon="-4.8645560">
    <ele>294.6</ele>
   </trkpt>
   <trkpt lat="36.5416990" lon="-4.8645970">
    <ele>293.0</ele>
   </trkpt>
   <trkpt lat="36.5415120" lon="-4.8646380">
    <ele>291.6</ele>
   </trkpt>
   <trkpt lat="36.5413210" lon="-4.8646780">
    <ele>290.2</ele>
   </trkpt>
   <trkpt lat="36.5411190" lon="-4.8647240">
    <ele>289.2</ele>
   </trkpt>
   <trkpt lat="36.5409500" lon="-4.8647620">
    <ele>288.2</ele>
   </trkpt>
   <trkpt lat="36.5407530" lon="-4.8648030">
    <ele>287.0</ele>
   </trkpt>
   <trkpt lat="36.5405490" lon="-4.8648440">
    <ele>285.6</ele>
   </trkpt>
   <trkpt lat="36.5403500" lon="-4.8648880">
    <ele>284.4</ele>
   </trkpt>
   <trkpt lat="36.5401640" lon="-4.8649300">
    <ele>283.6</ele>
   </trkpt>
   <trkpt lat="36.5399650" lon="-4.8649750">
    <ele>283.2</ele>
   </trkpt>
   <trkpt lat="36.5397830" lon="-4.8650150">
    <ele>282.2</ele>
   </trkpt>
   <trkpt lat="36.5395880" lon="-4.8650540">
    <ele>280.6</ele>
   </trkpt>
   <trkpt lat="36.5393970" lon="-4.8650930">
    <ele>279.2</ele>
   </trkpt>
   <trkpt lat="36.5392090" lon="-4.8651310">
    <ele>277.6</ele>
   </trkpt>
   <trkpt lat="36.5390200" lon="-4.8651690">
    <ele>276.0</ele>
   </trkpt>
   <trkpt lat="36.5388220" lon="-4.8652090">
    <ele>274.0</ele>
   </trkpt>
   <trkpt lat="36.5386380" lon="-4.8652440">
    <ele>271.8</ele>
   </trkpt>
   <trkpt lat="36.5384440" lon="-4.8652810">
    <ele>269.6</ele>
   </trkpt>
   <trkpt lat="36.5382580" lon="-4.8653220">
    <ele>267.4</ele>
   </trkpt>
   <trkpt lat="36.5380660" lon="-4.8653710">
    <ele>265.2</ele>
   </trkpt>
   <trkpt lat="36.5378870" lon="-4.8654320">
    <ele>263.4</ele>
   </trkpt>
   <trkpt lat="36.5376910" lon="-4.8655140">
    <ele>262.0</ele>
   </trkpt>
   <trkpt lat="36.5375280" lon="-4.8656070">
    <ele>260.4</ele>
   </trkpt>
   <trkpt lat="36.5373570" lon="-4.8657290">
    <ele>259.0</ele>
   </trkpt>
   <trkpt lat="36.5372010" lon="-4.8658630">
    <ele>257.2</ele>
   </trkpt>
   <trkpt lat="36.5370520" lon="-4.8660150">
    <ele>255.2</ele>
   </trkpt>
   <trkpt lat="36.5369150" lon="-4.8661640">
    <ele>253.4</ele>
   </trkpt>
   <trkpt lat="36.5367570" lon="-4.8663310">
    <ele>251.8</ele>
   </trkpt>
   <trkpt lat="36.5366160" lon="-4.8664810">
    <ele>250.4</ele>
   </trkpt>
   <trkpt lat="36.5364560" lon="-4.8666490">
    <ele>249.0</ele>
   </trkpt>
   <trkpt lat="36.5363070" lon="-4.8668110">
    <ele>248.0</ele>
   </trkpt>
   <trkpt lat="36.5361500" lon="-4.8669700">
    <ele>247.0</ele>
   </trkpt>
   <trkpt lat="36.5360030" lon="-4.8671310">
    <ele>246.0</ele>
   </trkpt>
   <trkpt lat="36.5358530" lon="-4.8672920">
    <ele>244.4</ele>
   </trkpt>
   <trkpt lat="36.5357060" lon="-4.8674480">
    <ele>242.8</ele>
   </trkpt>
   <trkpt lat="36.5355450" lon="-4.8676190">
    <ele>241.6</ele>
   </trkpt>
   <trkpt lat="36.5353950" lon="-4.8677760">
    <ele>240.0</ele>
   </trkpt>
   <trkpt lat="36.5352420" lon="-4.8679380">
    <ele>237.8</ele>
   </trkpt>
   <trkpt lat="36.5351000" lon="-4.8680920">
    <ele>235.8</ele>
   </trkpt>
   <trkpt lat="36.5349360" lon="-4.8682660">
    <ele>234.2</ele>
   </trkpt>
   <trkpt lat="36.5347980" lon="-4.8684110">
    <ele>232.8</ele>
   </trkpt>
   <trkpt lat="36.5346390" lon="-4.8685760">
    <ele>231.8</ele>
   </trkpt>
   <trkpt lat="36.5344970" lon="-4.8687250">
    <ele>230.8</ele>
   </trkpt>
   <trkpt lat="36.5343460" lon="-4.8688890">
    <ele>230.0</ele>
   </trkpt>
   <trkpt lat="36.5342080" lon="-4.8690520">
    <ele>228.8</ele>
   </trkpt>
   <trkpt lat="36.5340840" lon="-4.8692300">
    <ele>227.8</ele>
   </trkpt>
   <trkpt lat="36.5339780" lon="-4.8694110">
    <ele>227.0</ele>
   </trkpt>
   <trkpt lat="36.5338860" lon="-4.8696120">
    <ele>226.2</ele>
   </trkpt>
   <trkpt lat="36.5338180" lon="-4.8698070">
    <ele>225.4</ele>
   </trkpt>
   <trkpt lat="36.5337490" lon="-4.8700110">
    <ele>225.0</ele>
   </trkpt>
   <trkpt lat="36.5336950" lon="-4.8702150">
    <ele>224.4</ele>
   </trkpt>
   <trkpt lat="36.5336440" lon="-4.8704340">
    <ele>223.8</ele>
   </trkpt>
   <trkpt lat="36.5335970" lon="-4.8706330">
    <ele>223.0</ele>
   </trkpt>
   <trkpt lat="36.5335450" lon="-4.8708510">
    <ele>221.8</ele>
   </trkpt>
   <trkpt lat="36.5334920" lon="-4.8710560">
    <ele>220.4</ele>
   </trkpt>
   <trkpt lat="36.5334430" lon="-4.8712620">
    <ele>219.0</ele>
   </trkpt>
   <trkpt lat="36.5333940" lon="-4.8714630">
    <ele>217.8</ele>
   </trkpt>
   <trkpt lat="36.5333390" lon="-4.8716760">
    <ele>216.8</ele>
   </trkpt>
   <trkpt lat="36.5332860" lon="-4.8718650">
    <ele>215.6</ele>
   </trkpt>
   <trkpt lat="36.5332210" lon="-4.8720740">
    <ele>214.4</ele>
   </trkpt>
   <trkpt lat="36.5331580" lon="-4.8722580">
    <ele>213.0</ele>
   </trkpt>
   <trkpt lat="36.5330910" lon="-4.8724390">
    <ele>211.4</ele>
   </trkpt>
   <trkpt lat="36.5330240" lon="-4.8726200">
    <ele>210.2</ele>
   </trkpt>
   <trkpt lat="36.5329470" lon="-4.8728100">
    <ele>209.4</ele>
   </trkpt>
   <trkpt lat="36.5328720" lon="-4.8729730">
    <ele>208.6</ele>
   </trkpt>
   <trkpt lat="36.5327820" lon="-4.8731490">
    <ele>207.6</ele>
   </trkpt>
   <trkpt lat="36.5326900" lon="-4.8733090">
    <ele>206.6</ele>
   </trkpt>
   <trkpt lat="36.5325860" lon="-4.8734710">
    <ele>205.6</ele>
   </trkpt>
   <trkpt lat="36.5324770" lon="-4.8736210">
    <ele>204.8</ele>
   </trkpt>
   <trkpt lat="36.5323570" lon="-4.8737730">
    <ele>204.0</ele>
   </trkpt>
   <trkpt lat="36.5322380" lon="-4.8739180">
    <ele>203.2</ele>
   </trkpt>
   <trkpt lat="36.5321150" lon="-4.8740760">
    <ele>202.0</ele>
   </trkpt>
   <trkpt lat="36.5319950" lon="-4.8742310">
    <ele>200.4</ele>
   </trkpt>
   <trkpt lat="36.5318790" lon="-4.8743840">
    <ele>198.4</ele>
   </trkpt>
   <trkpt lat="36.5317600" lon="-4.8745420">
    <ele>196.2</ele>
   </trkpt>
   <trkpt lat="36.5316400" lon="-4.8746990">
    <ele>194.0</ele>
   </trkpt>
   <trkpt lat="36.5315320" lon="-4.8748400">
    <ele>192.0</ele>
   </trkpt>
   <trkpt lat="36.5314200" lon="-4.8750090">
    <ele>190.6</ele>
   </trkpt>
   <trkpt lat="36.5313080" lon="-4.8751830">
    <ele>189.6</ele>
   </trkpt>
   <trkpt lat="36.5312020" lon="-4.8753640">
    <ele>188.6</ele>
   </trkpt>
   <trkpt lat="36.5311060" lon="-4.8755390">
    <ele>187.8</ele>
   </trkpt>
   <trkpt lat="36.5310150" lon="-4.8757310">
    <ele>187.2</ele>
   </trkpt>
   <trkpt lat="36.5309310" lon="-4.8759230">
    <ele>186.4</ele>
   </trkpt>
   <trkpt lat="36.5308480" lon="-4.8761280">
    <ele>185.2</ele>
   </trkpt>
   <trkpt lat="36.5307750" lon="-4.8763280">
    <ele>184.4</ele>
   </trkpt>
   <trkpt lat="36.5307050" lon="-4.8765200">
    <ele>183.4</ele>
   </trkpt>
   <trkpt lat="36.5306340" lon="-4.8767280">
    <ele>182.4</ele>
   </trkpt>
   <trkpt lat="36.5305680" lon="-4.8769300">
    <ele>181.0</ele>
   </trkpt>
   <trkpt lat="36.5305020" lon="-4.8771170">
    <ele>179.4</ele>
   </trkpt>
   <trkpt lat="36.5304230" lon="-4.8773220">
    <ele>178.0</ele>
   </trkpt>
   <trkpt lat="36.5303470" lon="-4.8775130">
    <ele>176.6</ele>
   </trkpt>
   <trkpt lat="36.5302600" lon="-4.8777020">
    <ele>175.2</ele>
   </trkpt>
   <trkpt lat="36.5301700" lon="-4.8778810">
    <ele>173.6</ele>
   </trkpt>
   <trkpt lat="36.5300670" lon="-4.8780640">
    <ele>171.8</ele>
   </trkpt>
   <trkpt lat="36.5299710" lon="-4.8782280">
    <ele>170.2</ele>
   </trkpt>
   <trkpt lat="36.5298580" lon="-4.8784110">
    <ele>168.8</ele>
   </trkpt>
   <trkpt lat="36.5297530" lon="-4.8785790">
    <ele>167.4</ele>
   </trkpt>
   <trkpt lat="36.5296450" lon="-4.8787540">
    <ele>166.2</ele>
   </trkpt>
   <trkpt lat="36.5295430" lon="-4.8789280">
    <ele>164.6</ele>
   </trkpt>
   <trkpt lat="36.5294350" lon="-4.8791180">
    <ele>163.0</ele>
   </trkpt>
   <trkpt lat="36.5293470" lon="-4.8792960">
    <ele>161.8</ele>
   </trkpt>
   <trkpt lat="36.5292630" lon="-4.8794970">
    <ele>160.8</ele>
   </trkpt>
   <trkpt lat="36.5291880" lon="-4.8796960">
    <ele>159.8</ele>
   </trkpt>
   <trkpt lat="36.5291220" lon="-4.8799030">
    <ele>158.4</ele>
   </trkpt>
   <trkpt lat="36.5290640" lon="-4.8801000">
    <ele>156.4</ele>
   </trkpt>
   <trkpt lat="36.5289990" lon="-4.8803160">
    <ele>154.4</ele>
   </trkpt>
   <trkpt lat="36.5289390" lon="-4.8805010">
    <ele>153.0</ele>
   </trkpt>
   <trkpt lat="36.5288630" lon="-4.8807080">
    <ele>151.6</ele>
   </trkpt>
   <trkpt lat="36.5287970" lon="-4.8808920">
    <ele>150.0</ele>
   </trkpt>
   <trkpt lat="36.5287190" lon="-4.8810860">
    <ele>148.6</ele>
   </trkpt>
   <trkpt lat="36.5286460" lon="-4.8812740">
    <ele>147.4</ele>
   </trkpt>
   <trkpt lat="36.5285690" lon="-4.8814660">
    <ele>146.4</ele>
   </trkpt>
   <trkpt lat="36.5284810" lon="-4.8816300">
    <ele>145.6</ele>
   </trkpt>
   <trkpt lat="36.5283580" lon="-4.8817910">
    <ele>144.4</ele>
   </trkpt>
   <trkpt lat="36.5282320" lon="-4.8819100">
    <ele>143.2</ele>
   </trkpt>
   <trkpt lat="36.5280840" lon="-4.8820020">
    <ele>141.8</ele>
   </trkpt>
   <trkpt lat="36.5279310" lon="-4.8820590">
    <ele>140.4</ele>
   </trkpt>
   <trkpt lat="36.5277630" lon="-4.8820820">
    <ele>139.4</ele>
   </trkpt>
   <trkpt lat="36.5276070" lon="-4.8820690">
    <ele>138.4</ele>
   </trkpt>
   <trkpt lat="36.5274380" lon="-4.8820150">
    <ele>137.8</ele>
   </trkpt>
   <trkpt lat="36.5272810" lon="-4.8819310">
    <ele>137.0</ele>
   </trkpt>
   <trkpt lat="36.5271190" lon="-4.8818310">
    <ele>135.4</ele>
   </trkpt>
   <trkpt lat="36.5269600" lon="-4.8817460">
    <ele>133.6</ele>
   </trkpt>
   <trkpt lat="36.5267770" lon="-4.8816780">
    <ele>131.8</ele>
   </trkpt>
   <trkpt lat="36.5266050" lon="-4.8816320">
    <ele>130.2</ele>
   </trkpt>
   <trkpt lat="36.5264110" lon="-4.8815940">
    <ele>128.4</ele>
   </trkpt>
   <trkpt lat="36.5262200" lon="-4.8815670">
    <ele>126.8</ele>
   </trkpt>
   <trkpt lat="36.5260250" lon="-4.8815570">
    <ele>125.4</ele>
   </trkpt>
   <trkpt lat="36.5258330" lon="-4.8815680">
    <ele>124.2</ele>
   </trkpt>
   <trkpt lat="36.5256280" lon="-4.8815850">
    <ele>122.6</ele>
   </trkpt>
   <trkpt lat="36.5254360" lon="-4.8815850">
    <ele>121.2</ele>
   </trkpt>
   <trkpt lat="36.5252130" lon="-4.8815730">
    <ele>119.6</ele>
   </trkpt>
   <trkpt lat="36.5250130" lon="-4.8815490">
    <ele>118.0</ele>
   </trkpt>
   <trkpt lat="36.5248020" lon="-4.8815180">
    <ele>116.2</ele>
   </trkpt>
   <trkpt lat="36.5245950" lon="-4.8814880">
    <ele>114.2</ele>
   </trkpt>
   <trkpt lat="36.5243810" lon="-4.8814580">
    <ele>112.0</ele>
   </trkpt>
   <trkpt lat="36.5241720" lon="-4.8814230">
    <ele>109.4</ele>
   </trkpt>
   <trkpt lat="36.5239980" lon="-4.8813960">
    <ele>106.8</ele>
   </trkpt>
   <trkpt lat="36.5237570" lon="-4.8813610">
    <ele>104.8</ele>
   </trkpt>
   <trkpt lat="36.5235270" lon="-4.8813180">
    <ele>103.0</ele>
   </trkpt>
   <trkpt lat="36.5233260" lon="-4.8812600">
    <ele>101.4</ele>
   </trkpt>
   <trkpt lat="36.5231170" lon="-4.8811780">
    <ele>99.8</ele>
   </trkpt>
   <trkpt lat="36.5229420" lon="-4.8810840">
    <ele>98.0</ele>
   </trkpt>
   <trkpt lat="36.5227690" lon="-4.8809860">
    <ele>96.4</ele>
   </trkpt>
   <trkpt lat="36.5226140" lon="-4.8809120">
    <ele>95.0</ele>
   </trkpt>
   <trkpt lat="36.5224730" lon="-4.8808610">
    <ele>93.6</ele>
   </trkpt>
   <trkpt lat="36.5223640" lon="-4.8808330">
    <ele>92.4</ele>
   </trkpt>
   <trkpt lat="36.5222780" lon="-4.8808270">
    <ele>91.4</ele>
   </trkpt>
   <trkpt lat="36.5221430" lon="-4.8808670">
    <ele>90.0</ele>
   </trkpt>
   <trkpt lat="36.5221180" lon="-4.8808750">
    <ele>89.8</ele>
   </trkpt>
   <trkpt lat="36.5220600" lon="-4.8808810">
    <ele>89.6</ele>
   </trkpt>
   <trkpt lat="36.5219960" lon="-4.8808710">
    <ele>89.2</ele>
   </trkpt>
   <trkpt lat="36.5219240" lon="-4.8808410">
    <ele>88.8</ele>
   </trkpt>
   <trkpt lat="36.5218570" lon="-4.8807930">
    <ele>88.4</ele>
   </trkpt>
   <trkpt lat="36.5217770" lon="-4.8807500">
    <ele>88.0</ele>
   </trkpt>
   <trkpt lat="36.5216890" lon="-4.8807170">
    <ele>87.4</ele>
   </trkpt>
   <trkpt lat="36.5215820" lon="-4.8806880">
    <ele>86.8</ele>
   </trkpt>
   <trkpt lat="36.5214790" lon="-4.8806670">
    <ele>86.2</ele>
   </trkpt>
   <trkpt lat="36.5213650" lon="-4.8806480">
    <ele>85.8</ele>
   </trkpt>
   <trkpt lat="36.5212520" lon="-4.8806340">
    <ele>85.2</ele>
   </trkpt>
   <trkpt lat="36.5211310" lon="-4.8806190">
    <ele>84.6</ele>
   </trkpt>
   <trkpt lat="36.5210140" lon="-4.8806040">
    <ele>84.0</ele>
   </trkpt>
   <trkpt lat="36.5208920" lon="-4.8805870">
    <ele>83.4</ele>
   </trkpt>
   <trkpt lat="36.5207710" lon="-4.8805710">
    <ele>83.0</ele>
   </trkpt>
   <trkpt lat="36.5206360" lon="-4.8805530">
    <ele>82.4</ele>
   </trkpt>
   <trkpt lat="36.5205120" lon="-4.8805370">
    <ele>81.6</ele>
   </trkpt>
   <trkpt lat="36.5203850" lon="-4.8805210">
    <ele>81.0</ele>
   </trkpt>
   <trkpt lat="36.5202600" lon="-4.8805090">
    <ele>80.6</ele>
   </trkpt>
   <trkpt lat="36.5201310" lon="-4.8805020">
    <ele>80.4</ele>
   </trkpt>
   <trkpt lat="36.5200090" lon="-4.8805030">
    <ele>79.8</ele>
   </trkpt>
   <trkpt lat="36.5198870" lon="-4.8805250">
    <ele>79.2</ele>
   </trkpt>
   <trkpt lat="36.5197690" lon="-4.8805600">
    <ele>78.6</ele>
   </trkpt>
   <trkpt lat="36.5196610" lon="-4.8805960">
    <ele>78.0</ele>
   </trkpt>
   <trkpt lat="36.5195590" lon="-4.8806140">
    <ele>77.4</ele>
   </trkpt>
   <trkpt lat="36.5194620" lon="-4.8805960">
    <ele>77.2</ele>
   </trkpt>
   <trkpt lat="36.5193800" lon="-4.8805450">
    <ele>77.0</ele>
   </trkpt>
   <trkpt lat="36.5193210" lon="-4.8804680">
    <ele>77.0</ele>
   </trkpt>
   <trkpt lat="36.5192770" lon="-4.8803880">
    <ele>76.8</ele>
   </trkpt>
   <trkpt lat="36.5192250" lon="-4.8803230">
    <ele>76.4</ele>
   </trkpt>
   <trkpt lat="36.5191590" lon="-4.8802630">
    <ele>76.2</ele>
   </trkpt>
   <trkpt lat="36.5190430" lon="-4.8801820">
    <ele>76.0</ele>
   </trkpt>
   <trkpt lat="36.5189450" lon="-4.8801090">
    <ele>75.6</ele>
   </trkpt>
   <trkpt lat="36.5188410" lon="-4.8800280">
    <ele>75.2</ele>
   </trkpt>
   <trkpt lat="36.5187350" lon="-4.8799450">
    <ele>74.4</ele>
   </trkpt>
   <trkpt lat="36.5186260" lon="-4.8798630">
    <ele>73.8</ele>
   </trkpt>
   <trkpt lat="36.5185230" lon="-4.8797810">
    <ele>73.4</ele>
   </trkpt>
   <trkpt lat="36.5184140" lon="-4.8796900">
    <ele>73.0</ele>
   </trkpt>
   <trkpt lat="36.5183080" lon="-4.8795990">
    <ele>72.6</ele>
   </trkpt>
   <trkpt lat="36.5181900" lon="-4.8795140">
    <ele>72.0</ele>
   </trkpt>
   <trkpt lat="36.5180720" lon="-4.8794520">
    <ele>71.2</ele>
   </trkpt>
   <trkpt lat="36.5179490" lon="-4.8793850">
    <ele>70.2</ele>
   </trkpt>
   <trkpt lat="36.5178250" lon="-4.8793240">
    <ele>69.4</ele>
   </trkpt>
   <trkpt lat="36.5177030" lon="-4.8792770">
    <ele>68.4</ele>
   </trkpt>
   <trkpt lat="36.5175950" lon="-4.8792410">
    <ele>67.6</ele>
   </trkpt>
   <trkpt lat="36.5174930" lon="-4.8792100">
    <ele>66.8</ele>
   </trkpt>
   <trkpt lat="36.5174240" lon="-4.8791950">
    <ele>66.2</ele>
   </trkpt>
   <trkpt lat="36.5173690" lon="-4.8791890">
    <ele>65.4</ele>
   </trkpt>
   <trkpt lat="36.5173130" lon="-4.8791990">
    <ele>64.6</ele>
   </trkpt>
   <trkpt lat="36.5172430" lon="-4.8792170">
    <ele>64.0</ele>
   </trkpt>
   <trkpt lat="36.5171710" lon="-4.8792390">
    <ele>63.6</ele>
   </trkpt>
   <trkpt lat="36.5170850" lon="-4.8792430">
    <ele>63.2</ele>
   </trkpt>
   <trkpt lat="36.5169910" lon="-4.8792400">
    <ele>62.8</ele>
   </trkpt>
   <trkpt lat="36.5168890" lon="-4.8792540">
    <ele>62.6</ele>
   </trkpt>
   <trkpt lat="36.5167990" lon="-4.8792690">
    <ele>62.2</ele>
   </trkpt>
   <trkpt lat="36.5167350" lon="-4.8792660">
    <ele>61.6</ele>
   </trkpt>
   <trkpt lat="36.5166550" lon="-4.8792500">
    <ele>60.8</ele>
   </trkpt>
   <trkpt lat="36.5165680" lon="-4.8792440">
    <ele>60.0</ele>
   </trkpt>
   <trkpt lat="36.5164850" lon="-4.8792510">
    <ele>59.0</ele>
   </trkpt>
   <trkpt lat="36.5163840" lon="-4.8792590">
    <ele>58.2</ele>
   </trkpt>
   <trkpt lat="36.5162790" lon="-4.8792770">
    <ele>57.4</ele>
   </trkpt>
   <trkpt lat="36.5161670" lon="-4.8792940">
    <ele>56.4</ele>
   </trkpt>
   <trkpt lat="36.5160620" lon="-4.8793110">
    <ele>55.6</ele>
   </trkpt>
   <trkpt lat="36.5159380" lon="-4.8793240">
    <ele>54.8</ele>
   </trkpt>
   <trkpt lat="36.5158220" lon="-4.8793400">
    <ele>54.0</ele>
   </trkpt>
   <trkpt lat="36.5157030" lon="-4.8793630">
    <ele>53.4</ele>
   </trkpt>
   <trkpt lat="36.5155910" lon="-4.8793740">
    <ele>52.8</ele>
   </trkpt>
   <trkpt lat="36.5154650" lon="-4.8793810">
    <ele>52.0</ele>
   </trkpt>
   <trkpt lat="36.5153500" lon="-4.8793830">
    <ele>51.2</ele>
   </trkpt>
   <trkpt lat="36.5152280" lon="-4.8793920">
    <ele>50.2</ele>
   </trkpt>
   <trkpt lat="36.5151110" lon="-4.8794100">
    <ele>49.6</ele>
   </trkpt>
   <trkpt lat="36.5149950" lon="-4.8794270">
    <ele>48.8</ele>
   </trkpt>
   <trkpt lat="36.5148850" lon="-4.8794390">
    <ele>48.2</ele>
   </trkpt>
   <trkpt lat="36.5147620" lon="-4.8794600">
    <ele>47.4</ele>
   </trkpt>
   <trkpt lat="36.5146470" lon="-4.8794900">
    <ele>46.8</ele>
   </trkpt>
   <trkpt lat="36.5145160" lon="-4.8795180">
    <ele>46.0</ele>
   </trkpt>
   <trkpt lat="36.5143940" lon="-4.8795440">
    <ele>45.4</ele>
   </trkpt>
   <trkpt lat="36.5142610" lon="-4.8795670">
    <ele>45.0</ele>
   </trkpt>
   <trkpt lat="36.5141390" lon="-4.8795820">
    <ele>44.6</ele>
   </trkpt>
   <trkpt lat="36.5140090" lon="-4.8795940">
    <ele>44.4</ele>
   </trkpt>
   <trkpt lat="36.5138920" lon="-4.8796030">
    <ele>44.0</ele>
   </trkpt>
   <trkpt lat="36.5137730" lon="-4.8796170">
    <ele>43.6</ele>
   </trkpt>
   <trkpt lat="36.5136620" lon="-4.8796480">
    <ele>43.2</ele>
   </trkpt>
   <trkpt lat="36.5135460" lon="-4.8796780">
    <ele>42.8</ele>
   </trkpt>
   <trkpt lat="36.5134280" lon="-4.8796970">
    <ele>42.4</ele>
   </trkpt>
   <trkpt lat="36.5133120" lon="-4.8797140">
    <ele>42.0</ele>
   </trkpt>
   <trkpt lat="36.5131880" lon="-4.8797280">
    <ele>41.4</ele>
   </trkpt>
   <trkpt lat="36.5130540" lon="-4.8797440">
    <ele>41.2</ele>
   </trkpt>
   <trkpt lat="36.5129300" lon="-4.8797570">
    <ele>41.0</ele>
   </trkpt>
   <trkpt lat="36.5128120" lon="-4.8797680">
    <ele>40.8</ele>
   </trkpt>
   <trkpt lat="36.5126770" lon="-4.8797780">
    <ele>40.6</ele>
   </trkpt>
   <trkpt lat="36.5125430" lon="-4.8797730">
    <ele>40.4</ele>
   </trkpt>
   <trkpt lat="36.5124170" lon="-4.8797640">
    <ele>40.0</ele>
   </trkpt>
   <trkpt lat="36.5122870" lon="-4.8797510">
    <ele>39.4</ele>
   </trkpt>
   <trkpt lat="36.5121500" lon="-4.8797410">
    <ele>38.8</ele>
   </trkpt>
   <trkpt lat="36.5120160" lon="-4.8797290">
    <ele>38.2</ele>
   </trkpt>
   <trkpt lat="36.5118820" lon="-4.8797180">
    <ele>37.2</ele>
   </trkpt>
   <trkpt lat="36.5117370" lon="-4.8797060">
    <ele>36.4</ele>
   </trkpt>
   <trkpt lat="36.5115990" lon="-4.8796930">
    <ele>35.4</ele>
   </trkpt>
   <trkpt lat="36.5114540" lon="-4.8796780">
    <ele>34.4</ele>
   </trkpt>
   <trkpt lat="36.5113240" lon="-4.8796650">
    <ele>33.4</ele>
   </trkpt>
   <trkpt lat="36.5111880" lon="-4.8796530">
    <ele>32.6</ele>
   </trkpt>
   <trkpt lat="36.5110670" lon="-4.8796430">
    <ele>31.8</ele>
   </trkpt>
   <trkpt lat="36.5109410" lon="-4.8796340">
    <ele>30.8</ele>
   </trkpt>
   <trkpt lat="36.5108440" lon="-4.8796280">
    <ele>30.0</ele>
   </trkpt>
   <trkpt lat="36.5106880" lon="-4.8796190">
    <ele>29.0</ele>
   </trkpt>
   <trkpt lat="36.5105560" lon="-4.8796120">
    <ele>28.2</ele>
   </trkpt>
   <trkpt lat="36.5104460" lon="-4.8796010">
    <ele>27.4</ele>
   </trkpt>
   <trkpt lat="36.5103420" lon="-4.8795840">
    <ele>26.4</ele>
   </trkpt>
   <trkpt lat="36.5102370" lon="-4.8795630">
    <ele>25.6</ele>
   </trkpt>
   <trkpt lat="36.5101270" lon="-4.8795550">
    <ele>24.8</ele>
   </trkpt>
   <trkpt lat="36.5100150" lon="-4.8795490">
    <ele>23.8</ele>
   </trkpt>
   <trkpt lat="36.5098970" lon="-4.8795470">
    <ele>22.8</ele>
   </trkpt>
   <trkpt lat="36.5097830" lon="-4.8795480">
    <ele>21.8</ele>
   </trkpt>
   <trkpt lat="36.5096820" lon="-4.8795460">
    <ele>20.8</ele>
   </trkpt>
   <trkpt lat="36.5089950" lon="-4.8794600">
    <ele>14.4</ele>
   </trkpt>
   <trkpt lat="36.5089750" lon="-4.8794440">
    <ele>14.2</ele>
   </trkpt>
   <trkpt lat="36.5089340" lon="-4.8794100">
    <ele>14.2</ele>
   </trkpt>
   <trkpt lat="36.5089110" lon="-4.8793460">
    <ele>14.2</ele>
   </trkpt>
   <trkpt lat="36.5088900" lon="-4.8792800">
    <ele>14.0</ele>
   </trkpt>
   <trkpt lat="36.5088880" lon="-4.8792030">
    <ele>14.0</ele>
   </trkpt>
   <trkpt lat="36.5088970" lon="-4.8791160">
    <ele>13.8</ele>
   </trkpt>
   <trkpt lat="36.5089060" lon="-4.8790280">
    <ele>13.8</ele>
   </trkpt>
   <trkpt lat="36.5089140" lon="-4.8789370">
    <ele>13.8</ele>
   </trkpt>
   <trkpt lat="36.5089180" lon="-4.8788440">
    <ele>13.8</ele>
   </trkpt>
   <trkpt lat="36.5089290" lon="-4.8787470">
    <ele>14.0</ele>
   </trkpt>
   <trkpt lat="36.5089440" lon="-4.8786480">
    <ele>14.0</ele>
   </trkpt>
   <trkpt lat="36.5089520" lon="-4.8785480">
    <ele>14.0</ele>
   </trkpt>
   <trkpt lat="36.5089670" lon="-4.8784370">
    <ele>13.8</ele>
   </trkpt>
   <trkpt lat="36.5089750" lon="-4.8783270">
    <ele>13.6</ele>
   </trkpt>
   <trkpt lat="36.5089830" lon="-4.8782120">
    <ele>13.6</ele>
   </trkpt>
   <trkpt lat="36.5089900" lon="-4.8781000">
    <ele>13.4</ele>
   </trkpt>
   <trkpt lat="36.5089980" lon="-4.8779780">
    <ele>13.4</ele>
   </trkpt>
   <trkpt lat="36.5090060" lon="-4.8778570">
    <ele>13.4</ele>
   </trkpt>
   <trkpt lat="36.5090130" lon="-4.8777310">
    <ele>13.2</ele>
   </trkpt>
   <trkpt lat="36.5090210" lon="-4.8776090">
    <ele>13.2</ele>
   </trkpt>
   <trkpt lat="36.5090250" lon="-4.8774840">
    <ele>13.2</ele>
   </trkpt>
   <trkpt lat="36.5090320" lon="-4.8773500">
    <ele>13.2</ele>
   </trkpt>
   <trkpt lat="36.5090370" lon="-4.8772160">
    <ele>13.0</ele>
   </trkpt>
   <trkpt lat="36.5090440" lon="-4.8770910">
    <ele>12.8</ele>
   </trkpt>
   <trkpt lat="36.5090480" lon="-4.8769550">
    <ele>12.6</ele>
   </trkpt>
   <trkpt lat="36.5090520" lon="-4.8768240">
    <ele>12.4</ele>
   </trkpt>
   <trkpt lat="36.5090560" lon="-4.8766920">
    <ele>12.4</ele>
   </trkpt>
   <trkpt lat="36.5090590" lon="-4.8765620">
    <ele>12.4</ele>
   </trkpt>
   <trkpt lat="36.5090670" lon="-4.8764280">
    <ele>12.2</ele>
   </trkpt>
   <trkpt lat="36.5090740" lon="-4.8762960">
    <ele>12.2</ele>
   </trkpt>
   <trkpt lat="36.5090790" lon="-4.8761630">
    <ele>12.2</ele>
   </trkpt>
   <trkpt lat="36.5090820" lon="-4.8760300">
    <ele>12.4</ele>
   </trkpt>
   <trkpt lat="36.5090790" lon="-4.8758970">
    <ele>12.6</ele>
   </trkpt>
   <trkpt lat="36.5090720" lon="-4.8757660">
    <ele>12.8</ele>
   </trkpt>
   <trkpt lat="36.5090510" lon="-4.8756350">
    <ele>12.8</ele>
   </trkpt>
   <trkpt lat="36.5090350" lon="-4.8755050">
    <ele>12.8</ele>
   </trkpt>
   <trkpt lat="36.5090370" lon="-4.8753690">
    <ele>12.8</ele>
   </trkpt>
   <trkpt lat="36.5090570" lon="-4.8752370">
    <ele>12.8</ele>
   </trkpt>
   <trkpt lat="36.5090760" lon="-4.8751060">
    <ele>12.6</ele>
   </trkpt>
   <trkpt lat="36.5090860" lon="-4.8749630">
    <ele>12.2</ele>
   </trkpt>
   <trkpt lat="36.5090870" lon="-4.8748230">
    <ele>12.0</ele>
   </trkpt>
   <trkpt lat="36.5090830" lon="-4.8746840">
    <ele>11.6</ele>
   </trkpt>
   <trkpt lat="36.5090790" lon="-4.8745410">
    <ele>11.2</ele>
   </trkpt>
   <trkpt lat="36.5090760" lon="-4.8744010">
    <ele>11.0</ele>
   </trkpt>
   <trkpt lat="36.5090720" lon="-4.8742540">
    <ele>10.8</ele>
   </trkpt>
   <trkpt lat="36.5090710" lon="-4.8741130">
    <ele>10.6</ele>
   </trkpt>
   <trkpt lat="36.5090780" lon="-4.8739700">
    <ele>10.2</ele>
   </trkpt>
   <trkpt lat="36.5090820" lon="-4.8738320">
    <ele>9.8</ele>
   </trkpt>
   <trkpt lat="36.5090860" lon="-4.8736950">
    <ele>9.4</ele>
   </trkpt>
   <trkpt lat="36.5090830" lon="-4.8735590">
    <ele>9.4</ele>
   </trkpt>
   <trkpt lat="36.5090830" lon="-4.8734260">
    <ele>9.2</ele>
   </trkpt>
   <trkpt lat="36.5090800" lon="-4.8732940">
    <ele>9.2</ele>
   </trkpt>
   <trkpt lat="36.5090760" lon="-4.8731620">
    <ele>9.2</ele>
   </trkpt>
   <trkpt lat="36.5090620" lon="-4.8730320">
    <ele>8.8</ele>
   </trkpt>
   <trkpt lat="36.5090430" lon="-4.8729060">
    <ele>8.2</ele>
   </trkpt>
   <trkpt lat="36.5090310" lon="-4.8727870">
    <ele>8.0</ele>
   </trkpt>
   <trkpt lat="36.5090290" lon="-4.8726630">
    <ele>8.2</ele>
   </trkpt>
   <trkpt lat="36.5090260" lon="-4.8725320">
    <ele>8.4</ele>
   </trkpt>
   <trkpt lat="36.5090220" lon="-4.8723960">
    <ele>8.2</ele>
   </trkpt>
   <trkpt lat="36.5090220" lon="-4.8722560">
    <ele>8.0</ele>
   </trkpt>
   <trkpt lat="36.5090320" lon="-4.8721150">
    <ele>7.6</ele>
   </trkpt>
   <trkpt lat="36.5090430" lon="-4.8719760">
    <ele>7.2</ele>
   </trkpt>
   <trkpt lat="36.5090450" lon="-4.8718370">
    <ele>7.0</ele>
   </trkpt>
   <trkpt lat="36.5090410" lon="-4.8716980">
    <ele>6.6</ele>
   </trkpt>
   <trkpt lat="36.5090370" lon="-4.8715500">
    <ele>6.6</ele>
   </trkpt>
   <trkpt lat="36.5090370" lon="-4.8714240">
    <ele>6.6</ele>
   </trkpt>
   <trkpt lat="36.5090370" lon="-4.8712890">
    <ele>7.0</ele>
   </trkpt>
   <trkpt lat="36.5090340" lon="-4.8711550">
    <ele>7.2</ele>
   </trkpt>
   <trkpt lat="36.5090270" lon="-4.8710240">
    <ele>7.4</ele>
   </trkpt>
   <trkpt lat="36.5090260" lon="-4.8708900">
    <ele>7.6</ele>
   </trkpt>
   <trkpt lat="36.5090220" lon="-4.8707710">
    <ele>8.0</ele>
   </trkpt>
   <trkpt lat="36.5090220" lon="-4.8706520">
    <ele>8.4</ele>
   </trkpt>
   <trkpt lat="36.5090220" lon="-4.8705320">
    <ele>8.8</ele>
   </trkpt>
   <trkpt lat="36.5090220" lon="-4.8704150">
    <ele>8.8</ele>
   </trkpt>
   <trkpt lat="36.5090220" lon="-4.8703040">
    <ele>9.0</ele>
   </trkpt>
   <trkpt lat="36.5090180" lon="-4.8701950">
    <ele>9.2</ele>
   </trkpt>
   <trkpt lat="36.5090180" lon="-4.8700820">
    <ele>9.6</ele>
   </trkpt>
   <trkpt lat="36.5090180" lon="-4.8699810">
    <ele>9.8</ele>
   </trkpt>
   <trkpt lat="36.5090150" lon="-4.8698750">
    <ele>10.0</ele>
   </trkpt>
   <trkpt lat="36.5090140" lon="-4.8697680">
    <ele>10.2</ele>
   </trkpt>
   <trkpt lat="36.5090140" lon="-4.8696650">
    <ele>10.4</ele>
   </trkpt>
   <trkpt lat="36.5090140" lon="-4.8695580">
    <ele>10.6</ele>
   </trkpt>
   <trkpt lat="36.5090110" lon="-4.8694430">
    <ele>10.8</ele>
   </trkpt>
   <trkpt lat="36.5090100" lon="-4.8693440">
    <ele>11.2</ele>
   </trkpt>
   <trkpt lat="36.5090100" lon="-4.8692280">
    <ele>11.2</ele>
   </trkpt>
   <trkpt lat="36.5090100" lon="-4.8691240">
    <ele>11.4</ele>
   </trkpt>
   <trkpt lat="36.5090100" lon="-4.8690100">
    <ele>11.4</ele>
   </trkpt>
   <trkpt lat="36.5090070" lon="-4.8688980">
    <ele>11.6</ele>
   </trkpt>
   <trkpt lat="36.5090100" lon="-4.8687820">
    <ele>11.6</ele>
   </trkpt>
   <trkpt lat="36.5090070" lon="-4.8686750">
    <ele>11.6</ele>
   </trkpt>
   <trkpt lat="36.5090070" lon="-4.8685600">
    <ele>12.0</ele>
   </trkpt>
   <trkpt lat="36.5090030" lon="-4.8684360">
    <ele>12.4</ele>
   </trkpt>
   <trkpt lat="36.5090060" lon="-4.8683240">
    <ele>12.6</ele>
   </trkpt>
   <trkpt lat="36.5090030" lon="-4.8682010">
    <ele>12.8</ele>
   </trkpt>
   <trkpt lat="36.5090030" lon="-4.8680700">
    <ele>12.8</ele>
   </trkpt>
   <trkpt lat="36.5089990" lon="-4.8679530">
    <ele>12.8</ele>
   </trkpt>
   <trkpt lat="36.5089990" lon="-4.8678200">
    <ele>12.8</ele>
   </trkpt>
   <trkpt lat="36.5089990" lon="-4.8676970">
    <ele>12.8</ele>
   </trkpt>
   <trkpt lat="36.5089990" lon="-4.8675610">
    <ele>12.6</ele>
   </trkpt>
   <trkpt lat="36.5089990" lon="-4.8674240">
    <ele>12.4</ele>
   </trkpt>
   <trkpt lat="36.5090020" lon="-4.8672900">
    <ele>12.2</ele>
   </trkpt>
   <trkpt lat="36.5089990" lon="-4.8671540">
    <ele>12.0</ele>
   </trkpt>
   <trkpt lat="36.5089950" lon="-4.8670110">
    <ele>11.6</ele>
   </trkpt>
   <trkpt lat="36.5089950" lon="-4.8668700">
    <ele>11.2</ele>
   </trkpt>
   <trkpt lat="36.5089980" lon="-4.8667280">
    <ele>10.8</ele>
   </trkpt>
   <trkpt lat="36.5089990" lon="-4.8665800">
    <ele>10.2</ele>
   </trkpt>
   <trkpt lat="36.5089950" lon="-4.8664280">
    <ele>9.8</ele>
   </trkpt>
   <trkpt lat="36.5089950" lon="-4.8662940">
    <ele>9.6</ele>
   </trkpt>
   <trkpt lat="36.5089950" lon="-4.8661390">
    <ele>9.4</ele>
   </trkpt>
   <trkpt lat="36.5089950" lon="-4.8659770">
    <ele>9.2</ele>
   </trkpt>
   <trkpt lat="36.5089950" lon="-4.8658180">
    <ele>9.0</ele>
   </trkpt>
   <trkpt lat="36.5089950" lon="-4.8656440">
    <ele>8.6</ele>
   </trkpt>
   <trkpt lat="36.5089950" lon="-4.8654740">
    <ele>8.4</ele>
   </trkpt>
   <trkpt lat="36.5089950" lon="-4.8653080">
    <ele>8.2</ele>
   </trkpt>
   <trkpt lat="36.5089980" lon="-4.8651480">
    <ele>8.2</ele>
   </trkpt>
   <trkpt lat="36.5089950" lon="-4.8649720">
    <ele>8.2</ele>
   </trkpt>
   <trkpt lat="36.5089950" lon="-4.8648150">
    <ele>8.4</ele>
   </trkpt>
   <trkpt lat="36.5089920" lon="-4.8646430">
    <ele>8.4</ele>
   </trkpt>
   <trkpt lat="36.5089880" lon="-4.8644760">
    <ele>8.6</ele>
   </trkpt>
   <trkpt lat="36.5089810" lon="-4.8643290">
    <ele>8.8</ele>
   </trkpt>
   <trkpt lat="36.5089760" lon="-4.8641810">
    <ele>9.2</ele>
   </trkpt>
   <trkpt lat="36.5089760" lon="-4.8640370">
    <ele>9.8</ele>
   </trkpt>
   <trkpt lat="36.5089760" lon="-4.8638980">
    <ele>10.4</ele>
   </trkpt>
   <trkpt lat="36.5089760" lon="-4.8637610">
    <ele>10.8</ele>
   </trkpt>
   <trkpt lat="36.5089760" lon="-4.8636250">
    <ele>11.2</ele>
   </trkpt>
   <trkpt lat="36.5089760" lon="-4.8635080">
    <ele>12.0</ele>
   </trkpt>
   <trkpt lat="36.5089760" lon="-4.8633870">
    <ele>13.2</ele>
   </trkpt>
   <trkpt lat="36.5089730" lon="-4.8632740">
    <ele>13.6</ele>
   </trkpt>
   <trkpt lat="36.5089720" lon="-4.8631690">
    <ele>13.8</ele>
   </trkpt>
   <trkpt lat="36.5089690" lon="-4.8630530">
    <ele>14.0</ele>
   </trkpt>
   <trkpt lat="36.5089650" lon="-4.8629400">
    <ele>14.4</ele>
   </trkpt>
   <trkpt lat="36.5089650" lon="-4.8628370">
    <ele>14.8</ele>
   </trkpt>
   <trkpt lat="36.5089680" lon="-4.8627290">
    <ele>15.2</ele>
   </trkpt>
   <trkpt lat="36.5089330" lon="-4.8622220">
    <ele>17.0</ele>
   </trkpt>
   <trkpt lat="36.5089340" lon="-4.8621790">
    <ele>17.2</ele>
   </trkpt>
   <trkpt lat="36.5089340" lon="-4.8621220">
    <ele>17.6</ele>
   </trkpt>
   <trkpt lat="36.5089410" lon="-4.8620600">
    <ele>17.8</ele>
   </trkpt>
   <trkpt lat="36.5089450" lon="-4.8619980">
    <ele>18.0</ele>
   </trkpt>
   <trkpt lat="36.5089490" lon="-4.8619240">
    <ele>18.2</ele>
   </trkpt>
   <trkpt lat="36.5089490" lon="-4.8618510">
    <ele>18.6</ele>
   </trkpt>
   <trkpt lat="36.5089150" lon="-4.8608470">
    <ele>22.2</ele>
   </trkpt>
   <trkpt lat="36.5089150" lon="-4.8608170">
    <ele>22.0</ele>
   </trkpt>
   <trkpt lat="36.5089050" lon="-4.8607530">
    <ele>22.0</ele>
   </trkpt>
   <trkpt lat="36.5088900" lon="-4.8606800">
    <ele>21.8</ele>
   </trkpt>
   <trkpt lat="36.5088720" lon="-4.8606050">
    <ele>21.4</ele>
   </trkpt>
   <trkpt lat="36.5088490" lon="-4.8605150">
    <ele>21.2</ele>
   </trkpt>
   <trkpt lat="36.5088190" lon="-4.8604190">
    <ele>21.0</ele>
   </trkpt>
   <trkpt lat="36.5087900" lon="-4.8603210">
    <ele>20.8</ele>
   </trkpt>
   <trkpt lat="36.5087560" lon="-4.8602150">
    <ele>20.6</ele>
   </trkpt>
   <trkpt lat="36.5087190" lon="-4.8600960">
    <ele>20.6</ele>
   </trkpt>
   <trkpt lat="36.5086830" lon="-4.8599850">
    <ele>20.4</ele>
   </trkpt>
   <trkpt lat="36.5086480" lon="-4.8598620">
    <ele>20.2</ele>
   </trkpt>
   <trkpt lat="36.5086150" lon="-4.8597410">
    <ele>20.0</ele>
   </trkpt>
   <trkpt lat="36.5085760" lon="-4.8596060">
    <ele>19.8</ele>
   </trkpt>
   <trkpt lat="36.5085380" lon="-4.8594730">
    <ele>19.6</ele>
   </trkpt>
   <trkpt lat="36.5085030" lon="-4.8593330">
    <ele>19.4</ele>
   </trkpt>
   <trkpt lat="36.5084700" lon="-4.8591960">
    <ele>19.0</ele>
   </trkpt>
   <trkpt lat="36.5084370" lon="-4.8590390">
    <ele>18.4</ele>
   </trkpt>
   <trkpt lat="36.5084030" lon="-4.8588870">
    <ele>17.8</ele>
   </trkpt>
   <trkpt lat="36.5083690" lon="-4.8587300">
    <ele>17.0</ele>
   </trkpt>
   <trkpt lat="36.5083350" lon="-4.8585730">
    <ele>16.4</ele>
   </trkpt>
   <trkpt lat="36.5082960" lon="-4.8584040">
    <ele>15.8</ele>
   </trkpt>
   <trkpt lat="36.5082590" lon="-4.8582440">
    <ele>15.2</ele>
   </trkpt>
   <trkpt lat="36.5082170" lon="-4.8580730">
    <ele>14.8</ele>
   </trkpt>
   <trkpt lat="36.5081770" lon="-4.8579090">
    <ele>14.2</ele>
   </trkpt>
   <trkpt lat="36.5081360" lon="-4.8577440">
    <ele>13.6</ele>
   </trkpt>
   <trkpt lat="36.5080930" lon="-4.8575700">
    <ele>13.0</ele>
   </trkpt>
   <trkpt lat="36.5080420" lon="-4.8573970">
    <ele>12.6</ele>
   </trkpt>
   <trkpt lat="36.5079980" lon="-4.8572430">
    <ele>12.4</ele>
   </trkpt>
   <trkpt lat="36.5079490" lon="-4.8570830">
    <ele>12.4</ele>
   </trkpt>
   <trkpt lat="36.5079050" lon="-4.8569270">
    <ele>12.4</ele>
   </trkpt>
   <trkpt lat="36.5078690" lon="-4.8567810">
    <ele>12.6</ele>
   </trkpt>
   <trkpt lat="36.5078390" lon="-4.8566590">
    <ele>13.0</ele>
   </trkpt>
   <trkpt lat="36.5078070" lon="-4.8565410">
    <ele>13.6</ele>
   </trkpt>
   <trkpt lat="36.5077750" lon="-4.8564570">
    <ele>14.0</ele>
   </trkpt>
   <trkpt lat="36.5077360" lon="-4.8563810">
    <ele>14.0</ele>
   </trkpt>
   <trkpt lat="36.5077010" lon="-4.8563060">
    <ele>13.8</ele>
   </trkpt>
   <trkpt lat="36.5076640" lon="-4.8562370">
    <ele>13.6</ele>
   </trkpt>
   <trkpt lat="36.5076260" lon="-4.8561730">
    <ele>13.2</ele>
   </trkpt>
   <trkpt lat="36.5075840" lon="-4.8561160">
    <ele>12.6</ele>
   </trkpt>
   <trkpt lat="36.5075460" lon="-4.8560900">
    <ele>12.0</ele>
   </trkpt>
   <trkpt lat="36.5075110" lon="-4.8560910">
    <ele>11.2</ele>
   </trkpt>
   <trkpt lat="36.5074840" lon="-4.8561080">
    <ele>10.4</ele>
   </trkpt>
   <trkpt lat="36.5074710" lon="-4.8561450">
    <ele>9.8</ele>
   </trkpt>
   <trkpt lat="36.5074690" lon="-4.8561820">
    <ele>9.2</ele>
   </trkpt>
   <trkpt lat="36.5074480" lon="-4.8562000">
    <ele>8.6</ele>
   </trkpt>
   <trkpt lat="36.5074230" lon="-4.8562020">
    <ele>8.0</ele>
   </trkpt>
   <trkpt lat="36.5074060" lon="-4.8561940">
    <ele>7.6</ele>
   </trkpt>
   <trkpt lat="36.5073970" lon="-4.8561780">
    <ele>7.2</ele>
   </trkpt>
   <trkpt lat="36.5073860" lon="-4.8561560">
    <ele>6.8</ele>
   </trkpt>
   <trkpt lat="36.5073890" lon="-4.8561260">
    <ele>6.6</ele>
   </trkpt>
   <trkpt lat="36.5074030" lon="-4.8560990">
    <ele>6.4</ele>
   </trkpt>
   <trkpt lat="36.5074280" lon="-4.8560880">
    <ele>6.4</ele>
   </trkpt>
   <trkpt lat="36.5074550" lon="-4.8560900">
    <ele>6.6</ele>
   </trkpt>
   <trkpt lat="36.5074810" lon="-4.8560900">
    <ele>6.8</ele>
   </trkpt>
   <trkpt lat="36.5075070" lon="-4.8560830">
    <ele>7.2</ele>
   </trkpt>
   <trkpt lat="36.5075310" lon="-4.8560720">
    <ele>7.6</ele>
   </trkpt>
   <trkpt lat="36.5075550" lon="-4.8560610">
    <ele>7.8</ele>
   </trkpt>
   <trkpt lat="36.5075760" lon="-4.8560610">
    <ele>8.4</ele>
   </trkpt>
   <trkpt lat="36.5075960" lon="-4.8560760">
    <ele>9.0</ele>
   </trkpt>
   <trkpt lat="36.5076120" lon="-4.8561040">
    <ele>9.6</ele>
   </trkpt>
   <trkpt lat="36.5076240" lon="-4.8561310">
    <ele>9.6</ele>
   </trkpt>
   <trkpt lat="36.5076360" lon="-4.8561610">
    <ele>9.6</ele>
   </trkpt>
   <trkpt lat="36.5076440" lon="-4.8561870">
    <ele>9.6</ele>
   </trkpt>
   <trkpt lat="36.5076520" lon="-4.8562090">
    <ele>10.0</ele>
   </trkpt>
   <trkpt lat="36.5076630" lon="-4.8562340">
    <ele>10.6</ele>
   </trkpt>
   <trkpt lat="36.5076740" lon="-4.8562580">
    <ele>11.2</ele>
   </trkpt>
   <trkpt lat="36.5076890" lon="-4.8562760">
    <ele>11.6</ele>
   </trkpt>
   <trkpt lat="36.5077110" lon="-4.8562860">
    <ele>11.8</ele>
   </trkpt>
   <trkpt lat="36.5077220" lon="-4.8562790">
    <ele>12.2</ele>
   </trkpt>
   <trkpt lat="36.5077280" lon="-4.8562590">
    <ele>12.8</ele>
   </trkpt>
   <trkpt lat="36.5077260" lon="-4.8562400">
    <ele>13.4</ele>
   </trkpt>
   <trkpt lat="36.5077250" lon="-4.8562080">
    <ele>13.8</ele>
   </trkpt>
   <trkpt lat="36.5077250" lon="-4.8561750">
    <ele>14.0</ele>
   </trkpt>
   <trkpt lat="36.5077210" lon="-4.8561370">
    <ele>14.2</ele>
   </trkpt>
   <trkpt lat="36.5077180" lon="-4.8560960">
    <ele>14.4</ele>
   </trkpt>
   <trkpt lat="36.5077140" lon="-4.8560570">
    <ele>14.6</ele>
   </trkpt>
   <trkpt lat="36.5076980" lon="-4.8559340">
    <ele>13.8</ele>
   </trkpt>
   <trkpt lat="36.5076880" lon="-4.8558880">
    <ele>13.8</ele>
   </trkpt>
   <trkpt lat="36.5076760" lon="-4.8558310">
    <ele>14.0</ele>
   </trkpt>
   <trkpt lat="36.5076580" lon="-4.8557680">
    <ele>14.2</ele>
   </trkpt>
   <trkpt lat="36.5076430" lon="-4.8556970">
    <ele>14.2</ele>
   </trkpt>
   <trkpt lat="36.5076240" lon="-4.8556150">
    <ele>14.0</ele>
   </trkpt>
   <trkpt lat="36.5076010" lon="-4.8555280">
    <ele>14.0</ele>
   </trkpt>
   <trkpt lat="36.5075820" lon="-4.8554430">
    <ele>14.0</ele>
   </trkpt>
   <trkpt lat="36.5075630" lon="-4.8553490">
    <ele>14.2</ele>
   </trkpt>
   <trkpt lat="36.5075440" lon="-4.8552530">
    <ele>14.2</ele>
   </trkpt>
   <trkpt lat="36.5075210" lon="-4.8551490">
    <ele>14.2</ele>
   </trkpt>
   <trkpt lat="36.5075010" lon="-4.8550430">
    <ele>14.4</ele>
   </trkpt>
   <trkpt lat="36.5074800" lon="-4.8549390">
    <ele>14.6</ele>
   </trkpt>
   <trkpt lat="36.5074560" lon="-4.8548240">
    <ele>14.6</ele>
   </trkpt>
   <trkpt lat="36.5074360" lon="-4.8547240">
    <ele>14.4</ele>
   </trkpt>
   <trkpt lat="36.5074110" lon="-4.8545960">
    <ele>13.4</ele>
   </trkpt>
   <trkpt lat="36.5073930" lon="-4.8544870">
    <ele>12.8</ele>
   </trkpt>
   <trkpt lat="36.5073660" lon="-4.8543610">
    <ele>12.6</ele>
   </trkpt>
   <trkpt lat="36.5073420" lon="-4.8542360">
    <ele>12.8</ele>
   </trkpt>
   <trkpt lat="36.5073190" lon="-4.8541100">
    <ele>13.2</ele>
   </trkpt>
   <trkpt lat="36.5072960" lon="-4.8539800">
    <ele>13.4</ele>
   </trkpt>
   <trkpt lat="36.5072740" lon="-4.8538530">
    <ele>13.6</ele>
   </trkpt>
   <trkpt lat="36.5072510" lon="-4.8537250">
    <ele>13.8</ele>
   </trkpt>
   <trkpt lat="36.5072270" lon="-4.8535870">
    <ele>13.8</ele>
   </trkpt>
   <trkpt lat="36.5072020" lon="-4.8534600">
    <ele>13.8</ele>
   </trkpt>
   <trkpt lat="36.5071760" lon="-4.8533350">
    <ele>14.0</ele>
   </trkpt>
   <trkpt lat="36.5071470" lon="-4.8532050">
    <ele>14.0</ele>
   </trkpt>
   <trkpt lat="36.5071200" lon="-4.8530750">
    <ele>14.0</ele>
   </trkpt>
   <trkpt lat="36.5070870" lon="-4.8529290">
    <ele>14.2</ele>
   </trkpt>
   <trkpt lat="36.5070570" lon="-4.8527970">
    <ele>14.2</ele>
   </trkpt>
   <trkpt lat="36.5070260" lon="-4.8526590">
    <ele>14.4</ele>
   </trkpt>
   <trkpt lat="36.5069970" lon="-4.8525280">
    <ele>14.4</ele>
   </trkpt>
   <trkpt lat="36.5069660" lon="-4.8523890">
    <ele>14.4</ele>
   </trkpt>
   <trkpt lat="36.5069330" lon="-4.8522530">
    <ele>14.2</ele>
   </trkpt>
   <trkpt lat="36.5069020" lon="-4.8521190">
    <ele>14.2</ele>
   </trkpt>
   <trkpt lat="36.5068670" lon="-4.8519790">
    <ele>14.2</ele>
   </trkpt>
   <trkpt lat="36.5068320" lon="-4.8518410">
    <ele>14.0</ele>
   </trkpt>
   <trkpt lat="36.5068020" lon="-4.8517110">
    <ele>14.0</ele>
   </trkpt>
   <trkpt lat="36.5067670" lon="-4.8515700">
    <ele>14.0</ele>
   </trkpt>
   <trkpt lat="36.5067360" lon="-4.8514340">
    <ele>14.0</ele>
   </trkpt>
   <trkpt lat="36.5067030" lon="-4.8513000">
    <ele>14.0</ele>
   </trkpt>
   <trkpt lat="36.5066730" lon="-4.8511660">
    <ele>13.8</ele>
   </trkpt>
   <trkpt lat="36.5066370" lon="-4.8510190">
    <ele>13.8</ele>
   </trkpt>
   <trkpt lat="36.5066050" lon="-4.8508890">
    <ele>13.6</ele>
   </trkpt>
   <trkpt lat="36.5065720" lon="-4.8507400">
    <ele>13.0</ele>
   </trkpt>
   <trkpt lat="36.5065390" lon="-4.8506020">
    <ele>13.0</ele>
   </trkpt>
   <trkpt lat="36.5065070" lon="-4.8504570">
    <ele>13.2</ele>
   </trkpt>
   <trkpt lat="36.5064700" lon="-4.8503140">
    <ele>13.2</ele>
   </trkpt>
   <trkpt lat="36.5064340" lon="-4.8501670">
    <ele>13.2</ele>
   </trkpt>
   <trkpt lat="36.5064020" lon="-4.8500330">
    <ele>13.2</ele>
   </trkpt>
   <trkpt lat="36.5063660" lon="-4.8498820">
    <ele>13.2</ele>
   </trkpt>
   <trkpt lat="36.5063320" lon="-4.8497430">
    <ele>13.2</ele>
   </trkpt>
   <trkpt lat="36.5062980" lon="-4.8495990">
    <ele>13.2</ele>
   </trkpt>
   <trkpt lat="36.5062650" lon="-4.8494590">
    <ele>13.2</ele>
   </trkpt>
   <trkpt lat="36.5062290" lon="-4.8493080">
    <ele>13.0</ele>
   </trkpt>
   <trkpt lat="36.5061960" lon="-4.8491690">
    <ele>13.0</ele>
   </trkpt>
   <trkpt lat="36.5061600" lon="-4.8490190">
    <ele>12.8</ele>
   </trkpt>
   <trkpt lat="36.5061280" lon="-4.8488870">
    <ele>12.6</ele>
   </trkpt>
   <trkpt lat="36.5060930" lon="-4.8487430">
    <ele>12.8</ele>
   </trkpt>
   <trkpt lat="36.5060570" lon="-4.8485960">
    <ele>12.8</ele>
   </trkpt>
   <trkpt lat="36.5060260" lon="-4.8484560">
    <ele>13.0</ele>
   </trkpt>
   <trkpt lat="36.5059940" lon="-4.8483260">
    <ele>13.2</ele>
   </trkpt>
   <trkpt lat="36.5059610" lon="-4.8481800">
    <ele>13.2</ele>
   </trkpt>
   <trkpt lat="36.5059290" lon="-4.8480530">
    <ele>13.4</ele>
   </trkpt>
   <trkpt lat="36.5058940" lon="-4.8479160">
    <ele>13.6</ele>
   </trkpt>
   <trkpt lat="36.5058640" lon="-4.8477850">
    <ele>13.6</ele>
   </trkpt>
   <trkpt lat="36.5058290" lon="-4.8476460">
    <ele>13.6</ele>
   </trkpt>
   <trkpt lat="36.5057990" lon="-4.8475150">
    <ele>13.6</ele>
   </trkpt>
   <trkpt lat="36.5057670" lon="-4.8473770">
    <ele>13.8</ele>
   </trkpt>
   <trkpt lat="36.5057330" lon="-4.8472440">
    <ele>13.8</ele>
   </trkpt>
   <trkpt lat="36.5056990" lon="-4.8471140">
    <ele>13.8</ele>
   </trkpt>
   <trkpt lat="36.5056650" lon="-4.8469860">
    <ele>13.8</ele>
   </trkpt>
   <trkpt lat="36.5056300" lon="-4.8468540">
    <ele>14.0</ele>
   </trkpt>
   <trkpt lat="36.5055960" lon="-4.8467300">
    <ele>14.2</ele>
   </trkpt>
   <trkpt lat="36.5055580" lon="-4.8466000">
    <ele>14.4</ele>
   </trkpt>
   <trkpt lat="36.5055230" lon="-4.8464740">
    <ele>14.4</ele>
   </trkpt>
   <trkpt lat="36.5054890" lon="-4.8463520">
    <ele>14.6</ele>
   </trkpt>
   <trkpt lat="36.5054540" lon="-4.8462280">
    <ele>15.0</ele>
   </trkpt>
   <trkpt lat="36.5054190" lon="-4.8461120">
    <ele>15.4</ele>
   </trkpt>
   <trkpt lat="36.5053860" lon="-4.8460050">
    <ele>15.6</ele>
   </trkpt>
   <trkpt lat="36.5053510" lon="-4.8458960">
    <ele>16.0</ele>
   </trkpt>
   <trkpt lat="36.5053240" lon="-4.8457920">
    <ele>16.4</ele>
   </trkpt>
   <trkpt lat="36.5053010" lon="-4.8456900">
    <ele>16.8</ele>
   </trkpt>
   <trkpt lat="36.5052850" lon="-4.8455870">
    <ele>17.2</ele>
   </trkpt>
   <trkpt lat="36.5052690" lon="-4.8454770">
    <ele>17.4</ele>
   </trkpt>
   <trkpt lat="36.5052610" lon="-4.8453810">
    <ele>17.8</ele>
   </trkpt>
   <trkpt lat="36.5052600" lon="-4.8452870">
    <ele>18.4</ele>
   </trkpt>
   <trkpt lat="36.5052580" lon="-4.8452100">
    <ele>19.0</ele>
   </trkpt>
   <trkpt lat="36.5055970" lon="-4.8446270">
    <ele>18.4</ele>
   </trkpt>
   <trkpt lat="36.5056260" lon="-4.8445970">
    <ele>17.4</ele>
   </trkpt>
   <trkpt lat="36.5057040" lon="-4.8445170">
    <ele>16.6</ele>
   </trkpt>
   <trkpt lat="36.5057820" lon="-4.8444430">
    <ele>15.6</ele>
   </trkpt>
   <trkpt lat="36.5058660" lon="-4.8443700">
    <ele>14.6</ele>
   </trkpt>
   <trkpt lat="36.5059370" lon="-4.8442990">
    <ele>13.6</ele>
   </trkpt>
   <trkpt lat="36.5060970" lon="-4.8441240">
    <ele>10.4</ele>
   </trkpt>
   <trkpt lat="36.5061120" lon="-4.8441010">
    <ele>10.2</ele>
   </trkpt>
   <trkpt lat="36.5061480" lon="-4.8440480">
    <ele>10.0</ele>
   </trkpt>
   <trkpt lat="36.5061920" lon="-4.8439790">
    <ele>9.6</ele>
   </trkpt>
   <trkpt lat="36.5062440" lon="-4.8439010">
    <ele>9.2</ele>
   </trkpt>
   <trkpt lat="36.5062960" lon="-4.8438220">
    <ele>8.8</ele>
   </trkpt>
   <trkpt lat="36.5063530" lon="-4.8437360">
    <ele>8.6</ele>
   </trkpt>
   <trkpt lat="36.5064140" lon="-4.8436410">
    <ele>8.6</ele>
   </trkpt>
   <trkpt lat="36.5064740" lon="-4.8435430">
    <ele>8.4</ele>
   </trkpt>
   <trkpt lat="36.5065350" lon="-4.8434360">
    <ele>7.8</ele>
   </trkpt>
   <trkpt lat="36.5065970" lon="-4.8433210">
    <ele>7.2</ele>
   </trkpt>
   <trkpt lat="36.5066540" lon="-4.8432010">
    <ele>6.6</ele>
   </trkpt>
   <trkpt lat="36.5067060" lon="-4.8430720">
    <ele>6.2</ele>
   </trkpt>
   <trkpt lat="36.5067550" lon="-4.8429420">
    <ele>5.8</ele>
   </trkpt>
   <trkpt lat="36.5067950" lon="-4.8428170">
    <ele>5.6</ele>
   </trkpt>
   <trkpt lat="36.5068310" lon="-4.8426840">
    <ele>5.6</ele>
   </trkpt>
   <trkpt lat="36.5068640" lon="-4.8425400">
    <ele>5.6</ele>
   </trkpt>
   <trkpt lat="36.5068870" lon="-4.8424080">
    <ele>5.8</ele>
   </trkpt>
   <trkpt lat="36.5069060" lon="-4.8422790">
    <ele>5.8</ele>
   </trkpt>
   <trkpt lat="36.5069220" lon="-4.8421430">
    <ele>6.0</ele>
   </trkpt>
   <trkpt lat="36.5069300" lon="-4.8420090">
    <ele>6.6</ele>
   </trkpt>
   <trkpt lat="36.5069350" lon="-4.8418790">
    <ele>7.0</ele>
   </trkpt>
   <trkpt lat="36.5069350" lon="-4.8417510">
    <ele>7.0</ele>
   </trkpt>
   <trkpt lat="36.5069320" lon="-4.8416270">
    <ele>7.0</ele>
   </trkpt>
   <trkpt lat="36.5069310" lon="-4.8414990">
    <ele>7.0</ele>
   </trkpt>
   <trkpt lat="36.5069280" lon="-4.8413720">
    <ele>7.0</ele>
   </trkpt>
   <trkpt lat="36.5069270" lon="-4.8412600">
    <ele>7.2</ele>
   </trkpt>
   <trkpt lat="36.5069240" lon="-4.8411350">
    <ele>7.6</ele>
   </trkpt>
   <trkpt lat="36.5069200" lon="-4.8410170">
    <ele>7.8</ele>
   </trkpt>
   <trkpt lat="36.5069200" lon="-4.8409090">
    <ele>8.0</ele>
   </trkpt>
   <trkpt lat="36.5069200" lon="-4.8408040">
    <ele>8.2</ele>
   </trkpt>
   <trkpt lat="36.5069200" lon="-4.8406930">
    <ele>8.6</ele>
   </trkpt>
   <trkpt lat="36.5069200" lon="-4.8405840">
    <ele>8.8</ele>
   </trkpt>
   <trkpt lat="36.5069200" lon="-4.8404800">
    <ele>9.2</ele>
   </trkpt>
   <trkpt lat="36.5069200" lon="-4.8403770">
    <ele>9.6</ele>
   </trkpt>
   <trkpt lat="36.5069170" lon="-4.8402720">
    <ele>10.0</ele>
   </trkpt>
   <trkpt lat="36.5069190" lon="-4.8401600">
    <ele>10.0</ele>
   </trkpt>
   <trkpt lat="36.5069200" lon="-4.8400540">
    <ele>10.2</ele>
   </trkpt>
   <trkpt lat="36.5069170" lon="-4.8399490">
    <ele>10.4</ele>
   </trkpt>
   <trkpt lat="36.5069160" lon="-4.8398370">
    <ele>10.4</ele>
   </trkpt>
   <trkpt lat="36.5069200" lon="-4.8397240">
    <ele>10.6</ele>
   </trkpt>
   <trkpt lat="36.5069200" lon="-4.8396160">
    <ele>10.6</ele>
   </trkpt>
   <trkpt lat="36.5069200" lon="-4.8395010">
    <ele>10.8</ele>
   </trkpt>
   <trkpt lat="36.5069160" lon="-4.8393860">
    <ele>11.0</ele>
   </trkpt>
   <trkpt lat="36.5069160" lon="-4.8392730">
    <ele>11.0</ele>
   </trkpt>
   <trkpt lat="36.5069160" lon="-4.8391520">
    <ele>11.2</ele>
   </trkpt>
   <trkpt lat="36.5069160" lon="-4.8390290">
    <ele>11.2</ele>
   </trkpt>
   <trkpt lat="36.5069160" lon="-4.8389030">
    <ele>11.0</ele>
   </trkpt>
   <trkpt lat="36.5069160" lon="-4.8387770">
    <ele>10.6</ele>
   </trkpt>
   <trkpt lat="36.5069130" lon="-4.8386550">
    <ele>10.6</ele>
   </trkpt>
   <trkpt lat="36.5069120" lon="-4.8385250">
    <ele>10.8</ele>
   </trkpt>
   <trkpt lat="36.5069120" lon="-4.8383920">
    <ele>10.8</ele>
   </trkpt>
   <trkpt lat="36.5069120" lon="-4.8382540">
    <ele>10.8</ele>
   </trkpt>
   <trkpt lat="36.5069090" lon="-4.8381230">
    <ele>10.6</ele>
   </trkpt>
   <trkpt lat="36.5069080" lon="-4.8379790">
    <ele>10.2</ele>
   </trkpt>
   <trkpt lat="36.5069080" lon="-4.8378360">
    <ele>10.0</ele>
   </trkpt>
   <trkpt lat="36.5069080" lon="-4.8376910">
    <ele>9.8</ele>
   </trkpt>
   <trkpt lat="36.5069080" lon="-4.8375440">
    <ele>9.4</ele>
   </trkpt>
   <trkpt lat="36.5069050" lon="-4.8373980">
    <ele>9.4</ele>
   </trkpt>
   <trkpt lat="36.5069030" lon="-4.8372450">
    <ele>9.2</ele>
   </trkpt>
   <trkpt lat="36.5069010" lon="-4.8370910">
    <ele>8.8</ele>
   </trkpt>
   <trkpt lat="36.5069040" lon="-4.8369450">
    <ele>8.6</ele>
   </trkpt>
   <trkpt lat="36.5069010" lon="-4.8367970">
    <ele>8.2</ele>
   </trkpt>
   <trkpt lat="36.5069010" lon="-4.8366370">
    <ele>7.8</ele>
   </trkpt>
   <trkpt lat="36.5069010" lon="-4.8364740">
    <ele>7.4</ele>
   </trkpt>
   <trkpt lat="36.5068980" lon="-4.8363240">
    <ele>7.4</ele>
   </trkpt>
   <trkpt lat="36.5068970" lon="-4.8361730">
    <ele>7.2</ele>
   </trkpt>
   <trkpt lat="36.5068970" lon="-4.8360150">
    <ele>7.2</ele>
   </trkpt>
   <trkpt lat="36.5068940" lon="-4.8358620">
    <ele>7.2</ele>
   </trkpt>
   <trkpt lat="36.5068930" lon="-4.8357090">
    <ele>7.2</ele>
   </trkpt>
   <trkpt lat="36.5068930" lon="-4.8355580">
    <ele>7.2</ele>
   </trkpt>
   <trkpt lat="36.5068930" lon="-4.8354080">
    <ele>7.2</ele>
   </trkpt>
   <trkpt lat="36.5068930" lon="-4.8352510">
    <ele>7.2</ele>
   </trkpt>
   <trkpt lat="36.5068930" lon="-4.8351020">
    <ele>7.2</ele>
   </trkpt>
   <trkpt lat="36.5068930" lon="-4.8349550">
    <ele>7.4</ele>
   </trkpt>
   <trkpt lat="36.5068930" lon="-4.8348000">
    <ele>7.4</ele>
   </trkpt>
   <trkpt lat="36.5068930" lon="-4.8346440">
    <ele>7.4</ele>
   </trkpt>
   <trkpt lat="36.5068900" lon="-4.8344950">
    <ele>7.6</ele>
   </trkpt>
   <trkpt lat="36.5068860" lon="-4.8343490">
    <ele>7.6</ele>
   </trkpt>
   <trkpt lat="36.5068860" lon="-4.8342020">
    <ele>7.6</ele>
   </trkpt>
   <trkpt lat="36.5068820" lon="-4.8340650">
    <ele>7.6</ele>
   </trkpt>
   <trkpt lat="36.5068800" lon="-4.8339210">
    <ele>7.6</ele>
   </trkpt>
   <trkpt lat="36.5068780" lon="-4.8337750">
    <ele>7.8</ele>
   </trkpt>
   <trkpt lat="36.5068780" lon="-4.8336440">
    <ele>8.0</ele>
   </trkpt>
   <trkpt lat="36.5068750" lon="-4.8335140">
    <ele>8.2</ele>
   </trkpt>
   <trkpt lat="36.5068710" lon="-4.8333820">
    <ele>8.2</ele>
   </trkpt>
   <trkpt lat="36.5068670" lon="-4.8332490">
    <ele>8.4</ele>
   </trkpt>
   <trkpt lat="36.5068660" lon="-4.8331230">
    <ele>8.6</ele>
   </trkpt>
   <trkpt lat="36.5068660" lon="-4.8329980">
    <ele>8.8</ele>
   </trkpt>
   <trkpt lat="36.5068630" lon="-4.8328800">
    <ele>9.0</ele>
   </trkpt>
   <trkpt lat="36.5068590" lon="-4.8327610">
    <ele>9.2</ele>
   </trkpt>
   <trkpt lat="36.5068590" lon="-4.8326460">
    <ele>9.4</ele>
   </trkpt>
   <trkpt lat="36.5068590" lon="-4.8325310">
    <ele>9.8</ele>
   </trkpt>
   <trkpt lat="36.5068550" lon="-4.8324200">
    <ele>10.2</ele>
   </trkpt>
   <trkpt lat="36.5068550" lon="-4.8323100">
    <ele>10.4</ele>
   </trkpt>
   <trkpt lat="36.5068520" lon="-4.8322040">
    <ele>10.6</ele>
   </trkpt>
   <trkpt lat="36.5068510" lon="-4.8320990">
    <ele>10.8</ele>
   </trkpt>
   <trkpt lat="36.5068510" lon="-4.8319940">
    <ele>11.2</ele>
   </trkpt>
   <trkpt lat="36.5068510" lon="-4.8318920">
    <ele>11.6</ele>
   </trkpt>
   <trkpt lat="36.5068510" lon="-4.8317900">
    <ele>12.0</ele>
   </trkpt>
   <trkpt lat="36.5068510" lon="-4.8316890">
    <ele>12.2</ele>
   </trkpt>
   <trkpt lat="36.5068510" lon="-4.8315890">
    <ele>12.6</ele>
   </trkpt>
   <trkpt lat="36.5068510" lon="-4.8314900">
    <ele>13.0</ele>
   </trkpt>
   <trkpt lat="36.5068510" lon="-4.8313960">
    <ele>13.6</ele>
   </trkpt>
   <trkpt lat="36.5068510" lon="-4.8312990">
    <ele>14.2</ele>
   </trkpt>
   <trkpt lat="36.5068510" lon="-4.8312040">
    <ele>14.4</ele>
   </trkpt>
   <trkpt lat="36.5068480" lon="-4.8311050">
    <ele>14.6</ele>
   </trkpt>
   <trkpt lat="36.5068470" lon="-4.8310120">
    <ele>14.8</ele>
   </trkpt>
   <trkpt lat="36.5068470" lon="-4.8309190">
    <ele>15.2</ele>
   </trkpt>
   <trkpt lat="36.5068470" lon="-4.8308270">
    <ele>15.6</ele>
   </trkpt>
   <trkpt lat="36.5068470" lon="-4.8307330">
    <ele>15.8</ele>
   </trkpt>
   <trkpt lat="36.5068470" lon="-4.8306390">
    <ele>16.2</ele>
   </trkpt>
   <trkpt lat="36.5068470" lon="-4.8305440">
    <ele>16.6</ele>
   </trkpt>
   <trkpt lat="36.5068470" lon="-4.8304520">
    <ele>17.0</ele>
   </trkpt>
   <trkpt lat="36.5068470" lon="-4.8303580">
    <ele>17.4</ele>
   </trkpt>
   <trkpt lat="36.5068470" lon="-4.8302640">
    <ele>17.6</ele>
   </trkpt>
   <trkpt lat="36.5068490" lon="-4.8301690">
    <ele>18.0</ele>
   </trkpt>
   <trkpt lat="36.5068510" lon="-4.8300730">
    <ele>18.4</ele>
   </trkpt>
   <trkpt lat="36.5068510" lon="-4.8299790">
    <ele>18.8</ele>
   </trkpt>
   <trkpt lat="36.5068510" lon="-4.8298870">
    <ele>19.2</ele>
   </trkpt>
   <trkpt lat="36.5068480" lon="-4.8297910">
    <ele>19.6</ele>
   </trkpt>
   <trkpt lat="36.5068470" lon="-4.8296980">
    <ele>19.8</ele>
   </trkpt>
   <trkpt lat="36.5068460" lon="-4.8296050">
    <ele>20.2</ele>
   </trkpt>
   <trkpt lat="36.5068440" lon="-4.8295110">
    <ele>20.8</ele>
   </trkpt>
   <trkpt lat="36.5068400" lon="-4.8294200">
    <ele>21.2</ele>
   </trkpt>
   <trkpt lat="36.5068360" lon="-4.8293260">
    <ele>21.4</ele>
   </trkpt>
   <trkpt lat="36.5068330" lon="-4.8292330">
    <ele>21.8</ele>
   </trkpt>
   <trkpt lat="36.5068290" lon="-4.8291400">
    <ele>22.2</ele>
   </trkpt>
   <trkpt lat="36.5068280" lon="-4.8290500">
    <ele>22.6</ele>
   </trkpt>
   <trkpt lat="36.5068250" lon="-4.8289610">
    <ele>23.0</ele>
   </trkpt>
   <trkpt lat="36.5068180" lon="-4.8288710">
    <ele>23.4</ele>
   </trkpt>
   <trkpt lat="36.5068140" lon="-4.8287820">
    <ele>23.6</ele>
   </trkpt>
   <trkpt lat="36.5068060" lon="-4.8286910">
    <ele>24.0</ele>
   </trkpt>
   <trkpt lat="36.5067990" lon="-4.8286070">
    <ele>24.4</ele>
   </trkpt>
   <trkpt lat="36.5067890" lon="-4.8285240">
    <ele>24.6</ele>
   </trkpt>
   <trkpt lat="36.5067800" lon="-4.8284400">
    <ele>25.0</ele>
   </trkpt>
   <trkpt lat="36.5067750" lon="-4.8283590">
    <ele>25.4</ele>
   </trkpt>
   <trkpt lat="36.5067680" lon="-4.8282810">
    <ele>25.8</ele>
   </trkpt>
   <trkpt lat="36.5067670" lon="-4.8281980">
    <ele>26.0</ele>
   </trkpt>
   <trkpt lat="36.5067640" lon="-4.8281180">
    <ele>26.2</ele>
   </trkpt>
   <trkpt lat="36.5067570" lon="-4.8280360">
    <ele>26.6</ele>
   </trkpt>
   <trkpt lat="36.5067490" lon="-4.8279590">
    <ele>27.0</ele>
   </trkpt>
   <trkpt lat="36.5067450" lon="-4.8278750">
    <ele>27.0</ele>
   </trkpt>
   <trkpt lat="36.5067380" lon="-4.8277990">
    <ele>27.0</ele>
   </trkpt>
   <trkpt lat="36.5067270" lon="-4.8277150">
    <ele>27.6</ele>
   </trkpt>
   <trkpt lat="36.5067190" lon="-4.8276380">
    <ele>28.0</ele>
   </trkpt>
   <trkpt lat="36.5067070" lon="-4.8275510">
    <ele>28.2</ele>
   </trkpt>
   <trkpt lat="36.5067000" lon="-4.8274680">
    <ele>28.6</ele>
   </trkpt>
   <trkpt lat="36.5066880" lon="-4.8273830">
    <ele>28.6</ele>
   </trkpt>
   <trkpt lat="36.5066770" lon="-4.8272960">
    <ele>28.8</ele>
   </trkpt>
   <trkpt lat="36.5066690" lon="-4.8272100">
    <ele>29.2</ele>
   </trkpt>
   <trkpt lat="36.5066580" lon="-4.8271270">
    <ele>29.4</ele>
   </trkpt>
   <trkpt lat="36.5066470" lon="-4.8270380">
    <ele>29.6</ele>
   </trkpt>
   <trkpt lat="36.5066350" lon="-4.8269490">
    <ele>29.8</ele>
   </trkpt>
   <trkpt lat="36.5066230" lon="-4.8268590">
    <ele>30.0</ele>
   </trkpt>
   <trkpt lat="36.5066120" lon="-4.8267720">
    <ele>30.2</ele>
   </trkpt>
   <trkpt lat="36.5065970" lon="-4.8266770">
    <ele>30.2</ele>
   </trkpt>
   <trkpt lat="36.5065850" lon="-4.8265820">
    <ele>30.4</ele>
   </trkpt>
   <trkpt lat="36.5065740" lon="-4.8264910">
    <ele>30.6</ele>
   </trkpt>
   <trkpt lat="36.5065590" lon="-4.8263920">
    <ele>30.8</ele>
   </trkpt>
   <trkpt lat="36.5065470" lon="-4.8262900">
    <ele>31.0</ele>
   </trkpt>
   <trkpt lat="36.5065320" lon="-4.8261890">
    <ele>31.0</ele>
   </trkpt>
   <trkpt lat="36.5065170" lon="-4.8260830">
    <ele>31.0</ele>
   </trkpt>
   <trkpt lat="36.5065050" lon="-4.8259770">
    <ele>31.2</ele>
   </trkpt>
   <trkpt lat="36.5064870" lon="-4.8258680">
    <ele>31.2</ele>
   </trkpt>
   <trkpt lat="36.5064710" lon="-4.8257560">
    <ele>31.2</ele>
   </trkpt>
   <trkpt lat="36.5064550" lon="-4.8256390">
    <ele>31.4</ele>
   </trkpt>
   <trkpt lat="36.5064380" lon="-4.8255290">
    <ele>31.2</ele>
   </trkpt>
   <trkpt lat="36.5064220" lon="-4.8254140">
    <ele>31.2</ele>
   </trkpt>
   <trkpt lat="36.5064030" lon="-4.8252960">
    <ele>31.4</ele>
   </trkpt>
   <trkpt lat="36.5063880" lon="-4.8251780">
    <ele>31.2</ele>
   </trkpt>
   <trkpt lat="36.5063690" lon="-4.8250560">
    <ele>31.2</ele>
   </trkpt>
   <trkpt lat="36.5063490" lon="-4.8249310">
    <ele>31.0</ele>
   </trkpt>
   <trkpt lat="36.5063310" lon="-4.8248100">
    <ele>30.8</ele>
   </trkpt>
   <trkpt lat="36.5063150" lon="-4.8246810">
    <ele>30.8</ele>
   </trkpt>
   <trkpt lat="36.5062970" lon="-4.8245530">
    <ele>30.6</ele>
   </trkpt>
   <trkpt lat="36.5062770" lon="-4.8244190">
    <ele>30.4</ele>
   </trkpt>
   <trkpt lat="36.5062550" lon="-4.8242840">
    <ele>30.2</ele>
   </trkpt>
   <trkpt lat="36.5062350" lon="-4.8241440">
    <ele>30.2</ele>
   </trkpt>
   <trkpt lat="36.5062200" lon="-4.8240110">
    <ele>30.0</ele>
   </trkpt>
   <trkpt lat="36.5062010" lon="-4.8238700">
    <ele>29.8</ele>
   </trkpt>
   <trkpt lat="36.5061820" lon="-4.8237240">
    <ele>29.4</ele>
   </trkpt>
   <trkpt lat="36.5061660" lon="-4.8235760">
    <ele>29.2</ele>
   </trkpt>
   <trkpt lat="36.5061510" lon="-4.8234260">
    <ele>28.8</ele>
   </trkpt>
   <trkpt lat="36.5061360" lon="-4.8232630">
    <ele>28.4</ele>
   </trkpt>
   <trkpt lat="36.5061200" lon="-4.8231020">
    <ele>28.0</ele>
   </trkpt>
   <trkpt lat="36.5061050" lon="-4.8229360">
    <ele>27.4</ele>
   </trkpt>
   <trkpt lat="36.5060860" lon="-4.8227660">
    <ele>26.8</ele>
   </trkpt>
   <trkpt lat="36.5060710" lon="-4.8226020">
    <ele>26.4</ele>
   </trkpt>
   <trkpt lat="36.5060560" lon="-4.8224270">
    <ele>25.6</ele>
   </trkpt>
   <trkpt lat="36.5060360" lon="-4.8222480">
    <ele>24.6</ele>
   </trkpt>
   <trkpt lat="36.5060220" lon="-4.8220820">
    <ele>23.8</ele>
   </trkpt>
   <trkpt lat="36.5060030" lon="-4.8218980">
    <ele>22.8</ele>
   </trkpt>
   <trkpt lat="36.5059870" lon="-4.8217100">
    <ele>21.8</ele>
   </trkpt>
   <trkpt lat="36.5059720" lon="-4.8215310">
    <ele>20.8</ele>
   </trkpt>
   <trkpt lat="36.5059530" lon="-4.8213500">
    <ele>20.0</ele>
   </trkpt>
   <trkpt lat="36.5059370" lon="-4.8211610">
    <ele>19.4</ele>
   </trkpt>
   <trkpt lat="36.5059180" lon="-4.8209760">
    <ele>18.8</ele>
   </trkpt>
   <trkpt lat="36.5059030" lon="-4.8207950">
    <ele>18.4</ele>
   </trkpt>
   <trkpt lat="36.5058840" lon="-4.8205950">
    <ele>18.0</ele>
   </trkpt>
   <trkpt lat="36.5058660" lon="-4.8203990">
    <ele>17.4</ele>
   </trkpt>
   <trkpt lat="36.5058470" lon="-4.8201950">
    <ele>16.8</ele>
   </trkpt>
   <trkpt lat="36.5058280" lon="-4.8199850">
    <ele>16.0</ele>
   </trkpt>
   <trkpt lat="36.5058040" lon="-4.8197620">
    <ele>15.0</ele>
   </trkpt>
   <trkpt lat="36.5057850" lon="-4.8195560">
    <ele>14.2</ele>
   </trkpt>
   <trkpt lat="36.5057660" lon="-4.8193420">
    <ele>13.2</ele>
   </trkpt>
   <trkpt lat="36.5057490" lon="-4.8191480">
    <ele>12.2</ele>
   </trkpt>
   <trkpt lat="36.5057300" lon="-4.8189300">
    <ele>11.8</ele>
   </trkpt>
   <trkpt lat="36.5057120" lon="-4.8187050">
    <ele>11.4</ele>
   </trkpt>
   <trkpt lat="36.5056930" lon="-4.8185030">
    <ele>11.0</ele>
   </trkpt>
   <trkpt lat="36.5056750" lon="-4.8183060">
    <ele>10.8</ele>
   </trkpt>
   <trkpt lat="36.5056550" lon="-4.8181020">
    <ele>11.0</ele>
   </trkpt>
   <trkpt lat="36.5056400" lon="-4.8179080">
    <ele>11.0</ele>
   </trkpt>
   <trkpt lat="36.5056220" lon="-4.8177180">
    <ele>10.8</ele>
   </trkpt>
   <trkpt lat="36.5056030" lon="-4.8175290">
    <ele>10.8</ele>
   </trkpt>
   <trkpt lat="36.5055870" lon="-4.8173300">
    <ele>10.6</ele>
   </trkpt>
   <trkpt lat="36.5055680" lon="-4.8171410">
    <ele>10.4</ele>
   </trkpt>
   <trkpt lat="36.5055460" lon="-4.8169530">
    <ele>10.4</ele>
   </trkpt>
   <trkpt lat="36.5055250" lon="-4.8167560">
    <ele>10.2</ele>
   </trkpt>
   <trkpt lat="36.5055030" lon="-4.8165770">
    <ele>10.0</ele>
   </trkpt>
   <trkpt lat="36.5054760" lon="-4.8163970">
    <ele>10.0</ele>
   </trkpt>
   <trkpt lat="36.5054540" lon="-4.8162300">
    <ele>10.0</ele>
   </trkpt>
   <trkpt lat="36.5054310" lon="-4.8160490">
    <ele>10.0</ele>
   </trkpt>
   <trkpt lat="36.5054150" lon="-4.8158720">
    <ele>10.0</ele>
   </trkpt>
   <trkpt lat="36.5053930" lon="-4.8157030">
    <ele>10.0</ele>
   </trkpt>
   <trkpt lat="36.5053770" lon="-4.8155240">
    <ele>10.2</ele>
   </trkpt>
   <trkpt lat="36.5053580" lon="-4.8153490">
    <ele>10.2</ele>
   </trkpt>
   <trkpt lat="36.5053420" lon="-4.8151840">
    <ele>10.0</ele>
   </trkpt>
   <trkpt lat="36.5053270" lon="-4.8150160">
    <ele>10.0</ele>
   </trkpt>
   <trkpt lat="36.5053120" lon="-4.8148450">
    <ele>9.8</ele>
   </trkpt>
   <trkpt lat="36.5052970" lon="-4.8146860">
    <ele>9.6</ele>
   </trkpt>
   <trkpt lat="36.5052750" lon="-4.8145300">
    <ele>9.2</ele>
   </trkpt>
   <trkpt lat="36.5052550" lon="-4.8143680">
    <ele>9.0</ele>
   </trkpt>
   <trkpt lat="36.5052360" lon="-4.8142200">
    <ele>9.2</ele>
   </trkpt>
   <trkpt lat="36.5052200" lon="-4.8140690">
    <ele>9.2</ele>
   </trkpt>
   <trkpt lat="36.5052050" lon="-4.8139200">
    <ele>9.4</ele>
   </trkpt>
   <trkpt lat="36.5051930" lon="-4.8137760">
    <ele>9.6</ele>
   </trkpt>
   <trkpt lat="36.5051780" lon="-4.8136300">
    <ele>9.8</ele>
   </trkpt>
   <trkpt lat="36.5051630" lon="-4.8134870">
    <ele>10.0</ele>
   </trkpt>
   <trkpt lat="36.5051480" lon="-4.8133510">
    <ele>10.2</ele>
   </trkpt>
   <trkpt lat="36.5051330" lon="-4.8132080">
    <ele>10.6</ele>
   </trkpt>
   <trkpt lat="36.5051150" lon="-4.8130710">
    <ele>10.8</ele>
   </trkpt>
   <trkpt lat="36.5050990" lon="-4.8129330">
    <ele>11.0</ele>
   </trkpt>
   <trkpt lat="36.5050760" lon="-4.8127910">
    <ele>11.2</ele>
   </trkpt>
   <trkpt lat="36.5050500" lon="-4.8126540">
    <ele>11.2</ele>
   </trkpt>
   <trkpt lat="36.5050230" lon="-4.8125150">
    <ele>11.4</ele>
   </trkpt>
   <trkpt lat="36.5049970" lon="-4.8123880">
    <ele>11.6</ele>
   </trkpt>
   <trkpt lat="36.5049700" lon="-4.8122560">
    <ele>11.6</ele>
   </trkpt>
   <trkpt lat="36.5049290" lon="-4.8121290">
    <ele>11.6</ele>
   </trkpt>
   <trkpt lat="36.5048770" lon="-4.8120170">
    <ele>12.0</ele>
   </trkpt>
   <trkpt lat="36.5048140" lon="-4.8119060">
    <ele>12.4</ele>
   </trkpt>
   <trkpt lat="36.5047520" lon="-4.8118150">
    <ele>12.8</ele>
   </trkpt>
   <trkpt lat="36.5046870" lon="-4.8117250">
    <ele>13.6</ele>
   </trkpt>
   <trkpt lat="36.5046190" lon="-4.8116390">
    <ele>14.2</ele>
   </trkpt>
   <trkpt lat="36.5045690" lon="-4.8115670">
    <ele>15.0</ele>
   </trkpt>
   <trkpt lat="36.5045090" lon="-4.8114890">
    <ele>16.2</ele>
   </trkpt>
   <trkpt lat="36.5044570" lon="-4.8114220">
    <ele>17.2</ele>
   </trkpt>
   <trkpt lat="36.5044070" lon="-4.8113620">
    <ele>18.2</ele>
   </trkpt>
   <trkpt lat="36.5043590" lon="-4.8113000">
    <ele>19.2</ele>
   </trkpt>
   <trkpt lat="36.5043190" lon="-4.8112480">
    <ele>20.2</ele>
   </trkpt>
   <trkpt lat="36.5042830" lon="-4.8111940">
    <ele>21.0</ele>
   </trkpt>
   <trkpt lat="36.5042440" lon="-4.8111430">
    <ele>21.8</ele>
   </trkpt>
   <trkpt lat="36.5042040" lon="-4.8110920">
    <ele>22.4</ele>
   </trkpt>
   <trkpt lat="36.5041630" lon="-4.8110490">
    <ele>23.0</ele>
   </trkpt>
   <trkpt lat="36.5041140" lon="-4.8110210">
    <ele>23.4</ele>
   </trkpt>
   <trkpt lat="36.5040580" lon="-4.8110050">
    <ele>23.8</ele>
   </trkpt>
   <trkpt lat="36.5040090" lon="-4.8109740">
    <ele>24.2</ele>
   </trkpt>
   <trkpt lat="36.5039710" lon="-4.8109160">
    <ele>24.6</ele>
   </trkpt>
   <trkpt lat="36.5039640" lon="-4.8108420">
    <ele>24.6</ele>
   </trkpt>
   <trkpt lat="36.5039880" lon="-4.8107820">
    <ele>24.6</ele>
   </trkpt>
   <trkpt lat="36.5040350" lon="-4.8107500">
    <ele>24.6</ele>
   </trkpt>
   <trkpt lat="36.5040950" lon="-4.8107480">
    <ele>24.6</ele>
   </trkpt>
   <trkpt lat="36.5041490" lon="-4.8107470">
    <ele>24.6</ele>
   </trkpt>
   <trkpt lat="36.5042170" lon="-4.8107330">
    <ele>24.4</ele>
   </trkpt>
   <trkpt lat="36.5042740" lon="-4.8106970">
    <ele>24.6</ele>
   </trkpt>
   <trkpt lat="36.5043300" lon="-4.8106510">
    <ele>24.8</ele>
   </trkpt>
   <trkpt lat="36.5043910" lon="-4.8106060">
    <ele>25.4</ele>
   </trkpt>
   <trkpt lat="36.5044470" lon="-4.8105640">
    <ele>25.8</ele>
   </trkpt>
   <trkpt lat="36.5044960" lon="-4.8105280">
    <ele>26.0</ele>
   </trkpt>
   <trkpt lat="36.5045530" lon="-4.8104860">
    <ele>26.0</ele>
   </trkpt>
   <trkpt lat="36.5046110" lon="-4.8104440">
    <ele>25.6</ele>
   </trkpt>
   <trkpt lat="36.5046580" lon="-4.8104120">
    <ele>25.6</ele>
   </trkpt>
   <trkpt lat="36.5047230" lon="-4.8103540">
    <ele>25.6</ele>
   </trkpt>
   <trkpt lat="36.5047580" lon="-4.8102830">
    <ele>25.4</ele>
   </trkpt>
   <trkpt lat="36.5047910" lon="-4.8102270">
    <ele>25.2</ele>
   </trkpt>
   <trkpt lat="36.5048330" lon="-4.8101880">
    <ele>25.0</ele>
   </trkpt>
   <trkpt lat="36.5048790" lon="-4.8101760">
    <ele>24.8</ele>
   </trkpt>
   <trkpt lat="36.5049200" lon="-4.8101890">
    <ele>24.8</ele>
   </trkpt>
   <trkpt lat="36.5049560" lon="-4.8102320">
    <ele>24.8</ele>
   </trkpt>
   <trkpt lat="36.5049660" lon="-4.8102910">
    <ele>24.8</ele>
   </trkpt>
   <trkpt lat="36.5049420" lon="-4.8103570">
    <ele>24.8</ele>
   </trkpt>
   <trkpt lat="36.5048960" lon="-4.8103960">
    <ele>24.8</ele>
   </trkpt>
   <trkpt lat="36.5048350" lon="-4.8104070">
    <ele>24.8</ele>
   </trkpt>
   <trkpt lat="36.5047740" lon="-4.8104110">
    <ele>25.0</ele>
   </trkpt>
   <trkpt lat="36.5047080" lon="-4.8104310">
    <ele>25.2</ele>
   </trkpt>
   <trkpt lat="36.5046420" lon="-4.8104660">
    <ele>25.0</ele>
   </trkpt>
   <trkpt lat="36.5045870" lon="-4.8105060">
    <ele>24.8</ele>
   </trkpt>
   <trkpt lat="36.5045230" lon="-4.8105550">
    <ele>24.8</ele>
   </trkpt>
   <trkpt lat="36.5044570" lon="-4.8106060">
    <ele>24.6</ele>
   </trkpt>
   <trkpt lat="36.5043950" lon="-4.8106530">
    <ele>24.8</ele>
   </trkpt>
   <trkpt lat="36.5043250" lon="-4.8107010">
    <ele>24.8</ele>
   </trkpt>
   <trkpt lat="36.5042640" lon="-4.8107410">
    <ele>24.8</ele>
   </trkpt>
   <trkpt lat="36.5042130" lon="-4.8107980">
    <ele>24.6</ele>
   </trkpt>
   <trkpt lat="36.5041780" lon="-4.8108710">
    <ele>24.6</ele>
   </trkpt>
   <trkpt lat="36.5041370" lon="-4.8109380">
    <ele>24.4</ele>
   </trkpt>
   <trkpt lat="36.5040860" lon="-4.8109720">
    <ele>24.4</ele>
   </trkpt>
   <trkpt lat="36.5040320" lon="-4.8109720">
    <ele>24.6</ele>
   </trkpt>
   <trkpt lat="36.5039900" lon="-4.8109400">
    <ele>24.8</ele>
   </trkpt>
   <trkpt lat="36.5039690" lon="-4.8108920">
    <ele>24.8</ele>
   </trkpt>
   <trkpt lat="36.5039740" lon="-4.8108340">
    <ele>24.8</ele>
   </trkpt>
   <trkpt lat="36.5039960" lon="-4.8107760">
    <ele>24.6</ele>
   </trkpt>
   <trkpt lat="36.5040180" lon="-4.8107110">
    <ele>24.6</ele>
   </trkpt>
   <trkpt lat="36.5040380" lon="-4.8106270">
    <ele>24.6</ele>
   </trkpt>
   <trkpt lat="36.5040400" lon="-4.8105340">
    <ele>24.4</ele>
   </trkpt>
   <trkpt lat="36.5040430" lon="-4.8104420">
    <ele>24.2</ele>
   </trkpt>
   <trkpt lat="36.5040470" lon="-4.8103320">
    <ele>23.8</ele>
   </trkpt>
   <trkpt lat="36.5040580" lon="-4.8102230">
    <ele>23.4</ele>
   </trkpt>
   <trkpt lat="36.5040590" lon="-4.8101310">
    <ele>22.8</ele>
   </trkpt>
   <trkpt lat="36.5040620" lon="-4.8100480">
    <ele>22.4</ele>
   </trkpt>
   <trkpt lat="36.5040590" lon="-4.8099770">
    <ele>22.0</ele>
   </trkpt>
   <trkpt lat="36.5040100" lon="-4.8097810">
    <ele>20.6</ele>
   </trkpt>
   <trkpt lat="36.5039920" lon="-4.8097410">
    <ele>20.2</ele>
   </trkpt>
   <trkpt lat="36.5039740" lon="-4.8096950">
    <ele>20.6</ele>
   </trkpt>
   <trkpt lat="36.5039470" lon="-4.8096430">
    <ele>21.0</ele>
   </trkpt>
   <trkpt lat="36.5039200" lon="-4.8095820">
    <ele>21.4</ele>
   </trkpt>
   <trkpt lat="36.5038900" lon="-4.8095210">
    <ele>21.8</ele>
   </trkpt>
   <trkpt lat="36.5038600" lon="-4.8094570">
    <ele>22.0</ele>
   </trkpt>
   <trkpt lat="36.5038250" lon="-4.8093880">
    <ele>22.2</ele>
   </trkpt>
   <trkpt lat="36.5037940" lon="-4.8093190">
    <ele>22.6</ele>
   </trkpt>
   <trkpt lat="36.5037610" lon="-4.8092480">
    <ele>22.8</ele>
   </trkpt>
   <trkpt lat="36.5037280" lon="-4.8091760">
    <ele>23.0</ele>
   </trkpt>
   <trkpt lat="36.5036910" lon="-4.8090980">
    <ele>23.4</ele>
   </trkpt>
   <trkpt lat="36.5036590" lon="-4.8090270">
    <ele>23.6</ele>
   </trkpt>
   <trkpt lat="36.5036210" lon="-4.8089490">
    <ele>23.8</ele>
   </trkpt>
   <trkpt lat="36.5035860" lon="-4.8088720">
    <ele>24.2</ele>
   </trkpt>
   <trkpt lat="36.5035490" lon="-4.8087950">
    <ele>24.6</ele>
   </trkpt>
   <trkpt lat="36.5035110" lon="-4.8087150">
    <ele>24.8</ele>
   </trkpt>
   <trkpt lat="36.5034760" lon="-4.8086330">
    <ele>25.2</ele>
   </trkpt>
   <trkpt lat="36.5034360" lon="-4.8085490">
    <ele>25.6</ele>
   </trkpt>
   <trkpt lat="36.5033990" lon="-4.8084720">
    <ele>25.8</ele>
   </trkpt>
   <trkpt lat="36.5033600" lon="-4.8083910">
    <ele>26.2</ele>
   </trkpt>
   <trkpt lat="36.5033260" lon="-4.8083130">
    <ele>26.6</ele>
   </trkpt>
   <trkpt lat="36.5032880" lon="-4.8082310">
    <ele>26.8</ele>
   </trkpt>
   <trkpt lat="36.5032500" lon="-4.8081490">
    <ele>27.2</ele>
   </trkpt>
   <trkpt lat="36.5032120" lon="-4.8080660">
    <ele>27.2</ele>
   </trkpt>
   <trkpt lat="36.5031750" lon="-4.8079810">
    <ele>27.4</ele>
   </trkpt>
   <trkpt lat="36.5031360" lon="-4.8078930">
    <ele>27.4</ele>
   </trkpt>
   <trkpt lat="36.5030960" lon="-4.8078090">
    <ele>27.6</ele>
   </trkpt>
   <trkpt lat="36.5030530" lon="-4.8077200">
    <ele>27.6</ele>
   </trkpt>
   <trkpt lat="36.5030070" lon="-4.8076240">
    <ele>27.6</ele>
   </trkpt>
   <trkpt lat="36.5029700" lon="-4.8075480">
    <ele>27.8</ele>
   </trkpt>
   <trkpt lat="36.5029260" lon="-4.8074560">
    <ele>28.2</ele>
   </trkpt>
   <trkpt lat="36.5028840" lon="-4.8073670">
    <ele>28.6</ele>
   </trkpt>
   <trkpt lat="36.5028430" lon="-4.8072780">
    <ele>28.8</ele>
   </trkpt>
   <trkpt lat="36.5028010" lon="-4.8071830">
    <ele>28.8</ele>
   </trkpt>
   <trkpt lat="36.5027550" lon="-4.8070890">
    <ele>28.8</ele>
   </trkpt>
   <trkpt lat="36.5027110" lon="-4.8069920">
    <ele>28.8</ele>
   </trkpt>
   <trkpt lat="36.5026660" lon="-4.8068980">
    <ele>29.0</ele>
   </trkpt>
   <trkpt lat="36.5026200" lon="-4.8067970">
    <ele>29.2</ele>
   </trkpt>
   <trkpt lat="36.5025720" lon="-4.8067000">
    <ele>29.4</ele>
   </trkpt>
   <trkpt lat="36.5025270" lon="-4.8066010">
    <ele>29.4</ele>
   </trkpt>
   <trkpt lat="36.5024800" lon="-4.8064940">
    <ele>29.6</ele>
   </trkpt>
   <trkpt lat="36.5024310" lon="-4.8063900">
    <ele>29.6</ele>
   </trkpt>
   <trkpt lat="36.5023830" lon="-4.8062860">
    <ele>29.8</ele>
   </trkpt>
   <trkpt lat="36.5023350" lon="-4.8061740">
    <ele>29.8</ele>
   </trkpt>
   <trkpt lat="36.5022890" lon="-4.8060700">
    <ele>29.8</ele>
   </trkpt>
   <trkpt lat="36.5022410" lon="-4.8059530">
    <ele>30.0</ele>
   </trkpt>
   <trkpt lat="36.5021950" lon="-4.8058390">
    <ele>30.2</ele>
   </trkpt>
   <trkpt lat="36.5021480" lon="-4.8057270">
    <ele>30.2</ele>
   </trkpt>
   <trkpt lat="36.5021030" lon="-4.8056010">
    <ele>30.2</ele>
   </trkpt>
   <trkpt lat="36.5020560" lon="-4.8054790">
    <ele>30.4</ele>
   </trkpt>
   <trkpt lat="36.5020110" lon="-4.8053590">
    <ele>30.4</ele>
   </trkpt>
   <trkpt lat="36.5019690" lon="-4.8052360">
    <ele>30.6</ele>
   </trkpt>
   <trkpt lat="36.5019280" lon="-4.8051010">
    <ele>30.8</ele>
   </trkpt>
   <trkpt lat="36.5018930" lon="-4.8049800">
    <ele>31.0</ele>
   </trkpt>
   <trkpt lat="36.5018530" lon="-4.8048530">
    <ele>31.2</ele>
   </trkpt>
   <trkpt lat="36.5018120" lon="-4.8047130">
    <ele>31.2</ele>
   </trkpt>
   <trkpt lat="36.5017750" lon="-4.8045840">
    <ele>31.2</ele>
   </trkpt>
   <trkpt lat="36.5017390" lon="-4.8044410">
    <ele>31.0</ele>
   </trkpt>
   <trkpt lat="36.5017010" lon="-4.8043030">
    <ele>30.8</ele>
   </trkpt>
   <trkpt lat="36.5016670" lon="-4.8041660">
    <ele>30.8</ele>
   </trkpt>
   <trkpt lat="36.5016330" lon="-4.8040240">
    <ele>30.6</ele>
   </trkpt>
   <trkpt lat="36.5015960" lon="-4.8038660">
    <ele>30.6</ele>
   </trkpt>
   <trkpt lat="36.5015640" lon="-4.8037280">
    <ele>30.4</ele>
   </trkpt>
   <trkpt lat="36.5015260" lon="-4.8035740">
    <ele>30.2</ele>
   </trkpt>
   <trkpt lat="36.5014930" lon="-4.8034280">
    <ele>29.8</ele>
   </trkpt>
   <trkpt lat="36.5014560" lon="-4.8032740">
    <ele>29.4</ele>
   </trkpt>
   <trkpt lat="36.5014150" lon="-4.8031030">
    <ele>29.0</ele>
   </trkpt>
   <trkpt lat="36.5013800" lon="-4.8029380">
    <ele>28.2</ele>
   </trkpt>
   <trkpt lat="36.5013400" lon="-4.8027800">
    <ele>27.6</ele>
   </trkpt>
   <trkpt lat="36.5013010" lon="-4.8026110">
    <ele>27.2</ele>
   </trkpt>
   <trkpt lat="36.5012560" lon="-4.8024320">
    <ele>26.6</ele>
   </trkpt>
   <trkpt lat="36.5012210" lon="-4.8022750">
    <ele>26.0</ele>
   </trkpt>
   <trkpt lat="36.5011830" lon="-4.8021020">
    <ele>25.6</ele>
   </trkpt>
   <trkpt lat="36.5011410" lon="-4.8019260">
    <ele>25.0</ele>
   </trkpt>
   <trkpt lat="36.5011000" lon="-4.8017540">
    <ele>24.2</ele>
   </trkpt>
   <trkpt lat="36.5010580" lon="-4.8015780">
    <ele>23.8</ele>
   </trkpt>
   <trkpt lat="36.5010160" lon="-4.8013960">
    <ele>23.2</ele>
   </trkpt>
   <trkpt lat="36.5009670" lon="-4.8012020">
    <ele>22.6</ele>
   </trkpt>
   <trkpt lat="36.5009270" lon="-4.8010270">
    <ele>21.8</ele>
   </trkpt>
   <trkpt lat="36.5008820" lon="-4.8008440">
    <ele>21.2</ele>
   </trkpt>
   <trkpt lat="36.5008400" lon="-4.8006640">
    <ele>20.4</ele>
   </trkpt>
   <trkpt lat="36.5007940" lon="-4.8004770">
    <ele>20.2</ele>
   </trkpt>
   <trkpt lat="36.5007520" lon="-4.8002970">
    <ele>19.8</ele>
   </trkpt>
   <trkpt lat="36.5007080" lon="-4.8001200">
    <ele>19.4</ele>
   </trkpt>
   <trkpt lat="36.5006640" lon="-4.7999330">
    <ele>19.0</ele>
   </trkpt>
   <trkpt lat="36.5006230" lon="-4.7997540">
    <ele>18.6</ele>
   </trkpt>
   <trkpt lat="36.5005810" lon="-4.7995760">
    <ele>18.4</ele>
   </trkpt>
   <trkpt lat="36.5005350" lon="-4.7993910">
    <ele>18.2</ele>
   </trkpt>
   <trkpt lat="36.5004930" lon="-4.7992110">
    <ele>17.8</ele>
   </trkpt>
   <trkpt lat="36.5004560" lon="-4.7990340">
    <ele>17.4</ele>
   </trkpt>
   <trkpt lat="36.5004130" lon="-4.7988460">
    <ele>17.4</ele>
   </trkpt>
   <trkpt lat="36.5003710" lon="-4.7986630">
    <ele>17.2</ele>
   </trkpt>
   <trkpt lat="36.5003260" lon="-4.7984830">
    <ele>17.0</ele>
   </trkpt>
   <trkpt lat="36.5002810" lon="-4.7983070">
    <ele>16.8</ele>
   </trkpt>
   <trkpt lat="36.5002380" lon="-4.7981270">
    <ele>16.6</ele>
   </trkpt>
   <trkpt lat="36.5001970" lon="-4.7979540">
    <ele>16.4</ele>
   </trkpt>
   <trkpt lat="36.5001540" lon="-4.7977750">
    <ele>16.2</ele>
   </trkpt>
   <trkpt lat="36.5001120" lon="-4.7975870">
    <ele>16.0</ele>
   </trkpt>
   <trkpt lat="36.5000770" lon="-4.7974300">
    <ele>15.8</ele>
   </trkpt>
   <trkpt lat="36.5000350" lon="-4.7972670">
    <ele>16.0</ele>
   </trkpt>
   <trkpt lat="36.4999900" lon="-4.7970920">
    <ele>16.2</ele>
   </trkpt>
   <trkpt lat="36.4999550" lon="-4.7969470">
    <ele>16.6</ele>
   </trkpt>
   <trkpt lat="36.4999130" lon="-4.7967840">
    <ele>16.8</ele>
   </trkpt>
   <trkpt lat="36.4998700" lon="-4.7966260">
    <ele>16.8</ele>
   </trkpt>
   <trkpt lat="36.4998330" lon="-4.7964800">
    <ele>16.8</ele>
   </trkpt>
   <trkpt lat="36.4997950" lon="-4.7963260">
    <ele>16.8</ele>
   </trkpt>
   <trkpt lat="36.4997670" lon="-4.7961780">
    <ele>16.8</ele>
   </trkpt>
   <trkpt lat="36.4997340" lon="-4.7960590">
    <ele>17.0</ele>
   </trkpt>
   <trkpt lat="36.4996750" lon="-4.7959770">
    <ele>17.2</ele>
   </trkpt>
   <trkpt lat="36.4995950" lon="-4.7959400">
    <ele>17.6</ele>
   </trkpt>
   <trkpt lat="36.4995130" lon="-4.7959410">
    <ele>17.8</ele>
   </trkpt>
   <trkpt lat="36.4994290" lon="-4.7959660">
    <ele>18.0</ele>
   </trkpt>
   <trkpt lat="36.4993380" lon="-4.7959950">
    <ele>18.2</ele>
   </trkpt>
   <trkpt lat="36.4992410" lon="-4.7960330">
    <ele>17.8</ele>
   </trkpt>
   <trkpt lat="36.4991530" lon="-4.7960670">
    <ele>17.4</ele>
   </trkpt>
   <trkpt lat="36.4990590" lon="-4.7961000">
    <ele>17.0</ele>
   </trkpt>
   <trkpt lat="36.4989700" lon="-4.7961300">
    <ele>16.6</ele>
   </trkpt>
   <trkpt lat="36.4988900" lon="-4.7961620">
    <ele>16.0</ele>
   </trkpt>
   <trkpt lat="36.4988330" lon="-4.7962110">
    <ele>15.8</ele>
   </trkpt>
   <trkpt lat="36.4987960" lon="-4.7962780">
    <ele>15.6</ele>
   </trkpt>
   <trkpt lat="36.4987840" lon="-4.7963630">
    <ele>15.2</ele>
   </trkpt>
   <trkpt lat="36.4987900" lon="-4.7964550">
    <ele>15.2</ele>
   </trkpt>
   <trkpt lat="36.4988100" lon="-4.7965400">
    <ele>15.0</ele>
   </trkpt>
   <trkpt lat="36.4988340" lon="-4.7966350">
    <ele>15.0</ele>
   </trkpt>
   <trkpt lat="36.4988540" lon="-4.7967340">
    <ele>14.8</ele>
   </trkpt>
   <trkpt lat="36.4988790" lon="-4.7968290">
    <ele>14.6</ele>
   </trkpt>
   <trkpt lat="36.4989090" lon="-4.7969240">
    <ele>14.6</ele>
   </trkpt>
   <trkpt lat="36.4989440" lon="-4.7970200">
    <ele>14.4</ele>
   </trkpt>
   <trkpt lat="36.4989840" lon="-4.7971210">
    <ele>14.4</ele>
   </trkpt>
   <trkpt lat="36.4990250" lon="-4.7972030">
    <ele>14.4</ele>
   </trkpt>
   <trkpt lat="36.4990760" lon="-4.7972940">
    <ele>14.4</ele>
   </trkpt>
   <trkpt lat="36.4991360" lon="-4.7973850">
    <ele>14.2</ele>
   </trkpt>
   <trkpt lat="36.4991890" lon="-4.7974610">
    <ele>14.0</ele>
   </trkpt>
   <trkpt lat="36.4992460" lon="-4.7975430">
    <ele>13.8</ele>
   </trkpt>
   <trkpt lat="36.4992990" lon="-4.7976230">
    <ele>13.8</ele>
   </trkpt>
   <trkpt lat="36.4993510" lon="-4.7977110">
    <ele>13.6</ele>
   </trkpt>
   <trkpt lat="36.4993990" lon="-4.7977930">
    <ele>13.8</ele>
   </trkpt>
   <trkpt lat="36.4994380" lon="-4.7978810">
    <ele>14.2</ele>
   </trkpt>
   <trkpt lat="36.4994670" lon="-4.7979680">
    <ele>14.6</ele>
   </trkpt>
   <trkpt lat="36.4994830" lon="-4.7980350">
    <ele>14.8</ele>
   </trkpt>
   <trkpt lat="36.4995050" lon="-4.7980880">
    <ele>15.2</ele>
   </trkpt>
   <trkpt lat="36.4995430" lon="-4.7981270">
    <ele>15.4</ele>
   </trkpt>
   <trkpt lat="36.4995880" lon="-4.7981430">
    <ele>15.8</ele>
   </trkpt>
   <trkpt lat="36.4996280" lon="-4.7981390">
    <ele>16.0</ele>
   </trkpt>
   <trkpt lat="36.4996670" lon="-4.7981230">
    <ele>16.2</ele>
   </trkpt>
   <trkpt lat="36.4997070" lon="-4.7981050">
    <ele>16.4</ele>
   </trkpt>
   <trkpt lat="36.4997440" lon="-4.7980880">
    <ele>16.4</ele>
   </trkpt>
   <trkpt lat="36.4997900" lon="-4.7980740">
    <ele>16.4</ele>
   </trkpt>
   <trkpt lat="36.4998390" lon="-4.7980600">
    <ele>16.2</ele>
   </trkpt>
   <trkpt lat="36.4998930" lon="-4.7980430">
    <ele>16.0</ele>
   </trkpt>
   <trkpt lat="36.4999460" lon="-4.7980330">
    <ele>15.8</ele>
   </trkpt>
   <trkpt lat="36.4999960" lon="-4.7980230">
    <ele>15.8</ele>
   </trkpt>
   <trkpt lat="36.5000300" lon="-4.7980160">
    <ele>15.8</ele>
   </trkpt>
   <trkpt lat="36.5000450" lon="-4.7980340">
    <ele>16.0</ele>
   </trkpt>
   <trkpt lat="36.5000290" lon="-4.7981110">
    <ele>16.2</ele>
   </trkpt>
   <trkpt lat="36.5000470" lon="-4.7981350">
    <ele>16.2</ele>
   </trkpt>
   <trkpt lat="36.5000660" lon="-4.7981770">
    <ele>16.0</ele>
   </trkpt>
   <trkpt lat="36.5000820" lon="-4.7982380">
    <ele>15.4</ele>
   </trkpt>
   <trkpt lat="36.5001010" lon="-4.7983080">
    <ele>14.8</ele>
   </trkpt>
   <trkpt lat="36.5001240" lon="-4.7983700">
    <ele>14.0</ele>
   </trkpt>
   <trkpt lat="36.5001530" lon="-4.7984150">
    <ele>13.0</ele>
   </trkpt>
   <trkpt lat="36.5001900" lon="-4.7984430">
    <ele>12.2</ele>
   </trkpt>
   <trkpt lat="36.5002320" lon="-4.7984540">
    <ele>11.6</ele>
   </trkpt>
   <trkpt lat="36.5002600" lon="-4.7984540">
    <ele>11.2</ele>
   </trkpt>
   <trkpt lat="36.5002870" lon="-4.7984560">
    <ele>11.0</ele>
   </trkpt>
   <trkpt lat="36.5003190" lon="-4.7984580">
    <ele>10.8</ele>
   </trkpt>
   <trkpt lat="36.5003490" lon="-4.7984590">
    <ele>10.6</ele>
   </trkpt>
   <trkpt lat="36.5003790" lon="-4.7984610">
    <ele>10.6</ele>
   </trkpt>
   <trkpt lat="36.5004080" lon="-4.7984620">
    <ele>10.4</ele>
   </trkpt>
   <trkpt lat="36.5004380" lon="-4.7984640">
    <ele>10.2</ele>
   </trkpt>
   <trkpt lat="36.5004680" lon="-4.7984650">
    <ele>10.2</ele>
   </trkpt>
   <trkpt lat="36.5004980" lon="-4.7984670">
    <ele>10.4</ele>
   </trkpt>
   <trkpt lat="36.5005230" lon="-4.7984520">
    <ele>10.6</ele>
   </trkpt>
   <trkpt lat="36.5005510" lon="-4.7984050">
    <ele>10.8</ele>
   </trkpt>
   <trkpt lat="36.5005670" lon="-4.7983450">
    <ele>11.0</ele>
   </trkpt>
   <trkpt lat="36.5005880" lon="-4.7982770">
    <ele>11.2</ele>
   </trkpt>
   <trkpt lat="36.5006120" lon="-4.7982130">
    <ele>11.6</ele>
   </trkpt>
   <trkpt lat="36.5006420" lon="-4.7981590">
    <ele>12.4</ele>
   </trkpt>
   <trkpt lat="36.5006720" lon="-4.7981120">
    <ele>13.0</ele>
   </trkpt>
   <trkpt lat="36.5007080" lon="-4.7980600">
    <ele>13.6</ele>
   </trkpt>
   <trkpt lat="36.5007470" lon="-4.7980110">
    <ele>14.2</ele>
   </trkpt>
   <trkpt lat="36.5007830" lon="-4.7979690">
    <ele>14.8</ele>
   </trkpt>
   <trkpt lat="36.5008200" lon="-4.7979370">
    <ele>15.2</ele>
   </trkpt>
   <trkpt lat="36.5008630" lon="-4.7979130">
    <ele>15.6</ele>
   </trkpt>
   <trkpt lat="36.5009020" lon="-4.7978890">
    <ele>16.0</ele>
   </trkpt>
   <trkpt lat="36.5009490" lon="-4.7976510">
    <ele>19.0</ele>
   </trkpt>
   <trkpt lat="36.5009640" lon="-4.7976250">
    <ele>19.0</ele>
   </trkpt>
   <trkpt lat="36.5009900" lon="-4.7976060">
    <ele>19.2</ele>
   </trkpt>
   <trkpt lat="36.5010270" lon="-4.7975870">
    <ele>19.2</ele>
   </trkpt>
   <trkpt lat="36.5010680" lon="-4.7975650">
    <ele>19.0</ele>
   </trkpt>
   <trkpt lat="36.5011130" lon="-4.7975530">
    <ele>19.0</ele>
   </trkpt>
   <trkpt lat="36.5011630" lon="-4.7975420">
    <ele>18.8</ele>
   </trkpt>
   <trkpt lat="36.5012130" lon="-4.7975250">
    <ele>18.8</ele>
   </trkpt>
   <trkpt lat="36.5012620" lon="-4.7974910">
    <ele>18.8</ele>
   </trkpt>
   <trkpt lat="36.5012930" lon="-4.7974500">
    <ele>18.8</ele>
   </trkpt>
   <trkpt lat="36.5013220" lon="-4.7973800">
    <ele>19.0</ele>
   </trkpt>
   <trkpt lat="36.5013300" lon="-4.7973250">
    <ele>19.2</ele>
   </trkpt>
   <trkpt lat="36.5013290" lon="-4.7972710">
    <ele>19.6</ele>
   </trkpt>
   <trkpt lat="36.5013210" lon="-4.7971990">
    <ele>19.6</ele>
   </trkpt>
   <trkpt lat="36.5013100" lon="-4.7971370">
    <ele>19.8</ele>
   </trkpt>
   <trkpt lat="36.5012910" lon="-4.7970770">
    <ele>20.0</ele>
   </trkpt>
   <trkpt lat="36.5012680" lon="-4.7970170">
    <ele>20.4</ele>
   </trkpt>
   <trkpt lat="36.5012430" lon="-4.7969620">
    <ele>20.8</ele>
   </trkpt>
   <trkpt lat="36.5012050" lon="-4.7969080">
    <ele>21.0</ele>
   </trkpt>
   <trkpt lat="36.5011710" lon="-4.7968590">
    <ele>21.2</ele>
   </trkpt>
   <trkpt lat="36.5011470" lon="-4.7968040">
    <ele>21.4</ele>
   </trkpt>
   <trkpt lat="36.5011440" lon="-4.7967450">
    <ele>21.4</ele>
   </trkpt>
   <trkpt lat="36.5011720" lon="-4.7966870">
    <ele>21.6</ele>
   </trkpt>
   <trkpt lat="36.5012090" lon="-4.7966410">
    <ele>22.0</ele>
   </trkpt>
   <trkpt lat="36.5012540" lon="-4.7965950">
    <ele>22.4</ele>
   </trkpt>
   <trkpt lat="36.5013000" lon="-4.7965480">
    <ele>22.8</ele>
   </trkpt>
   <trkpt lat="36.5013360" lon="-4.7964900">
    <ele>23.4</ele>
   </trkpt>
   <trkpt lat="36.5013760" lon="-4.7964370">
    <ele>23.8</ele>
   </trkpt>
   <trkpt lat="36.5014240" lon="-4.7963870">
    <ele>24.2</ele>
   </trkpt>
   <trkpt lat="36.5014710" lon="-4.7963430">
    <ele>24.4</ele>
   </trkpt>
   <trkpt lat="36.5015180" lon="-4.7963000">
    <ele>24.6</ele>
   </trkpt>
   <trkpt lat="36.5015650" lon="-4.7962620">
    <ele>25.0</ele>
   </trkpt>
   <trkpt lat="36.5016130" lon="-4.7962230">
    <ele>25.2</ele>
   </trkpt>
   <trkpt lat="36.5016600" lon="-4.7961740">
    <ele>25.6</ele>
   </trkpt>
   <trkpt lat="36.5017040" lon="-4.7961380">
    <ele>26.0</ele>
   </trkpt>
   <trkpt lat="36.5017470" lon="-4.7961040">
    <ele>26.4</ele>
   </trkpt>
   <trkpt lat="36.5017900" lon="-4.7960640">
    <ele>27.0</ele>
   </trkpt>
   <trkpt lat="36.5018340" lon="-4.7960230">
    <ele>27.4</ele>
   </trkpt>
   <trkpt lat="36.5018770" lon="-4.7959840">
    <ele>27.8</ele>
   </trkpt>
   <trkpt lat="36.5019190" lon="-4.7959490">
    <ele>28.2</ele>
   </trkpt>
   <trkpt lat="36.5019620" lon="-4.7959120">
    <ele>28.6</ele>
   </trkpt>
   <trkpt lat="36.5020040" lon="-4.7958740">
    <ele>29.0</ele>
   </trkpt>
   <trkpt lat="36.5020480" lon="-4.7958340">
    <ele>29.4</ele>
   </trkpt>
   <trkpt lat="36.5020870" lon="-4.7957980">
    <ele>30.0</ele>
   </trkpt>
   <trkpt lat="36.5021310" lon="-4.7957610">
    <ele>30.6</ele>
   </trkpt>
   <trkpt lat="36.5021730" lon="-4.7957250">
    <ele>31.0</ele>
   </trkpt>
   <trkpt lat="36.5022130" lon="-4.7956870">
    <ele>31.4</ele>
   </trkpt>
   <trkpt lat="36.5022470" lon="-4.7956510">
    <ele>31.6</ele>
   </trkpt>
   <trkpt lat="36.5022930" lon="-4.7956100">
    <ele>31.8</ele>
   </trkpt>
   <trkpt lat="36.5023330" lon="-4.7955760">
    <ele>32.0</ele>
   </trkpt>
   <trkpt lat="36.5023760" lon="-4.7955420">
    <ele>32.0</ele>
   </trkpt>
   <trkpt lat="36.5024170" lon="-4.7955080">
    <ele>32.2</ele>
   </trkpt>
   <trkpt lat="36.5024570" lon="-4.7954700">
    <ele>32.4</ele>
   </trkpt>
   <trkpt lat="36.5024930" lon="-4.7954340">
    <ele>32.6</ele>
   </trkpt>
   <trkpt lat="36.5025340" lon="-4.7953930">
    <ele>33.2</ele>
   </trkpt>
   <trkpt lat="36.5025710" lon="-4.7953560">
    <ele>33.8</ele>
   </trkpt>
   <trkpt lat="36.5026050" lon="-4.7953150">
    <ele>34.2</ele>
   </trkpt>
   <trkpt lat="36.5026360" lon="-4.7952670">
    <ele>34.6</ele>
   </trkpt>
   <trkpt lat="36.5026680" lon="-4.7952140">
    <ele>35.4</ele>
   </trkpt>
   <trkpt lat="36.5026960" lon="-4.7951690">
    <ele>35.8</ele>
   </trkpt>
   <trkpt lat="36.5027320" lon="-4.7951190">
    <ele>36.4</ele>
   </trkpt>
   <trkpt lat="36.5027700" lon="-4.7950760">
    <ele>36.6</ele>
   </trkpt>
   <trkpt lat="36.5028120" lon="-4.7950330">
    <ele>36.6</ele>
   </trkpt>
   <trkpt lat="36.5028480" lon="-4.7949930">
    <ele>37.0</ele>
   </trkpt>
   <trkpt lat="36.5028880" lon="-4.7949460">
    <ele>37.2</ele>
   </trkpt>
   <trkpt lat="36.5029310" lon="-4.7949050">
    <ele>37.2</ele>
   </trkpt>
   <trkpt lat="36.5029790" lon="-4.7948610">
    <ele>37.6</ele>
   </trkpt>
   <trkpt lat="36.5030240" lon="-4.7948150">
    <ele>38.0</ele>
   </trkpt>
   <trkpt lat="36.5030700" lon="-4.7947700">
    <ele>38.6</ele>
   </trkpt>
   <trkpt lat="36.5031150" lon="-4.7947240">
    <ele>39.2</ele>
   </trkpt>
   <trkpt lat="36.5031650" lon="-4.7946760">
    <ele>39.6</ele>
   </trkpt>
   <trkpt lat="36.5032120" lon="-4.7946320">
    <ele>39.8</ele>
   </trkpt>
   <trkpt lat="36.5032630" lon="-4.7945860">
    <ele>40.0</ele>
   </trkpt>
   <trkpt lat="36.5033140" lon="-4.7945430">
    <ele>39.8</ele>
   </trkpt>
   <trkpt lat="36.5033670" lon="-4.7945000">
    <ele>40.0</ele>
   </trkpt>
   <trkpt lat="36.5034150" lon="-4.7944520">
    <ele>40.0</ele>
   </trkpt>
   <trkpt lat="36.5034710" lon="-4.7944040">
    <ele>40.2</ele>
   </trkpt>
   <trkpt lat="36.5035220" lon="-4.7943650">
    <ele>40.6</ele>
   </trkpt>
   <trkpt lat="36.5035750" lon="-4.7943210">
    <ele>40.8</ele>
   </trkpt>
   <trkpt lat="36.5036250" lon="-4.7942790">
    <ele>41.0</ele>
   </trkpt>
   <trkpt lat="36.5036830" lon="-4.7942300">
    <ele>40.8</ele>
   </trkpt>
   <trkpt lat="36.5037350" lon="-4.7941860">
    <ele>41.0</ele>
   </trkpt>
   <trkpt lat="36.5037910" lon="-4.7941400">
    <ele>41.4</ele>
   </trkpt>
   <trkpt lat="36.5038380" lon="-4.7940990">
    <ele>41.8</ele>
   </trkpt>
   <trkpt lat="36.5038930" lon="-4.7940650">
    <ele>42.0</ele>
   </trkpt>
   <trkpt lat="36.5039280" lon="-4.7940160">
    <ele>42.2</ele>
   </trkpt>
   <trkpt lat="36.5039460" lon="-4.7939510">
    <ele>42.4</ele>
   </trkpt>
   <trkpt lat="36.5039350" lon="-4.7938750">
    <ele>42.6</ele>
   </trkpt>
   <trkpt lat="36.5039120" lon="-4.7937950">
    <ele>42.6</ele>
   </trkpt>
   <trkpt lat="36.5038900" lon="-4.7937170">
    <ele>42.4</ele>
   </trkpt>
   <trkpt lat="36.5038620" lon="-4.7936240">
    <ele>42.2</ele>
   </trkpt>
   <trkpt lat="36.5038440" lon="-4.7935380">
    <ele>42.2</ele>
   </trkpt>
   <trkpt lat="36.5038170" lon="-4.7934430">
    <ele>42.2</ele>
   </trkpt>
   <trkpt lat="36.5037920" lon="-4.7933640">
    <ele>42.0</ele>
   </trkpt>
   <trkpt lat="36.5037620" lon="-4.7932960">
    <ele>42.0</ele>
   </trkpt>
   <trkpt lat="36.5037220" lon="-4.7932600">
    <ele>42.0</ele>
   </trkpt>
   <trkpt lat="36.5036640" lon="-4.7932540">
    <ele>41.6</ele>
   </trkpt>
   <trkpt lat="36.5036050" lon="-4.7932750">
    <ele>41.4</ele>
   </trkpt>
   <trkpt lat="36.5035330" lon="-4.7933040">
    <ele>41.0</ele>
   </trkpt>
   <trkpt lat="36.5034580" lon="-4.7933290">
    <ele>40.6</ele>
   </trkpt>
   <trkpt lat="36.5033760" lon="-4.7933560">
    <ele>40.2</ele>
   </trkpt>
   <trkpt lat="36.5032930" lon="-4.7933810">
    <ele>39.8</ele>
   </trkpt>
   <trkpt lat="36.5032010" lon="-4.7934140">
    <ele>39.4</ele>
   </trkpt>
   <trkpt lat="36.5031060" lon="-4.7934490">
    <ele>39.0</ele>
   </trkpt>
   <trkpt lat="36.5030180" lon="-4.7934800">
    <ele>38.6</ele>
   </trkpt>
   <trkpt lat="36.5029180" lon="-4.7935130">
    <ele>38.2</ele>
   </trkpt>
   <trkpt lat="36.5028150" lon="-4.7935520">
    <ele>37.6</ele>
   </trkpt>
   <trkpt lat="36.5027200" lon="-4.7935870">
    <ele>37.2</ele>
   </trkpt>
   <trkpt lat="36.5026190" lon="-4.7936200">
    <ele>37.0</ele>
   </trkpt>
   <trkpt lat="36.5025300" lon="-4.7936510">
    <ele>36.8</ele>
   </trkpt>
   <trkpt lat="36.5024550" lon="-4.7936730">
    <ele>36.4</ele>
   </trkpt>
   <trkpt lat="36.5023920" lon="-4.7936750">
    <ele>36.2</ele>
   </trkpt>
   <trkpt lat="36.5023360" lon="-4.7936480">
    <ele>35.8</ele>
   </trkpt>
   <trkpt lat="36.5023020" lon="-4.7935930">
    <ele>35.6</ele>
   </trkpt>
   <trkpt lat="36.5022830" lon="-4.7935130">
    <ele>35.2</ele>
   </trkpt>
   <trkpt lat="36.5022610" lon="-4.7934230">
    <ele>34.8</ele>
   </trkpt>
   <trkpt lat="36.5022390" lon="-4.7933300">
    <ele>34.2</ele>
   </trkpt>
   <trkpt lat="36.5022160" lon="-4.7932300">
    <ele>34.0</ele>
   </trkpt>
   <trkpt lat="36.5021910" lon="-4.7931260">
    <ele>33.8</ele>
   </trkpt>
   <trkpt lat="36.5021690" lon="-4.7930330">
    <ele>33.4</ele>
   </trkpt>
   <trkpt lat="36.5021530" lon="-4.7929360">
    <ele>33.2</ele>
   </trkpt>
   <trkpt lat="36.5021310" lon="-4.7928500">
    <ele>33.0</ele>
   </trkpt>
   <trkpt lat="36.5020990" lon="-4.7927700">
    <ele>32.8</ele>
   </trkpt>
   <trkpt lat="36.5020500" lon="-4.7927080">
    <ele>32.8</ele>
   </trkpt>
   <trkpt lat="36.5019820" lon="-4.7926670">
    <ele>32.6</ele>
   </trkpt>
   <trkpt lat="36.5019060" lon="-4.7926560">
    <ele>32.2</ele>
   </trkpt>
   <trkpt lat="36.5018170" lon="-4.7926620">
    <ele>32.0</ele>
   </trkpt>
   <trkpt lat="36.5017350" lon="-4.7926880">
    <ele>32.0</ele>
   </trkpt>
   <trkpt lat="36.5016450" lon="-4.7927290">
    <ele>31.6</ele>
   </trkpt>
   <trkpt lat="36.5015570" lon="-4.7927670">
    <ele>31.2</ele>
   </trkpt>
   <trkpt lat="36.5014650" lon="-4.7927930">
    <ele>30.8</ele>
   </trkpt>
   <trkpt lat="36.5013750" lon="-4.7928180">
    <ele>30.4</ele>
   </trkpt>
   <trkpt lat="36.5012740" lon="-4.7928510">
    <ele>30.0</ele>
   </trkpt>
   <trkpt lat="36.5011890" lon="-4.7928830">
    <ele>29.4</ele>
   </trkpt>
   <trkpt lat="36.5010930" lon="-4.7929200">
    <ele>28.8</ele>
   </trkpt>
   <trkpt lat="36.5010010" lon="-4.7929500">
    <ele>28.2</ele>
   </trkpt>
   <trkpt lat="36.5009080" lon="-4.7929790">
    <ele>27.8</ele>
   </trkpt>
   <trkpt lat="36.5008160" lon="-4.7930040">
    <ele>27.4</ele>
   </trkpt>
   <trkpt lat="36.5007190" lon="-4.7930370">
    <ele>26.8</ele>
   </trkpt>
   <trkpt lat="36.5006300" lon="-4.7930690">
    <ele>26.4</ele>
   </trkpt>
   <trkpt lat="36.5005270" lon="-4.7931040">
    <ele>25.8</ele>
   </trkpt>
   <trkpt lat="36.5004280" lon="-4.7931420">
    <ele>25.4</ele>
   </trkpt>
   <trkpt lat="36.5003250" lon="-4.7931850">
    <ele>25.2</ele>
   </trkpt>
   <trkpt lat="36.5002330" lon="-4.7932260">
    <ele>25.0</ele>
   </trkpt>
   <trkpt lat="36.5001530" lon="-4.7932670">
    <ele>24.6</ele>
   </trkpt>
   <trkpt lat="36.5000900" lon="-4.7932790">
    <ele>24.2</ele>
   </trkpt>
   <trkpt lat="36.5000380" lon="-4.7932540">
    <ele>23.8</ele>
   </trkpt>
   <trkpt lat="36.5000040" lon="-4.7931970">
    <ele>23.4</ele>
   </trkpt>
   <trkpt lat="36.4999890" lon="-4.7931120">
    <ele>22.8</ele>
   </trkpt>
   <trkpt lat="36.4999720" lon="-4.7930310">
    <ele>22.4</ele>
   </trkpt>
   <trkpt lat="36.4999520" lon="-4.7929310">
    <ele>22.2</ele>
   </trkpt>
   <trkpt lat="36.4999310" lon="-4.7928430">
    <ele>22.0</ele>
   </trkpt>
   <trkpt lat="36.4999100" lon="-4.7927350">
    <ele>21.8</ele>
   </trkpt>
   <trkpt lat="36.4998890" lon="-4.7926500">
    <ele>21.6</ele>
   </trkpt>
   <trkpt lat="36.4998580" lon="-4.7925330">
    <ele>21.4</ele>
   </trkpt>
   <trkpt lat="36.4998390" lon="-4.7924330">
    <ele>21.4</ele>
   </trkpt>
   <trkpt lat="36.4998180" lon="-4.7923260">
    <ele>21.2</ele>
   </trkpt>
   <trkpt lat="36.4997970" lon="-4.7922170">
    <ele>21.2</ele>
   </trkpt>
   <trkpt lat="36.4997740" lon="-4.7921110">
    <ele>21.2</ele>
   </trkpt>
   <trkpt lat="36.4997510" lon="-4.7920030">
    <ele>21.4</ele>
   </trkpt>
   <trkpt lat="36.4997340" lon="-4.7918880">
    <ele>21.4</ele>
   </trkpt>
   <trkpt lat="36.4997130" lon="-4.7917880">
    <ele>21.2</ele>
   </trkpt>
   <trkpt lat="36.4996710" lon="-4.7916820">
    <ele>21.2</ele>
   </trkpt>
   <trkpt lat="36.4996320" lon="-4.7915880">
    <ele>21.4</ele>
   </trkpt>
   <trkpt lat="36.4995750" lon="-4.7914920">
    <ele>21.4</ele>
   </trkpt>
   <trkpt lat="36.4995090" lon="-4.7914060">
    <ele>21.4</ele>
   </trkpt>
   <trkpt lat="36.4994330" lon="-4.7913210">
    <ele>21.4</ele>
   </trkpt>
   <trkpt lat="36.4993610" lon="-4.7912480">
    <ele>21.4</ele>
   </trkpt>
   <trkpt lat="36.4992810" lon="-4.7911670">
    <ele>21.4</ele>
   </trkpt>
   <trkpt lat="36.4992060" lon="-4.7910900">
    <ele>21.4</ele>
   </trkpt>
   <trkpt lat="36.4991290" lon="-4.7910070">
    <ele>21.4</ele>
   </trkpt>
   <trkpt lat="36.4990580" lon="-4.7909180">
    <ele>21.4</ele>
   </trkpt>
   <trkpt lat="36.4989950" lon="-4.7908130">
    <ele>21.4</ele>
   </trkpt>
   <trkpt lat="36.4989500" lon="-4.7907020">
    <ele>21.2</ele>
   </trkpt>
   <trkpt lat="36.4989090" lon="-4.7905700">
    <ele>21.0</ele>
   </trkpt>
   <trkpt lat="36.4988720" lon="-4.7904400">
    <ele>20.6</ele>
   </trkpt>
   <trkpt lat="36.4988370" lon="-4.7903010">
    <ele>20.0</ele>
   </trkpt>
   <trkpt lat="36.4988020" lon="-4.7901550">
    <ele>19.4</ele>
   </trkpt>
   <trkpt lat="36.4987560" lon="-4.7900110">
    <ele>18.8</ele>
   </trkpt>
   <trkpt lat="36.4987110" lon="-4.7898740">
    <ele>18.2</ele>
   </trkpt>
   <trkpt lat="36.4986820" lon="-4.7897270">
    <ele>17.4</ele>
   </trkpt>
   <trkpt lat="36.4986800" lon="-4.7895780">
    <ele>16.6</ele>
   </trkpt>
   <trkpt lat="36.4987040" lon="-4.7894300">
    <ele>15.8</ele>
   </trkpt>
   <trkpt lat="36.4987610" lon="-4.7892960">
    <ele>15.2</ele>
   </trkpt>
   <trkpt lat="36.4988160" lon="-4.7891980">
    <ele>14.8</ele>
   </trkpt>
   <trkpt lat="36.4989010" lon="-4.7890490">
    <ele>14.4</ele>
   </trkpt>
   <trkpt lat="36.4989650" lon="-4.7889000">
    <ele>14.0</ele>
   </trkpt>
   <trkpt lat="36.4989940" lon="-4.7887550">
    <ele>14.0</ele>
   </trkpt>
   <trkpt lat="36.4989900" lon="-4.7886070">
    <ele>14.0</ele>
   </trkpt>
   <trkpt lat="36.4989610" lon="-4.7884600">
    <ele>13.8</ele>
   </trkpt>
   <trkpt lat="36.4989200" lon="-4.7883190">
    <ele>13.8</ele>
   </trkpt>
   <trkpt lat="36.4988790" lon="-4.7881840">
    <ele>13.6</ele>
   </trkpt>
   <trkpt lat="36.4988300" lon="-4.7880470">
    <ele>13.6</ele>
   </trkpt>
   <trkpt lat="36.4987800" lon="-4.7879110">
    <ele>13.4</ele>
   </trkpt>
   <trkpt lat="36.4987240" lon="-4.7877890">
    <ele>13.2</ele>
   </trkpt>
   <trkpt lat="36.4986530" lon="-4.7876560">
    <ele>12.8</ele>
   </trkpt>
   <trkpt lat="36.4985850" lon="-4.7875250">
    <ele>12.8</ele>
   </trkpt>
   <trkpt lat="36.4985330" lon="-4.7873990">
    <ele>12.8</ele>
   </trkpt>
   <trkpt lat="36.4984880" lon="-4.7872750">
    <ele>13.0</ele>
   </trkpt>
   <trkpt lat="36.4984450" lon="-4.7871470">
    <ele>13.0</ele>
   </trkpt>
   <trkpt lat="36.4984130" lon="-4.7870320">
    <ele>12.8</ele>
   </trkpt>
   <trkpt lat="36.4983820" lon="-4.7869260">
    <ele>12.2</ele>
   </trkpt>
   <trkpt lat="36.4983350" lon="-4.7868350">
    <ele>11.8</ele>
   </trkpt>
   <trkpt lat="36.4982760" lon="-4.7867690">
    <ele>11.4</ele>
   </trkpt>
   <trkpt lat="36.4982250" lon="-4.7867010">
    <ele>11.2</ele>
   </trkpt>
   <trkpt lat="36.4981750" lon="-4.7866320">
    <ele>11.0</ele>
   </trkpt>
   <trkpt lat="36.4981390" lon="-4.7865840">
    <ele>10.8</ele>
   </trkpt>
   <trkpt lat="36.4980840" lon="-4.7865680">
    <ele>10.4</ele>
   </trkpt>
   <trkpt lat="36.4980250" lon="-4.7865880">
    <ele>10.2</ele>
   </trkpt>
   <trkpt lat="36.4979660" lon="-4.7866210">
    <ele>10.0</ele>
   </trkpt>
   <trkpt lat="36.4978990" lon="-4.7866530">
    <ele>10.0</ele>
   </trkpt>
   <trkpt lat="36.4978260" lon="-4.7866730">
    <ele>10.0</ele>
   </trkpt>
   <trkpt lat="36.4977540" lon="-4.7866980">
    <ele>10.0</ele>
   </trkpt>
   <trkpt lat="36.4976840" lon="-4.7867280">
    <ele>10.2</ele>
   </trkpt>
   <trkpt lat="36.4976170" lon="-4.7867410">
    <ele>10.4</ele>
   </trkpt>
   <trkpt lat="36.4975480" lon="-4.7867170">
    <ele>10.8</ele>
   </trkpt>
   <trkpt lat="36.4974910" lon="-4.7866570">
    <ele>11.0</ele>
   </trkpt>
   <trkpt lat="36.4974590" lon="-4.7865780">
    <ele>11.2</ele>
   </trkpt>
   <trkpt lat="36.4974360" lon="-4.7864930">
    <ele>11.4</ele>
   </trkpt>
   <trkpt lat="36.4974090" lon="-4.7863970">
    <ele>11.6</ele>
   </trkpt>
   <trkpt lat="36.4973780" lon="-4.7863000">
    <ele>11.6</ele>
   </trkpt>
   <trkpt lat="36.4973520" lon="-4.7862080">
    <ele>11.8</ele>
   </trkpt>
   <trkpt lat="36.4973230" lon="-4.7861100">
    <ele>11.8</ele>
   </trkpt>
   <trkpt lat="36.4972950" lon="-4.7860050">
    <ele>12.0</ele>
   </trkpt>
   <trkpt lat="36.4972690" lon="-4.7859020">
    <ele>12.2</ele>
   </trkpt>
   <trkpt lat="36.4972380" lon="-4.7857970">
    <ele>12.4</ele>
   </trkpt>
   <trkpt lat="36.4972100" lon="-4.7856890">
    <ele>12.4</ele>
   </trkpt>
   <trkpt lat="36.4971950" lon="-4.7855910">
    <ele>12.4</ele>
   </trkpt>
   <trkpt lat="36.4971720" lon="-4.7854890">
    <ele>12.6</ele>
   </trkpt>
   <trkpt lat="36.4971500" lon="-4.7853990">
    <ele>12.6</ele>
   </trkpt>
   <trkpt lat="36.4971300" lon="-4.7853150">
    <ele>12.6</ele>
   </trkpt>
   <trkpt lat="36.4971080" lon="-4.7852480">
    <ele>12.8</ele>
   </trkpt>
   <trkpt lat="36.4970750" lon="-4.7851880">
    <ele>13.0</ele>
   </trkpt>
   <trkpt lat="36.4970640" lon="-4.7851200">
    <ele>13.0</ele>
   </trkpt>
   <trkpt lat="36.4970890" lon="-4.7850600">
    <ele>13.0</ele>
   </trkpt>
   <trkpt lat="36.4971380" lon="-4.7850210">
    <ele>13.2</ele>
   </trkpt>
   <trkpt lat="36.4971930" lon="-4.7849960">
    <ele>13.2</ele>
   </trkpt>
   <trkpt lat="36.4972500" lon="-4.7849750">
    <ele>13.2</ele>
   </trkpt>
   <trkpt lat="36.4973090" lon="-4.7849550">
    <ele>13.4</ele>
   </trkpt>
   <trkpt lat="36.4973650" lon="-4.7849370">
    <ele>13.8</ele>
   </trkpt>
   <trkpt lat="36.4974190" lon="-4.7849200">
    <ele>14.2</ele>
   </trkpt>
   <trkpt lat="36.4974680" lon="-4.7849040">
    <ele>14.8</ele>
   </trkpt>
   <trkpt lat="36.4975190" lon="-4.7848840">
    <ele>15.0</ele>
   </trkpt>
   <trkpt lat="36.4975650" lon="-4.7848620">
    <ele>15.4</ele>
   </trkpt>
   <trkpt lat="36.4976150" lon="-4.7848420">
    <ele>15.6</ele>
   </trkpt>
   <trkpt lat="36.4976620" lon="-4.7848230">
    <ele>16.0</ele>
   </trkpt>
   <trkpt lat="36.4977100" lon="-4.7847960">
    <ele>16.4</ele>
   </trkpt>
   <trkpt lat="36.4977490" lon="-4.7847620">
    <ele>17.0</ele>
   </trkpt>
   <trkpt lat="36.4977910" lon="-4.7847260">
    <ele>17.2</ele>
   </trkpt>
   <trkpt lat="36.4978290" lon="-4.7846840">
    <ele>17.8</ele>
   </trkpt>
   <trkpt lat="36.4978640" lon="-4.7846370">
    <ele>18.2</ele>
   </trkpt>
   <trkpt lat="36.4978940" lon="-4.7845880">
    <ele>18.6</ele>
   </trkpt>
   <trkpt lat="36.4979290" lon="-4.7845330">
    <ele>18.8</ele>
   </trkpt>
   <trkpt lat="36.4979630" lon="-4.7844770">
    <ele>19.2</ele>
   </trkpt>
   <trkpt lat="36.4979970" lon="-4.7844200">
    <ele>19.6</ele>
   </trkpt>
   <trkpt lat="36.4980280" lon="-4.7843600">
    <ele>19.8</ele>
   </trkpt>
   <trkpt lat="36.4980590" lon="-4.7842940">
    <ele>20.2</ele>
   </trkpt>
   <trkpt lat="36.4980890" lon="-4.7842320">
    <ele>20.4</ele>
   </trkpt>
   <trkpt lat="36.4981190" lon="-4.7841660">
    <ele>20.6</ele>
   </trkpt>
   <trkpt lat="36.4981500" lon="-4.7840980">
    <ele>20.8</ele>
   </trkpt>
   <trkpt lat="36.4981780" lon="-4.7840300">
    <ele>21.2</ele>
   </trkpt>
   <trkpt lat="36.4982070" lon="-4.7839630">
    <ele>21.6</ele>
   </trkpt>
   <trkpt lat="36.4982350" lon="-4.7838930">
    <ele>22.0</ele>
   </trkpt>
   <trkpt lat="36.4982650" lon="-4.7838260">
    <ele>22.4</ele>
   </trkpt>
   <trkpt lat="36.4982920" lon="-4.7837580">
    <ele>22.8</ele>
   </trkpt>
   <trkpt lat="36.4983220" lon="-4.7836920">
    <ele>23.2</ele>
   </trkpt>
   <trkpt lat="36.4983460" lon="-4.7836240">
    <ele>23.6</ele>
   </trkpt>
   <trkpt lat="36.4983480" lon="-4.7835540">
    <ele>24.0</ele>
   </trkpt>
   <trkpt lat="36.4983240" lon="-4.7834870">
    <ele>24.4</ele>
   </trkpt>
   <trkpt lat="36.4982860" lon="-4.7834360">
    <ele>24.8</ele>
   </trkpt>
   <trkpt lat="36.4982330" lon="-4.7833920">
    <ele>25.0</ele>
   </trkpt>
   <trkpt lat="36.4981720" lon="-4.7833500">
    <ele>25.0</ele>
   </trkpt>
   <trkpt lat="36.4981120" lon="-4.7833090">
    <ele>25.0</ele>
   </trkpt>
   <trkpt lat="36.4980490" lon="-4.7832660">
    <ele>24.8</ele>
   </trkpt>
   <trkpt lat="36.4979760" lon="-4.7832220">
    <ele>24.6</ele>
   </trkpt>
   <trkpt lat="36.4979160" lon="-4.7831880">
    <ele>24.2</ele>
   </trkpt>
   <trkpt lat="36.4978250" lon="-4.7831380">
    <ele>23.8</ele>
   </trkpt>
   <trkpt lat="36.4977390" lon="-4.7830960">
    <ele>23.4</ele>
   </trkpt>
   <trkpt lat="36.4976530" lon="-4.7830650">
    <ele>23.0</ele>
   </trkpt>
   <trkpt lat="36.4975670" lon="-4.7830450">
    <ele>22.6</ele>
   </trkpt>
   <trkpt lat="36.4974820" lon="-4.7830260">
    <ele>22.2</ele>
   </trkpt>
   <trkpt lat="36.4973910" lon="-4.7830120">
    <ele>21.8</ele>
   </trkpt>
   <trkpt lat="36.4972930" lon="-4.7830190">
    <ele>21.2</ele>
   </trkpt>
   <trkpt lat="36.4971980" lon="-4.7830420">
    <ele>20.8</ele>
   </trkpt>
   <trkpt lat="36.4971030" lon="-4.7830520">
    <ele>20.4</ele>
   </trkpt>
   <trkpt lat="36.4969930" lon="-4.7830460">
    <ele>19.8</ele>
   </trkpt>
   <trkpt lat="36.4968870" lon="-4.7830090">
    <ele>19.0</ele>
   </trkpt>
   <trkpt lat="36.4967970" lon="-4.7829400">
    <ele>18.0</ele>
   </trkpt>
   <trkpt lat="36.4967260" lon="-4.7828380">
    <ele>17.2</ele>
   </trkpt>
   <trkpt lat="36.4966880" lon="-4.7827180">
    <ele>16.6</ele>
   </trkpt>
   <trkpt lat="36.4966750" lon="-4.7825930">
    <ele>16.0</ele>
   </trkpt>
   <trkpt lat="36.4966570" lon="-4.7824750">
    <ele>15.8</ele>
   </trkpt>
   <trkpt lat="36.4966370" lon="-4.7823600">
    <ele>15.4</ele>
   </trkpt>
   <trkpt lat="36.4966320" lon="-4.7822470">
    <ele>14.8</ele>
   </trkpt>
   <trkpt lat="36.4966210" lon="-4.7821260">
    <ele>14.2</ele>
   </trkpt>
   <trkpt lat="36.4966200" lon="-4.7819960">
    <ele>13.4</ele>
   </trkpt>
   <trkpt lat="36.4966170" lon="-4.7818580">
    <ele>12.8</ele>
   </trkpt>
   <trkpt lat="36.4966090" lon="-4.7817120">
    <ele>12.0</ele>
   </trkpt>
   <trkpt lat="36.4966120" lon="-4.7815590">
    <ele>11.2</ele>
   </trkpt>
   <trkpt lat="36.4966060" lon="-4.7814160">
    <ele>10.6</ele>
   </trkpt>
   <trkpt lat="36.4965980" lon="-4.7812710">
    <ele>10.0</ele>
   </trkpt>
   <trkpt lat="36.4965940" lon="-4.7811350">
    <ele>9.6</ele>
   </trkpt>
   <trkpt lat="36.4966000" lon="-4.7810000">
    <ele>9.2</ele>
   </trkpt>
   <trkpt lat="36.4966010" lon="-4.7808700">
    <ele>9.0</ele>
   </trkpt>
   <trkpt lat="36.4966040" lon="-4.7807310">
    <ele>9.0</ele>
   </trkpt>
   <trkpt lat="36.4966080" lon="-4.7806220">
    <ele>9.0</ele>
   </trkpt>
   <trkpt lat="36.4965860" lon="-4.7804780">
    <ele>9.2</ele>
   </trkpt>
   <trkpt lat="36.4965460" lon="-4.7803560">
    <ele>9.4</ele>
   </trkpt>
   <trkpt lat="36.4964970" lon="-4.7802420">
    <ele>9.8</ele>
   </trkpt>
   <trkpt lat="36.4964470" lon="-4.7801440">
    <ele>10.2</ele>
   </trkpt>
   <trkpt lat="36.4963900" lon="-4.7800620">
    <ele>10.6</ele>
   </trkpt>
   <trkpt lat="36.4963350" lon="-4.7800040">
    <ele>11.2</ele>
   </trkpt>
   <trkpt lat="36.4962830" lon="-4.7799330">
    <ele>11.8</ele>
   </trkpt>
   <trkpt lat="36.4962600" lon="-4.7798460">
    <ele>12.2</ele>
   </trkpt>
   <trkpt lat="36.4962610" lon="-4.7797530">
    <ele>12.6</ele>
   </trkpt>
   <trkpt lat="36.4962780" lon="-4.7796650">
    <ele>13.0</ele>
   </trkpt>
   <trkpt lat="36.4962940" lon="-4.7795710">
    <ele>13.4</ele>
   </trkpt>
   <trkpt lat="36.4963060" lon="-4.7794820">
    <ele>13.8</ele>
   </trkpt>
   <trkpt lat="36.4963170" lon="-4.7793920">
    <ele>14.2</ele>
   </trkpt>
   <trkpt lat="36.4963290" lon="-4.7793070">
    <ele>14.6</ele>
   </trkpt>
   <trkpt lat="36.4963440" lon="-4.7792200">
    <ele>15.0</ele>
   </trkpt>
   <trkpt lat="36.4963550" lon="-4.7791400">
    <ele>15.4</ele>
   </trkpt>
   <trkpt lat="36.4963670" lon="-4.7790530">
    <ele>15.8</ele>
   </trkpt>
   <trkpt lat="36.4963810" lon="-4.7789760">
    <ele>16.0</ele>
   </trkpt>
   <trkpt lat="36.4963940" lon="-4.7788940">
    <ele>16.4</ele>
   </trkpt>
   <trkpt lat="36.4964090" lon="-4.7788130">
    <ele>16.8</ele>
   </trkpt>
   <trkpt lat="36.4964270" lon="-4.7787370">
    <ele>17.2</ele>
   </trkpt>
   <trkpt lat="36.4964630" lon="-4.7786680">
    <ele>17.6</ele>
   </trkpt>
   <trkpt lat="36.4965000" lon="-4.7786000">
    <ele>17.8</ele>
   </trkpt>
   <trkpt lat="36.4965470" lon="-4.7785520">
    <ele>18.2</ele>
   </trkpt>
   <trkpt lat="36.4965980" lon="-4.7785070">
    <ele>18.4</ele>
   </trkpt>
   <trkpt lat="36.4966520" lon="-4.7784680">
    <ele>18.8</ele>
   </trkpt>
   <trkpt lat="36.4967070" lon="-4.7784310">
    <ele>19.2</ele>
   </trkpt>
   <trkpt lat="36.4967620" lon="-4.7783950">
    <ele>19.4</ele>
   </trkpt>
   <trkpt lat="36.4967920" lon="-4.7783340">
    <ele>19.6</ele>
   </trkpt>
   <trkpt lat="36.4968190" lon="-4.7782690">
    <ele>20.0</ele>
   </trkpt>
   <trkpt lat="36.4968190" lon="-4.7781920">
    <ele>20.4</ele>
   </trkpt>
   <trkpt lat="36.4968020" lon="-4.7781180">
    <ele>20.8</ele>
   </trkpt>
   <trkpt lat="36.4967860" lon="-4.7780390">
    <ele>21.0</ele>
   </trkpt>
   <trkpt lat="36.4967740" lon="-4.7779550">
    <ele>21.2</ele>
   </trkpt>
   <trkpt lat="36.4967660" lon="-4.7778660">
    <ele>21.6</ele>
   </trkpt>
   <trkpt lat="36.4967550" lon="-4.7777760">
    <ele>21.6</ele>
   </trkpt>
   <trkpt lat="36.4967370" lon="-4.7776810">
    <ele>21.8</ele>
   </trkpt>
   <trkpt lat="36.4967170" lon="-4.7775880">
    <ele>21.8</ele>
   </trkpt>
   <trkpt lat="36.4966990" lon="-4.7774930">
    <ele>22.0</ele>
   </trkpt>
   <trkpt lat="36.4966800" lon="-4.7773950">
    <ele>22.0</ele>
   </trkpt>
   <trkpt lat="36.4966640" lon="-4.7772910">
    <ele>22.0</ele>
   </trkpt>
   <trkpt lat="36.4966450" lon="-4.7771930">
    <ele>22.0</ele>
   </trkpt>
   <trkpt lat="36.4966260" lon="-4.7770870">
    <ele>22.2</ele>
   </trkpt>
   <trkpt lat="36.4966100" lon="-4.7769870">
    <ele>22.2</ele>
   </trkpt>
   <trkpt lat="36.4965990" lon="-4.7768820">
    <ele>22.4</ele>
   </trkpt>
   <trkpt lat="36.4965870" lon="-4.7767720">
    <ele>22.4</ele>
   </trkpt>
   <trkpt lat="36.4965790" lon="-4.7766630">
    <ele>22.6</ele>
   </trkpt>
   <trkpt lat="36.4965750" lon="-4.7765550">
    <ele>22.8</ele>
   </trkpt>
   <trkpt lat="36.4965680" lon="-4.7764460">
    <ele>23.0</ele>
   </trkpt>
   <trkpt lat="36.4965530" lon="-4.7763380">
    <ele>22.8</ele>
   </trkpt>
   <trkpt lat="36.4965450" lon="-4.7762290">
    <ele>22.8</ele>
   </trkpt>
   <trkpt lat="36.4965370" lon="-4.7761180">
    <ele>22.8</ele>
   </trkpt>
   <trkpt lat="36.4965360" lon="-4.7760060">
    <ele>22.8</ele>
   </trkpt>
   <trkpt lat="36.4965400" lon="-4.7758980">
    <ele>22.6</ele>
   </trkpt>
   <trkpt lat="36.4965400" lon="-4.7757840">
    <ele>22.6</ele>
   </trkpt>
   <trkpt lat="36.4965500" lon="-4.7756760">
    <ele>22.4</ele>
   </trkpt>
   <trkpt lat="36.4965580" lon="-4.7755650">
    <ele>22.4</ele>
   </trkpt>
   <trkpt lat="36.4965730" lon="-4.7754650">
    <ele>22.4</ele>
   </trkpt>
   <trkpt lat="36.4965880" lon="-4.7753680">
    <ele>22.6</ele>
   </trkpt>
   <trkpt lat="36.4966030" lon="-4.7752820">
    <ele>22.8</ele>
   </trkpt>
   <trkpt lat="36.4966120" lon="-4.7752060">
    <ele>23.0</ele>
   </trkpt>
   <trkpt lat="36.4966270" lon="-4.7751270">
    <ele>23.2</ele>
   </trkpt>
   <trkpt lat="36.4966490" lon="-4.7750660">
    <ele>23.4</ele>
   </trkpt>
   <trkpt lat="36.4966650" lon="-4.7750310">
    <ele>23.8</ele>
   </trkpt>
   <trkpt lat="36.4966770" lon="-4.7750000">
    <ele>24.2</ele>
   </trkpt>
   <trkpt lat="36.4967020" lon="-4.7749800">
    <ele>24.4</ele>
   </trkpt>
   <trkpt lat="36.4967360" lon="-4.7749610">
    <ele>24.6</ele>
   </trkpt>
   <trkpt lat="36.4967810" lon="-4.7749450">
    <ele>24.6</ele>
   </trkpt>
   <trkpt lat="36.4968300" lon="-4.7749370">
    <ele>24.6</ele>
   </trkpt>
   <trkpt lat="36.4968830" lon="-4.7749290">
    <ele>24.8</ele>
   </trkpt>
   <trkpt lat="36.4969440" lon="-4.7749220">
    <ele>24.8</ele>
   </trkpt>
   <trkpt lat="36.4970000" lon="-4.7749170">
    <ele>24.8</ele>
   </trkpt>
   <trkpt lat="36.4970650" lon="-4.7749120">
    <ele>24.8</ele>
   </trkpt>
   <trkpt lat="36.4971300" lon="-4.7749040">
    <ele>24.8</ele>
   </trkpt>
   <trkpt lat="36.4971930" lon="-4.7748960">
    <ele>25.0</ele>
   </trkpt>
   <trkpt lat="36.4972590" lon="-4.7748870">
    <ele>25.0</ele>
   </trkpt>
   <trkpt lat="36.4973290" lon="-4.7748790">
    <ele>25.4</ele>
   </trkpt>
   <trkpt lat="36.4973890" lon="-4.7748680">
    <ele>25.4</ele>
   </trkpt>
   <trkpt lat="36.4974570" lon="-4.7748620">
    <ele>25.4</ele>
   </trkpt>
   <trkpt lat="36.4975260" lon="-4.7748560">
    <ele>25.4</ele>
   </trkpt>
   <trkpt lat="36.4975910" lon="-4.7748490">
    <ele>25.6</ele>
   </trkpt>
   <trkpt lat="36.4976590" lon="-4.7748390">
    <ele>26.0</ele>
   </trkpt>
   <trkpt lat="36.4977330" lon="-4.7748320">
    <ele>26.2</ele>
   </trkpt>
   <trkpt lat="36.4977970" lon="-4.7748260">
    <ele>26.4</ele>
   </trkpt>
   <trkpt lat="36.4978660" lon="-4.7748170">
    <ele>26.6</ele>
   </trkpt>
   <trkpt lat="36.4979310" lon="-4.7748070">
    <ele>26.8</ele>
   </trkpt>
   <trkpt lat="36.4979940" lon="-4.7748000">
    <ele>26.8</ele>
   </trkpt>
   <trkpt lat="36.4980590" lon="-4.7747910">
    <ele>27.0</ele>
   </trkpt>
   <trkpt lat="36.4981320" lon="-4.7747820">
    <ele>27.2</ele>
   </trkpt>
   <trkpt lat="36.4981940" lon="-4.7747760">
    <ele>27.4</ele>
   </trkpt>
   <trkpt lat="36.4982670" lon="-4.7747690">
    <ele>27.6</ele>
   </trkpt>
   <trkpt lat="36.4983300" lon="-4.7747610">
    <ele>28.0</ele>
   </trkpt>
   <trkpt lat="36.4984020" lon="-4.7747510">
    <ele>28.2</ele>
   </trkpt>
   <trkpt lat="36.4984700" lon="-4.7747440">
    <ele>28.4</ele>
   </trkpt>
   <trkpt lat="36.4985410" lon="-4.7747340">
    <ele>28.8</ele>
   </trkpt>
   <trkpt lat="36.4986040" lon="-4.7747260">
    <ele>29.0</ele>
   </trkpt>
   <trkpt lat="36.4986820" lon="-4.7747180">
    <ele>29.2</ele>
   </trkpt>
   <trkpt lat="36.4987490" lon="-4.7747100">
    <ele>29.6</ele>
   </trkpt>
   <trkpt lat="36.4988200" lon="-4.7747000">
    <ele>29.6</ele>
   </trkpt>
   <trkpt lat="36.4988930" lon="-4.7746900">
    <ele>29.8</ele>
   </trkpt>
   <trkpt lat="36.4989680" lon="-4.7746780">
    <ele>29.8</ele>
   </trkpt>
   <trkpt lat="36.4990320" lon="-4.7746630">
    <ele>29.8</ele>
   </trkpt>
   <trkpt lat="36.4991000" lon="-4.7746460">
    <ele>30.0</ele>
   </trkpt>
   <trkpt lat="36.4991620" lon="-4.7746170">
    <ele>30.2</ele>
   </trkpt>
   <trkpt lat="36.4992100" lon="-4.7745620">
    <ele>30.4</ele>
   </trkpt>
   <trkpt lat="36.4992500" lon="-4.7744950">
    <ele>30.6</ele>
   </trkpt>
   <trkpt lat="36.4992880" lon="-4.7744260">
    <ele>31.0</ele>
   </trkpt>
   <trkpt lat="36.4993220" lon="-4.7743590">
    <ele>31.4</ele>
   </trkpt>
   <trkpt lat="36.4993580" lon="-4.7742890">
    <ele>31.8</ele>
   </trkpt>
   <trkpt lat="36.4993880" lon="-4.7742240">
    <ele>32.2</ele>
   </trkpt>
   <trkpt lat="36.4994140" lon="-4.7741560">
    <ele>32.6</ele>
   </trkpt>
   <trkpt lat="36.4994420" lon="-4.7740990">
    <ele>33.0</ele>
   </trkpt>
   <trkpt lat="36.4994790" lon="-4.7740380">
    <ele>33.8</ele>
   </trkpt>
   <trkpt lat="36.4995080" lon="-4.7739860">
    <ele>34.2</ele>
   </trkpt>
   <trkpt lat="36.4995360" lon="-4.7739310">
    <ele>34.8</ele>
   </trkpt>
   <trkpt lat="36.4995610" lon="-4.7738860">
    <ele>35.4</ele>
   </trkpt>
   <trkpt lat="36.4995890" lon="-4.7738350">
    <ele>35.8</ele>
   </trkpt>
   <trkpt lat="36.4996150" lon="-4.7737880">
    <ele>36.4</ele>
   </trkpt>
   <trkpt lat="36.4996430" lon="-4.7737420">
    <ele>36.8</ele>
   </trkpt>
   <trkpt lat="36.4996690" lon="-4.7737000">
    <ele>37.2</ele>
   </trkpt>
   <trkpt lat="36.4997030" lon="-4.7736620">
    <ele>37.6</ele>
   </trkpt>
   <trkpt lat="36.4997340" lon="-4.7736250">
    <ele>38.2</ele>
   </trkpt>
   <trkpt lat="36.4997640" lon="-4.7735920">
    <ele>38.6</ele>
   </trkpt>
   <trkpt lat="36.4997990" lon="-4.7735600">
    <ele>39.0</ele>
   </trkpt>
   <trkpt lat="36.4998290" lon="-4.7735280">
    <ele>39.6</ele>
   </trkpt>
   <trkpt lat="36.4998630" lon="-4.7734970">
    <ele>40.0</ele>
   </trkpt>
   <trkpt lat="36.4998910" lon="-4.7734650">
    <ele>40.4</ele>
   </trkpt>
   <trkpt lat="36.4999270" lon="-4.7734390">
    <ele>41.0</ele>
   </trkpt>
   <trkpt lat="36.4999610" lon="-4.7734180">
    <ele>41.4</ele>
   </trkpt>
   <trkpt lat="36.4999960" lon="-4.7733910">
    <ele>41.8</ele>
   </trkpt>
   <trkpt lat="36.5000280" lon="-4.7733650">
    <ele>42.4</ele>
   </trkpt>
   <trkpt lat="36.5000590" lon="-4.7733450">
    <ele>42.8</ele>
   </trkpt>
   <trkpt lat="36.5000960" lon="-4.7733220">
    <ele>43.2</ele>
   </trkpt>
   <trkpt lat="36.5001330" lon="-4.7733040">
    <ele>43.6</ele>
   </trkpt>
   <trkpt lat="36.5001660" lon="-4.7732890">
    <ele>44.0</ele>
   </trkpt>
   <trkpt lat="36.5002050" lon="-4.7732750">
    <ele>44.4</ele>
   </trkpt>
   <trkpt lat="36.5002440" lon="-4.7732630">
    <ele>44.8</ele>
   </trkpt>
   <trkpt lat="36.5002810" lon="-4.7732520">
    <ele>45.0</ele>
   </trkpt>
   <trkpt lat="36.5003200" lon="-4.7732390">
    <ele>45.4</ele>
   </trkpt>
   <trkpt lat="36.5003580" lon="-4.7732260">
    <ele>45.8</ele>
   </trkpt>
   <trkpt lat="36.5003990" lon="-4.7732160">
    <ele>46.2</ele>
   </trkpt>
   <trkpt lat="36.5004380" lon="-4.7732080">
    <ele>46.6</ele>
   </trkpt>
   <trkpt lat="36.5004810" lon="-4.7732040">
    <ele>47.0</ele>
   </trkpt>
   <trkpt lat="36.5005220" lon="-4.7732030">
    <ele>47.4</ele>
   </trkpt>
   <trkpt lat="36.5005680" lon="-4.7732050">
    <ele>47.8</ele>
   </trkpt>
   <trkpt lat="36.5006160" lon="-4.7732080">
    <ele>48.0</ele>
   </trkpt>
   <trkpt lat="36.5006600" lon="-4.7732120">
    <ele>48.4</ele>
   </trkpt>
   <trkpt lat="36.5007110" lon="-4.7732160">
    <ele>48.6</ele>
   </trkpt>
   <trkpt lat="36.5007620" lon="-4.7732230">
    <ele>48.8</ele>
   </trkpt>
   <trkpt lat="36.5008110" lon="-4.7732330">
    <ele>49.0</ele>
   </trkpt>
   <trkpt lat="36.5008660" lon="-4.7732460">
    <ele>49.2</ele>
   </trkpt>
   <trkpt lat="36.5009210" lon="-4.7732600">
    <ele>49.6</ele>
   </trkpt>
   <trkpt lat="36.5009750" lon="-4.7732800">
    <ele>49.8</ele>
   </trkpt>
   <trkpt lat="36.5010310" lon="-4.7732990">
    <ele>50.0</ele>
   </trkpt>
   <trkpt lat="36.5010880" lon="-4.7733150">
    <ele>50.2</ele>
   </trkpt>
   <trkpt lat="36.5011480" lon="-4.7733230">
    <ele>50.4</ele>
   </trkpt>
   <trkpt lat="36.5012120" lon="-4.7733270">
    <ele>50.6</ele>
   </trkpt>
   <trkpt lat="36.5012760" lon="-4.7733270">
    <ele>50.8</ele>
   </trkpt>
   <trkpt lat="36.5013340" lon="-4.7733250">
    <ele>50.8</ele>
   </trkpt>
   <trkpt lat="36.5013970" lon="-4.7733160">
    <ele>51.0</ele>
   </trkpt>
   <trkpt lat="36.5014600" lon="-4.7733010">
    <ele>51.6</ele>
   </trkpt>
   <trkpt lat="36.5015140" lon="-4.7732800">
    <ele>52.0</ele>
   </trkpt>
   <trkpt lat="36.5015710" lon="-4.7732520">
    <ele>52.4</ele>
   </trkpt>
   <trkpt lat="36.5016200" lon="-4.7732210">
    <ele>52.8</ele>
   </trkpt>
   <trkpt lat="36.5016700" lon="-4.7731860">
    <ele>53.2</ele>
   </trkpt>
   <trkpt lat="36.5017160" lon="-4.7731550">
    <ele>53.6</ele>
   </trkpt>
   <trkpt lat="36.5017630" lon="-4.7731210">
    <ele>54.0</ele>
   </trkpt>
   <trkpt lat="36.5018100" lon="-4.7730900">
    <ele>54.6</ele>
   </trkpt>
   <trkpt lat="36.5018560" lon="-4.7730600">
    <ele>55.0</ele>
   </trkpt>
   <trkpt lat="36.5019030" lon="-4.7730290">
    <ele>55.4</ele>
   </trkpt>
   <trkpt lat="36.5019490" lon="-4.7729980">
    <ele>55.8</ele>
   </trkpt>
   <trkpt lat="36.5019910" lon="-4.7729650">
    <ele>56.0</ele>
   </trkpt>
   <trkpt lat="36.5020340" lon="-4.7729340">
    <ele>56.2</ele>
   </trkpt>
   <trkpt lat="36.5020740" lon="-4.7729050">
    <ele>56.4</ele>
   </trkpt>
   <trkpt lat="36.5021200" lon="-4.7728780">
    <ele>56.8</ele>
   </trkpt>
   <trkpt lat="36.5021620" lon="-4.7728500">
    <ele>57.4</ele>
   </trkpt>
   <trkpt lat="36.5022010" lon="-4.7728230">
    <ele>57.8</ele>
   </trkpt>
   <trkpt lat="36.5022450" lon="-4.7727950">
    <ele>58.2</ele>
   </trkpt>
   <trkpt lat="36.5022850" lon="-4.7727660">
    <ele>58.6</ele>
   </trkpt>
   <trkpt lat="36.5023250" lon="-4.7727390">
    <ele>59.2</ele>
   </trkpt>
   <trkpt lat="36.5023660" lon="-4.7727090">
    <ele>59.6</ele>
   </trkpt>
   <trkpt lat="36.5024060" lon="-4.7726820">
    <ele>60.0</ele>
   </trkpt>
   <trkpt lat="36.5024420" lon="-4.7726550">
    <ele>60.4</ele>
   </trkpt>
   <trkpt lat="36.5024820" lon="-4.7726270">
    <ele>61.0</ele>
   </trkpt>
   <trkpt lat="36.5025190" lon="-4.7725970">
    <ele>61.4</ele>
   </trkpt>
   <trkpt lat="36.5025550" lon="-4.7725710">
    <ele>61.8</ele>
   </trkpt>
   <trkpt lat="36.5025910" lon="-4.7725440">
    <ele>62.2</ele>
   </trkpt>
   <trkpt lat="36.5026190" lon="-4.7725230">
    <ele>62.6</ele>
   </trkpt>
   <trkpt lat="36.5026580" lon="-4.7724970">
    <ele>63.0</ele>
   </trkpt>
   <trkpt lat="36.5026900" lon="-4.7724770">
    <ele>63.4</ele>
   </trkpt>
   <trkpt lat="36.5027280" lon="-4.7724540">
    <ele>63.8</ele>
   </trkpt>
   <trkpt lat="36.5027680" lon="-4.7724240">
    <ele>64.0</ele>
   </trkpt>
   <trkpt lat="36.5028120" lon="-4.7723910">
    <ele>64.4</ele>
   </trkpt>
   <trkpt lat="36.5028600" lon="-4.7723590">
    <ele>64.8</ele>
   </trkpt>
   <trkpt lat="36.5029050" lon="-4.7723270">
    <ele>65.2</ele>
   </trkpt>
   <trkpt lat="36.5029560" lon="-4.7722930">
    <ele>65.2</ele>
   </trkpt>
   <trkpt lat="36.5030030" lon="-4.7722620">
    <ele>65.4</ele>
   </trkpt>
   <trkpt lat="36.5030470" lon="-4.7722350">
    <ele>66.0</ele>
   </trkpt>
   <trkpt lat="36.5030920" lon="-4.7722010">
    <ele>66.8</ele>
   </trkpt>
   <trkpt lat="36.5031380" lon="-4.7721680">
    <ele>67.2</ele>
   </trkpt>
   <trkpt lat="36.5031850" lon="-4.7721360">
    <ele>67.8</ele>
   </trkpt>
   <trkpt lat="36.5032340" lon="-4.7721050">
    <ele>68.2</ele>
   </trkpt>
   <trkpt lat="36.5032810" lon="-4.7720710">
    <ele>68.6</ele>
   </trkpt>
   <trkpt lat="36.5033260" lon="-4.7720430">
    <ele>69.0</ele>
   </trkpt>
   <trkpt lat="36.5033720" lon="-4.7720120">
    <ele>69.6</ele>
   </trkpt>
   <trkpt lat="36.5034160" lon="-4.7719820">
    <ele>70.2</ele>
   </trkpt>
   <trkpt lat="36.5034620" lon="-4.7719490">
    <ele>70.8</ele>
   </trkpt>
   <trkpt lat="36.5035080" lon="-4.7719170">
    <ele>71.4</ele>
   </trkpt>
   <trkpt lat="36.5035540" lon="-4.7718820">
    <ele>72.0</ele>
   </trkpt>
   <trkpt lat="36.5035960" lon="-4.7718460">
    <ele>72.6</ele>
   </trkpt>
   <trkpt lat="36.5036440" lon="-4.7718060">
    <ele>73.2</ele>
   </trkpt>
   <trkpt lat="36.5036930" lon="-4.7717710">
    <ele>73.8</ele>
   </trkpt>
   <trkpt lat="36.5037460" lon="-4.7717320">
    <ele>74.4</ele>
   </trkpt>
   <trkpt lat="36.5038010" lon="-4.7716930">
    <ele>74.8</ele>
   </trkpt>
   <trkpt lat="36.5038580" lon="-4.7716540">
    <ele>75.2</ele>
   </trkpt>
   <trkpt lat="36.5039170" lon="-4.7716210">
    <ele>75.6</ele>
   </trkpt>
   <trkpt lat="36.5039850" lon="-4.7715890">
    <ele>76.2</ele>
   </trkpt>
   <trkpt lat="36.5040490" lon="-4.7715630">
    <ele>76.6</ele>
   </trkpt>
   <trkpt lat="36.5041160" lon="-4.7715400">
    <ele>77.0</ele>
   </trkpt>
   <trkpt lat="36.5041790" lon="-4.7715190">
    <ele>77.2</ele>
   </trkpt>
   <trkpt lat="36.5042580" lon="-4.7714990">
    <ele>77.6</ele>
   </trkpt>
   <trkpt lat="36.5043280" lon="-4.7714860">
    <ele>78.0</ele>
   </trkpt>
   <trkpt lat="36.5044040" lon="-4.7714760">
    <ele>78.2</ele>
   </trkpt>
   <trkpt lat="36.5044760" lon="-4.7714660">
    <ele>78.4</ele>
   </trkpt>
   <trkpt lat="36.5045510" lon="-4.7714530">
    <ele>78.8</ele>
   </trkpt>
   <trkpt lat="36.5046200" lon="-4.7714400">
    <ele>79.2</ele>
   </trkpt>
   <trkpt lat="36.5046940" lon="-4.7714280">
    <ele>79.8</ele>
   </trkpt>
   <trkpt lat="36.5047660" lon="-4.7714180">
    <ele>80.4</ele>
   </trkpt>
   <trkpt lat="36.5048340" lon="-4.7714060">
    <ele>80.8</ele>
   </trkpt>
   <trkpt lat="36.5048970" lon="-4.7713900">
    <ele>81.4</ele>
   </trkpt>
   <trkpt lat="36.5049700" lon="-4.7713620">
    <ele>81.8</ele>
   </trkpt>
   <trkpt lat="36.5050380" lon="-4.7713220">
    <ele>82.2</ele>
   </trkpt>
   <trkpt lat="36.5050970" lon="-4.7712630">
    <ele>82.4</ele>
   </trkpt>
   <trkpt lat="36.5051490" lon="-4.7711940">
    <ele>82.4</ele>
   </trkpt>
   <trkpt lat="36.5051990" lon="-4.7711110">
    <ele>82.4</ele>
   </trkpt>
   <trkpt lat="36.5052570" lon="-4.7710310">
    <ele>82.2</ele>
   </trkpt>
   <trkpt lat="36.5053190" lon="-4.7709480">
    <ele>82.0</ele>
   </trkpt>
   <trkpt lat="36.5053900" lon="-4.7708730">
    <ele>81.8</ele>
   </trkpt>
   <trkpt lat="36.5054720" lon="-4.7708140">
    <ele>81.8</ele>
   </trkpt>
   <trkpt lat="36.5055580" lon="-4.7707810">
    <ele>82.2</ele>
   </trkpt>
   <trkpt lat="36.5056520" lon="-4.7707710">
    <ele>82.4</ele>
   </trkpt>
   <trkpt lat="36.5057360" lon="-4.7707680">
    <ele>82.6</ele>
   </trkpt>
   <trkpt lat="36.5058230" lon="-4.7707650">
    <ele>83.0</ele>
   </trkpt>
   <trkpt lat="36.5059050" lon="-4.7707590">
    <ele>83.4</ele>
   </trkpt>
   <trkpt lat="36.5059820" lon="-4.7707490">
    <ele>83.8</ele>
   </trkpt>
   <trkpt lat="36.5060510" lon="-4.7707470">
    <ele>84.4</ele>
   </trkpt>
   <trkpt lat="36.5061240" lon="-4.7707530">
    <ele>85.2</ele>
   </trkpt>
   <trkpt lat="36.5061890" lon="-4.7707550">
    <ele>85.8</ele>
   </trkpt>
   <trkpt lat="36.5062480" lon="-4.7707550">
    <ele>86.6</ele>
   </trkpt>
   <trkpt lat="36.5063000" lon="-4.7707560">
    <ele>87.2</ele>
   </trkpt>
   <trkpt lat="36.5063630" lon="-4.7707660">
    <ele>88.0</ele>
   </trkpt>
   <trkpt lat="36.5064100" lon="-4.7707810">
    <ele>88.4</ele>
   </trkpt>
   <trkpt lat="36.5064580" lon="-4.7708050">
    <ele>89.0</ele>
   </trkpt>
   <trkpt lat="36.5065030" lon="-4.7708280">
    <ele>89.4</ele>
   </trkpt>
   <trkpt lat="36.5065450" lon="-4.7708540">
    <ele>90.0</ele>
   </trkpt>
   <trkpt lat="36.5065910" lon="-4.7708820">
    <ele>90.4</ele>
   </trkpt>
   <trkpt lat="36.5066420" lon="-4.7709080">
    <ele>90.8</ele>
   </trkpt>
   <trkpt lat="36.5066860" lon="-4.7709330">
    <ele>91.2</ele>
   </trkpt>
   <trkpt lat="36.5067320" lon="-4.7709590">
    <ele>91.6</ele>
   </trkpt>
   <trkpt lat="36.5067740" lon="-4.7709830">
    <ele>92.0</ele>
   </trkpt>
   <trkpt lat="36.5068300" lon="-4.7710110">
    <ele>92.6</ele>
   </trkpt>
   <trkpt lat="36.5068850" lon="-4.7710330">
    <ele>93.0</ele>
   </trkpt>
   <trkpt lat="36.5069460" lon="-4.7710330">
    <ele>93.4</ele>
   </trkpt>
   <trkpt lat="36.5070090" lon="-4.7710210">
    <ele>93.8</ele>
   </trkpt>
   <trkpt lat="36.5070730" lon="-4.7709920">
    <ele>94.4</ele>
   </trkpt>
   <trkpt lat="36.5071290" lon="-4.7709560">
    <ele>94.8</ele>
   </trkpt>
   <trkpt lat="36.5071830" lon="-4.7709120">
    <ele>95.4</ele>
   </trkpt>
   <trkpt lat="36.5072360" lon="-4.7708610">
    <ele>95.8</ele>
   </trkpt>
   <trkpt lat="36.5072890" lon="-4.7708190">
    <ele>96.4</ele>
   </trkpt>
   <trkpt lat="36.5073430" lon="-4.7707890">
    <ele>97.0</ele>
   </trkpt>
   <trkpt lat="36.5074040" lon="-4.7707680">
    <ele>97.4</ele>
   </trkpt>
   <trkpt lat="36.5074670" lon="-4.7707550">
    <ele>98.0</ele>
   </trkpt>
   <trkpt lat="36.5075330" lon="-4.7707550">
    <ele>98.4</ele>
   </trkpt>
   <trkpt lat="36.5076030" lon="-4.7707670">
    <ele>98.8</ele>
   </trkpt>
   <trkpt lat="36.5076780" lon="-4.7707900">
    <ele>99.2</ele>
   </trkpt>
   <trkpt lat="36.5077510" lon="-4.7708180">
    <ele>99.8</ele>
   </trkpt>
   <trkpt lat="36.5078280" lon="-4.7708580">
    <ele>100.2</ele>
   </trkpt>
   <trkpt lat="36.5079050" lon="-4.7709130">
    <ele>100.4</ele>
   </trkpt>
   <trkpt lat="36.5079780" lon="-4.7709760">
    <ele>100.2</ele>
   </trkpt>
   <trkpt lat="36.5080600" lon="-4.7710470">
    <ele>99.8</ele>
   </trkpt>
   <trkpt lat="36.5081450" lon="-4.7711130">
    <ele>99.4</ele>
   </trkpt>
   <trkpt lat="36.5082410" lon="-4.7711790">
    <ele>99.0</ele>
   </trkpt>
   <trkpt lat="36.5083510" lon="-4.7712390">
    <ele>98.2</ele>
   </trkpt>
   <trkpt lat="36.5084630" lon="-4.7712830">
    <ele>97.0</ele>
   </trkpt>
   <trkpt lat="36.5085740" lon="-4.7713100">
    <ele>95.8</ele>
   </trkpt>
   <trkpt lat="36.5086910" lon="-4.7713240">
    <ele>94.6</ele>
   </trkpt>
   <trkpt lat="36.5088120" lon="-4.7713250">
    <ele>94.4</ele>
   </trkpt>
   <trkpt lat="36.5089130" lon="-4.7713220">
    <ele>94.4</ele>
   </trkpt>
   <trkpt lat="36.5090190" lon="-4.7713190">
    <ele>94.8</ele>
   </trkpt>
   <trkpt lat="36.5091130" lon="-4.7713150">
    <ele>95.4</ele>
   </trkpt>
   <trkpt lat="36.5092300" lon="-4.7713070">
    <ele>96.4</ele>
   </trkpt>
   <trkpt lat="36.5093340" lon="-4.7712940">
    <ele>97.2</ele>
   </trkpt>
   <trkpt lat="36.5094380" lon="-4.7712810">
    <ele>98.0</ele>
   </trkpt>
   <trkpt lat="36.5095300" lon="-4.7712620">
    <ele>98.8</ele>
   </trkpt>
   <trkpt lat="36.5096310" lon="-4.7712390">
    <ele>99.4</ele>
   </trkpt>
   <trkpt lat="36.5097240" lon="-4.7712170">
    <ele>100.0</ele>
   </trkpt>
   <trkpt lat="36.5098140" lon="-4.7711920">
    <ele>100.6</ele>
   </trkpt>
   <trkpt lat="36.5099090" lon="-4.7711700">
    <ele>101.4</ele>
   </trkpt>
   <trkpt lat="36.5099980" lon="-4.7711520">
    <ele>102.0</ele>
   </trkpt>
   <trkpt lat="36.5100740" lon="-4.7711370">
    <ele>102.6</ele>
   </trkpt>
   <trkpt lat="36.5101710" lon="-4.7711130">
    <ele>103.0</ele>
   </trkpt>
   <trkpt lat="36.5102570" lon="-4.7710830">
    <ele>103.2</ele>
   </trkpt>
   <trkpt lat="36.5103420" lon="-4.7710500">
    <ele>103.2</ele>
   </trkpt>
   <trkpt lat="36.5104340" lon="-4.7710100">
    <ele>103.4</ele>
   </trkpt>
   <trkpt lat="36.5105290" lon="-4.7709630">
    <ele>103.6</ele>
   </trkpt>
   <trkpt lat="36.5106200" lon="-4.7709220">
    <ele>103.6</ele>
   </trkpt>
   <trkpt lat="36.5107180" lon="-4.7708790">
    <ele>103.6</ele>
   </trkpt>
   <trkpt lat="36.5108080" lon="-4.7708350">
    <ele>103.2</ele>
   </trkpt>
   <trkpt lat="36.5109030" lon="-4.7707890">
    <ele>102.6</ele>
   </trkpt>
   <trkpt lat="36.5109990" lon="-4.7707420">
    <ele>102.4</ele>
   </trkpt>
   <trkpt lat="36.5110960" lon="-4.7706970">
    <ele>102.4</ele>
   </trkpt>
   <trkpt lat="36.5111820" lon="-4.7706600">
    <ele>102.6</ele>
   </trkpt>
   <trkpt lat="36.5112860" lon="-4.7706120">
    <ele>102.6</ele>
   </trkpt>
   <trkpt lat="36.5113810" lon="-4.7705600">
    <ele>102.4</ele>
   </trkpt>
   <trkpt lat="36.5114730" lon="-4.7705120">
    <ele>102.6</ele>
   </trkpt>
   <trkpt lat="36.5115600" lon="-4.7704490">
    <ele>102.8</ele>
   </trkpt>
   <trkpt lat="36.5116430" lon="-4.7703710">
    <ele>103.0</ele>
   </trkpt>
   <trkpt lat="36.5117120" lon="-4.7702910">
    <ele>103.4</ele>
   </trkpt>
   <trkpt lat="36.5117790" lon="-4.7701990">
    <ele>103.8</ele>
   </trkpt>
   <trkpt lat="36.5118320" lon="-4.7701140">
    <ele>104.4</ele>
   </trkpt>
   <trkpt lat="36.5118930" lon="-4.7700200">
    <ele>105.0</ele>
   </trkpt>
   <trkpt lat="36.5119430" lon="-4.7699240">
    <ele>105.4</ele>
   </trkpt>
   <trkpt lat="36.5119900" lon="-4.7698370">
    <ele>105.6</ele>
   </trkpt>
   <trkpt lat="36.5120330" lon="-4.7697620">
    <ele>105.8</ele>
   </trkpt>
   <trkpt lat="36.5120840" lon="-4.7696790">
    <ele>106.2</ele>
   </trkpt>
   <trkpt lat="36.5121330" lon="-4.7696040">
    <ele>106.6</ele>
   </trkpt>
   <trkpt lat="36.5121870" lon="-4.7695330">
    <ele>107.0</ele>
   </trkpt>
   <trkpt lat="36.5122410" lon="-4.7694680">
    <ele>107.2</ele>
   </trkpt>
   <trkpt lat="36.5122970" lon="-4.7694000">
    <ele>107.4</ele>
   </trkpt>
   <trkpt lat="36.5123490" lon="-4.7693430">
    <ele>107.6</ele>
   </trkpt>
   <trkpt lat="36.5124190" lon="-4.7692700">
    <ele>108.0</ele>
   </trkpt>
   <trkpt lat="36.5124840" lon="-4.7692130">
    <ele>108.2</ele>
   </trkpt>
   <trkpt lat="36.5125590" lon="-4.7691610">
    <ele>108.8</ele>
   </trkpt>
   <trkpt lat="36.5126350" lon="-4.7691170">
    <ele>109.2</ele>
   </trkpt>
   <trkpt lat="36.5127090" lon="-4.7690750">
    <ele>109.6</ele>
   </trkpt>
   <trkpt lat="36.5127780" lon="-4.7690350">
    <ele>110.0</ele>
   </trkpt>
   <trkpt lat="36.5128560" lon="-4.7689940">
    <ele>110.4</ele>
   </trkpt>
   <trkpt lat="36.5129260" lon="-4.7689600">
    <ele>110.8</ele>
   </trkpt>
   <trkpt lat="36.5129970" lon="-4.7689230">
    <ele>111.4</ele>
   </trkpt>
   <trkpt lat="36.5130690" lon="-4.7688800">
    <ele>111.8</ele>
   </trkpt>
   <trkpt lat="36.5131370" lon="-4.7688300">
    <ele>112.6</ele>
   </trkpt>
   <trkpt lat="36.5132000" lon="-4.7687850">
    <ele>113.2</ele>
   </trkpt>
   <trkpt lat="36.5132600" lon="-4.7687320">
    <ele>113.8</ele>
   </trkpt>
   <trkpt lat="36.5133150" lon="-4.7686760">
    <ele>114.2</ele>
   </trkpt>
   <trkpt lat="36.5133680" lon="-4.7686180">
    <ele>114.8</ele>
   </trkpt>
   <trkpt lat="36.5134210" lon="-4.7685590">
    <ele>115.6</ele>
   </trkpt>
   <trkpt lat="36.5134740" lon="-4.7684940">
    <ele>116.2</ele>
   </trkpt>
   <trkpt lat="36.5135150" lon="-4.7684320">
    <ele>116.8</ele>
   </trkpt>
   <trkpt lat="36.5135530" lon="-4.7683700">
    <ele>117.2</ele>
   </trkpt>
   <trkpt lat="36.5135880" lon="-4.7683090">
    <ele>117.6</ele>
   </trkpt>
   <trkpt lat="36.5136150" lon="-4.7682490">
    <ele>118.2</ele>
   </trkpt>
   <trkpt lat="36.5136430" lon="-4.7681870">
    <ele>118.8</ele>
   </trkpt>
   <trkpt lat="36.5136660" lon="-4.7681260">
    <ele>119.4</ele>
   </trkpt>
   <trkpt lat="36.5136880" lon="-4.7680700">
    <ele>120.2</ele>
   </trkpt>
   <trkpt lat="36.5137080" lon="-4.7680070">
    <ele>121.0</ele>
   </trkpt>
   <trkpt lat="36.5137340" lon="-4.7679490">
    <ele>122.0</ele>
   </trkpt>
   <trkpt lat="36.5137580" lon="-4.7678900">
    <ele>122.6</ele>
   </trkpt>
   <trkpt lat="36.5137800" lon="-4.7678340">
    <ele>123.0</ele>
   </trkpt>
   <trkpt lat="36.5138070" lon="-4.7677800">
    <ele>123.6</ele>
   </trkpt>
   <trkpt lat="36.5138290" lon="-4.7677340">
    <ele>124.0</ele>
   </trkpt>
   <trkpt lat="36.5138620" lon="-4.7676750">
    <ele>124.4</ele>
   </trkpt>
   <trkpt lat="36.5138980" lon="-4.7676220">
    <ele>124.8</ele>
   </trkpt>
   <trkpt lat="36.5139380" lon="-4.7675820">
    <ele>125.4</ele>
   </trkpt>
   <trkpt lat="36.5139840" lon="-4.7675530">
    <ele>126.0</ele>
   </trkpt>
   <trkpt lat="36.5140390" lon="-4.7675310">
    <ele>126.8</ele>
   </trkpt>
   <trkpt lat="36.5140900" lon="-4.7675230">
    <ele>127.6</ele>
   </trkpt>
   <trkpt lat="36.5141430" lon="-4.7675220">
    <ele>128.4</ele>
   </trkpt>
   <trkpt lat="36.5142010" lon="-4.7675280">
    <ele>129.2</ele>
   </trkpt>
   <trkpt lat="36.5142570" lon="-4.7675380">
    <ele>130.0</ele>
   </trkpt>
   <trkpt lat="36.5143060" lon="-4.7675540">
    <ele>130.6</ele>
   </trkpt>
   <trkpt lat="36.5143590" lon="-4.7675810">
    <ele>131.2</ele>
   </trkpt>
   <trkpt lat="36.5144100" lon="-4.7676100">
    <ele>131.8</ele>
   </trkpt>
   <trkpt lat="36.5144610" lon="-4.7676390">
    <ele>132.4</ele>
   </trkpt>
   <trkpt lat="36.5145060" lon="-4.7676720">
    <ele>133.0</ele>
   </trkpt>
   <trkpt lat="36.5145420" lon="-4.7677100">
    <ele>133.6</ele>
   </trkpt>
   <trkpt lat="36.5145860" lon="-4.7677570">
    <ele>134.2</ele>
   </trkpt>
   <trkpt lat="36.5146340" lon="-4.7677970">
    <ele>134.6</ele>
   </trkpt>
   <trkpt lat="36.5146850" lon="-4.7678240">
    <ele>135.0</ele>
   </trkpt>
   <trkpt lat="36.5147340" lon="-4.7678420">
    <ele>135.4</ele>
   </trkpt>
   <trkpt lat="36.5147980" lon="-4.7678510">
    <ele>135.8</ele>
   </trkpt>
   <trkpt lat="36.5148570" lon="-4.7678460">
    <ele>136.0</ele>
   </trkpt>
   <trkpt lat="36.5149150" lon="-4.7678300">
    <ele>136.4</ele>
   </trkpt>
   <trkpt lat="36.5149710" lon="-4.7678050">
    <ele>136.8</ele>
   </trkpt>
   <trkpt lat="36.5150210" lon="-4.7677730">
    <ele>137.2</ele>
   </trkpt>
   <trkpt lat="36.5150750" lon="-4.7677420">
    <ele>137.8</ele>
   </trkpt>
   <trkpt lat="36.5151200" lon="-4.7677110">
    <ele>138.4</ele>
   </trkpt>
   <trkpt lat="36.5151680" lon="-4.7676740">
    <ele>139.0</ele>
   </trkpt>
   <trkpt lat="36.5152160" lon="-4.7676310">
    <ele>139.6</ele>
   </trkpt>
   <trkpt lat="36.5152660" lon="-4.7675900">
    <ele>140.2</ele>
   </trkpt>
   <trkpt lat="36.5153050" lon="-4.7675530">
    <ele>140.8</ele>
   </trkpt>
   <trkpt lat="36.5153540" lon="-4.7675050">
    <ele>141.6</ele>
   </trkpt>
   <trkpt lat="36.5154000" lon="-4.7674590">
    <ele>142.2</ele>
   </trkpt>
   <trkpt lat="36.5154480" lon="-4.7674130">
    <ele>142.6</ele>
   </trkpt>
   <trkpt lat="36.5154940" lon="-4.7673700">
    <ele>143.0</ele>
   </trkpt>
   <trkpt lat="36.5155390" lon="-4.7673270">
    <ele>143.2</ele>
   </trkpt>
   <trkpt lat="36.5155890" lon="-4.7672860">
    <ele>143.4</ele>
   </trkpt>
   <trkpt lat="36.5156400" lon="-4.7672440">
    <ele>143.4</ele>
   </trkpt>
   <trkpt lat="36.5156900" lon="-4.7672060">
    <ele>143.4</ele>
   </trkpt>
   <trkpt lat="36.5157420" lon="-4.7671700">
    <ele>143.6</ele>
   </trkpt>
   <trkpt lat="36.5157860" lon="-4.7671370">
    <ele>143.8</ele>
   </trkpt>
   <trkpt lat="36.5158420" lon="-4.7670870">
    <ele>144.0</ele>
   </trkpt>
   <trkpt lat="36.5158940" lon="-4.7670430">
    <ele>144.2</ele>
   </trkpt>
   <trkpt lat="36.5159450" lon="-4.7669930">
    <ele>144.4</ele>
   </trkpt>
   <trkpt lat="36.5159910" lon="-4.7669440">
    <ele>144.8</ele>
   </trkpt>
   <trkpt lat="36.5160350" lon="-4.7668940">
    <ele>145.4</ele>
   </trkpt>
   <trkpt lat="36.5160740" lon="-4.7668440">
    <ele>146.0</ele>
   </trkpt>
   <trkpt lat="36.5161140" lon="-4.7667890">
    <ele>146.6</ele>
   </trkpt>
   <trkpt lat="36.5161500" lon="-4.7667430">
    <ele>147.4</ele>
   </trkpt>
   <trkpt lat="36.5161840" lon="-4.7666940">
    <ele>148.2</ele>
   </trkpt>
   <trkpt lat="36.5162170" lon="-4.7666400">
    <ele>148.8</ele>
   </trkpt>
   <trkpt lat="36.5162470" lon="-4.7665910">
    <ele>149.6</ele>
   </trkpt>
   <trkpt lat="36.5162780" lon="-4.7665420">
    <ele>150.2</ele>
   </trkpt>
   <trkpt lat="36.5163100" lon="-4.7664920">
    <ele>150.6</ele>
   </trkpt>
   <trkpt lat="36.5163390" lon="-4.7664440">
    <ele>151.2</ele>
   </trkpt>
   <trkpt lat="36.5163700" lon="-4.7663920">
    <ele>151.8</ele>
   </trkpt>
   <trkpt lat="36.5164000" lon="-4.7663450">
    <ele>152.4</ele>
   </trkpt>
   <trkpt lat="36.5164330" lon="-4.7662970">
    <ele>153.2</ele>
   </trkpt>
   <trkpt lat="36.5164670" lon="-4.7662510">
    <ele>154.2</ele>
   </trkpt>
   <trkpt lat="36.5165070" lon="-4.7662050">
    <ele>155.0</ele>
   </trkpt>
   <trkpt lat="36.5165420" lon="-4.7661680">
    <ele>155.8</ele>
   </trkpt>
   <trkpt lat="36.5165840" lon="-4.7661320">
    <ele>156.6</ele>
   </trkpt>
   <trkpt lat="36.5166240" lon="-4.7660960">
    <ele>157.2</ele>
   </trkpt>
   <trkpt lat="36.5166680" lon="-4.7660680">
    <ele>158.0</ele>
   </trkpt>
   <trkpt lat="36.5167140" lon="-4.7660400">
    <ele>158.6</ele>
   </trkpt>
   <trkpt lat="36.5167590" lon="-4.7660150">
    <ele>159.2</ele>
   </trkpt>
   <trkpt lat="36.5168060" lon="-4.7659970">
    <ele>160.0</ele>
   </trkpt>
   <trkpt lat="36.5168500" lon="-4.7659840">
    <ele>160.8</ele>
   </trkpt>
   <trkpt lat="36.5168950" lon="-4.7659730">
    <ele>161.6</ele>
   </trkpt>
   <trkpt lat="36.5169350" lon="-4.7659650">
    <ele>162.4</ele>
   </trkpt>
   <trkpt lat="36.5169720" lon="-4.7659590">
    <ele>163.0</ele>
   </trkpt>
   <trkpt lat="36.5170220" lon="-4.7659520">
    <ele>163.6</ele>
   </trkpt>
   <trkpt lat="36.5170590" lon="-4.7659470">
    <ele>164.2</ele>
   </trkpt>
   <trkpt lat="36.5171010" lon="-4.7659410">
    <ele>164.8</ele>
   </trkpt>
   <trkpt lat="36.5171390" lon="-4.7659330">
    <ele>165.4</ele>
   </trkpt>
   <trkpt lat="36.5171770" lon="-4.7659240">
    <ele>166.2</ele>
   </trkpt>
   <trkpt lat="36.5172140" lon="-4.7659210">
    <ele>166.6</ele>
   </trkpt>
   <trkpt lat="36.5172540" lon="-4.7659180">
    <ele>167.0</ele>
   </trkpt>
   <trkpt lat="36.5172900" lon="-4.7659180">
    <ele>167.4</ele>
   </trkpt>
   <trkpt lat="36.5173320" lon="-4.7659170">
    <ele>167.8</ele>
   </trkpt>
   <trkpt lat="36.5173680" lon="-4.7659180">
    <ele>168.2</ele>
   </trkpt>
   <trkpt lat="36.5174070" lon="-4.7659200">
    <ele>168.8</ele>
   </trkpt>
   <trkpt lat="36.5174440" lon="-4.7659210">
    <ele>169.4</ele>
   </trkpt>
   <trkpt lat="36.5174800" lon="-4.7659260">
    <ele>170.0</ele>
   </trkpt>
   <trkpt lat="36.5175140" lon="-4.7659340">
    <ele>170.4</ele>
   </trkpt>
   <trkpt lat="36.5175480" lon="-4.7659410">
    <ele>171.0</ele>
   </trkpt>
   <trkpt lat="36.5175840" lon="-4.7659460">
    <ele>171.6</ele>
   </trkpt>
   <trkpt lat="36.5176180" lon="-4.7659520">
    <ele>172.2</ele>
   </trkpt>
   <trkpt lat="36.5176550" lon="-4.7659660">
    <ele>172.6</ele>
   </trkpt>
   <trkpt lat="36.5176860" lon="-4.7659780">
    <ele>173.2</ele>
   </trkpt>
   <trkpt lat="36.5177200" lon="-4.7659880">
    <ele>173.6</ele>
   </trkpt>
   <trkpt lat="36.5177540" lon="-4.7660000">
    <ele>174.0</ele>
   </trkpt>
   <trkpt lat="36.5177880" lon="-4.7660140">
    <ele>174.4</ele>
   </trkpt>
   <trkpt lat="36.5178220" lon="-4.7660270">
    <ele>175.0</ele>
   </trkpt>
   <trkpt lat="36.5178550" lon="-4.7660380">
    <ele>175.4</ele>
   </trkpt>
   <trkpt lat="36.5178920" lon="-4.7660510">
    <ele>176.0</ele>
   </trkpt>
   <trkpt lat="36.5179210" lon="-4.7660630">
    <ele>176.4</ele>
   </trkpt>
   <trkpt lat="36.5179600" lon="-4.7660750">
    <ele>177.0</ele>
   </trkpt>
   <trkpt lat="36.5179900" lon="-4.7660910">
    <ele>177.4</ele>
   </trkpt>
   <trkpt lat="36.5180230" lon="-4.7661060">
    <ele>178.0</ele>
   </trkpt>
   <trkpt lat="36.5180540" lon="-4.7661170">
    <ele>178.4</ele>
   </trkpt>
   <trkpt lat="36.5180920" lon="-4.7661270">
    <ele>179.0</ele>
   </trkpt>
   <trkpt lat="36.5181270" lon="-4.7661340">
    <ele>179.6</ele>
   </trkpt>
   <trkpt lat="36.5181650" lon="-4.7661380">
    <ele>180.2</ele>
   </trkpt>
   <trkpt lat="36.5182050" lon="-4.7661430">
    <ele>180.8</ele>
   </trkpt>
   <trkpt lat="36.5182430" lon="-4.7661460">
    <ele>181.4</ele>
   </trkpt>
   <trkpt lat="36.5182820" lon="-4.7661470">
    <ele>181.8</ele>
   </trkpt>
   <trkpt lat="36.5183180" lon="-4.7661450">
    <ele>182.4</ele>
   </trkpt>
   <trkpt lat="36.5183540" lon="-4.7661440">
    <ele>182.8</ele>
   </trkpt>
   <trkpt lat="36.5183900" lon="-4.7661390">
    <ele>183.2</ele>
   </trkpt>
   <trkpt lat="36.5184210" lon="-4.7661310">
    <ele>183.8</ele>
   </trkpt>
   <trkpt lat="36.5184610" lon="-4.7661180">
    <ele>184.2</ele>
   </trkpt>
   <trkpt lat="36.5185040" lon="-4.7661060">
    <ele>184.8</ele>
   </trkpt>
   <trkpt lat="36.5185480" lon="-4.7660970">
    <ele>185.4</ele>
   </trkpt>
   <trkpt lat="36.5185910" lon="-4.7660880">
    <ele>186.0</ele>
   </trkpt>
   <trkpt lat="36.5186310" lon="-4.7660820">
    <ele>186.8</ele>
   </trkpt>
   <trkpt lat="36.5186760" lon="-4.7660820">
    <ele>187.6</ele>
   </trkpt>
   <trkpt lat="36.5187180" lon="-4.7660860">
    <ele>188.6</ele>
   </trkpt>
   <trkpt lat="36.5187600" lon="-4.7660930">
    <ele>189.6</ele>
   </trkpt>
   <trkpt lat="36.5188020" lon="-4.7660980">
    <ele>190.4</ele>
   </trkpt>
   <trkpt lat="36.5188430" lon="-4.7661080">
    <ele>191.0</ele>
   </trkpt>
   <trkpt lat="36.5188830" lon="-4.7661270">
    <ele>191.6</ele>
   </trkpt>
   <trkpt lat="36.5189200" lon="-4.7661490">
    <ele>192.2</ele>
   </trkpt>
   <trkpt lat="36.5189580" lon="-4.7661720">
    <ele>192.6</ele>
   </trkpt>
   <trkpt lat="36.5190000" lon="-4.7661950">
    <ele>193.0</ele>
   </trkpt>
   <trkpt lat="36.5190400" lon="-4.7662150">
    <ele>193.4</ele>
   </trkpt>
   <trkpt lat="36.5190780" lon="-4.7662330">
    <ele>194.0</ele>
   </trkpt>
   <trkpt lat="36.5191190" lon="-4.7662550">
    <ele>194.4</ele>
   </trkpt>
   <trkpt lat="36.5191600" lon="-4.7662710">
    <ele>195.0</ele>
   </trkpt>
   <trkpt lat="36.5192060" lon="-4.7662810">
    <ele>195.6</ele>
   </trkpt>
   <trkpt lat="36.5192510" lon="-4.7662830">
    <ele>196.2</ele>
   </trkpt>
   <trkpt lat="36.5193030" lon="-4.7662760">
    <ele>196.6</ele>
   </trkpt>
   <trkpt lat="36.5193460" lon="-4.7662560">
    <ele>197.2</ele>
   </trkpt>
   <trkpt lat="36.5193860" lon="-4.7662230">
    <ele>197.6</ele>
   </trkpt>
   <trkpt lat="36.5194200" lon="-4.7661860">
    <ele>198.2</ele>
   </trkpt>
   <trkpt lat="36.5194450" lon="-4.7661440">
    <ele>198.8</ele>
   </trkpt>
   <trkpt lat="36.5194670" lon="-4.7661000">
    <ele>199.6</ele>
   </trkpt>
   <trkpt lat="36.5194880" lon="-4.7660570">
    <ele>200.2</ele>
   </trkpt>
   <trkpt lat="36.5195060" lon="-4.7660150">
    <ele>200.8</ele>
   </trkpt>
   <trkpt lat="36.5195250" lon="-4.7659700">
    <ele>201.6</ele>
   </trkpt>
   <trkpt lat="36.5195420" lon="-4.7659310">
    <ele>202.2</ele>
   </trkpt>
   <trkpt lat="36.5195660" lon="-4.7658870">
    <ele>203.0</ele>
   </trkpt>
   <trkpt lat="36.5195940" lon="-4.7658450">
    <ele>203.8</ele>
   </trkpt>
   <trkpt lat="36.5196210" lon="-4.7658080">
    <ele>204.6</ele>
   </trkpt>
   <trkpt lat="36.5196500" lon="-4.7657740">
    <ele>205.2</ele>
   </trkpt>
   <trkpt lat="36.5196810" lon="-4.7657440">
    <ele>205.8</ele>
   </trkpt>
   <trkpt lat="36.5197140" lon="-4.7657220">
    <ele>206.6</ele>
   </trkpt>
   <trkpt lat="36.5197470" lon="-4.7657060">
    <ele>207.4</ele>
   </trkpt>
   <trkpt lat="36.5197870" lon="-4.7656970">
    <ele>208.2</ele>
   </trkpt>
   <trkpt lat="36.5198240" lon="-4.7656920">
    <ele>209.0</ele>
   </trkpt>
   <trkpt lat="36.5198550" lon="-4.7656890">
    <ele>209.6</ele>
   </trkpt>
   <trkpt lat="36.5198940" lon="-4.7656900">
    <ele>210.2</ele>
   </trkpt>
   <trkpt lat="36.5199280" lon="-4.7656900">
    <ele>210.8</ele>
   </trkpt>
   <trkpt lat="36.5199590" lon="-4.7656900">
    <ele>211.4</ele>
   </trkpt>
   <trkpt lat="36.5199930" lon="-4.7656920">
    <ele>212.0</ele>
   </trkpt>
   <trkpt lat="36.5200210" lon="-4.7656930">
    <ele>212.6</ele>
   </trkpt>
   <trkpt lat="36.5200500" lon="-4.7656900">
    <ele>213.2</ele>
   </trkpt>
   <trkpt lat="36.5200780" lon="-4.7656820">
    <ele>213.8</ele>
   </trkpt>
   <trkpt lat="36.5201040" lon="-4.7656760">
    <ele>214.4</ele>
   </trkpt>
   <trkpt lat="36.5201270" lon="-4.7656680">
    <ele>215.0</ele>
   </trkpt>
   <trkpt lat="36.5201540" lon="-4.7656600">
    <ele>215.6</ele>
   </trkpt>
   <trkpt lat="36.5201800" lon="-4.7656530">
    <ele>216.2</ele>
   </trkpt>
   <trkpt lat="36.5202030" lon="-4.7656440">
    <ele>216.8</ele>
   </trkpt>
   <trkpt lat="36.5202270" lon="-4.7656300">
    <ele>217.4</ele>
   </trkpt>
   <trkpt lat="36.5202460" lon="-4.7656160">
    <ele>218.0</ele>
   </trkpt>
   <trkpt lat="36.5202710" lon="-4.7656040">
    <ele>218.6</ele>
   </trkpt>
   <trkpt lat="36.5202950" lon="-4.7655990">
    <ele>219.0</ele>
   </trkpt>
   <trkpt lat="36.5203220" lon="-4.7656000">
    <ele>219.6</ele>
   </trkpt>
   <trkpt lat="36.5203440" lon="-4.7656000">
    <ele>220.0</ele>
   </trkpt>
   <trkpt lat="36.5203670" lon="-4.7656030">
    <ele>220.4</ele>
   </trkpt>
   <trkpt lat="36.5203900" lon="-4.7656100">
    <ele>220.8</ele>
   </trkpt>
   <trkpt lat="36.5204200" lon="-4.7656190">
    <ele>221.2</ele>
   </trkpt>
   <trkpt lat="36.5204450" lon="-4.7656340">
    <ele>221.6</ele>
   </trkpt>
   <trkpt lat="36.5204710" lon="-4.7656520">
    <ele>222.2</ele>
   </trkpt>
   <trkpt lat="36.5204980" lon="-4.7656730">
    <ele>222.6</ele>
   </trkpt>
   <trkpt lat="36.5205240" lon="-4.7656960">
    <ele>223.2</ele>
   </trkpt>
   <trkpt lat="36.5205550" lon="-4.7657230">
    <ele>223.6</ele>
   </trkpt>
   <trkpt lat="36.5205790" lon="-4.7657450">
    <ele>223.8</ele>
   </trkpt>
   <trkpt lat="36.5206070" lon="-4.7657700">
    <ele>224.2</ele>
   </trkpt>
   <trkpt lat="36.5206380" lon="-4.7657960">
    <ele>224.6</ele>
   </trkpt>
   <trkpt lat="36.5206650" lon="-4.7658190">
    <ele>224.8</ele>
   </trkpt>
   <trkpt lat="36.5207050" lon="-4.7658440">
    <ele>225.2</ele>
   </trkpt>
   <trkpt lat="36.5207450" lon="-4.7658660">
    <ele>225.8</ele>
   </trkpt>
   <trkpt lat="36.5207800" lon="-4.7658880">
    <ele>226.4</ele>
   </trkpt>
   <trkpt lat="36.5208130" lon="-4.7659080">
    <ele>226.8</ele>
   </trkpt>
   <trkpt lat="36.5208440" lon="-4.7659280">
    <ele>227.4</ele>
   </trkpt>
   <trkpt lat="36.5208770" lon="-4.7659480">
    <ele>228.2</ele>
   </trkpt>
   <trkpt lat="36.5209100" lon="-4.7659730">
    <ele>228.8</ele>
   </trkpt>
   <trkpt lat="36.5209400" lon="-4.7660020">
    <ele>229.4</ele>
   </trkpt>
   <trkpt lat="36.5209700" lon="-4.7660360">
    <ele>230.0</ele>
   </trkpt>
   <trkpt lat="36.5209970" lon="-4.7660710">
    <ele>230.6</ele>
   </trkpt>
   <trkpt lat="36.5210290" lon="-4.7661080">
    <ele>231.2</ele>
   </trkpt>
   <trkpt lat="36.5210500" lon="-4.7661470">
    <ele>231.6</ele>
   </trkpt>
   <trkpt lat="36.5210740" lon="-4.7661940">
    <ele>232.2</ele>
   </trkpt>
   <trkpt lat="36.5210970" lon="-4.7662400">
    <ele>232.6</ele>
   </trkpt>
   <trkpt lat="36.5211220" lon="-4.7662830">
    <ele>233.0</ele>
   </trkpt>
   <trkpt lat="36.5211480" lon="-4.7663260">
    <ele>233.4</ele>
   </trkpt>
   <trkpt lat="36.5211730" lon="-4.7663740">
    <ele>234.0</ele>
   </trkpt>
   <trkpt lat="36.5211960" lon="-4.7664200">
    <ele>234.4</ele>
   </trkpt>
   <trkpt lat="36.5212180" lon="-4.7664670">
    <ele>234.8</ele>
   </trkpt>
   <trkpt lat="36.5212380" lon="-4.7665170">
    <ele>235.4</ele>
   </trkpt>
   <trkpt lat="36.5212610" lon="-4.7665660">
    <ele>236.0</ele>
   </trkpt>
   <trkpt lat="36.5212870" lon="-4.7666120">
    <ele>236.8</ele>
   </trkpt>
   <trkpt lat="36.5213110" lon="-4.7666650">
    <ele>237.6</ele>
   </trkpt>
   <trkpt lat="36.5213330" lon="-4.7667150">
    <ele>238.2</ele>
   </trkpt>
   <trkpt lat="36.5213570" lon="-4.7667710">
    <ele>238.6</ele>
   </trkpt>
   <trkpt lat="36.5213820" lon="-4.7668210">
    <ele>239.0</ele>
   </trkpt>
   <trkpt lat="36.5214130" lon="-4.7668790">
    <ele>239.6</ele>
   </trkpt>
   <trkpt lat="36.5214460" lon="-4.7669320">
    <ele>240.0</ele>
   </trkpt>
   <trkpt lat="36.5214860" lon="-4.7669840">
    <ele>240.4</ele>
   </trkpt>
   <trkpt lat="36.5215290" lon="-4.7670160">
    <ele>240.8</ele>
   </trkpt>
   <trkpt lat="36.5215900" lon="-4.7670490">
    <ele>241.4</ele>
   </trkpt>
   <trkpt lat="36.5216490" lon="-4.7670680">
    <ele>241.8</ele>
   </trkpt>
   <trkpt lat="36.5217110" lon="-4.7670780">
    <ele>242.2</ele>
   </trkpt>
   <trkpt lat="36.5217740" lon="-4.7670750">
    <ele>242.6</ele>
   </trkpt>
   <trkpt lat="36.5218420" lon="-4.7670530">
    <ele>243.0</ele>
   </trkpt>
   <trkpt lat="36.5218980" lon="-4.7670130">
    <ele>243.8</ele>
   </trkpt>
   <trkpt lat="36.5219530" lon="-4.7669580">
    <ele>244.6</ele>
   </trkpt>
   <trkpt lat="36.5220020" lon="-4.7669010">
    <ele>245.4</ele>
   </trkpt>
   <trkpt lat="36.5220630" lon="-4.7668550">
    <ele>246.2</ele>
   </trkpt>
   <trkpt lat="36.5221130" lon="-4.7668260">
    <ele>246.8</ele>
   </trkpt>
   <trkpt lat="36.5221810" lon="-4.7668000">
    <ele>247.6</ele>
   </trkpt>
   <trkpt lat="36.5222370" lon="-4.7667910">
    <ele>248.4</ele>
   </trkpt>
   <trkpt lat="36.5222990" lon="-4.7667930">
    <ele>249.2</ele>
   </trkpt>
   <trkpt lat="36.5223540" lon="-4.7668020">
    <ele>249.6</ele>
   </trkpt>
   <trkpt lat="36.5224110" lon="-4.7668120">
    <ele>250.0</ele>
   </trkpt>
   <trkpt lat="36.5224620" lon="-4.7668220">
    <ele>250.4</ele>
   </trkpt>
   <trkpt lat="36.5225150" lon="-4.7668330">
    <ele>250.6</ele>
   </trkpt>
   <trkpt lat="36.5225580" lon="-4.7668410">
    <ele>251.0</ele>
   </trkpt>
   <trkpt lat="36.5226080" lon="-4.7668490">
    <ele>251.6</ele>
   </trkpt>
   <trkpt lat="36.5226510" lon="-4.7668590">
    <ele>252.4</ele>
   </trkpt>
   <trkpt lat="36.5226990" lon="-4.7668700">
    <ele>253.4</ele>
   </trkpt>
   <trkpt lat="36.5227470" lon="-4.7668780">
    <ele>254.4</ele>
   </trkpt>
   <trkpt lat="36.5227950" lon="-4.7668720">
    <ele>255.2</ele>
   </trkpt>
   <trkpt lat="36.5228420" lon="-4.7668580">
    <ele>256.0</ele>
   </trkpt>
   <trkpt lat="36.5228890" lon="-4.7668370">
    <ele>256.6</ele>
   </trkpt>
   <trkpt lat="36.5229290" lon="-4.7668120">
    <ele>257.4</ele>
   </trkpt>
   <trkpt lat="36.5229650" lon="-4.7667800">
    <ele>257.8</ele>
   </trkpt>
   <trkpt lat="36.5229990" lon="-4.7667500">
    <ele>258.2</ele>
   </trkpt>
   <trkpt lat="36.5230270" lon="-4.7667180">
    <ele>258.6</ele>
   </trkpt>
   <trkpt lat="36.5230460" lon="-4.7666890">
    <ele>259.2</ele>
   </trkpt>
   <trkpt lat="36.5230690" lon="-4.7666450">
    <ele>259.6</ele>
   </trkpt>
   <trkpt lat="36.5230850" lon="-4.7666070">
    <ele>260.2</ele>
   </trkpt>
   <trkpt lat="36.5231040" lon="-4.7665650">
    <ele>260.6</ele>
   </trkpt>
   <trkpt lat="36.5231190" lon="-4.7665220">
    <ele>261.2</ele>
   </trkpt>
   <trkpt lat="36.5231350" lon="-4.7664780">
    <ele>262.0</ele>
   </trkpt>
   <trkpt lat="36.5231530" lon="-4.7664370">
    <ele>262.6</ele>
   </trkpt>
   <trkpt lat="36.5231700" lon="-4.7663910">
    <ele>263.2</ele>
   </trkpt>
   <trkpt lat="36.5231880" lon="-4.7663490">
    <ele>263.6</ele>
   </trkpt>
   <trkpt lat="36.5232060" lon="-4.7663110">
    <ele>264.0</ele>
   </trkpt>
   <trkpt lat="36.5232280" lon="-4.7662730">
    <ele>264.4</ele>
   </trkpt>
   <trkpt lat="36.5232630" lon="-4.7662160">
    <ele>264.8</ele>
   </trkpt>
   <trkpt lat="36.5232960" lon="-4.7661700">
    <ele>265.2</ele>
   </trkpt>
   <trkpt lat="36.5233390" lon="-4.7661250">
    <ele>265.6</ele>
   </trkpt>
   <trkpt lat="36.5233830" lon="-4.7660880">
    <ele>266.0</ele>
   </trkpt>
   <trkpt lat="36.5234260" lon="-4.7660450">
    <ele>266.4</ele>
   </trkpt>
   <trkpt lat="36.5234670" lon="-4.7660010">
    <ele>267.0</ele>
   </trkpt>
   <trkpt lat="36.5235150" lon="-4.7659560">
    <ele>267.8</ele>
   </trkpt>
   <trkpt lat="36.5235580" lon="-4.7659150">
    <ele>268.4</ele>
   </trkpt>
   <trkpt lat="36.5236050" lon="-4.7658720">
    <ele>269.2</ele>
   </trkpt>
   <trkpt lat="36.5236470" lon="-4.7658290">
    <ele>269.8</ele>
   </trkpt>
   <trkpt lat="36.5236930" lon="-4.7657840">
    <ele>270.2</ele>
   </trkpt>
   <trkpt lat="36.5237310" lon="-4.7657370">
    <ele>271.0</ele>
   </trkpt>
   <trkpt lat="36.5237710" lon="-4.7656860">
    <ele>271.6</ele>
   </trkpt>
   <trkpt lat="36.5238030" lon="-4.7656410">
    <ele>272.2</ele>
   </trkpt>
   <trkpt lat="36.5238430" lon="-4.7655940">
    <ele>272.8</ele>
   </trkpt>
   <trkpt lat="36.5238780" lon="-4.7655500">
    <ele>273.6</ele>
   </trkpt>
   <trkpt lat="36.5239170" lon="-4.7655020">
    <ele>274.2</ele>
   </trkpt>
   <trkpt lat="36.5239590" lon="-4.7654550">
    <ele>274.8</ele>
   </trkpt>
   <trkpt lat="36.5239940" lon="-4.7654090">
    <ele>275.4</ele>
   </trkpt>
   <trkpt lat="36.5240300" lon="-4.7653610">
    <ele>276.0</ele>
   </trkpt>
   <trkpt lat="36.5240670" lon="-4.7653080">
    <ele>276.8</ele>
   </trkpt>
   <trkpt lat="36.5241010" lon="-4.7652550">
    <ele>277.4</ele>
   </trkpt>
   <trkpt lat="36.5241290" lon="-4.7651960">
    <ele>278.0</ele>
   </trkpt>
   <trkpt lat="36.5241490" lon="-4.7651370">
    <ele>278.6</ele>
   </trkpt>
   <trkpt lat="36.5241650" lon="-4.7650700">
    <ele>279.2</ele>
   </trkpt>
   <trkpt lat="36.5241690" lon="-4.7650080">
    <ele>279.8</ele>
   </trkpt>
   <trkpt lat="36.5241700" lon="-4.7649380">
    <ele>280.6</ele>
   </trkpt>
   <trkpt lat="36.5241600" lon="-4.7648780">
    <ele>281.2</ele>
   </trkpt>
   <trkpt lat="36.5241350" lon="-4.7648170">
    <ele>281.8</ele>
   </trkpt>
   <trkpt lat="36.5240940" lon="-4.7647600">
    <ele>282.2</ele>
   </trkpt>
   <trkpt lat="36.5240510" lon="-4.7647100">
    <ele>282.8</ele>
   </trkpt>
   <trkpt lat="36.5240080" lon="-4.7646660">
    <ele>283.2</ele>
   </trkpt>
   <trkpt lat="36.5239640" lon="-4.7646110">
    <ele>283.8</ele>
   </trkpt>
   <trkpt lat="36.5239230" lon="-4.7645570">
    <ele>284.2</ele>
   </trkpt>
   <trkpt lat="36.5238830" lon="-4.7645030">
    <ele>284.8</ele>
   </trkpt>
   <trkpt lat="36.5238420" lon="-4.7644430">
    <ele>285.2</ele>
   </trkpt>
   <trkpt lat="36.5238150" lon="-4.7643710">
    <ele>285.8</ele>
   </trkpt>
   <trkpt lat="36.5237920" lon="-4.7642960">
    <ele>286.4</ele>
   </trkpt>
   <trkpt lat="36.5237880" lon="-4.7642170">
    <ele>287.0</ele>
   </trkpt>
   <trkpt lat="36.5238010" lon="-4.7641470">
    <ele>287.8</ele>
   </trkpt>
   <trkpt lat="36.5238310" lon="-4.7640840">
    <ele>288.6</ele>
   </trkpt>
   <trkpt lat="36.5238640" lon="-4.7640330">
    <ele>289.2</ele>
   </trkpt>
   <trkpt lat="36.5239110" lon="-4.7639910">
    <ele>289.8</ele>
   </trkpt>
   <trkpt lat="36.5239540" lon="-4.7639660">
    <ele>290.2</ele>
   </trkpt>
   <trkpt lat="36.5240100" lon="-4.7639490">
    <ele>290.8</ele>
   </trkpt>
   <trkpt lat="36.5240570" lon="-4.7639480">
    <ele>291.4</ele>
   </trkpt>
   <trkpt lat="36.5241090" lon="-4.7639580">
    <ele>292.0</ele>
   </trkpt>
   <trkpt lat="36.5241540" lon="-4.7639730">
    <ele>292.4</ele>
   </trkpt>
   <trkpt lat="36.5241990" lon="-4.7639930">
    <ele>293.0</ele>
   </trkpt>
   <trkpt lat="36.5242440" lon="-4.7640170">
    <ele>293.4</ele>
   </trkpt>
   <trkpt lat="36.5242960" lon="-4.7640430">
    <ele>293.8</ele>
   </trkpt>
   <trkpt lat="36.5243430" lon="-4.7640650">
    <ele>294.4</ele>
   </trkpt>
   <trkpt lat="36.5243970" lon="-4.7640860">
    <ele>294.8</ele>
   </trkpt>
   <trkpt lat="36.5244550" lon="-4.7640870">
    <ele>295.4</ele>
   </trkpt>
   <trkpt lat="36.5245100" lon="-4.7640620">
    <ele>295.8</ele>
   </trkpt>
   <trkpt lat="36.5245540" lon="-4.7640240">
    <ele>296.4</ele>
   </trkpt>
   <trkpt lat="36.5245950" lon="-4.7639790">
    <ele>296.8</ele>
   </trkpt>
   <trkpt lat="36.5246320" lon="-4.7639340">
    <ele>297.4</ele>
   </trkpt>
   <trkpt lat="36.5246670" lon="-4.7638890">
    <ele>298.0</ele>
   </trkpt>
   <trkpt lat="36.5247040" lon="-4.7638480">
    <ele>298.6</ele>
   </trkpt>
   <trkpt lat="36.5247460" lon="-4.7638110">
    <ele>299.2</ele>
   </trkpt>
   <trkpt lat="36.5247900" lon="-4.7637820">
    <ele>299.8</ele>
   </trkpt>
   <trkpt lat="36.5248380" lon="-4.7637560">
    <ele>300.4</ele>
   </trkpt>
   <trkpt lat="36.5248820" lon="-4.7637370">
    <ele>301.0</ele>
   </trkpt>
   <trkpt lat="36.5249330" lon="-4.7637150">
    <ele>301.6</ele>
   </trkpt>
   <trkpt lat="36.5249770" lon="-4.7636930">
    <ele>302.2</ele>
   </trkpt>
   <trkpt lat="36.5250250" lon="-4.7636700">
    <ele>303.0</ele>
   </trkpt>
   <trkpt lat="36.5250720" lon="-4.7636480">
    <ele>303.6</ele>
   </trkpt>
   <trkpt lat="36.5251150" lon="-4.7636270">
    <ele>304.4</ele>
   </trkpt>
   <trkpt lat="36.5251580" lon="-4.7636070">
    <ele>305.2</ele>
   </trkpt>
   <trkpt lat="36.5251850" lon="-4.7635890">
    <ele>305.8</ele>
   </trkpt>
   <trkpt lat="36.5252130" lon="-4.7635710">
    <ele>306.6</ele>
   </trkpt>
   <trkpt lat="36.5252370" lon="-4.7635560">
    <ele>307.0</ele>
   </trkpt>
   <trkpt lat="36.5252550" lon="-4.7635380">
    <ele>307.6</ele>
   </trkpt>
   <trkpt lat="36.5252780" lon="-4.7635190">
    <ele>308.2</ele>
   </trkpt>
   <trkpt lat="36.5253040" lon="-4.7635020">
    <ele>308.4</ele>
   </trkpt>
   <trkpt lat="36.5253270" lon="-4.7634850">
    <ele>308.6</ele>
   </trkpt>
   <trkpt lat="36.5253540" lon="-4.7634650">
    <ele>308.8</ele>
   </trkpt>
   <trkpt lat="36.5253730" lon="-4.7634410">
    <ele>309.0</ele>
   </trkpt>
   <trkpt lat="36.5253920" lon="-4.7634160">
    <ele>309.2</ele>
   </trkpt>
   <trkpt lat="36.5254160" lon="-4.7633930">
    <ele>309.4</ele>
   </trkpt>
   <trkpt lat="36.5254380" lon="-4.7633750">
    <ele>309.8</ele>
   </trkpt>
   <trkpt lat="36.5254580" lon="-4.7633520">
    <ele>310.0</ele>
   </trkpt>
   <trkpt lat="36.5254730" lon="-4.7633210">
    <ele>310.2</ele>
   </trkpt>
   <trkpt lat="36.5254890" lon="-4.7632880">
    <ele>310.4</ele>
   </trkpt>
   <trkpt lat="36.5255030" lon="-4.7632620">
    <ele>310.6</ele>
   </trkpt>
   <trkpt lat="36.5255260" lon="-4.7632340">
    <ele>311.0</ele>
   </trkpt>
   <trkpt lat="36.5255450" lon="-4.7632070">
    <ele>311.4</ele>
   </trkpt>
   <trkpt lat="36.5255670" lon="-4.7631770">
    <ele>311.6</ele>
   </trkpt>
   <trkpt lat="36.5255930" lon="-4.7631490">
    <ele>311.8</ele>
   </trkpt>
   <trkpt lat="36.5256210" lon="-4.7631190">
    <ele>312.2</ele>
   </trkpt>
   <trkpt lat="36.5256470" lon="-4.7630920">
    <ele>312.6</ele>
   </trkpt>
   <trkpt lat="36.5256740" lon="-4.7630590">
    <ele>313.0</ele>
   </trkpt>
   <trkpt lat="36.5257010" lon="-4.7630250">
    <ele>313.4</ele>
   </trkpt>
   <trkpt lat="36.5257280" lon="-4.7629930">
    <ele>313.6</ele>
   </trkpt>
   <trkpt lat="36.5257570" lon="-4.7629670">
    <ele>314.0</ele>
   </trkpt>
   <trkpt lat="36.5257890" lon="-4.7629400">
    <ele>314.4</ele>
   </trkpt>
   <trkpt lat="36.5258150" lon="-4.7629180">
    <ele>314.6</ele>
   </trkpt>
   <trkpt lat="36.5258420" lon="-4.7628910">
    <ele>315.0</ele>
   </trkpt>
   <trkpt lat="36.5258690" lon="-4.7628660">
    <ele>315.4</ele>
   </trkpt>
   <trkpt lat="36.5258990" lon="-4.7628480">
    <ele>315.6</ele>
   </trkpt>
   <trkpt lat="36.5259330" lon="-4.7628340">
    <ele>316.0</ele>
   </trkpt>
   <trkpt lat="36.5259680" lon="-4.7628210">
    <ele>316.4</ele>
   </trkpt>
   <trkpt lat="36.5260040" lon="-4.7628110">
    <ele>316.8</ele>
   </trkpt>
   <trkpt lat="36.5260430" lon="-4.7628000">
    <ele>317.2</ele>
   </trkpt>
   <trkpt lat="36.5260800" lon="-4.7627880">
    <ele>317.6</ele>
   </trkpt>
   <trkpt lat="36.5261150" lon="-4.7627790">
    <ele>318.0</ele>
   </trkpt>
   <trkpt lat="36.5261530" lon="-4.7627710">
    <ele>318.6</ele>
   </trkpt>
   <trkpt lat="36.5261920" lon="-4.7627640">
    <ele>319.0</ele>
   </trkpt>
   <trkpt lat="36.5262310" lon="-4.7627570">
    <ele>319.6</ele>
   </trkpt>
   <trkpt lat="36.5262690" lon="-4.7627510">
    <ele>320.0</ele>
   </trkpt>
   <trkpt lat="36.5263040" lon="-4.7627400">
    <ele>320.4</ele>
   </trkpt>
   <trkpt lat="36.5263390" lon="-4.7627300">
    <ele>320.6</ele>
   </trkpt>
   <trkpt lat="36.5263770" lon="-4.7627190">
    <ele>321.0</ele>
   </trkpt>
   <trkpt lat="36.5264180" lon="-4.7627110">
    <ele>321.4</ele>
   </trkpt>
   <trkpt lat="36.5264530" lon="-4.7627050">
    <ele>321.8</ele>
   </trkpt>
   <trkpt lat="36.5264940" lon="-4.7626990">
    <ele>322.2</ele>
   </trkpt>
   <trkpt lat="36.5265290" lon="-4.7626930">
    <ele>322.6</ele>
   </trkpt>
   <trkpt lat="36.5265690" lon="-4.7626870">
    <ele>323.0</ele>
   </trkpt>
   <trkpt lat="36.5266080" lon="-4.7626870">
    <ele>323.4</ele>
   </trkpt>
   <trkpt lat="36.5266500" lon="-4.7626850">
    <ele>323.6</ele>
   </trkpt>
   <trkpt lat="36.5266850" lon="-4.7626850">
    <ele>324.0</ele>
   </trkpt>
   <trkpt lat="36.5267290" lon="-4.7626860">
    <ele>324.2</ele>
   </trkpt>
   <trkpt lat="36.5267650" lon="-4.7626890">
    <ele>324.6</ele>
   </trkpt>
   <trkpt lat="36.5268060" lon="-4.7626960">
    <ele>324.8</ele>
   </trkpt>
   <trkpt lat="36.5268480" lon="-4.7626990">
    <ele>325.2</ele>
   </trkpt>
   <trkpt lat="36.5268950" lon="-4.7627000">
    <ele>325.4</ele>
   </trkpt>
   <trkpt lat="36.5269360" lon="-4.7626960">
    <ele>325.8</ele>
   </trkpt>
   <trkpt lat="36.5269810" lon="-4.7626840">
    <ele>326.0</ele>
   </trkpt>
   <trkpt lat="36.5270300" lon="-4.7626560">
    <ele>326.4</ele>
   </trkpt>
   <trkpt lat="36.5270630" lon="-4.7626150">
    <ele>326.6</ele>
   </trkpt>
   <trkpt lat="36.5270860" lon="-4.7625640">
    <ele>327.0</ele>
   </trkpt>
   <trkpt lat="36.5270990" lon="-4.7625050">
    <ele>327.4</ele>
   </trkpt>
   <trkpt lat="36.5271030" lon="-4.7624550">
    <ele>327.6</ele>
   </trkpt>
   <trkpt lat="36.5271030" lon="-4.7624000">
    <ele>328.0</ele>
   </trkpt>
   <trkpt lat="36.5271030" lon="-4.7623450">
    <ele>328.4</ele>
   </trkpt>
   <trkpt lat="36.5270930" lon="-4.7622850">
    <ele>328.8</ele>
   </trkpt>
   <trkpt lat="36.5270890" lon="-4.7622370">
    <ele>329.2</ele>
   </trkpt>
   <trkpt lat="36.5270780" lon="-4.7621810">
    <ele>329.6</ele>
   </trkpt>
   <trkpt lat="36.5270640" lon="-4.7621290">
    <ele>329.8</ele>
   </trkpt>
   <trkpt lat="36.5270470" lon="-4.7620690">
    <ele>330.2</ele>
   </trkpt>
   <trkpt lat="36.5270360" lon="-4.7620150">
    <ele>330.6</ele>
   </trkpt>
   <trkpt lat="36.5270250" lon="-4.7619650">
    <ele>330.8</ele>
   </trkpt>
   <trkpt lat="36.5270110" lon="-4.7619100">
    <ele>331.2</ele>
   </trkpt>
   <trkpt lat="36.5269940" lon="-4.7618490">
    <ele>331.4</ele>
   </trkpt>
   <trkpt lat="36.5269830" lon="-4.7618010">
    <ele>331.8</ele>
   </trkpt>
   <trkpt lat="36.5269710" lon="-4.7617430">
    <ele>332.0</ele>
   </trkpt>
   <trkpt lat="36.5269660" lon="-4.7616880">
    <ele>332.4</ele>
   </trkpt>
   <trkpt lat="36.5269690" lon="-4.7616390">
    <ele>332.8</ele>
   </trkpt>
   <trkpt lat="36.5269760" lon="-4.7615890">
    <ele>333.2</ele>
   </trkpt>
   <trkpt lat="36.5269920" lon="-4.7615390">
    <ele>333.6</ele>
   </trkpt>
   <trkpt lat="36.5270120" lon="-4.7615000">
    <ele>334.0</ele>
   </trkpt>
   <trkpt lat="36.5270360" lon="-4.7614600">
    <ele>334.4</ele>
   </trkpt>
   <trkpt lat="36.5270640" lon="-4.7614330">
    <ele>334.8</ele>
   </trkpt>
   <trkpt lat="36.5271000" lon="-4.7614120">
    <ele>335.2</ele>
   </trkpt>
   <trkpt lat="36.5271360" lon="-4.7613970">
    <ele>335.4</ele>
   </trkpt>
   <trkpt lat="36.5271770" lon="-4.7613860">
    <ele>335.8</ele>
   </trkpt>
   <trkpt lat="36.5272120" lon="-4.7613750">
    <ele>336.2</ele>
   </trkpt>
   <trkpt lat="36.5272520" lon="-4.7613660">
    <ele>336.6</ele>
   </trkpt>
   <trkpt lat="36.5272910" lon="-4.7613560">
    <ele>337.0</ele>
   </trkpt>
   <trkpt lat="36.5273260" lon="-4.7613480">
    <ele>337.6</ele>
   </trkpt>
   <trkpt lat="36.5273670" lon="-4.7613410">
    <ele>338.0</ele>
   </trkpt>
   <trkpt lat="36.5274090" lon="-4.7613320">
    <ele>338.6</ele>
   </trkpt>
   <trkpt lat="36.5274440" lon="-4.7613230">
    <ele>339.2</ele>
   </trkpt>
   <trkpt lat="36.5274810" lon="-4.7613120">
    <ele>339.8</ele>
   </trkpt>
   <trkpt lat="36.5275220" lon="-4.7612990">
    <ele>340.6</ele>
   </trkpt>
   <trkpt lat="36.5275610" lon="-4.7612820">
    <ele>341.2</ele>
   </trkpt>
   <trkpt lat="36.5275950" lon="-4.7612640">
    <ele>341.8</ele>
   </trkpt>
   <trkpt lat="36.5276310" lon="-4.7612430">
    <ele>342.4</ele>
   </trkpt>
   <trkpt lat="36.5276640" lon="-4.7612200">
    <ele>343.0</ele>
   </trkpt>
   <trkpt lat="36.5276960" lon="-4.7611910">
    <ele>343.6</ele>
   </trkpt>
   <trkpt lat="36.5277230" lon="-4.7611590">
    <ele>344.2</ele>
   </trkpt>
   <trkpt lat="36.5277460" lon="-4.7611220">
    <ele>344.8</ele>
   </trkpt>
   <trkpt lat="36.5277650" lon="-4.7610770">
    <ele>345.2</ele>
   </trkpt>
   <trkpt lat="36.5277820" lon="-4.7610260">
    <ele>345.8</ele>
   </trkpt>
   <trkpt lat="36.5277930" lon="-4.7609800">
    <ele>346.2</ele>
   </trkpt>
   <trkpt lat="36.5278040" lon="-4.7609290">
    <ele>346.6</ele>
   </trkpt>
   <trkpt lat="36.5278190" lon="-4.7608790">
    <ele>347.0</ele>
   </trkpt>
   <trkpt lat="36.5278310" lon="-4.7608290">
    <ele>347.4</ele>
   </trkpt>
   <trkpt lat="36.5278440" lon="-4.7607790">
    <ele>347.6</ele>
   </trkpt>
   <trkpt lat="36.5278610" lon="-4.7607260">
    <ele>348.0</ele>
   </trkpt>
   <trkpt lat="36.5278780" lon="-4.7606720">
    <ele>348.2</ele>
   </trkpt>
   <trkpt lat="36.5279060" lon="-4.7606150">
    <ele>348.4</ele>
   </trkpt>
   <trkpt lat="36.5279320" lon="-4.7605680">
    <ele>348.6</ele>
   </trkpt>
   <trkpt lat="36.5279630" lon="-4.7605240">
    <ele>348.8</ele>
   </trkpt>
   <trkpt lat="36.5279950" lon="-4.7604870">
    <ele>349.0</ele>
   </trkpt>
   <trkpt lat="36.5280350" lon="-4.7604510">
    <ele>349.4</ele>
   </trkpt>
   <trkpt lat="36.5280720" lon="-4.7604240">
    <ele>349.6</ele>
   </trkpt>
   <trkpt lat="36.5281210" lon="-4.7603970">
    <ele>350.0</ele>
   </trkpt>
   <trkpt lat="36.5281670" lon="-4.7603780">
    <ele>350.4</ele>
   </trkpt>
   <trkpt lat="36.5282180" lon="-4.7603670">
    <ele>350.6</ele>
   </trkpt>
   <trkpt lat="36.5282670" lon="-4.7603620">
    <ele>351.0</ele>
   </trkpt>
   <trkpt lat="36.5283170" lon="-4.7603600">
    <ele>351.2</ele>
   </trkpt>
   <trkpt lat="36.5283680" lon="-4.7603630">
    <ele>351.6</ele>
   </trkpt>
   <trkpt lat="36.5284220" lon="-4.7603710">
    <ele>352.0</ele>
   </trkpt>
   <trkpt lat="36.5284710" lon="-4.7603850">
    <ele>352.4</ele>
   </trkpt>
   <trkpt lat="36.5285200" lon="-4.7604000">
    <ele>352.8</ele>
   </trkpt>
   <trkpt lat="36.5285750" lon="-4.7604210">
    <ele>353.2</ele>
   </trkpt>
   <trkpt lat="36.5286220" lon="-4.7604420">
    <ele>353.6</ele>
   </trkpt>
   <trkpt lat="36.5286690" lon="-4.7604550">
    <ele>354.0</ele>
   </trkpt>
   <trkpt lat="36.5287200" lon="-4.7604700">
    <ele>354.2</ele>
   </trkpt>
   <trkpt lat="36.5287690" lon="-4.7604870">
    <ele>354.6</ele>
   </trkpt>
   <trkpt lat="36.5288160" lon="-4.7605020">
    <ele>355.0</ele>
   </trkpt>
   <trkpt lat="36.5288650" lon="-4.7605200">
    <ele>355.4</ele>
   </trkpt>
   <trkpt lat="36.5289120" lon="-4.7605400">
    <ele>356.0</ele>
   </trkpt>
   <trkpt lat="36.5289600" lon="-4.7605610">
    <ele>356.4</ele>
   </trkpt>
   <trkpt lat="36.5290070" lon="-4.7605820">
    <ele>356.8</ele>
   </trkpt>
   <trkpt lat="36.5290530" lon="-4.7606020">
    <ele>357.2</ele>
   </trkpt>
   <trkpt lat="36.5290980" lon="-4.7606170">
    <ele>357.6</ele>
   </trkpt>
   <trkpt lat="36.5291430" lon="-4.7606200">
    <ele>358.0</ele>
   </trkpt>
   <trkpt lat="36.5291860" lon="-4.7606120">
    <ele>358.4</ele>
   </trkpt>
   <trkpt lat="36.5292310" lon="-4.7605980">
    <ele>358.8</ele>
   </trkpt>
   <trkpt lat="36.5292660" lon="-4.7605740">
    <ele>359.2</ele>
   </trkpt>
   <trkpt lat="36.5292970" lon="-4.7605380">
    <ele>359.6</ele>
   </trkpt>
   <trkpt lat="36.5293160" lon="-4.7604990">
    <ele>360.0</ele>
   </trkpt>
   <trkpt lat="36.5293320" lon="-4.7604530">
    <ele>360.4</ele>
   </trkpt>
   <trkpt lat="36.5293380" lon="-4.7603990">
    <ele>360.8</ele>
   </trkpt>
   <trkpt lat="36.5293390" lon="-4.7603510">
    <ele>361.2</ele>
   </trkpt>
   <trkpt lat="36.5293360" lon="-4.7602990">
    <ele>361.6</ele>
   </trkpt>
   <trkpt lat="36.5293230" lon="-4.7602460">
    <ele>362.0</ele>
   </trkpt>
   <trkpt lat="36.5293100" lon="-4.7601870">
    <ele>362.2</ele>
   </trkpt>
   <trkpt lat="36.5292950" lon="-4.7601320">
    <ele>362.6</ele>
   </trkpt>
   <trkpt lat="36.5292760" lon="-4.7600770">
    <ele>362.8</ele>
   </trkpt>
   <trkpt lat="36.5292570" lon="-4.7600280">
    <ele>363.2</ele>
   </trkpt>
   <trkpt lat="36.5292370" lon="-4.7599860">
    <ele>363.6</ele>
   </trkpt>
   <trkpt lat="36.5292170" lon="-4.7599410">
    <ele>364.0</ele>
   </trkpt>
   <trkpt lat="36.5292000" lon="-4.7598950">
    <ele>364.6</ele>
   </trkpt>
   <trkpt lat="36.5291810" lon="-4.7598530">
    <ele>365.0</ele>
   </trkpt>
   <trkpt lat="36.5291620" lon="-4.7598140">
    <ele>365.4</ele>
   </trkpt>
   <trkpt lat="36.5291470" lon="-4.7597730">
    <ele>366.0</ele>
   </trkpt>
   <trkpt lat="36.5291310" lon="-4.7597260">
    <ele>366.4</ele>
   </trkpt>
   <trkpt lat="36.5291220" lon="-4.7596800">
    <ele>366.8</ele>
   </trkpt>
   <trkpt lat="36.5291180" lon="-4.7596390">
    <ele>367.2</ele>
   </trkpt>
   <trkpt lat="36.5291180" lon="-4.7595900">
    <ele>367.6</ele>
   </trkpt>
   <trkpt lat="36.5291280" lon="-4.7595400">
    <ele>368.0</ele>
   </trkpt>
   <trkpt lat="36.5291430" lon="-4.7594950">
    <ele>368.2</ele>
   </trkpt>
   <trkpt lat="36.5291580" lon="-4.7594490">
    <ele>368.6</ele>
   </trkpt>
   <trkpt lat="36.5291770" lon="-4.7594020">
    <ele>368.8</ele>
   </trkpt>
   <trkpt lat="36.5292000" lon="-4.7593560">
    <ele>369.2</ele>
   </trkpt>
   <trkpt lat="36.5292190" lon="-4.7593110">
    <ele>369.4</ele>
   </trkpt>
   <trkpt lat="36.5292380" lon="-4.7592600">
    <ele>369.8</ele>
   </trkpt>
   <trkpt lat="36.5292530" lon="-4.7592120">
    <ele>370.2</ele>
   </trkpt>
   <trkpt lat="36.5292550" lon="-4.7591590">
    <ele>370.4</ele>
   </trkpt>
   <trkpt lat="36.5292510" lon="-4.7591110">
    <ele>370.8</ele>
   </trkpt>
   <trkpt lat="36.5292370" lon="-4.7590670">
    <ele>371.2</ele>
   </trkpt>
   <trkpt lat="36.5292190" lon="-4.7590310">
    <ele>371.4</ele>
   </trkpt>
   <trkpt lat="36.5291920" lon="-4.7589990">
    <ele>371.8</ele>
   </trkpt>
   <trkpt lat="36.5291690" lon="-4.7589770">
    <ele>372.0</ele>
   </trkpt>
   <trkpt lat="36.5291360" lon="-4.7589530">
    <ele>372.4</ele>
   </trkpt>
   <trkpt lat="36.5291060" lon="-4.7589310">
    <ele>372.8</ele>
   </trkpt>
   <trkpt lat="36.5290720" lon="-4.7589090">
    <ele>373.2</ele>
   </trkpt>
   <trkpt lat="36.5290370" lon="-4.7588880">
    <ele>373.6</ele>
   </trkpt>
   <trkpt lat="36.5290050" lon="-4.7588630">
    <ele>374.0</ele>
   </trkpt>
   <trkpt lat="36.5289760" lon="-4.7588390">
    <ele>374.4</ele>
   </trkpt>
   <trkpt lat="36.5289450" lon="-4.7588120">
    <ele>374.8</ele>
   </trkpt>
   <trkpt lat="36.5289150" lon="-4.7587830">
    <ele>375.2</ele>
   </trkpt>
   <trkpt lat="36.5288870" lon="-4.7587500">
    <ele>375.6</ele>
   </trkpt>
   <trkpt lat="36.5288680" lon="-4.7587120">
    <ele>375.8</ele>
   </trkpt>
   <trkpt lat="36.5288450" lon="-4.7586720">
    <ele>376.2</ele>
   </trkpt>
   <trkpt lat="36.5288290" lon="-4.7586280">
    <ele>376.6</ele>
   </trkpt>
   <trkpt lat="36.5288170" lon="-4.7585800">
    <ele>377.0</ele>
   </trkpt>
   <trkpt lat="36.5288060" lon="-4.7585350">
    <ele>377.4</ele>
   </trkpt>
   <trkpt lat="36.5288010" lon="-4.7584800">
    <ele>377.6</ele>
   </trkpt>
   <trkpt lat="36.5287970" lon="-4.7584270">
    <ele>378.0</ele>
   </trkpt>
   <trkpt lat="36.5288010" lon="-4.7583710">
    <ele>378.0</ele>
   </trkpt>
   <trkpt lat="36.5288040" lon="-4.7583180">
    <ele>378.0</ele>
   </trkpt>
   <trkpt lat="36.5288080" lon="-4.7582600">
    <ele>378.2</ele>
   </trkpt>
   <trkpt lat="36.5288150" lon="-4.7582090">
    <ele>378.2</ele>
   </trkpt>
   <trkpt lat="36.5288230" lon="-4.7581540">
    <ele>378.4</ele>
   </trkpt>
   <trkpt lat="36.5288240" lon="-4.7580960">
    <ele>378.6</ele>
   </trkpt>
   <trkpt lat="36.5288240" lon="-4.7580350">
    <ele>378.8</ele>
   </trkpt>
   <trkpt lat="36.5288240" lon="-4.7579770">
    <ele>379.0</ele>
   </trkpt>
   <trkpt lat="36.5288270" lon="-4.7579150">
    <ele>379.0</ele>
   </trkpt>
   <trkpt lat="36.5288310" lon="-4.7578570">
    <ele>379.2</ele>
   </trkpt>
   <trkpt lat="36.5288310" lon="-4.7577980">
    <ele>379.2</ele>
   </trkpt>
   <trkpt lat="36.5288280" lon="-4.7577420">
    <ele>379.4</ele>
   </trkpt>
   <trkpt lat="36.5288170" lon="-4.7576820">
    <ele>379.6</ele>
   </trkpt>
   <trkpt lat="36.5287970" lon="-4.7576280">
    <ele>379.8</ele>
   </trkpt>
   <trkpt lat="36.5287670" lon="-4.7575750">
    <ele>380.0</ele>
   </trkpt>
   <trkpt lat="36.5287290" lon="-4.7575260">
    <ele>380.0</ele>
   </trkpt>
   <trkpt lat="36.5286830" lon="-4.7574840">
    <ele>380.0</ele>
   </trkpt>
   <trkpt lat="36.5286310" lon="-4.7574500">
    <ele>380.0</ele>
   </trkpt>
   <trkpt lat="36.5285760" lon="-4.7574260">
    <ele>380.0</ele>
   </trkpt>
   <trkpt lat="36.5285220" lon="-4.7574090">
    <ele>380.0</ele>
   </trkpt>
   <trkpt lat="36.5284690" lon="-4.7573860">
    <ele>380.2</ele>
   </trkpt>
   <trkpt lat="36.5284210" lon="-4.7573530">
    <ele>380.2</ele>
   </trkpt>
   <trkpt lat="36.5283790" lon="-4.7573030">
    <ele>380.4</ele>
   </trkpt>
   <trkpt lat="36.5283470" lon="-4.7572420">
    <ele>380.6</ele>
   </trkpt>
   <trkpt lat="36.5283260" lon="-4.7571710">
    <ele>381.0</ele>
   </trkpt>
   <trkpt lat="36.5283170" lon="-4.7570990">
    <ele>381.4</ele>
   </trkpt>
   <trkpt lat="36.5283200" lon="-4.7570230">
    <ele>381.8</ele>
   </trkpt>
   <trkpt lat="36.5283310" lon="-4.7569540">
    <ele>382.2</ele>
   </trkpt>
   <trkpt lat="36.5283550" lon="-4.7568940">
    <ele>382.4</ele>
   </trkpt>
   <trkpt lat="36.5283890" lon="-4.7568420">
    <ele>382.8</ele>
   </trkpt>
   <trkpt lat="36.5284290" lon="-4.7567970">
    <ele>383.2</ele>
   </trkpt>
   <trkpt lat="36.5284650" lon="-4.7567640">
    <ele>383.4</ele>
   </trkpt>
   <trkpt lat="36.5285050" lon="-4.7567350">
    <ele>384.0</ele>
   </trkpt>
   <trkpt lat="36.5285450" lon="-4.7567150">
    <ele>384.6</ele>
   </trkpt>
   <trkpt lat="36.5285840" lon="-4.7566930">
    <ele>385.4</ele>
   </trkpt>
   <trkpt lat="36.5286210" lon="-4.7566700">
    <ele>386.2</ele>
   </trkpt>
   <trkpt lat="36.5286580" lon="-4.7566430">
    <ele>387.0</ele>
   </trkpt>
   <trkpt lat="36.5286940" lon="-4.7566170">
    <ele>387.8</ele>
   </trkpt>
   <trkpt lat="36.5287250" lon="-4.7565850">
    <ele>388.6</ele>
   </trkpt>
   <trkpt lat="36.5287530" lon="-4.7565520">
    <ele>389.2</ele>
   </trkpt>
   <trkpt lat="36.5287780" lon="-4.7565190">
    <ele>389.6</ele>
   </trkpt>
   <trkpt lat="36.5288020" lon="-4.7564850">
    <ele>390.0</ele>
   </trkpt>
   <trkpt lat="36.5288300" lon="-4.7564500">
    <ele>390.4</ele>
   </trkpt>
   <trkpt lat="36.5288520" lon="-4.7564160">
    <ele>390.8</ele>
   </trkpt>
   <trkpt lat="36.5288720" lon="-4.7563780">
    <ele>391.0</ele>
   </trkpt>
   <trkpt lat="36.5288870" lon="-4.7563360">
    <ele>391.4</ele>
   </trkpt>
   <trkpt lat="36.5288990" lon="-4.7562910">
    <ele>391.8</ele>
   </trkpt>
   <trkpt lat="36.5289100" lon="-4.7562450">
    <ele>392.2</ele>
   </trkpt>
   <trkpt lat="36.5289190" lon="-4.7561930">
    <ele>392.4</ele>
   </trkpt>
   <trkpt lat="36.5289290" lon="-4.7561440">
    <ele>392.6</ele>
   </trkpt>
   <trkpt lat="36.5289380" lon="-4.7560860">
    <ele>393.0</ele>
   </trkpt>
   <trkpt lat="36.5289480" lon="-4.7560310">
    <ele>393.2</ele>
   </trkpt>
   <trkpt lat="36.5289530" lon="-4.7559720">
    <ele>393.6</ele>
   </trkpt>
   <trkpt lat="36.5289640" lon="-4.7559160">
    <ele>393.8</ele>
   </trkpt>
   <trkpt lat="36.5289720" lon="-4.7558520">
    <ele>394.2</ele>
   </trkpt>
   <trkpt lat="36.5289830" lon="-4.7557940">
    <ele>394.6</ele>
   </trkpt>
   <trkpt lat="36.5289910" lon="-4.7557280">
    <ele>395.0</ele>
   </trkpt>
   <trkpt lat="36.5290020" lon="-4.7556650">
    <ele>395.4</ele>
   </trkpt>
   <trkpt lat="36.5290200" lon="-4.7556020">
    <ele>395.8</ele>
   </trkpt>
   <trkpt lat="36.5290430" lon="-4.7555350">
    <ele>396.2</ele>
   </trkpt>
   <trkpt lat="36.5290770" lon="-4.7554730">
    <ele>396.4</ele>
   </trkpt>
   <trkpt lat="36.5291130" lon="-4.7554200">
    <ele>396.6</ele>
   </trkpt>
   <trkpt lat="36.5291550" lon="-4.7553670">
    <ele>396.8</ele>
   </trkpt>
   <trkpt lat="36.5292010" lon="-4.7553210">
    <ele>396.8</ele>
   </trkpt>
   <trkpt lat="36.5292530" lon="-4.7552810">
    <ele>396.8</ele>
   </trkpt>
   <trkpt lat="36.5293940" lon="-4.7551460">
    <ele>396.6</ele>
   </trkpt>
   <trkpt lat="36.5294210" lon="-4.7551280">
    <ele>396.6</ele>
   </trkpt>
   <trkpt lat="36.5294520" lon="-4.7551030">
    <ele>396.6</ele>
   </trkpt>
   <trkpt lat="36.5294810" lon="-4.7550680">
    <ele>396.6</ele>
   </trkpt>
   <trkpt lat="36.5295090" lon="-4.7550210">
    <ele>396.4</ele>
   </trkpt>
   <trkpt lat="36.5295380" lon="-4.7549720">
    <ele>396.6</ele>
   </trkpt>
   <trkpt lat="36.5295680" lon="-4.7549190">
    <ele>396.6</ele>
   </trkpt>
   <trkpt lat="36.5296050" lon="-4.7548800">
    <ele>396.6</ele>
   </trkpt>
   <trkpt lat="36.5296240" lon="-4.7548280">
    <ele>396.6</ele>
   </trkpt>
   <trkpt lat="36.5296110" lon="-4.7547770">
    <ele>396.6</ele>
   </trkpt>
   <trkpt lat="36.5295810" lon="-4.7547280">
    <ele>396.4</ele>
   </trkpt>
   <trkpt lat="36.5295520" lon="-4.7546800">
    <ele>396.0</ele>
   </trkpt>
   <trkpt lat="36.5295240" lon="-4.7546220">
    <ele>395.6</ele>
   </trkpt>
   <trkpt lat="36.5295020" lon="-4.7545550">
    <ele>395.2</ele>
   </trkpt>
   <trkpt lat="36.5294740" lon="-4.7544740">
    <ele>394.6</ele>
   </trkpt>
   <trkpt lat="36.5294520" lon="-4.7543900">
    <ele>394.4</ele>
   </trkpt>
   <trkpt lat="36.5294180" lon="-4.7542920">
    <ele>394.2</ele>
   </trkpt>
   <trkpt lat="36.5293890" lon="-4.7542030">
    <ele>394.0</ele>
   </trkpt>
   <trkpt lat="36.5293580" lon="-4.7541050">
    <ele>393.8</ele>
   </trkpt>
   <trkpt lat="36.5293310" lon="-4.7540010">
    <ele>393.4</ele>
   </trkpt>
   <trkpt lat="36.5292990" lon="-4.7538880">
    <ele>393.0</ele>
   </trkpt>
   <trkpt lat="36.5292670" lon="-4.7537870">
    <ele>392.6</ele>
   </trkpt>
   <trkpt lat="36.5292320" lon="-4.7536700">
    <ele>391.8</ele>
   </trkpt>
   <trkpt lat="36.5291940" lon="-4.7535530">
    <ele>391.0</ele>
   </trkpt>
   <trkpt lat="36.5291590" lon="-4.7534340">
    <ele>390.2</ele>
   </trkpt>
   <trkpt lat="36.5291290" lon="-4.7533120">
    <ele>389.4</ele>
   </trkpt>
   <trkpt lat="36.5290870" lon="-4.7531830">
    <ele>388.6</ele>
   </trkpt>
   <trkpt lat="36.5290460" lon="-4.7530640">
    <ele>387.4</ele>
   </trkpt>
   <trkpt lat="36.5289980" lon="-4.7529360">
    <ele>386.2</ele>
   </trkpt>
   <trkpt lat="36.5289400" lon="-4.7528030">
    <ele>385.0</ele>
   </trkpt>
   <trkpt lat="36.5288790" lon="-4.7526700">
    <ele>384.0</ele>
   </trkpt>
   <trkpt lat="36.5288180" lon="-4.7525350">
    <ele>382.8</ele>
   </trkpt>
   <trkpt lat="36.5287700" lon="-4.7523900">
    <ele>381.8</ele>
   </trkpt>
   <trkpt lat="36.5287430" lon="-4.7522510">
    <ele>380.6</ele>
   </trkpt>
   <trkpt lat="36.5287200" lon="-4.7521070">
    <ele>379.4</ele>
   </trkpt>
   <trkpt lat="36.5287070" lon="-4.7519590">
    <ele>378.2</ele>
   </trkpt>
   <trkpt lat="36.5287060" lon="-4.7518120">
    <ele>376.8</ele>
   </trkpt>
   <trkpt lat="36.5287160" lon="-4.7516600">
    <ele>375.4</ele>
   </trkpt>
   <trkpt lat="36.5287270" lon="-4.7515010">
    <ele>373.6</ele>
   </trkpt>
   <trkpt lat="36.5287390" lon="-4.7513430">
    <ele>372.2</ele>
   </trkpt>
   <trkpt lat="36.5287290" lon="-4.7511760">
    <ele>371.2</ele>
   </trkpt>
   <trkpt lat="36.5287080" lon="-4.7510270">
    <ele>370.0</ele>
   </trkpt>
   <trkpt lat="36.5286780" lon="-4.7508820">
    <ele>369.2</ele>
   </trkpt>
   <trkpt lat="36.5286720" lon="-4.7507350">
    <ele>368.4</ele>
   </trkpt>
   <trkpt lat="36.5286860" lon="-4.7505920">
    <ele>367.4</ele>
   </trkpt>
   <trkpt lat="36.5286930" lon="-4.7504790">
    <ele>366.6</ele>
   </trkpt>
   <trkpt lat="36.5286800" lon="-4.7503690">
    <ele>365.8</ele>
   </trkpt>
   <trkpt lat="36.5286380" lon="-4.7502810">
    <ele>364.8</ele>
   </trkpt>
   <trkpt lat="36.5285640" lon="-4.7502110">
    <ele>363.8</ele>
   </trkpt>
   <trkpt lat="36.5284710" lon="-4.7501680">
    <ele>362.8</ele>
   </trkpt>
   <trkpt lat="36.5283540" lon="-4.7501170">
    <ele>361.4</ele>
   </trkpt>
   <trkpt lat="36.5282490" lon="-4.7500460">
    <ele>359.6</ele>
   </trkpt>
   <trkpt lat="36.5281350" lon="-4.7499450">
    <ele>357.6</ele>
   </trkpt>
   <trkpt lat="36.5280400" lon="-4.7498480">
    <ele>355.6</ele>
   </trkpt>
   <trkpt lat="36.5279650" lon="-4.7497510">
    <ele>354.0</ele>
   </trkpt>
   <trkpt lat="36.5279210" lon="-4.7496410">
    <ele>352.4</ele>
   </trkpt>
   <trkpt lat="36.5279160" lon="-4.7495220">
    <ele>351.0</ele>
   </trkpt>
   <trkpt lat="36.5279350" lon="-4.7494190">
    <ele>349.4</ele>
   </trkpt>
   <trkpt lat="36.5279620" lon="-4.7493090">
    <ele>348.0</ele>
   </trkpt>
   <trkpt lat="36.5279980" lon="-4.7491930">
    <ele>346.8</ele>
   </trkpt>
   <trkpt lat="36.5280470" lon="-4.7490710">
    <ele>345.6</ele>
   </trkpt>
   <trkpt lat="36.5281040" lon="-4.7489540">
    <ele>344.4</ele>
   </trkpt>
   <trkpt lat="36.5281700" lon="-4.7488400">
    <ele>343.4</ele>
   </trkpt>
   <trkpt lat="36.5282480" lon="-4.7487500">
    <ele>342.6</ele>
   </trkpt>
   <trkpt lat="36.5283440" lon="-4.7486730">
    <ele>342.4</ele>
   </trkpt>
   <trkpt lat="36.5284300" lon="-4.7485930">
    <ele>342.0</ele>
   </trkpt>
   <trkpt lat="36.5284910" lon="-4.7484890">
    <ele>341.8</ele>
   </trkpt>
   <trkpt lat="36.5285200" lon="-4.7483720">
    <ele>341.4</ele>
   </trkpt>
   <trkpt lat="36.5285150" lon="-4.7482480">
    <ele>341.2</ele>
   </trkpt>
   <trkpt lat="36.5285180" lon="-4.7481300">
    <ele>341.0</ele>
   </trkpt>
   <trkpt lat="36.5285470" lon="-4.7480100">
    <ele>340.8</ele>
   </trkpt>
   <trkpt lat="36.5286020" lon="-4.7479070">
    <ele>340.6</ele>
   </trkpt>
   <trkpt lat="36.5286750" lon="-4.7478300">
    <ele>340.4</ele>
   </trkpt>
   <trkpt lat="36.5287710" lon="-4.7477710">
    <ele>340.2</ele>
   </trkpt>
   <trkpt lat="36.5288730" lon="-4.7477300">
    <ele>340.2</ele>
   </trkpt>
   <trkpt lat="36.5289690" lon="-4.7476820">
    <ele>340.0</ele>
   </trkpt>
   <trkpt lat="36.5290630" lon="-4.7476010">
    <ele>340.0</ele>
   </trkpt>
   <trkpt lat="36.5291240" lon="-4.7475020">
    <ele>339.6</ele>
   </trkpt>
   <trkpt lat="36.5291630" lon="-4.7473830">
    <ele>339.4</ele>
   </trkpt>
   <trkpt lat="36.5291880" lon="-4.7472490">
    <ele>339.2</ele>
   </trkpt>
   <trkpt lat="36.5292080" lon="-4.7471120">
    <ele>338.8</ele>
   </trkpt>
   <trkpt lat="36.5292330" lon="-4.7470040">
    <ele>338.2</ele>
   </trkpt>
   <trkpt lat="36.5292740" lon="-4.7469110">
    <ele>338.0</ele>
   </trkpt>
   <trkpt lat="36.5293360" lon="-4.7468510">
    <ele>337.8</ele>
   </trkpt>
   <trkpt lat="36.5294130" lon="-4.7468270">
    <ele>337.6</ele>
   </trkpt>
   <trkpt lat="36.5294880" lon="-4.7468390">
    <ele>337.4</ele>
   </trkpt>
   <trkpt lat="36.5295600" lon="-4.7468900">
    <ele>337.2</ele>
   </trkpt>
   <trkpt lat="36.5296140" lon="-4.7469520">
    <ele>337.0</ele>
   </trkpt>
   <trkpt lat="36.5296820" lon="-4.7470000">
    <ele>337.0</ele>
   </trkpt>
   <trkpt lat="36.5297600" lon="-4.7470210">
    <ele>336.8</ele>
   </trkpt>
   <trkpt lat="36.5298450" lon="-4.7470160">
    <ele>336.6</ele>
   </trkpt>
   <trkpt lat="36.5299300" lon="-4.7469850">
    <ele>336.4</ele>
   </trkpt>
   <trkpt lat="36.5300170" lon="-4.7469340">
    <ele>336.0</ele>
   </trkpt>
   <trkpt lat="36.5300960" lon="-4.7468740">
    <ele>335.6</ele>
   </trkpt>
   <trkpt lat="36.5301780" lon="-4.7467960">
    <ele>335.2</ele>
   </trkpt>
   <trkpt lat="36.5302560" lon="-4.7467140">
    <ele>335.0</ele>
   </trkpt>
   <trkpt lat="36.5303380" lon="-4.7466220">
    <ele>334.6</ele>
   </trkpt>
   <trkpt lat="36.5304150" lon="-4.7465250">
    <ele>334.2</ele>
   </trkpt>
   <trkpt lat="36.5304920" lon="-4.7464190">
    <ele>334.0</ele>
   </trkpt>
   <trkpt lat="36.5305560" lon="-4.7463110">
    <ele>333.6</ele>
   </trkpt>
   <trkpt lat="36.5306080" lon="-4.7461860">
    <ele>333.4</ele>
   </trkpt>
   <trkpt lat="36.5306370" lon="-4.7460540">
    <ele>333.2</ele>
   </trkpt>
   <trkpt lat="36.5306540" lon="-4.7459170">
    <ele>333.0</ele>
   </trkpt>
   <trkpt lat="36.5306890" lon="-4.7457850">
    <ele>332.6</ele>
   </trkpt>
   <trkpt lat="36.5307430" lon="-4.7456550">
    <ele>332.4</ele>
   </trkpt>
   <trkpt lat="36.5308040" lon="-4.7455410">
    <ele>332.4</ele>
   </trkpt>
   <trkpt lat="36.5308680" lon="-4.7454130">
    <ele>332.0</ele>
   </trkpt>
   <trkpt lat="36.5309270" lon="-4.7452940">
    <ele>331.6</ele>
   </trkpt>
   <trkpt lat="36.5309800" lon="-4.7451720">
    <ele>331.2</ele>
   </trkpt>
   <trkpt lat="36.5310340" lon="-4.7450490">
    <ele>331.0</ele>
   </trkpt>
   <trkpt lat="36.5311020" lon="-4.7449240">
    <ele>330.6</ele>
   </trkpt>
   <trkpt lat="36.5311760" lon="-4.7448260">
    <ele>330.2</ele>
   </trkpt>
   <trkpt lat="36.5312640" lon="-4.7447200">
    <ele>329.4</ele>
   </trkpt>
   <trkpt lat="36.5313400" lon="-4.7446130">
    <ele>328.8</ele>
   </trkpt>
   <trkpt lat="36.5314150" lon="-4.7444890">
    <ele>327.8</ele>
   </trkpt>
   <trkpt lat="36.5314830" lon="-4.7443600">
    <ele>326.8</ele>
   </trkpt>
   <trkpt lat="36.5315440" lon="-4.7442340">
    <ele>325.8</ele>
   </trkpt>
   <trkpt lat="36.5315900" lon="-4.7441400">
    <ele>325.0</ele>
   </trkpt>
   <trkpt lat="36.5316420" lon="-4.7440510">
    <ele>324.2</ele>
   </trkpt>
   <trkpt lat="36.5317030" lon="-4.7439900">
    <ele>323.6</ele>
   </trkpt>
   <trkpt lat="36.5317710" lon="-4.7439540">
    <ele>322.8</ele>
   </trkpt>
   <trkpt lat="36.5318450" lon="-4.7439490">
    <ele>321.8</ele>
   </trkpt>
   <trkpt lat="36.5319280" lon="-4.7439780">
    <ele>321.0</ele>
   </trkpt>
   <trkpt lat="36.5320130" lon="-4.7440290">
    <ele>319.8</ele>
   </trkpt>
   <trkpt lat="36.5321090" lon="-4.7440840">
    <ele>318.4</ele>
   </trkpt>
   <trkpt lat="36.5322000" lon="-4.7441270">
    <ele>316.8</ele>
   </trkpt>
   <trkpt lat="36.5322970" lon="-4.7441360">
    <ele>315.6</ele>
   </trkpt>
   <trkpt lat="36.5324010" lon="-4.7440970">
    <ele>314.8</ele>
   </trkpt>
   <trkpt lat="36.5324830" lon="-4.7440160">
    <ele>313.8</ele>
   </trkpt>
   <trkpt lat="36.5325470" lon="-4.7439060">
    <ele>312.6</ele>
   </trkpt>
   <trkpt lat="36.5326110" lon="-4.7437790">
    <ele>311.4</ele>
   </trkpt>
   <trkpt lat="36.5326820" lon="-4.7436580">
    <ele>310.4</ele>
   </trkpt>
   <trkpt lat="36.5327610" lon="-4.7435370">
    <ele>309.4</ele>
   </trkpt>
   <trkpt lat="36.5328540" lon="-4.7434220">
    <ele>308.4</ele>
   </trkpt>
   <trkpt lat="36.5329470" lon="-4.7432860">
    <ele>307.4</ele>
   </trkpt>
   <trkpt lat="36.5330240" lon="-4.7431430">
    <ele>306.2</ele>
   </trkpt>
   <trkpt lat="36.5330880" lon="-4.7429700">
    <ele>304.6</ele>
   </trkpt>
   <trkpt lat="36.5331340" lon="-4.7427940">
    <ele>303.0</ele>
   </trkpt>
   <trkpt lat="36.5331590" lon="-4.7426120">
    <ele>301.6</ele>
   </trkpt>
   <trkpt lat="36.5331610" lon="-4.7424360">
    <ele>300.6</ele>
   </trkpt>
   <trkpt lat="36.5331360" lon="-4.7422410">
    <ele>299.6</ele>
   </trkpt>
   <trkpt lat="36.5330980" lon="-4.7420780">
    <ele>299.0</ele>
   </trkpt>
   <trkpt lat="36.5330510" lon="-4.7419030">
    <ele>298.4</ele>
   </trkpt>
   <trkpt lat="36.5330120" lon="-4.7417400">
    <ele>297.8</ele>
   </trkpt>
   <trkpt lat="36.5329920" lon="-4.7415760">
    <ele>297.2</ele>
   </trkpt>
   <trkpt lat="36.5329830" lon="-4.7414020">
    <ele>297.0</ele>
   </trkpt>
   <trkpt lat="36.5329780" lon="-4.7412190">
    <ele>296.4</ele>
   </trkpt>
   <trkpt lat="36.5329580" lon="-4.7410650">
    <ele>295.6</ele>
   </trkpt>
   <trkpt lat="36.5329150" lon="-4.7409220">
    <ele>294.6</ele>
   </trkpt>
   <trkpt lat="36.5328510" lon="-4.7408060">
    <ele>293.6</ele>
   </trkpt>
   <trkpt lat="36.5328060" lon="-4.7407060">
    <ele>292.6</ele>
   </trkpt>
   <trkpt lat="36.5328030" lon="-4.7406030">
    <ele>291.6</ele>
   </trkpt>
   <trkpt lat="36.5328390" lon="-4.7405030">
    <ele>290.8</ele>
   </trkpt>
   <trkpt lat="36.5329050" lon="-4.7404420">
    <ele>289.8</ele>
   </trkpt>
   <trkpt lat="36.5329950" lon="-4.7404130">
    <ele>288.6</ele>
   </trkpt>
   <trkpt lat="36.5330990" lon="-4.7404010">
    <ele>287.4</ele>
   </trkpt>
   <trkpt lat="36.5332160" lon="-4.7403850">
    <ele>286.2</ele>
   </trkpt>
   <trkpt lat="36.5333310" lon="-4.7403650">
    <ele>284.8</ele>
   </trkpt>
   <trkpt lat="36.5334590" lon="-4.7403530">
    <ele>283.2</ele>
   </trkpt>
   <trkpt lat="36.5335780" lon="-4.7403520">
    <ele>281.8</ele>
   </trkpt>
   <trkpt lat="36.5337120" lon="-4.7403560">
    <ele>280.6</ele>
   </trkpt>
   <trkpt lat="36.5338370" lon="-4.7403480">
    <ele>279.2</ele>
   </trkpt>
   <trkpt lat="36.5339680" lon="-4.7403350">
    <ele>277.6</ele>
   </trkpt>
   <trkpt lat="36.5341110" lon="-4.7403120">
    <ele>276.2</ele>
   </trkpt>
   <trkpt lat="36.5342550" lon="-4.7402520">
    <ele>275.0</ele>
   </trkpt>
   <trkpt lat="36.5343830" lon="-4.7401650">
    <ele>274.0</ele>
   </trkpt>
   <trkpt lat="36.5345080" lon="-4.7400360">
    <ele>273.2</ele>
   </trkpt>
   <trkpt lat="36.5346100" lon="-4.7398930">
    <ele>272.0</ele>
   </trkpt>
   <trkpt lat="36.5347090" lon="-4.7397390">
    <ele>270.8</ele>
   </trkpt>
   <trkpt lat="36.5347940" lon="-4.7395800">
    <ele>269.8</ele>
   </trkpt>
   <trkpt lat="36.5348690" lon="-4.7393940">
    <ele>268.4</ele>
   </trkpt>
   <trkpt lat="36.5349230" lon="-4.7392190">
    <ele>266.8</ele>
   </trkpt>
   <trkpt lat="36.5349720" lon="-4.7390210">
    <ele>265.6</ele>
   </trkpt>
   <trkpt lat="36.5350000" lon="-4.7388310">
    <ele>264.6</ele>
   </trkpt>
   <trkpt lat="36.5350140" lon="-4.7386290">
    <ele>264.2</ele>
   </trkpt>
   <trkpt lat="36.5350220" lon="-4.7384430">
    <ele>264.2</ele>
   </trkpt>
   <trkpt lat="36.5350510" lon="-4.7382610">
    <ele>264.0</ele>
   </trkpt>
   <trkpt lat="36.5350990" lon="-4.7381180">
    <ele>263.4</ele>
   </trkpt>
   <trkpt lat="36.5351670" lon="-4.7379840">
    <ele>263.6</ele>
   </trkpt>
   <trkpt lat="36.5352410" lon="-4.7378710">
    <ele>264.0</ele>
   </trkpt>
   <trkpt lat="36.5352880" lon="-4.7377500">
    <ele>264.4</ele>
   </trkpt>
   <trkpt lat="36.5353000" lon="-4.7376260">
    <ele>264.4</ele>
   </trkpt>
   <trkpt lat="36.5352760" lon="-4.7375090">
    <ele>264.8</ele>
   </trkpt>
   <trkpt lat="36.5352380" lon="-4.7374120">
    <ele>265.4</ele>
   </trkpt>
   <trkpt lat="36.5351910" lon="-4.7373060">
    <ele>266.0</ele>
   </trkpt>
   <trkpt lat="36.5351570" lon="-4.7371990">
    <ele>266.4</ele>
   </trkpt>
   <trkpt lat="36.5351360" lon="-4.7370780">
    <ele>267.0</ele>
   </trkpt>
   <trkpt lat="36.5351370" lon="-4.7369520">
    <ele>267.6</ele>
   </trkpt>
   <trkpt lat="36.5351580" lon="-4.7368240">
    <ele>268.0</ele>
   </trkpt>
   <trkpt lat="36.5351890" lon="-4.7367030">
    <ele>267.6</ele>
   </trkpt>
   <trkpt lat="36.5352220" lon="-4.7365690">
    <ele>267.0</ele>
   </trkpt>
   <trkpt lat="36.5352450" lon="-4.7364440">
    <ele>267.0</ele>
   </trkpt>
   <trkpt lat="36.5352650" lon="-4.7363090">
    <ele>267.6</ele>
   </trkpt>
   <trkpt lat="36.5352870" lon="-4.7361750">
    <ele>267.4</ele>
   </trkpt>
   <trkpt lat="36.5353180" lon="-4.7360280">
    <ele>266.6</ele>
   </trkpt>
   <trkpt lat="36.5353570" lon="-4.7358980">
    <ele>265.4</ele>
   </trkpt>
   <trkpt lat="36.5354150" lon="-4.7357550">
    <ele>264.2</ele>
   </trkpt>
   <trkpt lat="36.5354780" lon="-4.7356320">
    <ele>262.8</ele>
   </trkpt>
   <trkpt lat="36.5355520" lon="-4.7355070">
    <ele>261.6</ele>
   </trkpt>
   <trkpt lat="36.5356280" lon="-4.7353710">
    <ele>260.4</ele>
   </trkpt>
   <trkpt lat="36.5356890" lon="-4.7352250">
    <ele>259.4</ele>
   </trkpt>
   <trkpt lat="36.5357260" lon="-4.7350870">
    <ele>258.2</ele>
   </trkpt>
   <trkpt lat="36.5357530" lon="-4.7349310">
    <ele>256.8</ele>
   </trkpt>
   <trkpt lat="36.5357550" lon="-4.7347960">
    <ele>255.2</ele>
   </trkpt>
   <trkpt lat="36.5357350" lon="-4.7346590">
    <ele>254.0</ele>
   </trkpt>
   <trkpt lat="36.5356990" lon="-4.7345370">
    <ele>253.4</ele>
   </trkpt>
   <trkpt lat="36.5356420" lon="-4.7344170">
    <ele>253.0</ele>
   </trkpt>
   <trkpt lat="36.5355730" lon="-4.7343230">
    <ele>252.8</ele>
   </trkpt>
   <trkpt lat="36.5354830" lon="-4.7342300">
    <ele>252.4</ele>
   </trkpt>
   <trkpt lat="36.5354070" lon="-4.7341290">
    <ele>252.2</ele>
   </trkpt>
   <trkpt lat="36.5353580" lon="-4.7340000">
    <ele>252.2</ele>
   </trkpt>
   <trkpt lat="36.5353410" lon="-4.7338680">
    <ele>252.4</ele>
   </trkpt>
   <trkpt lat="36.5353460" lon="-4.7337270">
    <ele>252.6</ele>
   </trkpt>
   <trkpt lat="36.5353600" lon="-4.7335980">
    <ele>253.0</ele>
   </trkpt>
   <trkpt lat="36.5353690" lon="-4.7334560">
    <ele>253.2</ele>
   </trkpt>
   <trkpt lat="36.5353790" lon="-4.7333310">
    <ele>253.4</ele>
   </trkpt>
   <trkpt lat="36.5353910" lon="-4.7331910">
    <ele>253.8</ele>
   </trkpt>
   <trkpt lat="36.5353960" lon="-4.7330500">
    <ele>254.0</ele>
   </trkpt>
   <trkpt lat="36.5353760" lon="-4.7329040">
    <ele>253.8</ele>
   </trkpt>
   <trkpt lat="36.5353320" lon="-4.7327840">
    <ele>253.6</ele>
   </trkpt>
   <trkpt lat="36.5352890" lon="-4.7326480">
    <ele>253.4</ele>
   </trkpt>
   <trkpt lat="36.5352790" lon="-4.7325190">
    <ele>253.0</ele>
   </trkpt>
   <trkpt lat="36.5353060" lon="-4.7323830">
    <ele>252.8</ele>
   </trkpt>
   <trkpt lat="36.5353600" lon="-4.7322680">
    <ele>252.6</ele>
   </trkpt>
   <trkpt lat="36.5354290" lon="-4.7321530">
    <ele>252.6</ele>
   </trkpt>
   <trkpt lat="36.5354840" lon="-4.7320400">
    <ele>252.6</ele>
   </trkpt>
   <trkpt lat="36.5355380" lon="-4.7319030">
    <ele>252.4</ele>
   </trkpt>
   <trkpt lat="36.5355820" lon="-4.7317760">
    <ele>251.8</ele>
   </trkpt>
   <trkpt lat="36.5356240" lon="-4.7316450">
    <ele>251.6</ele>
   </trkpt>
   <trkpt lat="36.5356620" lon="-4.7315100">
    <ele>251.4</ele>
   </trkpt>
   <trkpt lat="36.5356920" lon="-4.7313620">
    <ele>250.4</ele>
   </trkpt>
   <trkpt lat="36.5357140" lon="-4.7312170">
    <ele>249.0</ele>
   </trkpt>
   <trkpt lat="36.5357270" lon="-4.7310550">
    <ele>247.6</ele>
   </trkpt>
   <trkpt lat="36.5357280" lon="-4.7308930">
    <ele>246.0</ele>
   </trkpt>
   <trkpt lat="36.5357220" lon="-4.7307210">
    <ele>244.6</ele>
   </trkpt>
   <trkpt lat="36.5357010" lon="-4.7305330">
    <ele>243.6</ele>
   </trkpt>
   <trkpt lat="36.5356600" lon="-4.7303400">
    <ele>242.4</ele>
   </trkpt>
   <trkpt lat="36.5356340" lon="-4.7301640">
    <ele>241.0</ele>
   </trkpt>
   <trkpt lat="36.5356230" lon="-4.7299610">
    <ele>239.4</ele>
   </trkpt>
   <trkpt lat="36.5356180" lon="-4.7297750">
    <ele>237.4</ele>
   </trkpt>
   <trkpt lat="36.5355980" lon="-4.7296040">
    <ele>235.4</ele>
   </trkpt>
   <trkpt lat="36.5355520" lon="-4.7294450">
    <ele>233.6</ele>
   </trkpt>
   <trkpt lat="36.5354730" lon="-4.7292940">
    <ele>231.8</ele>
   </trkpt>
   <trkpt lat="36.5353710" lon="-4.7291770">
    <ele>230.0</ele>
   </trkpt>
   <trkpt lat="36.5352620" lon="-4.7290570">
    <ele>228.2</ele>
   </trkpt>
   <trkpt lat="36.5351820" lon="-4.7289380">
    <ele>226.4</ele>
   </trkpt>
   <trkpt lat="36.5351190" lon="-4.7288000">
    <ele>224.4</ele>
   </trkpt>
   <trkpt lat="36.5350770" lon="-4.7286380">
    <ele>222.4</ele>
   </trkpt>
   <trkpt lat="36.5350620" lon="-4.7284600">
    <ele>220.4</ele>
   </trkpt>
   <trkpt lat="36.5350740" lon="-4.7282880">
    <ele>218.2</ele>
   </trkpt>
   <trkpt lat="36.5350970" lon="-4.7280960">
    <ele>216.2</ele>
   </trkpt>
   <trkpt lat="36.5351230" lon="-4.7279100">
    <ele>214.2</ele>
   </trkpt>
   <trkpt lat="36.5351420" lon="-4.7277170">
    <ele>212.0</ele>
   </trkpt>
   <trkpt lat="36.5351550" lon="-4.7275120">
    <ele>210.0</ele>
   </trkpt>
   <trkpt lat="36.5351630" lon="-4.7273110">
    <ele>208.6</ele>
   </trkpt>
   <trkpt lat="36.5351610" lon="-4.7271040">
    <ele>207.8</ele>
   </trkpt>
   <trkpt lat="36.5351530" lon="-4.7268830">
    <ele>206.4</ele>
   </trkpt>
   <trkpt lat="36.5351390" lon="-4.7266740">
    <ele>205.0</ele>
   </trkpt>
   <trkpt lat="36.5351200" lon="-4.7264680">
    <ele>203.6</ele>
   </trkpt>
   <trkpt lat="36.5350980" lon="-4.7262560">
    <ele>202.2</ele>
   </trkpt>
   <trkpt lat="36.5350740" lon="-4.7260400">
    <ele>200.6</ele>
   </trkpt>
   <trkpt lat="36.5350660" lon="-4.7258430">
    <ele>199.2</ele>
   </trkpt>
   <trkpt lat="36.5350680" lon="-4.7256430">
    <ele>198.4</ele>
   </trkpt>
   <trkpt lat="36.5350860" lon="-4.7254580">
    <ele>197.8</ele>
   </trkpt>
   <trkpt lat="36.5351190" lon="-4.7252700">
    <ele>197.0</ele>
   </trkpt>
   <trkpt lat="36.5351490" lon="-4.7250940">
    <ele>196.4</ele>
   </trkpt>
   <trkpt lat="36.5351690" lon="-4.7249190">
    <ele>196.0</ele>
   </trkpt>
   <trkpt lat="36.5351820" lon="-4.7247360">
    <ele>195.6</ele>
   </trkpt>
   <trkpt lat="36.5351930" lon="-4.7245540">
    <ele>195.2</ele>
   </trkpt>
   <trkpt lat="36.5352010" lon="-4.7243690">
    <ele>194.8</ele>
   </trkpt>
   <trkpt lat="36.5352120" lon="-4.7241840">
    <ele>194.6</ele>
   </trkpt>
   <trkpt lat="36.5352240" lon="-4.7239960">
    <ele>194.4</ele>
   </trkpt>
   <trkpt lat="36.5352350" lon="-4.7238100">
    <ele>194.2</ele>
   </trkpt>
   <trkpt lat="36.5352400" lon="-4.7236350">
    <ele>194.0</ele>
   </trkpt>
   <trkpt lat="36.5352470" lon="-4.7234500">
    <ele>193.8</ele>
   </trkpt>
   <trkpt lat="36.5352510" lon="-4.7232840">
    <ele>193.6</ele>
   </trkpt>
   <trkpt lat="36.5352580" lon="-4.7231180">
    <ele>193.4</ele>
   </trkpt>
   <trkpt lat="36.5352700" lon="-4.7229450">
    <ele>193.6</ele>
   </trkpt>
   <trkpt lat="36.5352850" lon="-4.7227800">
    <ele>193.8</ele>
   </trkpt>
   <trkpt lat="36.5353060" lon="-4.7226300">
    <ele>193.8</ele>
   </trkpt>
   <trkpt lat="36.5353390" lon="-4.7224800">
    <ele>194.2</ele>
   </trkpt>
   <trkpt lat="36.5353770" lon="-4.7223350">
    <ele>194.4</ele>
   </trkpt>
   <trkpt lat="36.5354160" lon="-4.7221890">
    <ele>194.6</ele>
   </trkpt>
   <trkpt lat="36.5354500" lon="-4.7220490">
    <ele>194.4</ele>
   </trkpt>
   <trkpt lat="36.5354880" lon="-4.7219040">
    <ele>194.0</ele>
   </trkpt>
   <trkpt lat="36.5355220" lon="-4.7217750">
    <ele>193.4</ele>
   </trkpt>
   <trkpt lat="36.5355640" lon="-4.7216100">
    <ele>192.8</ele>
   </trkpt>
   <trkpt lat="36.5355920" lon="-4.7214520">
    <ele>192.2</ele>
   </trkpt>
   <trkpt lat="36.5355950" lon="-4.7212970">
    <ele>191.6</ele>
   </trkpt>
   <trkpt lat="36.5355740" lon="-4.7211300">
    <ele>191.4</ele>
   </trkpt>
   <trkpt lat="36.5355220" lon="-4.7209790">
    <ele>191.4</ele>
   </trkpt>
   <trkpt lat="36.5354610" lon="-4.7208470">
    <ele>191.4</ele>
   </trkpt>
   <trkpt lat="36.5353990" lon="-4.7207130">
    <ele>191.2</ele>
   </trkpt>
   <trkpt lat="36.5353410" lon="-4.7205600">
    <ele>191.0</ele>
   </trkpt>
   <trkpt lat="36.5352940" lon="-4.7204090">
    <ele>190.6</ele>
   </trkpt>
   <trkpt lat="36.5352520" lon="-4.7202570">
    <ele>190.2</ele>
   </trkpt>
   <trkpt lat="36.5352100" lon="-4.7201030">
    <ele>189.8</ele>
   </trkpt>
   <trkpt lat="36.5351760" lon="-4.7199560">
    <ele>189.4</ele>
   </trkpt>
   <trkpt lat="36.5351330" lon="-4.7198000">
    <ele>188.8</ele>
   </trkpt>
   <trkpt lat="36.5350890" lon="-4.7196560">
    <ele>188.2</ele>
   </trkpt>
   <trkpt lat="36.5350450" lon="-4.7195320">
    <ele>187.4</ele>
   </trkpt>
   <trkpt lat="36.5349770" lon="-4.7194170">
    <ele>186.8</ele>
   </trkpt>
   <trkpt lat="36.5348910" lon="-4.7193240">
    <ele>186.8</ele>
   </trkpt>
   <trkpt lat="36.5348000" lon="-4.7192720">
    <ele>186.6</ele>
   </trkpt>
   <trkpt lat="36.5347020" lon="-4.7192400">
    <ele>186.8</ele>
   </trkpt>
   <trkpt lat="36.5346090" lon="-4.7192130">
    <ele>187.2</ele>
   </trkpt>
   <trkpt lat="36.5345240" lon="-4.7191830">
    <ele>188.0</ele>
   </trkpt>
   <trkpt lat="36.5344480" lon="-4.7191420">
    <ele>189.0</ele>
   </trkpt>
   <trkpt lat="36.5343840" lon="-4.7190910">
    <ele>190.2</ele>
   </trkpt>
   <trkpt lat="36.5343250" lon="-4.7190350">
    <ele>191.2</ele>
   </trkpt>
   <trkpt lat="36.5342710" lon="-4.7189730">
    <ele>192.2</ele>
   </trkpt>
   <trkpt lat="36.5342270" lon="-4.7189180">
    <ele>192.8</ele>
   </trkpt>
   <trkpt lat="36.5341890" lon="-4.7188590">
    <ele>193.4</ele>
   </trkpt>
   <trkpt lat="36.5341490" lon="-4.7187950">
    <ele>194.0</ele>
   </trkpt>
   <trkpt lat="36.5341130" lon="-4.7187340">
    <ele>194.8</ele>
   </trkpt>
   <trkpt lat="36.5340820" lon="-4.7186760">
    <ele>195.2</ele>
   </trkpt>
   <trkpt lat="36.5340450" lon="-4.7186020">
    <ele>195.8</ele>
   </trkpt>
   <trkpt lat="36.5340180" lon="-4.7185280">
    <ele>196.2</ele>
   </trkpt>
   <trkpt lat="36.5339950" lon="-4.7184460">
    <ele>196.6</ele>
   </trkpt>
   <trkpt lat="36.5339650" lon="-4.7183550">
    <ele>196.8</ele>
   </trkpt>
   <trkpt lat="36.5339330" lon="-4.7182520">
    <ele>196.8</ele>
   </trkpt>
   <trkpt lat="36.5339080" lon="-4.7181500">
    <ele>196.4</ele>
   </trkpt>
   <trkpt lat="36.5338840" lon="-4.7180290">
    <ele>196.2</ele>
   </trkpt>
   <trkpt lat="36.5338610" lon="-4.7179120">
    <ele>196.0</ele>
   </trkpt>
   <trkpt lat="36.5338320" lon="-4.7177920">
    <ele>195.4</ele>
   </trkpt>
   <trkpt lat="36.5337980" lon="-4.7176640">
    <ele>194.8</ele>
   </trkpt>
   <trkpt lat="36.5337540" lon="-4.7175320">
    <ele>194.2</ele>
   </trkpt>
   <trkpt lat="36.5337080" lon="-4.7174170">
    <ele>193.6</ele>
   </trkpt>
   <trkpt lat="36.5336590" lon="-4.7172970">
    <ele>193.2</ele>
   </trkpt>
   <trkpt lat="36.5336050" lon="-4.7171790">
    <ele>192.8</ele>
   </trkpt>
   <trkpt lat="36.5335540" lon="-4.7170790">
    <ele>192.0</ele>
   </trkpt>
   <trkpt lat="36.5335290" lon="-4.7169960">
    <ele>191.6</ele>
   </trkpt>
   <trkpt lat="36.5335310" lon="-4.7169100">
    <ele>191.0</ele>
   </trkpt>
   <trkpt lat="36.5335580" lon="-4.7168380">
    <ele>190.2</ele>
   </trkpt>
   <trkpt lat="36.5336190" lon="-4.7167780">
    <ele>189.0</ele>
   </trkpt>
   <trkpt lat="36.5336990" lon="-4.7167570">
    <ele>187.6</ele>
   </trkpt>
   <trkpt lat="36.5337980" lon="-4.7167670">
    <ele>185.8</ele>
   </trkpt>
   <trkpt lat="36.5338980" lon="-4.7167920">
    <ele>184.0</ele>
   </trkpt>
   <trkpt lat="36.5340150" lon="-4.7167910">
    <ele>182.2</ele>
   </trkpt>
   <trkpt lat="36.5341210" lon="-4.7167540">
    <ele>180.4</ele>
   </trkpt>
   <trkpt lat="36.5342400" lon="-4.7166730">
    <ele>178.6</ele>
   </trkpt>
   <trkpt lat="36.5343360" lon="-4.7165680">
    <ele>176.8</ele>
   </trkpt>
   <trkpt lat="36.5344350" lon="-4.7164330">
    <ele>174.8</ele>
   </trkpt>
   <trkpt lat="36.5345180" lon="-4.7162890">
    <ele>172.6</ele>
   </trkpt>
   <trkpt lat="36.5346060" lon="-4.7161230">
    <ele>170.4</ele>
   </trkpt>
   <trkpt lat="36.5346850" lon="-4.7159640">
    <ele>167.8</ele>
   </trkpt>
   <trkpt lat="36.5347830" lon="-4.7157950">
    <ele>165.4</ele>
   </trkpt>
   <trkpt lat="36.5348800" lon="-4.7156600">
    <ele>162.8</ele>
   </trkpt>
   <trkpt lat="36.5349800" lon="-4.7155460">
    <ele>160.4</ele>
   </trkpt>
   <trkpt lat="36.5350720" lon="-4.7154290">
    <ele>157.8</ele>
   </trkpt>
   <trkpt lat="36.5351460" lon="-4.7152810">
    <ele>154.8</ele>
   </trkpt>
   <trkpt lat="36.5351870" lon="-4.7151210">
    <ele>152.2</ele>
   </trkpt>
   <trkpt lat="36.5352320" lon="-4.7149680">
    <ele>150.0</ele>
   </trkpt>
   <trkpt lat="36.5352910" lon="-4.7148390">
    <ele>148.0</ele>
   </trkpt>
   <trkpt lat="36.5353740" lon="-4.7147260">
    <ele>146.2</ele>
   </trkpt>
   <trkpt lat="36.5354800" lon="-4.7146430">
    <ele>144.0</ele>
   </trkpt>
   <trkpt lat="36.5356060" lon="-4.7145800">
    <ele>141.6</ele>
   </trkpt>
   <trkpt lat="36.5357090" lon="-4.7145070">
    <ele>138.8</ele>
   </trkpt>
   <trkpt lat="36.5358010" lon="-4.7143900">
    <ele>136.8</ele>
   </trkpt>
   <trkpt lat="36.5358710" lon="-4.7142370">
    <ele>135.0</ele>
   </trkpt>
   <trkpt lat="36.5359180" lon="-4.7140740">
    <ele>133.2</ele>
   </trkpt>
   <trkpt lat="36.5359700" lon="-4.7139180">
    <ele>131.2</ele>
   </trkpt>
   <trkpt lat="36.5360510" lon="-4.7137750">
    <ele>128.6</ele>
   </trkpt>
   <trkpt lat="36.5361490" lon="-4.7136680">
    <ele>126.0</ele>
   </trkpt>
   <trkpt lat="36.5362590" lon="-4.7135750">
    <ele>123.4</ele>
   </trkpt>
   <trkpt lat="36.5363420" lon="-4.7134780">
    <ele>121.4</ele>
   </trkpt>
   <trkpt lat="36.5364060" lon="-4.7133480">
    <ele>119.4</ele>
   </trkpt>
   <trkpt lat="36.5364350" lon="-4.7132000">
    <ele>117.4</ele>
   </trkpt>
   <trkpt lat="36.5364270" lon="-4.7130270">
    <ele>115.6</ele>
   </trkpt>
   <trkpt lat="36.5364030" lon="-4.7128650">
    <ele>113.6</ele>
   </trkpt>
   <trkpt lat="36.5364070" lon="-4.7126750">
    <ele>111.6</ele>
   </trkpt>
   <trkpt lat="36.5364460" lon="-4.7124970">
    <ele>109.6</ele>
   </trkpt>
   <trkpt lat="36.5364990" lon="-4.7123110">
    <ele>107.8</ele>
   </trkpt>
   <trkpt lat="36.5365270" lon="-4.7121240">
    <ele>106.2</ele>
   </trkpt>
   <trkpt lat="36.5365260" lon="-4.7119240">
    <ele>105.0</ele>
   </trkpt>
   <trkpt lat="36.5365290" lon="-4.7117610">
    <ele>103.6</ele>
   </trkpt>
   <trkpt lat="36.5365580" lon="-4.7115870">
    <ele>102.0</ele>
   </trkpt>
   <trkpt lat="36.5366170" lon="-4.7114380">
    <ele>100.8</ele>
   </trkpt>
   <trkpt lat="36.5367020" lon="-4.7112940">
    <ele>100.0</ele>
   </trkpt>
   <trkpt lat="36.5368070" lon="-4.7111740">
    <ele>99.0</ele>
   </trkpt>
   <trkpt lat="36.5369350" lon="-4.7110700">
    <ele>97.6</ele>
   </trkpt>
   <trkpt lat="36.5370640" lon="-4.7110060">
    <ele>95.4</ele>
   </trkpt>
   <trkpt lat="36.5372130" lon="-4.7109680">
    <ele>92.6</ele>
   </trkpt>
   <trkpt lat="36.5373430" lon="-4.7109380">
    <ele>90.2</ele>
   </trkpt>
   <trkpt lat="36.5375220" lon="-4.7108670">
    <ele>88.0</ele>
   </trkpt>
   <trkpt lat="36.5376600" lon="-4.7107680">
    <ele>86.2</ele>
   </trkpt>
   <trkpt lat="36.5377840" lon="-4.7106310">
    <ele>84.6</ele>
   </trkpt>
   <trkpt lat="36.5378820" lon="-4.7104980">
    <ele>83.2</ele>
   </trkpt>
   <trkpt lat="36.5379850" lon="-4.7103650">
    <ele>82.0</ele>
   </trkpt>
   <trkpt lat="36.5380890" lon="-4.7102650">
    <ele>80.6</ele>
   </trkpt>
   <trkpt lat="36.5382090" lon="-4.7101890">
    <ele>79.4</ele>
   </trkpt>
   <trkpt lat="36.5383290" lon="-4.7101510">
    <ele>78.8</ele>
   </trkpt>
   <trkpt lat="36.5384630" lon="-4.7101500">
    <ele>78.4</ele>
   </trkpt>
   <trkpt lat="36.5385700" lon="-4.7101840">
    <ele>77.4</ele>
   </trkpt>
   <trkpt lat="36.5386750" lon="-4.7102450">
    <ele>76.2</ele>
   </trkpt>
   <trkpt lat="36.5387560" lon="-4.7102750">
    <ele>75.4</ele>
   </trkpt>
   <trkpt lat="36.5388370" lon="-4.7102660">
    <ele>74.8</ele>
   </trkpt>
   <trkpt lat="36.5389040" lon="-4.7102240">
    <ele>74.2</ele>
   </trkpt>
   <trkpt lat="36.5389390" lon="-4.7101600">
    <ele>73.6</ele>
   </trkpt>
   <trkpt lat="36.5389300" lon="-4.7100950">
    <ele>73.2</ele>
   </trkpt>
   <trkpt lat="36.5388860" lon="-4.7100410">
    <ele>72.6</ele>
   </trkpt>
   <trkpt lat="36.5388250" lon="-4.7100100">
    <ele>72.2</ele>
   </trkpt>
   <trkpt lat="36.5387450" lon="-4.7099840">
    <ele>71.6</ele>
   </trkpt>
   <trkpt lat="36.5386640" lon="-4.7099510">
    <ele>71.2</ele>
   </trkpt>
   <trkpt lat="36.5385710" lon="-4.7099100">
    <ele>70.6</ele>
   </trkpt>
   <trkpt lat="36.5384820" lon="-4.7098640">
    <ele>70.0</ele>
   </trkpt>
   <trkpt lat="36.5384040" lon="-4.7098060">
    <ele>69.2</ele>
   </trkpt>
   <trkpt lat="36.5382990" lon="-4.7097110">
    <ele>68.4</ele>
   </trkpt>
   <trkpt lat="36.5382090" lon="-4.7096130">
    <ele>67.6</ele>
   </trkpt>
   <trkpt lat="36.5381340" lon="-4.7094950">
    <ele>66.8</ele>
   </trkpt>
   <trkpt lat="36.5380740" lon="-4.7093560">
    <ele>66.0</ele>
   </trkpt>
   <trkpt lat="36.5380290" lon="-4.7092110">
    <ele>65.0</ele>
   </trkpt>
   <trkpt lat="36.5379900" lon="-4.7090490">
    <ele>64.0</ele>
   </trkpt>
   <trkpt lat="36.5379530" lon="-4.7088840">
    <ele>63.2</ele>
   </trkpt>
   <trkpt lat="36.5379180" lon="-4.7087100">
    <ele>62.2</ele>
   </trkpt>
   <trkpt lat="36.5378810" lon="-4.7085380">
    <ele>61.2</ele>
   </trkpt>
   <trkpt lat="36.5378380" lon="-4.7083510">
    <ele>60.2</ele>
   </trkpt>
   <trkpt lat="36.5378020" lon="-4.7081760">
    <ele>59.4</ele>
   </trkpt>
   <trkpt lat="36.5377670" lon="-4.7079920">
    <ele>58.6</ele>
   </trkpt>
   <trkpt lat="36.5377390" lon="-4.7078100">
    <ele>57.8</ele>
   </trkpt>
   <trkpt lat="36.5377210" lon="-4.7076110">
    <ele>57.0</ele>
   </trkpt>
   <trkpt lat="36.5377030" lon="-4.7074250">
    <ele>56.6</ele>
   </trkpt>
   <trkpt lat="36.5376720" lon="-4.7072280">
    <ele>56.2</ele>
   </trkpt>
   <trkpt lat="36.5376230" lon="-4.7070590">
    <ele>55.4</ele>
   </trkpt>
   <trkpt lat="36.5375330" lon="-4.7068980">
    <ele>54.6</ele>
   </trkpt>
   <trkpt lat="36.5374280" lon="-4.7067750">
    <ele>53.8</ele>
   </trkpt>
   <trkpt lat="36.5373140" lon="-4.7066430">
    <ele>53.2</ele>
   </trkpt>
   <trkpt lat="36.5372330" lon="-4.7065030">
    <ele>52.8</ele>
   </trkpt>
   <trkpt lat="36.5371710" lon="-4.7063290">
    <ele>52.6</ele>
   </trkpt>
   <trkpt lat="36.5371330" lon="-4.7061650">
    <ele>52.6</ele>
   </trkpt>
   <trkpt lat="36.5371000" lon="-4.7059910">
    <ele>53.0</ele>
   </trkpt>
   <trkpt lat="36.5370700" lon="-4.7058330">
    <ele>53.4</ele>
   </trkpt>
   <trkpt lat="36.5370430" lon="-4.7056810">
    <ele>54.0</ele>
   </trkpt>
   <trkpt lat="36.5370200" lon="-4.7055270">
    <ele>54.6</ele>
   </trkpt>
   <trkpt lat="36.5369960" lon="-4.7053760">
    <ele>55.2</ele>
   </trkpt>
   <trkpt lat="36.5369750" lon="-4.7052380">
    <ele>55.6</ele>
   </trkpt>
   <trkpt lat="36.5369510" lon="-4.7050910">
    <ele>56.2</ele>
   </trkpt>
   <trkpt lat="36.5369290" lon="-4.7049560">
    <ele>56.6</ele>
   </trkpt>
   <trkpt lat="36.5369060" lon="-4.7048180">
    <ele>57.2</ele>
   </trkpt>
   <trkpt lat="36.5368830" lon="-4.7046860">
    <ele>57.6</ele>
   </trkpt>
   <trkpt lat="36.5368590" lon="-4.7045550">
    <ele>58.0</ele>
   </trkpt>
   <trkpt lat="36.5368380" lon="-4.7044400">
    <ele>58.4</ele>
   </trkpt>
   <trkpt lat="36.5368110" lon="-4.7043170">
    <ele>58.8</ele>
   </trkpt>
   <trkpt lat="36.5367840" lon="-4.7042020">
    <ele>59.4</ele>
   </trkpt>
   <trkpt lat="36.5367570" lon="-4.7040900">
    <ele>59.8</ele>
   </trkpt>
   <trkpt lat="36.5367240" lon="-4.7039860">
    <ele>60.4</ele>
   </trkpt>
   <trkpt lat="36.5366890" lon="-4.7038800">
    <ele>61.0</ele>
   </trkpt>
   <trkpt lat="36.5366570" lon="-4.7037870">
    <ele>61.2</ele>
   </trkpt>
   <trkpt lat="36.5366210" lon="-4.7036830">
    <ele>61.6</ele>
   </trkpt>
   <trkpt lat="36.5365860" lon="-4.7035860">
    <ele>62.2</ele>
   </trkpt>
   <trkpt lat="36.5365530" lon="-4.7034940">
    <ele>62.6</ele>
   </trkpt>
   <trkpt lat="36.5365170" lon="-4.7033980">
    <ele>63.0</ele>
   </trkpt>
   <trkpt lat="36.5364750" lon="-4.7033070">
    <ele>63.4</ele>
   </trkpt>
   <trkpt lat="36.5364310" lon="-4.7032240">
    <ele>63.6</ele>
   </trkpt>
   <trkpt lat="36.5363840" lon="-4.7031310">
    <ele>63.8</ele>
   </trkpt>
   <trkpt lat="36.5363360" lon="-4.7030360">
    <ele>64.0</ele>
   </trkpt>
   <trkpt lat="36.5362880" lon="-4.7029410">
    <ele>64.2</ele>
   </trkpt>
   <trkpt lat="36.5362320" lon="-4.7028470">
    <ele>64.4</ele>
   </trkpt>
   <trkpt lat="36.5361750" lon="-4.7027540">
    <ele>64.4</ele>
   </trkpt>
   <trkpt lat="36.5361120" lon="-4.7026580">
    <ele>64.4</ele>
   </trkpt>
   <trkpt lat="36.5360490" lon="-4.7025630">
    <ele>64.4</ele>
   </trkpt>
   <trkpt lat="36.5359820" lon="-4.7024660">
    <ele>64.4</ele>
   </trkpt>
   <trkpt lat="36.5359150" lon="-4.7023680">
    <ele>64.4</ele>
   </trkpt>
   <trkpt lat="36.5358420" lon="-4.7022620">
    <ele>64.2</ele>
   </trkpt>
   <trkpt lat="36.5357680" lon="-4.7021550">
    <ele>64.2</ele>
   </trkpt>
   <trkpt lat="36.5356940" lon="-4.7020450">
    <ele>64.4</ele>
   </trkpt>
   <trkpt lat="36.5356200" lon="-4.7019350">
    <ele>64.8</ele>
   </trkpt>
   <trkpt lat="36.5355440" lon="-4.7018240">
    <ele>65.0</ele>
   </trkpt>
   <trkpt lat="36.5354710" lon="-4.7017160">
    <ele>65.0</ele>
   </trkpt>
   <trkpt lat="36.5353980" lon="-4.7015970">
    <ele>65.2</ele>
   </trkpt>
   <trkpt lat="36.5353260" lon="-4.7014770">
    <ele>65.4</ele>
   </trkpt>
   <trkpt lat="36.5352600" lon="-4.7013580">
    <ele>65.2</ele>
   </trkpt>
   <trkpt lat="36.5351940" lon="-4.7012380">
    <ele>65.0</ele>
   </trkpt>
   <trkpt lat="36.5351390" lon="-4.7011160">
    <ele>65.0</ele>
   </trkpt>
   <trkpt lat="36.5350840" lon="-4.7009940">
    <ele>65.4</ele>
   </trkpt>
   <trkpt lat="36.5350350" lon="-4.7008650">
    <ele>65.6</ele>
   </trkpt>
   <trkpt lat="36.5349870" lon="-4.7007360">
    <ele>66.0</ele>
   </trkpt>
   <trkpt lat="36.5349480" lon="-4.7006170">
    <ele>66.2</ele>
   </trkpt>
   <trkpt lat="36.5349160" lon="-4.7004800">
    <ele>66.2</ele>
   </trkpt>
   <trkpt lat="36.5348840" lon="-4.7003390">
    <ele>66.2</ele>
   </trkpt>
   <trkpt lat="36.5348590" lon="-4.7002050">
    <ele>66.2</ele>
   </trkpt>
   <trkpt lat="36.5348340" lon="-4.7000720">
    <ele>66.4</ele>
   </trkpt>
   <trkpt lat="36.5348140" lon="-4.6999360">
    <ele>66.6</ele>
   </trkpt>
   <trkpt lat="36.5347950" lon="-4.6998150">
    <ele>67.0</ele>
   </trkpt>
   <trkpt lat="36.5347760" lon="-4.6996950">
    <ele>67.6</ele>
   </trkpt>
   <trkpt lat="36.5347580" lon="-4.6995840">
    <ele>68.4</ele>
   </trkpt>
   <trkpt lat="36.5347400" lon="-4.6994830">
    <ele>69.2</ele>
   </trkpt>
   <trkpt lat="36.5347230" lon="-4.6993760">
    <ele>70.2</ele>
   </trkpt>
   <trkpt lat="36.5347070" lon="-4.6992680">
    <ele>71.0</ele>
   </trkpt>
   <trkpt lat="36.5346920" lon="-4.6991740">
    <ele>71.8</ele>
   </trkpt>
   <trkpt lat="36.5346770" lon="-4.6990810">
    <ele>72.8</ele>
   </trkpt>
   <trkpt lat="36.5346620" lon="-4.6989940">
    <ele>73.8</ele>
   </trkpt>
   <trkpt lat="36.5346470" lon="-4.6989100">
    <ele>74.6</ele>
   </trkpt>
   <trkpt lat="36.5346310" lon="-4.6988320">
    <ele>75.6</ele>
   </trkpt>
   <trkpt lat="36.5346120" lon="-4.6987540">
    <ele>76.4</ele>
   </trkpt>
   <trkpt lat="36.5345940" lon="-4.6986820">
    <ele>77.2</ele>
   </trkpt>
   <trkpt lat="36.5345770" lon="-4.6986100">
    <ele>77.8</ele>
   </trkpt>
   <trkpt lat="36.5345590" lon="-4.6985430">
    <ele>78.4</ele>
   </trkpt>
   <trkpt lat="36.5345400" lon="-4.6984740">
    <ele>79.0</ele>
   </trkpt>
   <trkpt lat="36.5345140" lon="-4.6984010">
    <ele>79.6</ele>
   </trkpt>
   <trkpt lat="36.5344900" lon="-4.6983230">
    <ele>80.0</ele>
   </trkpt>
   <trkpt lat="36.5344600" lon="-4.6982500">
    <ele>80.2</ele>
   </trkpt>
   <trkpt lat="36.5344300" lon="-4.6981760">
    <ele>80.4</ele>
   </trkpt>
   <trkpt lat="36.5343970" lon="-4.6980990">
    <ele>80.4</ele>
   </trkpt>
   <trkpt lat="36.5343590" lon="-4.6980180">
    <ele>80.6</ele>
   </trkpt>
   <trkpt lat="36.5343180" lon="-4.6979330">
    <ele>80.6</ele>
   </trkpt>
   <trkpt lat="36.5342740" lon="-4.6978450">
    <ele>80.6</ele>
   </trkpt>
   <trkpt lat="36.5342300" lon="-4.6977690">
    <ele>80.8</ele>
   </trkpt>
   <trkpt lat="36.5341840" lon="-4.6976860">
    <ele>81.2</ele>
   </trkpt>
   <trkpt lat="36.5341380" lon="-4.6976060">
    <ele>81.6</ele>
   </trkpt>
   <trkpt lat="36.5340910" lon="-4.6975280">
    <ele>82.2</ele>
   </trkpt>
   <trkpt lat="36.5340420" lon="-4.6974570">
    <ele>82.8</ele>
   </trkpt>
   <trkpt lat="36.5339960" lon="-4.6973900">
    <ele>83.4</ele>
   </trkpt>
   <trkpt lat="36.5339520" lon="-4.6973290">
    <ele>84.2</ele>
   </trkpt>
   <trkpt lat="36.5339090" lon="-4.6972650">
    <ele>85.0</ele>
   </trkpt>
   <trkpt lat="36.5338710" lon="-4.6972090">
    <ele>85.8</ele>
   </trkpt>
   <trkpt lat="36.5338370" lon="-4.6971500">
    <ele>86.4</ele>
   </trkpt>
   <trkpt lat="36.5338020" lon="-4.6970920">
    <ele>87.2</ele>
   </trkpt>
   <trkpt lat="36.5337740" lon="-4.6970290">
    <ele>87.8</ele>
   </trkpt>
   <trkpt lat="36.5337450" lon="-4.6969640">
    <ele>88.2</ele>
   </trkpt>
   <trkpt lat="36.5337200" lon="-4.6968930">
    <ele>88.6</ele>
   </trkpt>
   <trkpt lat="36.5337030" lon="-4.6968140">
    <ele>89.0</ele>
   </trkpt>
   <trkpt lat="36.5336860" lon="-4.6967340">
    <ele>89.2</ele>
   </trkpt>
   <trkpt lat="36.5336700" lon="-4.6966420">
    <ele>89.4</ele>
   </trkpt>
   <trkpt lat="36.5336550" lon="-4.6965410">
    <ele>89.4</ele>
   </trkpt>
   <trkpt lat="36.5336430" lon="-4.6964330">
    <ele>89.0</ele>
   </trkpt>
   <trkpt lat="36.5336380" lon="-4.6963060">
    <ele>88.4</ele>
   </trkpt>
   <trkpt lat="36.5336280" lon="-4.6961770">
    <ele>87.6</ele>
   </trkpt>
   <trkpt lat="36.5336160" lon="-4.6960340">
    <ele>86.8</ele>
   </trkpt>
   <trkpt lat="36.5335910" lon="-4.6958930">
    <ele>85.8</ele>
   </trkpt>
   <trkpt lat="36.5335570" lon="-4.6957500">
    <ele>85.2</ele>
   </trkpt>
   <trkpt lat="36.5335130" lon="-4.6956230">
    <ele>84.6</ele>
   </trkpt>
   <trkpt lat="36.5334630" lon="-4.6955000">
    <ele>84.4</ele>
   </trkpt>
   <trkpt lat="36.5334080" lon="-4.6953980">
    <ele>84.6</ele>
   </trkpt>
   <trkpt lat="36.5333430" lon="-4.6953140">
    <ele>85.0</ele>
   </trkpt>
   <trkpt lat="36.5332730" lon="-4.6952640">
    <ele>85.8</ele>
   </trkpt>
   <trkpt lat="36.5331980" lon="-4.6952360">
    <ele>86.8</ele>
   </trkpt>
   <trkpt lat="36.5331380" lon="-4.6952320">
    <ele>88.2</ele>
   </trkpt>
   <trkpt lat="36.5330780" lon="-4.6952300">
    <ele>89.4</ele>
   </trkpt>
   <trkpt lat="36.5330250" lon="-4.6952370">
    <ele>90.4</ele>
   </trkpt>
   <trkpt lat="36.5329830" lon="-4.6952500">
    <ele>91.6</ele>
   </trkpt>
   <trkpt lat="36.5329440" lon="-4.6952630">
    <ele>92.6</ele>
   </trkpt>
   <trkpt lat="36.5329050" lon="-4.6952760">
    <ele>93.6</ele>
   </trkpt>
   <trkpt lat="36.5328680" lon="-4.6952870">
    <ele>94.4</ele>
   </trkpt>
   <trkpt lat="36.5328340" lon="-4.6952970">
    <ele>95.2</ele>
   </trkpt>
   <trkpt lat="36.5327990" lon="-4.6953070">
    <ele>96.0</ele>
   </trkpt>
   <trkpt lat="36.5327680" lon="-4.6953170">
    <ele>96.6</ele>
   </trkpt>
   <trkpt lat="36.5327340" lon="-4.6953230">
    <ele>97.2</ele>
   </trkpt>
   <trkpt lat="36.5326960" lon="-4.6953300">
    <ele>97.6</ele>
   </trkpt>
   <trkpt lat="36.5326620" lon="-4.6953360">
    <ele>97.8</ele>
   </trkpt>
   <trkpt lat="36.5326270" lon="-4.6953400">
    <ele>98.2</ele>
   </trkpt>
   <trkpt lat="36.5325960" lon="-4.6953410">
    <ele>99.0</ele>
   </trkpt>
   <trkpt lat="36.5325620" lon="-4.6953430">
    <ele>100.4</ele>
   </trkpt>
   <trkpt lat="36.5325250" lon="-4.6953440">
    <ele>101.4</ele>
   </trkpt>
   <trkpt lat="36.5324870" lon="-4.6953390">
    <ele>102.0</ele>
   </trkpt>
   <trkpt lat="36.5324490" lon="-4.6953350">
    <ele>102.2</ele>
   </trkpt>
   <trkpt lat="36.5324100" lon="-4.6953280">
    <ele>102.6</ele>
   </trkpt>
   <trkpt lat="36.5323730" lon="-4.6953190">
    <ele>103.0</ele>
   </trkpt>
   <trkpt lat="36.5323350" lon="-4.6953100">
    <ele>103.2</ele>
   </trkpt>
   <trkpt lat="36.5322950" lon="-4.6952960">
    <ele>103.6</ele>
   </trkpt>
   <trkpt lat="36.5322550" lon="-4.6952790">
    <ele>104.0</ele>
   </trkpt>
   <trkpt lat="36.5322230" lon="-4.6952640">
    <ele>104.0</ele>
   </trkpt>
   <trkpt lat="36.5321810" lon="-4.6952440">
    <ele>103.8</ele>
   </trkpt>
   <trkpt lat="36.5321360" lon="-4.6952190">
    <ele>104.2</ele>
   </trkpt>
   <trkpt lat="36.5320970" lon="-4.6951950">
    <ele>104.8</ele>
   </trkpt>
   <trkpt lat="36.5320520" lon="-4.6951720">
    <ele>105.4</ele>
   </trkpt>
   <trkpt lat="36.5320080" lon="-4.6951470">
    <ele>106.0</ele>
   </trkpt>
   <trkpt lat="36.5319680" lon="-4.6951180">
    <ele>106.4</ele>
   </trkpt>
   <trkpt lat="36.5319220" lon="-4.6950870">
    <ele>106.8</ele>
   </trkpt>
   <trkpt lat="36.5318770" lon="-4.6950560">
    <ele>107.0</ele>
   </trkpt>
   <trkpt lat="36.5318270" lon="-4.6950250">
    <ele>107.4</ele>
   </trkpt>
   <trkpt lat="36.5317810" lon="-4.6949920">
    <ele>107.6</ele>
   </trkpt>
   <trkpt lat="36.5317290" lon="-4.6949550">
    <ele>107.8</ele>
   </trkpt>
   <trkpt lat="36.5316830" lon="-4.6949250">
    <ele>108.0</ele>
   </trkpt>
   <trkpt lat="36.5316230" lon="-4.6948980">
    <ele>108.4</ele>
   </trkpt>
   <trkpt lat="36.5315720" lon="-4.6948770">
    <ele>108.8</ele>
   </trkpt>
   <trkpt lat="36.5315160" lon="-4.6948590">
    <ele>109.0</ele>
   </trkpt>
   <trkpt lat="36.5314590" lon="-4.6948450">
    <ele>109.6</ele>
   </trkpt>
   <trkpt lat="36.5313980" lon="-4.6948360">
    <ele>110.2</ele>
   </trkpt>
   <trkpt lat="36.5313380" lon="-4.6948290">
    <ele>110.8</ele>
   </trkpt>
   <trkpt lat="36.5312770" lon="-4.6948220">
    <ele>111.4</ele>
   </trkpt>
   <trkpt lat="36.5312190" lon="-4.6948140">
    <ele>112.0</ele>
   </trkpt>
   <trkpt lat="36.5311530" lon="-4.6948070">
    <ele>112.6</ele>
   </trkpt>
   <trkpt lat="36.5310930" lon="-4.6948010">
    <ele>113.2</ele>
   </trkpt>
   <trkpt lat="36.5310290" lon="-4.6947970">
    <ele>114.0</ele>
   </trkpt>
   <trkpt lat="36.5309750" lon="-4.6947950">
    <ele>114.6</ele>
   </trkpt>
   <trkpt lat="36.5309140" lon="-4.6947870">
    <ele>115.2</ele>
   </trkpt>
   <trkpt lat="36.5308630" lon="-4.6947720">
    <ele>116.0</ele>
   </trkpt>
   <trkpt lat="36.5308130" lon="-4.6947480">
    <ele>116.6</ele>
   </trkpt>
   <trkpt lat="36.5307670" lon="-4.6947170">
    <ele>117.4</ele>
   </trkpt>
   <trkpt lat="36.5307300" lon="-4.6946730">
    <ele>118.2</ele>
   </trkpt>
   <trkpt lat="36.5307000" lon="-4.6946260">
    <ele>119.0</ele>
   </trkpt>
   <trkpt lat="36.5306690" lon="-4.6945660">
    <ele>119.6</ele>
   </trkpt>
   <trkpt lat="36.5306350" lon="-4.6945040">
    <ele>119.8</ele>
   </trkpt>
   <trkpt lat="36.5305980" lon="-4.6944430">
    <ele>119.8</ele>
   </trkpt>
   <trkpt lat="36.5305420" lon="-4.6943760">
    <ele>120.0</ele>
   </trkpt>
   <trkpt lat="36.5304720" lon="-4.6943140">
    <ele>119.8</ele>
   </trkpt>
   <trkpt lat="36.5303880" lon="-4.6942650">
    <ele>119.4</ele>
   </trkpt>
   <trkpt lat="36.5302910" lon="-4.6942110">
    <ele>118.6</ele>
   </trkpt>
   <trkpt lat="36.5301850" lon="-4.6941490">
    <ele>117.6</ele>
   </trkpt>
   <trkpt lat="36.5300730" lon="-4.6940790">
    <ele>116.4</ele>
   </trkpt>
   <trkpt lat="36.5299520" lon="-4.6940030">
    <ele>115.0</ele>
   </trkpt>
   <trkpt lat="36.5298220" lon="-4.6939170">
    <ele>113.6</ele>
   </trkpt>
   <trkpt lat="36.5296950" lon="-4.6938370">
    <ele>112.0</ele>
   </trkpt>
   <trkpt lat="36.5295610" lon="-4.6937500">
    <ele>110.2</ele>
   </trkpt>
   <trkpt lat="36.5294230" lon="-4.6936610">
    <ele>108.2</ele>
   </trkpt>
   <trkpt lat="36.5292800" lon="-4.6935570">
    <ele>106.2</ele>
   </trkpt>
   <trkpt lat="36.5291440" lon="-4.6934400">
    <ele>104.6</ele>
   </trkpt>
   <trkpt lat="36.5290100" lon="-4.6933010">
    <ele>102.8</ele>
   </trkpt>
   <trkpt lat="36.5288980" lon="-4.6931550">
    <ele>101.4</ele>
   </trkpt>
   <trkpt lat="36.5287900" lon="-4.6929750">
    <ele>100.2</ele>
   </trkpt>
   <trkpt lat="36.5287060" lon="-4.6928090">
    <ele>99.4</ele>
   </trkpt>
   <trkpt lat="36.5286140" lon="-4.6926430">
    <ele>98.8</ele>
   </trkpt>
   <trkpt lat="36.5285090" lon="-4.6924820">
    <ele>98.0</ele>
   </trkpt>
   <trkpt lat="36.5283860" lon="-4.6923130">
    <ele>97.2</ele>
   </trkpt>
   <trkpt lat="36.5282790" lon="-4.6921710">
    <ele>96.4</ele>
   </trkpt>
   <trkpt lat="36.5281590" lon="-4.6920190">
    <ele>95.6</ele>
   </trkpt>
   <trkpt lat="36.5280400" lon="-4.6918700">
    <ele>95.0</ele>
   </trkpt>
   <trkpt lat="36.5279300" lon="-4.6917210">
    <ele>95.0</ele>
   </trkpt>
   <trkpt lat="36.5278190" lon="-4.6915670">
    <ele>95.0</ele>
   </trkpt>
   <trkpt lat="36.5277080" lon="-4.6914080">
    <ele>95.0</ele>
   </trkpt>
   <trkpt lat="36.5276100" lon="-4.6912690">
    <ele>95.0</ele>
   </trkpt>
   <trkpt lat="36.5275020" lon="-4.6911030">
    <ele>94.8</ele>
   </trkpt>
   <trkpt lat="36.5274180" lon="-4.6909410">
    <ele>94.6</ele>
   </trkpt>
   <trkpt lat="36.5273330" lon="-4.6907750">
    <ele>94.6</ele>
   </trkpt>
   <trkpt lat="36.5272310" lon="-4.6906460">
    <ele>94.6</ele>
   </trkpt>
   <trkpt lat="36.5271040" lon="-4.6905420">
    <ele>94.6</ele>
   </trkpt>
   <trkpt lat="36.5269760" lon="-4.6904870">
    <ele>94.4</ele>
   </trkpt>
   <trkpt lat="36.5268410" lon="-4.6904410">
    <ele>94.4</ele>
   </trkpt>
   <trkpt lat="36.5267110" lon="-4.6903690">
    <ele>94.2</ele>
   </trkpt>
   <trkpt lat="36.5265830" lon="-4.6902620">
    <ele>93.6</ele>
   </trkpt>
   <trkpt lat="36.5264620" lon="-4.6901230">
    <ele>92.8</ele>
   </trkpt>
   <trkpt lat="36.5263380" lon="-4.6899700">
    <ele>91.4</ele>
   </trkpt>
   <trkpt lat="36.5262200" lon="-4.6898280">
    <ele>89.8</ele>
   </trkpt>
   <trkpt lat="36.5260890" lon="-4.6896620">
    <ele>88.0</ele>
   </trkpt>
   <trkpt lat="36.5259680" lon="-4.6894950">
    <ele>85.8</ele>
   </trkpt>
   <trkpt lat="36.5258500" lon="-4.6893020">
    <ele>84.0</ele>
   </trkpt>
   <trkpt lat="36.5257450" lon="-4.6890920">
    <ele>81.6</ele>
   </trkpt>
   <trkpt lat="36.5256540" lon="-4.6888700">
    <ele>78.6</ele>
   </trkpt>
   <trkpt lat="36.5255780" lon="-4.6886410">
    <ele>76.0</ele>
   </trkpt>
   <trkpt lat="36.5255130" lon="-4.6883850">
    <ele>73.2</ele>
   </trkpt>
   <trkpt lat="36.5254640" lon="-4.6881360">
    <ele>70.4</ele>
   </trkpt>
   <trkpt lat="36.5254280" lon="-4.6878890">
    <ele>68.0</ele>
   </trkpt>
   <trkpt lat="36.5253900" lon="-4.6876670">
    <ele>65.6</ele>
   </trkpt>
   <trkpt lat="36.5253580" lon="-4.6874660">
    <ele>63.4</ele>
   </trkpt>
   <trkpt lat="36.5253300" lon="-4.6873150">
    <ele>61.6</ele>
   </trkpt>
   <trkpt lat="36.5252910" lon="-4.6871710">
    <ele>60.2</ele>
   </trkpt>
   <trkpt lat="36.5252410" lon="-4.6870650">
    <ele>59.0</ele>
   </trkpt>
   <trkpt lat="36.5251710" lon="-4.6869880">
    <ele>57.8</ele>
   </trkpt>
   <trkpt lat="36.5250890" lon="-4.6869470">
    <ele>56.8</ele>
   </trkpt>
   <trkpt lat="36.5250130" lon="-4.6869210">
    <ele>56.2</ele>
   </trkpt>
   <trkpt lat="36.5249680" lon="-4.6868720">
    <ele>55.8</ele>
   </trkpt>
   <trkpt lat="36.5249460" lon="-4.6868000">
    <ele>55.4</ele>
   </trkpt>
   <trkpt lat="36.5249580" lon="-4.6867290">
    <ele>55.0</ele>
   </trkpt>
   <trkpt lat="36.5249870" lon="-4.6866620">
    <ele>54.8</ele>
   </trkpt>
   <trkpt lat="36.5250280" lon="-4.6866000">
    <ele>54.6</ele>
   </trkpt>
   <trkpt lat="36.5250770" lon="-4.6865400">
    <ele>54.4</ele>
   </trkpt>
   <trkpt lat="36.5251250" lon="-4.6864840">
    <ele>54.4</ele>
   </trkpt>
   <trkpt lat="36.5251690" lon="-4.6864190">
    <ele>54.4</ele>
   </trkpt>
   <trkpt lat="36.5252120" lon="-4.6863550">
    <ele>54.4</ele>
   </trkpt>
   <trkpt lat="36.5252570" lon="-4.6862970">
    <ele>54.4</ele>
   </trkpt>
   <trkpt lat="36.5253030" lon="-4.6862340">
    <ele>54.6</ele>
   </trkpt>
   <trkpt lat="36.5253500" lon="-4.6861690">
    <ele>55.0</ele>
   </trkpt>
   <trkpt lat="36.5254000" lon="-4.6861140">
    <ele>55.4</ele>
   </trkpt>
   <trkpt lat="36.5254590" lon="-4.6860610">
    <ele>55.6</ele>
   </trkpt>
   <trkpt lat="36.5255140" lon="-4.6860150">
    <ele>56.0</ele>
   </trkpt>
   <trkpt lat="36.5255720" lon="-4.6859680">
    <ele>56.2</ele>
   </trkpt>
   <trkpt lat="36.5256330" lon="-4.6859290">
    <ele>56.4</ele>
   </trkpt>
   <trkpt lat="36.5256950" lon="-4.6858930">
    <ele>56.6</ele>
   </trkpt>
   <trkpt lat="36.5257570" lon="-4.6858640">
    <ele>56.8</ele>
   </trkpt>
   <trkpt lat="36.5258240" lon="-4.6858340">
    <ele>56.8</ele>
   </trkpt>
   <trkpt lat="36.5258920" lon="-4.6858100">
    <ele>57.0</ele>
   </trkpt>
   <trkpt lat="36.5259590" lon="-4.6857920">
    <ele>57.0</ele>
   </trkpt>
   <trkpt lat="36.5260290" lon="-4.6857810">
    <ele>56.8</ele>
   </trkpt>
   <trkpt lat="36.5261040" lon="-4.6857740">
    <ele>56.8</ele>
   </trkpt>
   <trkpt lat="36.5261690" lon="-4.6857720">
    <ele>57.0</ele>
   </trkpt>
   <trkpt lat="36.5262390" lon="-4.6857730">
    <ele>57.4</ele>
   </trkpt>
   <trkpt lat="36.5263040" lon="-4.6857750">
    <ele>57.8</ele>
   </trkpt>
   <trkpt lat="36.5263710" lon="-4.6857810">
    <ele>58.2</ele>
   </trkpt>
   <trkpt lat="36.5264370" lon="-4.6857880">
    <ele>58.6</ele>
   </trkpt>
   <trkpt lat="36.5265080" lon="-4.6857960">
    <ele>58.6</ele>
   </trkpt>
   <trkpt lat="36.5265730" lon="-4.6858070">
    <ele>58.6</ele>
   </trkpt>
   <trkpt lat="36.5266410" lon="-4.6858190">
    <ele>58.6</ele>
   </trkpt>
   <trkpt lat="36.5267080" lon="-4.6858290">
    <ele>58.6</ele>
   </trkpt>
   <trkpt lat="36.5267710" lon="-4.6858370">
    <ele>58.4</ele>
   </trkpt>
   <trkpt lat="36.5268400" lon="-4.6858490">
    <ele>58.4</ele>
   </trkpt>
   <trkpt lat="36.5269080" lon="-4.6858580">
    <ele>58.6</ele>
   </trkpt>
   <trkpt lat="36.5269700" lon="-4.6858670">
    <ele>59.2</ele>
   </trkpt>
   <trkpt lat="36.5270360" lon="-4.6858770">
    <ele>59.6</ele>
   </trkpt>
   <trkpt lat="36.5271010" lon="-4.6858810">
    <ele>59.8</ele>
   </trkpt>
   <trkpt lat="36.5271670" lon="-4.6858880">
    <ele>60.0</ele>
   </trkpt>
   <trkpt lat="36.5272280" lon="-4.6858910">
    <ele>60.2</ele>
   </trkpt>
   <trkpt lat="36.5272970" lon="-4.6858950">
    <ele>60.6</ele>
   </trkpt>
   <trkpt lat="36.5273550" lon="-4.6858980">
    <ele>60.8</ele>
   </trkpt>
   <trkpt lat="36.5274230" lon="-4.6859000">
    <ele>61.2</ele>
   </trkpt>
   <trkpt lat="36.5274860" lon="-4.6859030">
    <ele>61.4</ele>
   </trkpt>
   <trkpt lat="36.5275470" lon="-4.6859060">
    <ele>61.6</ele>
   </trkpt>
   <trkpt lat="36.5276080" lon="-4.6859100">
    <ele>61.8</ele>
   </trkpt>
   <trkpt lat="36.5276660" lon="-4.6859120">
    <ele>62.0</ele>
   </trkpt>
   <trkpt lat="36.5277220" lon="-4.6859160">
    <ele>62.2</ele>
   </trkpt>
   <trkpt lat="36.5277780" lon="-4.6859190">
    <ele>62.6</ele>
   </trkpt>
   <trkpt lat="36.5278340" lon="-4.6859230">
    <ele>63.0</ele>
   </trkpt>
   <trkpt lat="36.5278870" lon="-4.6859250">
    <ele>63.4</ele>
   </trkpt>
   <trkpt lat="36.5279410" lon="-4.6859260">
    <ele>63.4</ele>
   </trkpt>
   <trkpt lat="36.5279970" lon="-4.6859280">
    <ele>63.4</ele>
   </trkpt>
   <trkpt lat="36.5280440" lon="-4.6859300">
    <ele>63.6</ele>
   </trkpt>
   <trkpt lat="36.5280950" lon="-4.6859330">
    <ele>64.2</ele>
   </trkpt>
   <trkpt lat="36.5281440" lon="-4.6859360">
    <ele>64.8</ele>
   </trkpt>
   <trkpt lat="36.5281920" lon="-4.6859390">
    <ele>65.2</ele>
   </trkpt>
   <trkpt lat="36.5282430" lon="-4.6859420">
    <ele>65.4</ele>
   </trkpt>
   <trkpt lat="36.5282940" lon="-4.6859450">
    <ele>65.6</ele>
   </trkpt>
   <trkpt lat="36.5283360" lon="-4.6859450">
    <ele>65.8</ele>
   </trkpt>
   <trkpt lat="36.5283880" lon="-4.6859460">
    <ele>66.2</ele>
   </trkpt>
   <trkpt lat="36.5284360" lon="-4.6859490">
    <ele>66.4</ele>
   </trkpt>
   <trkpt lat="36.5284830" lon="-4.6859500">
    <ele>66.6</ele>
   </trkpt>
   <trkpt lat="36.5285290" lon="-4.6859510">
    <ele>66.8</ele>
   </trkpt>
   <trkpt lat="36.5285770" lon="-4.6859530">
    <ele>67.0</ele>
   </trkpt>
   <trkpt lat="36.5286160" lon="-4.6859550">
    <ele>67.2</ele>
   </trkpt>
   <trkpt lat="36.5286560" lon="-4.6859560">
    <ele>67.4</ele>
   </trkpt>
   <trkpt lat="36.5286980" lon="-4.6859580">
    <ele>67.4</ele>
   </trkpt>
   <trkpt lat="36.5287380" lon="-4.6859630">
    <ele>67.6</ele>
   </trkpt>
   <trkpt lat="36.5287810" lon="-4.6859630">
    <ele>67.8</ele>
   </trkpt>
   <trkpt lat="36.5288250" lon="-4.6859650">
    <ele>68.2</ele>
   </trkpt>
   <trkpt lat="36.5288650" lon="-4.6859690">
    <ele>68.6</ele>
   </trkpt>
   <trkpt lat="36.5289080" lon="-4.6859700">
    <ele>68.6</ele>
   </trkpt>
   <trkpt lat="36.5289520" lon="-4.6859720">
    <ele>68.8</ele>
   </trkpt>
   <trkpt lat="36.5289950" lon="-4.6859720">
    <ele>69.0</ele>
   </trkpt>
   <trkpt lat="36.5290400" lon="-4.6859730">
    <ele>69.4</ele>
   </trkpt>
   <trkpt lat="36.5290830" lon="-4.6859750">
    <ele>69.6</ele>
   </trkpt>
   <trkpt lat="36.5291270" lon="-4.6859780">
    <ele>69.8</ele>
   </trkpt>
   <trkpt lat="36.5291710" lon="-4.6859830">
    <ele>70.0</ele>
   </trkpt>
   <trkpt lat="36.5292110" lon="-4.6859830">
    <ele>70.2</ele>
   </trkpt>
   <trkpt lat="36.5292570" lon="-4.6859850">
    <ele>70.4</ele>
   </trkpt>
   <trkpt lat="36.5293030" lon="-4.6859890">
    <ele>70.4</ele>
   </trkpt>
   <trkpt lat="36.5293470" lon="-4.6859930">
    <ele>70.6</ele>
   </trkpt>
   <trkpt lat="36.5293900" lon="-4.6859950">
    <ele>70.8</ele>
   </trkpt>
   <trkpt lat="36.5294390" lon="-4.6859980">
    <ele>71.0</ele>
   </trkpt>
   <trkpt lat="36.5294830" lon="-4.6860000">
    <ele>71.2</ele>
   </trkpt>
   <trkpt lat="36.5295310" lon="-4.6860020">
    <ele>71.6</ele>
   </trkpt>
   <trkpt lat="36.5295810" lon="-4.6860020">
    <ele>71.8</ele>
   </trkpt>
   <trkpt lat="36.5296310" lon="-4.6860030">
    <ele>72.2</ele>
   </trkpt>
   <trkpt lat="36.5296720" lon="-4.6860060">
    <ele>72.4</ele>
   </trkpt>
   <trkpt lat="36.5297200" lon="-4.6860070">
    <ele>73.2</ele>
   </trkpt>
   <trkpt lat="36.5297690" lon="-4.6860070">
    <ele>73.8</ele>
   </trkpt>
   <trkpt lat="36.5298150" lon="-4.6860040">
    <ele>74.0</ele>
   </trkpt>
   <trkpt lat="36.5298600" lon="-4.6860020">
    <ele>74.0</ele>
   </trkpt>
   <trkpt lat="36.5299080" lon="-4.6859970">
    <ele>74.0</ele>
   </trkpt>
   <trkpt lat="36.5299500" lon="-4.6859940">
    <ele>74.4</ele>
   </trkpt>
   <trkpt lat="36.5299930" lon="-4.6859870">
    <ele>75.0</ele>
   </trkpt>
   <trkpt lat="36.5300400" lon="-4.6859820">
    <ele>75.0</ele>
   </trkpt>
   <trkpt lat="36.5300830" lon="-4.6859790">
    <ele>74.8</ele>
   </trkpt>
   <trkpt lat="36.5301230" lon="-4.6859740">
    <ele>74.8</ele>
   </trkpt>
   <trkpt lat="36.5301630" lon="-4.6859710">
    <ele>74.8</ele>
   </trkpt>
   <trkpt lat="36.5302040" lon="-4.6859690">
    <ele>75.0</ele>
   </trkpt>
   <trkpt lat="36.5302480" lon="-4.6859630">
    <ele>75.2</ele>
   </trkpt>
   <trkpt lat="36.5302870" lon="-4.6859600">
    <ele>75.4</ele>
   </trkpt>
   <trkpt lat="36.5303300" lon="-4.6859530">
    <ele>75.4</ele>
   </trkpt>
   <trkpt lat="36.5303730" lon="-4.6859460">
    <ele>75.6</ele>
   </trkpt>
   <trkpt lat="36.5304150" lon="-4.6859400">
    <ele>75.6</ele>
   </trkpt>
   <trkpt lat="36.5304580" lon="-4.6859370">
    <ele>75.4</ele>
   </trkpt>
   <trkpt lat="36.5305030" lon="-4.6859330">
    <ele>75.6</ele>
   </trkpt>
   <trkpt lat="36.5305480" lon="-4.6859260">
    <ele>75.8</ele>
   </trkpt>
   <trkpt lat="36.5305940" lon="-4.6859200">
    <ele>76.2</ele>
   </trkpt>
   <trkpt lat="36.5306380" lon="-4.6859200">
    <ele>76.6</ele>
   </trkpt>
   <trkpt lat="36.5306840" lon="-4.6859140">
    <ele>76.6</ele>
   </trkpt>
   <trkpt lat="36.5307300" lon="-4.6859080">
    <ele>76.8</ele>
   </trkpt>
   <trkpt lat="36.5307780" lon="-4.6859010">
    <ele>76.8</ele>
   </trkpt>
   <trkpt lat="36.5308230" lon="-4.6858940">
    <ele>77.0</ele>
   </trkpt>
   <trkpt lat="36.5308720" lon="-4.6858890">
    <ele>77.2</ele>
   </trkpt>
   <trkpt lat="36.5309140" lon="-4.6858840">
    <ele>77.4</ele>
   </trkpt>
   <trkpt lat="36.5309650" lon="-4.6858750">
    <ele>77.4</ele>
   </trkpt>
   <trkpt lat="36.5310080" lon="-4.6858710">
    <ele>77.2</ele>
   </trkpt>
   <trkpt lat="36.5310590" lon="-4.6858670">
    <ele>77.2</ele>
   </trkpt>
   <trkpt lat="36.5311050" lon="-4.6858610">
    <ele>77.4</ele>
   </trkpt>
   <trkpt lat="36.5311540" lon="-4.6858580">
    <ele>77.8</ele>
   </trkpt>
   <trkpt lat="36.5312060" lon="-4.6858550">
    <ele>78.0</ele>
   </trkpt>
   <trkpt lat="36.5312600" lon="-4.6858480">
    <ele>78.2</ele>
   </trkpt>
   <trkpt lat="36.5313060" lon="-4.6858470">
    <ele>78.2</ele>
   </trkpt>
   <trkpt lat="36.5313600" lon="-4.6858420">
    <ele>78.4</ele>
   </trkpt>
   <trkpt lat="36.5314130" lon="-4.6858400">
    <ele>78.4</ele>
   </trkpt>
   <trkpt lat="36.5314720" lon="-4.6858380">
    <ele>78.4</ele>
   </trkpt>
   <trkpt lat="36.5315220" lon="-4.6858410">
    <ele>78.6</ele>
   </trkpt>
   <trkpt lat="36.5315800" lon="-4.6858430">
    <ele>78.8</ele>
   </trkpt>
   <trkpt lat="36.5316390" lon="-4.6858450">
    <ele>79.0</ele>
   </trkpt>
   <trkpt lat="36.5317030" lon="-4.6858470">
    <ele>79.2</ele>
   </trkpt>
   <trkpt lat="36.5317650" lon="-4.6858530">
    <ele>79.6</ele>
   </trkpt>
   <trkpt lat="36.5318350" lon="-4.6858610">
    <ele>79.4</ele>
   </trkpt>
   <trkpt lat="36.5318960" lon="-4.6858690">
    <ele>79.2</ele>
   </trkpt>
   <trkpt lat="36.5319650" lon="-4.6858780">
    <ele>78.8</ele>
   </trkpt>
   <trkpt lat="36.5320350" lon="-4.6858870">
    <ele>78.4</ele>
   </trkpt>
   <trkpt lat="36.5321030" lon="-4.6858960">
    <ele>78.2</ele>
   </trkpt>
   <trkpt lat="36.5321810" lon="-4.6859070">
    <ele>78.2</ele>
   </trkpt>
   <trkpt lat="36.5322540" lon="-4.6859190">
    <ele>78.0</ele>
   </trkpt>
   <trkpt lat="36.5323310" lon="-4.6859340">
    <ele>77.8</ele>
   </trkpt>
   <trkpt lat="36.5324090" lon="-4.6859480">
    <ele>77.8</ele>
   </trkpt>
   <trkpt lat="36.5324870" lon="-4.6859600">
    <ele>77.8</ele>
   </trkpt>
   <trkpt lat="36.5325720" lon="-4.6859740">
    <ele>77.6</ele>
   </trkpt>
   <trkpt lat="36.5326580" lon="-4.6859890">
    <ele>77.4</ele>
   </trkpt>
   <trkpt lat="36.5327510" lon="-4.6860040">
    <ele>76.8</ele>
   </trkpt>
   <trkpt lat="36.5328370" lon="-4.6860190">
    <ele>76.4</ele>
   </trkpt>
   <trkpt lat="36.5329360" lon="-4.6860330">
    <ele>75.8</ele>
   </trkpt>
   <trkpt lat="36.5330230" lon="-4.6860420">
    <ele>75.0</ele>
   </trkpt>
   <trkpt lat="36.5331190" lon="-4.6860530">
    <ele>74.4</ele>
   </trkpt>
   <trkpt lat="36.5332130" lon="-4.6860590">
    <ele>74.2</ele>
   </trkpt>
   <trkpt lat="36.5333170" lon="-4.6860650">
    <ele>73.8</ele>
   </trkpt>
   <trkpt lat="36.5334100" lon="-4.6860660">
    <ele>73.2</ele>
   </trkpt>
   <trkpt lat="36.5335140" lon="-4.6860630">
    <ele>72.2</ele>
   </trkpt>
   <trkpt lat="36.5336060" lon="-4.6860620">
    <ele>71.4</ele>
   </trkpt>
   <trkpt lat="36.5337040" lon="-4.6860530">
    <ele>70.8</ele>
   </trkpt>
   <trkpt lat="36.5338040" lon="-4.6860410">
    <ele>70.4</ele>
   </trkpt>
   <trkpt lat="36.5339030" lon="-4.6860300">
    <ele>70.4</ele>
   </trkpt>
   <trkpt lat="36.5340030" lon="-4.6860210">
    <ele>70.8</ele>
   </trkpt>
   <trkpt lat="36.5341120" lon="-4.6860090">
    <ele>71.2</ele>
   </trkpt>
   <trkpt lat="36.5342100" lon="-4.6859970">
    <ele>71.4</ele>
   </trkpt>
   <trkpt lat="36.5343240" lon="-4.6859810">
    <ele>71.4</ele>
   </trkpt>
   <trkpt lat="36.5344240" lon="-4.6859680">
    <ele>71.2</ele>
   </trkpt>
   <trkpt lat="36.5345420" lon="-4.6859530">
    <ele>71.0</ele>
   </trkpt>
   <trkpt lat="36.5346490" lon="-4.6859350">
    <ele>70.4</ele>
   </trkpt>
   <trkpt lat="36.5347680" lon="-4.6859160">
    <ele>70.0</ele>
   </trkpt>
   <trkpt lat="36.5348690" lon="-4.6859000">
    <ele>69.4</ele>
   </trkpt>
   <trkpt lat="36.5349830" lon="-4.6858840">
    <ele>69.0</ele>
   </trkpt>
   <trkpt lat="36.5351000" lon="-4.6858670">
    <ele>68.8</ele>
   </trkpt>
   <trkpt lat="36.5352150" lon="-4.6858520">
    <ele>68.4</ele>
   </trkpt>
   <trkpt lat="36.5353220" lon="-4.6858390">
    <ele>67.8</ele>
   </trkpt>
   <trkpt lat="36.5354360" lon="-4.6858320">
    <ele>67.2</ele>
   </trkpt>
   <trkpt lat="36.5355380" lon="-4.6858290">
    <ele>66.6</ele>
   </trkpt>
   <trkpt lat="36.5356500" lon="-4.6858280">
    <ele>66.4</ele>
   </trkpt>
   <trkpt lat="36.5357490" lon="-4.6858370">
    <ele>66.0</ele>
   </trkpt>
   <trkpt lat="36.5358460" lon="-4.6858500">
    <ele>65.2</ele>
   </trkpt>
   <trkpt lat="36.5359490" lon="-4.6858680">
    <ele>64.2</ele>
   </trkpt>
   <trkpt lat="36.5360540" lon="-4.6858960">
    <ele>63.6</ele>
   </trkpt>
   <trkpt lat="36.5361440" lon="-4.6859220">
    <ele>63.4</ele>
   </trkpt>
   <trkpt lat="36.5362460" lon="-4.6859580">
    <ele>63.2</ele>
   </trkpt>
   <trkpt lat="36.5363350" lon="-4.6859970">
    <ele>63.0</ele>
   </trkpt>
   <trkpt lat="36.5364310" lon="-4.6860430">
    <ele>62.8</ele>
   </trkpt>
   <trkpt lat="36.5365210" lon="-4.6860930">
    <ele>62.6</ele>
   </trkpt>
   <trkpt lat="36.5366180" lon="-4.6861580">
    <ele>62.2</ele>
   </trkpt>
   <trkpt lat="36.5367000" lon="-4.6862160">
    <ele>62.2</ele>
   </trkpt>
   <trkpt lat="36.5367940" lon="-4.6862900">
    <ele>62.0</ele>
   </trkpt>
   <trkpt lat="36.5368760" lon="-4.6863620">
    <ele>61.4</ele>
   </trkpt>
   <trkpt lat="36.5369650" lon="-4.6864450">
    <ele>61.0</ele>
   </trkpt>
   <trkpt lat="36.5370410" lon="-4.6865270">
    <ele>60.8</ele>
   </trkpt>
   <trkpt lat="36.5371240" lon="-4.6866240">
    <ele>60.4</ele>
   </trkpt>
   <trkpt lat="36.5371940" lon="-4.6867080">
    <ele>59.8</ele>
   </trkpt>
   <trkpt lat="36.5372740" lon="-4.6868090">
    <ele>59.0</ele>
   </trkpt>
   <trkpt lat="36.5373430" lon="-4.6869000">
    <ele>58.0</ele>
   </trkpt>
   <trkpt lat="36.5374240" lon="-4.6870010">
    <ele>57.0</ele>
   </trkpt>
   <trkpt lat="36.5375020" lon="-4.6870970">
    <ele>56.2</ele>
   </trkpt>
   <trkpt lat="36.5375900" lon="-4.6872000">
    <ele>55.6</ele>
   </trkpt>
   <trkpt lat="36.5376750" lon="-4.6872870">
    <ele>54.4</ele>
   </trkpt>
   <trkpt lat="36.5379810" lon="-4.6875360">
    <ele>51.6</ele>
   </trkpt>
   <trkpt lat="36.5380850" lon="-4.6875940">
    <ele>50.0</ele>
   </trkpt>
   <trkpt lat="36.5382010" lon="-4.6876370">
    <ele>48.6</ele>
   </trkpt>
   <trkpt lat="36.5383190" lon="-4.6876780">
    <ele>47.0</ele>
   </trkpt>
   <trkpt lat="36.5384490" lon="-4.6877010">
    <ele>45.6</ele>
   </trkpt>
   <trkpt lat="36.5385670" lon="-4.6877110">
    <ele>44.8</ele>
   </trkpt>
   <trkpt lat="36.5386910" lon="-4.6877070">
    <ele>44.2</ele>
   </trkpt>
   <trkpt lat="36.5388160" lon="-4.6876890">
    <ele>43.4</ele>
   </trkpt>
   <trkpt lat="36.5389520" lon="-4.6876640">
    <ele>43.0</ele>
   </trkpt>
   <trkpt lat="36.5390720" lon="-4.6876380">
    <ele>42.6</ele>
   </trkpt>
   <trkpt lat="36.5392010" lon="-4.6876090">
    <ele>42.0</ele>
   </trkpt>
   <trkpt lat="36.5393310" lon="-4.6875800">
    <ele>41.4</ele>
   </trkpt>
   <trkpt lat="36.5394650" lon="-4.6875490">
    <ele>40.6</ele>
   </trkpt>
   <trkpt lat="36.5395880" lon="-4.6875200">
    <ele>40.0</ele>
   </trkpt>
   <trkpt lat="36.5397280" lon="-4.6874890">
    <ele>39.4</ele>
   </trkpt>
   <trkpt lat="36.5398470" lon="-4.6874610">
    <ele>39.0</ele>
   </trkpt>
   <trkpt lat="36.5399860" lon="-4.6874300">
    <ele>38.4</ele>
   </trkpt>
   <trkpt lat="36.5401130" lon="-4.6874010">
    <ele>38.0</ele>
   </trkpt>
   <trkpt lat="36.5402560" lon="-4.6873660">
    <ele>37.2</ele>
   </trkpt>
   <trkpt lat="36.5403820" lon="-4.6873350">
    <ele>36.6</ele>
   </trkpt>
   <trkpt lat="36.5404890" lon="-4.6873110">
    <ele>36.0</ele>
   </trkpt>
   <trkpt lat="36.5406390" lon="-4.6872750">
    <ele>35.4</ele>
   </trkpt>
   <trkpt lat="36.5407850" lon="-4.6872430">
    <ele>35.0</ele>
   </trkpt>
   <trkpt lat="36.5409140" lon="-4.6872150">
    <ele>34.4</ele>
   </trkpt>
   <trkpt lat="36.5410510" lon="-4.6871840">
    <ele>33.4</ele>
   </trkpt>
   <trkpt lat="36.5411780" lon="-4.6871570">
    <ele>32.4</ele>
   </trkpt>
   <trkpt lat="36.5413220" lon="-4.6871310">
    <ele>30.8</ele>
   </trkpt>
   <trkpt lat="36.5414450" lon="-4.6871140">
    <ele>29.6</ele>
   </trkpt>
   <trkpt lat="36.5415600" lon="-4.6871030">
    <ele>28.6</ele>
   </trkpt>
   <trkpt lat="36.5417080" lon="-4.6870930">
    <ele>27.8</ele>
   </trkpt>
   <trkpt lat="36.5418480" lon="-4.6870890">
    <ele>27.4</ele>
   </trkpt>
   <trkpt lat="36.5419770" lon="-4.6870920">
    <ele>26.8</ele>
   </trkpt>
   <trkpt lat="36.5421120" lon="-4.6871030">
    <ele>26.2</ele>
   </trkpt>
   <trkpt lat="36.5422250" lon="-4.6871200">
    <ele>25.8</ele>
   </trkpt>
   <trkpt lat="36.5423550" lon="-4.6871380">
    <ele>25.4</ele>
   </trkpt>
   <trkpt lat="36.5424650" lon="-4.6871580">
    <ele>24.8</ele>
   </trkpt>
   <trkpt lat="36.5425870" lon="-4.6871880">
    <ele>24.0</ele>
   </trkpt>
   <trkpt lat="36.5427020" lon="-4.6872230">
    <ele>23.6</ele>
   </trkpt>
   <trkpt lat="36.5428230" lon="-4.6872650">
    <ele>23.6</ele>
   </trkpt>
   <trkpt lat="36.5429220" lon="-4.6872990">
    <ele>23.6</ele>
   </trkpt>
   <trkpt lat="36.5430390" lon="-4.6873430">
    <ele>23.8</ele>
   </trkpt>
   <trkpt lat="36.5431410" lon="-4.6873840">
    <ele>23.8</ele>
   </trkpt>
   <trkpt lat="36.5432520" lon="-4.6874290">
    <ele>23.4</ele>
   </trkpt>
   <trkpt lat="36.5433490" lon="-4.6874680">
    <ele>23.0</ele>
   </trkpt>
   <trkpt lat="36.5434560" lon="-4.6875130">
    <ele>22.8</ele>
   </trkpt>
   <trkpt lat="36.5435480" lon="-4.6875530">
    <ele>22.6</ele>
   </trkpt>
   <trkpt lat="36.5436510" lon="-4.6875980">
    <ele>22.4</ele>
   </trkpt>
   <trkpt lat="36.5437460" lon="-4.6876400">
    <ele>22.0</ele>
   </trkpt>
   <trkpt lat="36.5438440" lon="-4.6876830">
    <ele>22.2</ele>
   </trkpt>
   <trkpt lat="36.5439370" lon="-4.6877230">
    <ele>22.2</ele>
   </trkpt>
   <trkpt lat="36.5440340" lon="-4.6877670">
    <ele>22.4</ele>
   </trkpt>
   <trkpt lat="36.5441190" lon="-4.6878060">
    <ele>22.4</ele>
   </trkpt>
   <trkpt lat="36.5442110" lon="-4.6878510">
    <ele>22.4</ele>
   </trkpt>
   <trkpt lat="36.5443050" lon="-4.6878980">
    <ele>22.2</ele>
   </trkpt>
   <trkpt lat="36.5444020" lon="-4.6879480">
    <ele>22.4</ele>
   </trkpt>
   <trkpt lat="36.5444900" lon="-4.6879940">
    <ele>22.2</ele>
   </trkpt>
   <trkpt lat="36.5445850" lon="-4.6880460">
    <ele>22.2</ele>
   </trkpt>
   <trkpt lat="36.5446720" lon="-4.6880910">
    <ele>22.4</ele>
   </trkpt>
   <trkpt lat="36.5447710" lon="-4.6881450">
    <ele>22.6</ele>
   </trkpt>
   <trkpt lat="36.5448570" lon="-4.6881940">
    <ele>22.4</ele>
   </trkpt>
   <trkpt lat="36.5449490" lon="-4.6882480">
    <ele>22.4</ele>
   </trkpt>
   <trkpt lat="36.5450330" lon="-4.6882960">
    <ele>22.2</ele>
   </trkpt>
   <trkpt lat="36.5451270" lon="-4.6883530">
    <ele>22.0</ele>
   </trkpt>
   <trkpt lat="36.5452060" lon="-4.6883980">
    <ele>22.0</ele>
   </trkpt>
   <trkpt lat="36.5452970" lon="-4.6884550">
    <ele>22.2</ele>
   </trkpt>
   <trkpt lat="36.5453750" lon="-4.6885010">
    <ele>22.2</ele>
   </trkpt>
   <trkpt lat="36.5454600" lon="-4.6885500">
    <ele>22.0</ele>
   </trkpt>
   <trkpt lat="36.5455390" lon="-4.6886000">
    <ele>22.2</ele>
   </trkpt>
   <trkpt lat="36.5456260" lon="-4.6886540">
    <ele>22.2</ele>
   </trkpt>
   <trkpt lat="36.5456950" lon="-4.6886980">
    <ele>22.0</ele>
   </trkpt>
   <trkpt lat="36.5457740" lon="-4.6887470">
    <ele>21.8</ele>
   </trkpt>
   <trkpt lat="36.5458540" lon="-4.6887980">
    <ele>22.0</ele>
   </trkpt>
   <trkpt lat="36.5459330" lon="-4.6888500">
    <ele>22.0</ele>
   </trkpt>
   <trkpt lat="36.5460060" lon="-4.6888950">
    <ele>22.2</ele>
   </trkpt>
   <trkpt lat="36.5460870" lon="-4.6889470">
    <ele>22.4</ele>
   </trkpt>
   <trkpt lat="36.5461550" lon="-4.6889950">
    <ele>22.6</ele>
   </trkpt>
   <trkpt lat="36.5462340" lon="-4.6890490">
    <ele>22.6</ele>
   </trkpt>
   <trkpt lat="36.5463070" lon="-4.6891000">
    <ele>22.6</ele>
   </trkpt>
   <trkpt lat="36.5463830" lon="-4.6891620">
    <ele>22.8</ele>
   </trkpt>
   <trkpt lat="36.5464500" lon="-4.6892220">
    <ele>22.6</ele>
   </trkpt>
   <trkpt lat="36.5465210" lon="-4.6892860">
    <ele>22.4</ele>
   </trkpt>
   <trkpt lat="36.5465840" lon="-4.6893430">
    <ele>22.4</ele>
   </trkpt>
   <trkpt lat="36.5466500" lon="-4.6894170">
    <ele>22.4</ele>
   </trkpt>
   <trkpt lat="36.5467080" lon="-4.6894870">
    <ele>22.6</ele>
   </trkpt>
   <trkpt lat="36.5467700" lon="-4.6895650">
    <ele>22.8</ele>
   </trkpt>
   <trkpt lat="36.5468310" lon="-4.6896420">
    <ele>23.2</ele>
   </trkpt>
   <trkpt lat="36.5468900" lon="-4.6897250">
    <ele>23.4</ele>
   </trkpt>
   <trkpt lat="36.5469450" lon="-4.6898060">
    <ele>23.4</ele>
   </trkpt>
   <trkpt lat="36.5470070" lon="-4.6898960">
    <ele>23.2</ele>
   </trkpt>
   <trkpt lat="36.5470640" lon="-4.6899750">
    <ele>23.2</ele>
   </trkpt>
   <trkpt lat="36.5471210" lon="-4.6900640">
    <ele>23.0</ele>
   </trkpt>
   <trkpt lat="36.5471760" lon="-4.6901470">
    <ele>23.2</ele>
   </trkpt>
   <trkpt lat="36.5472360" lon="-4.6902370">
    <ele>23.0</ele>
   </trkpt>
   <trkpt lat="36.5472880" lon="-4.6903110">
    <ele>22.8</ele>
   </trkpt>
   <trkpt lat="36.5473430" lon="-4.6903900">
    <ele>22.6</ele>
   </trkpt>
   <trkpt lat="36.5473980" lon="-4.6904700">
    <ele>22.4</ele>
   </trkpt>
   <trkpt lat="36.5474550" lon="-4.6905540">
    <ele>21.8</ele>
   </trkpt>
   <trkpt lat="36.5475040" lon="-4.6906270">
    <ele>21.8</ele>
   </trkpt>
   <trkpt lat="36.5475610" lon="-4.6907070">
    <ele>22.0</ele>
   </trkpt>
   <trkpt lat="36.5476030" lon="-4.6907720">
    <ele>22.2</ele>
   </trkpt>
   <trkpt lat="36.5476560" lon="-4.6908500">
    <ele>22.4</ele>
   </trkpt>
   <trkpt lat="36.5477060" lon="-4.6909150">
    <ele>22.4</ele>
   </trkpt>
   <trkpt lat="36.5477570" lon="-4.6909910">
    <ele>22.6</ele>
   </trkpt>
   <trkpt lat="36.5478050" lon="-4.6910610">
    <ele>22.8</ele>
   </trkpt>
   <trkpt lat="36.5478590" lon="-4.6911420">
    <ele>23.0</ele>
   </trkpt>
   <trkpt lat="36.5479040" lon="-4.6912080">
    <ele>23.0</ele>
   </trkpt>
   <trkpt lat="36.5479550" lon="-4.6912870">
    <ele>23.2</ele>
   </trkpt>
   <trkpt lat="36.5480080" lon="-4.6913590">
    <ele>23.2</ele>
   </trkpt>
   <trkpt lat="36.5480630" lon="-4.6914380">
    <ele>23.2</ele>
   </trkpt>
   <trkpt lat="36.5481110" lon="-4.6915120">
    <ele>22.8</ele>
   </trkpt>
   <trkpt lat="36.5481670" lon="-4.6915930">
    <ele>22.6</ele>
   </trkpt>
   <trkpt lat="36.5482160" lon="-4.6916630">
    <ele>22.8</ele>
   </trkpt>
   <trkpt lat="36.5482720" lon="-4.6917440">
    <ele>22.8</ele>
   </trkpt>
   <trkpt lat="36.5483180" lon="-4.6918140">
    <ele>23.0</ele>
   </trkpt>
   <trkpt lat="36.5483750" lon="-4.6918940">
    <ele>23.0</ele>
   </trkpt>
   <trkpt lat="36.5484250" lon="-4.6919660">
    <ele>22.8</ele>
   </trkpt>
   <trkpt lat="36.5484820" lon="-4.6920460">
    <ele>22.6</ele>
   </trkpt>
   <trkpt lat="36.5485310" lon="-4.6921120">
    <ele>22.6</ele>
   </trkpt>
   <trkpt lat="36.5485890" lon="-4.6921900">
    <ele>22.8</ele>
   </trkpt>
   <trkpt lat="36.5486400" lon="-4.6922570">
    <ele>23.2</ele>
   </trkpt>
   <trkpt lat="36.5486910" lon="-4.6923280">
    <ele>23.4</ele>
   </trkpt>
   <trkpt lat="36.5487440" lon="-4.6923980">
    <ele>23.6</ele>
   </trkpt>
   <trkpt lat="36.5488010" lon="-4.6924700">
    <ele>23.6</ele>
   </trkpt>
   <trkpt lat="36.5488460" lon="-4.6925350">
    <ele>23.6</ele>
   </trkpt>
   <trkpt lat="36.5488950" lon="-4.6926080">
    <ele>23.6</ele>
   </trkpt>
   <trkpt lat="36.5489450" lon="-4.6926750">
    <ele>23.8</ele>
   </trkpt>
   <trkpt lat="36.5489920" lon="-4.6927470">
    <ele>23.8</ele>
   </trkpt>
   <trkpt lat="36.5490410" lon="-4.6928180">
    <ele>23.8</ele>
   </trkpt>
   <trkpt lat="36.5490950" lon="-4.6928930">
    <ele>23.6</ele>
   </trkpt>
   <trkpt lat="36.5491360" lon="-4.6929570">
    <ele>23.4</ele>
   </trkpt>
   <trkpt lat="36.5491860" lon="-4.6930350">
    <ele>23.4</ele>
   </trkpt>
   <trkpt lat="36.5492210" lon="-4.6931030">
    <ele>23.4</ele>
   </trkpt>
   <trkpt lat="36.5492640" lon="-4.6931790">
    <ele>23.2</ele>
   </trkpt>
   <trkpt lat="36.5493050" lon="-4.6932510">
    <ele>23.2</ele>
   </trkpt>
   <trkpt lat="36.5493460" lon="-4.6933240">
    <ele>23.4</ele>
   </trkpt>
   <trkpt lat="36.5493880" lon="-4.6933970">
    <ele>23.8</ele>
   </trkpt>
   <trkpt lat="36.5494290" lon="-4.6934730">
    <ele>24.2</ele>
   </trkpt>
   <trkpt lat="36.5494660" lon="-4.6935430">
    <ele>24.2</ele>
   </trkpt>
   <trkpt lat="36.5495010" lon="-4.6936170">
    <ele>24.2</ele>
   </trkpt>
   <trkpt lat="36.5495380" lon="-4.6936880">
    <ele>24.2</ele>
   </trkpt>
   <trkpt lat="36.5495720" lon="-4.6937630">
    <ele>24.4</ele>
   </trkpt>
   <trkpt lat="36.5496100" lon="-4.6938220">
    <ele>24.6</ele>
   </trkpt>
   <trkpt lat="36.5496470" lon="-4.6938920">
    <ele>24.8</ele>
   </trkpt>
   <trkpt lat="36.5496830" lon="-4.6939530">
    <ele>25.2</ele>
   </trkpt>
   <trkpt lat="36.5497190" lon="-4.6940180">
    <ele>25.4</ele>
   </trkpt>
   <trkpt lat="36.5497490" lon="-4.6940780">
    <ele>25.6</ele>
   </trkpt>
   <trkpt lat="36.5497800" lon="-4.6941420">
    <ele>25.8</ele>
   </trkpt>
   <trkpt lat="36.5498050" lon="-4.6942000">
    <ele>26.0</ele>
   </trkpt>
   <trkpt lat="36.5498300" lon="-4.6942630">
    <ele>26.4</ele>
   </trkpt>
   <trkpt lat="36.5498560" lon="-4.6943280">
    <ele>27.0</ele>
   </trkpt>
   <trkpt lat="36.5498800" lon="-4.6943960">
    <ele>27.4</ele>
   </trkpt>
   <trkpt lat="36.5499010" lon="-4.6944560">
    <ele>27.6</ele>
   </trkpt>
   <trkpt lat="36.5499300" lon="-4.6945290">
    <ele>27.6</ele>
   </trkpt>
   <trkpt lat="36.5499510" lon="-4.6945880">
    <ele>27.8</ele>
   </trkpt>
   <trkpt lat="36.5499700" lon="-4.6946530">
    <ele>28.2</ele>
   </trkpt>
   <trkpt lat="36.5499900" lon="-4.6947190">
    <ele>28.6</ele>
   </trkpt>
   <trkpt lat="36.5500120" lon="-4.6947830">
    <ele>29.2</ele>
   </trkpt>
   <trkpt lat="36.5500310" lon="-4.6948470">
    <ele>29.6</ele>
   </trkpt>
   <trkpt lat="36.5500560" lon="-4.6949160">
    <ele>30.2</ele>
   </trkpt>
   <trkpt lat="36.5500740" lon="-4.6949740">
    <ele>30.6</ele>
   </trkpt>
   <trkpt lat="36.5500970" lon="-4.6950370">
    <ele>30.8</ele>
   </trkpt>
   <trkpt lat="36.5501190" lon="-4.6950940">
    <ele>31.0</ele>
   </trkpt>
   <trkpt lat="36.5501430" lon="-4.6951550">
    <ele>31.4</ele>
   </trkpt>
   <trkpt lat="36.5501680" lon="-4.6952080">
    <ele>31.6</ele>
   </trkpt>
   <trkpt lat="36.5502050" lon="-4.6952640">
    <ele>32.0</ele>
   </trkpt>
   <trkpt lat="36.5502360" lon="-4.6953060">
    <ele>32.4</ele>
   </trkpt>
   <trkpt lat="36.5502820" lon="-4.6953480">
    <ele>32.6</ele>
   </trkpt>
   <trkpt lat="36.5503290" lon="-4.6953770">
    <ele>32.8</ele>
   </trkpt>
   <trkpt lat="36.5503850" lon="-4.6954080">
    <ele>32.8</ele>
   </trkpt>
   <trkpt lat="36.5504430" lon="-4.6954320">
    <ele>33.0</ele>
   </trkpt>
   <trkpt lat="36.5505040" lon="-4.6954560">
    <ele>33.0</ele>
   </trkpt>
   <trkpt lat="36.5505640" lon="-4.6954680">
    <ele>33.2</ele>
   </trkpt>
   <trkpt lat="36.5506310" lon="-4.6954720">
    <ele>33.2</ele>
   </trkpt>
   <trkpt lat="36.5506980" lon="-4.6954750">
    <ele>33.4</ele>
   </trkpt>
   <trkpt lat="36.5507620" lon="-4.6954690">
    <ele>33.6</ele>
   </trkpt>
   <trkpt lat="36.5508320" lon="-4.6954590">
    <ele>33.8</ele>
   </trkpt>
   <trkpt lat="36.5509040" lon="-4.6954440">
    <ele>33.8</ele>
   </trkpt>
   <trkpt lat="36.5509680" lon="-4.6954220">
    <ele>33.6</ele>
   </trkpt>
   <trkpt lat="36.5510430" lon="-4.6953890">
    <ele>33.4</ele>
   </trkpt>
   <trkpt lat="36.5511070" lon="-4.6953550">
    <ele>33.6</ele>
   </trkpt>
   <trkpt lat="36.5511790" lon="-4.6953100">
    <ele>33.8</ele>
   </trkpt>
   <trkpt lat="36.5512440" lon="-4.6952600">
    <ele>34.0</ele>
   </trkpt>
   <trkpt lat="36.5513130" lon="-4.6951940">
    <ele>34.0</ele>
   </trkpt>
   <trkpt lat="36.5513720" lon="-4.6951310">
    <ele>34.6</ele>
   </trkpt>
   <trkpt lat="36.5514400" lon="-4.6950550">
    <ele>35.0</ele>
   </trkpt>
   <trkpt lat="36.5514920" lon="-4.6949740">
    <ele>35.2</ele>
   </trkpt>
   <trkpt lat="36.5515470" lon="-4.6948780">
    <ele>35.2</ele>
   </trkpt>
   <trkpt lat="36.5515880" lon="-4.6947780">
    <ele>35.2</ele>
   </trkpt>
   <trkpt lat="36.5516280" lon="-4.6946680">
    <ele>35.2</ele>
   </trkpt>
   <trkpt lat="36.5516680" lon="-4.6945560">
    <ele>34.8</ele>
   </trkpt>
   <trkpt lat="36.5517010" lon="-4.6944310">
    <ele>34.2</ele>
   </trkpt>
   <trkpt lat="36.5517320" lon="-4.6943040">
    <ele>33.4</ele>
   </trkpt>
   <trkpt lat="36.5517590" lon="-4.6941740">
    <ele>32.8</ele>
   </trkpt>
   <trkpt lat="36.5517850" lon="-4.6940420">
    <ele>32.0</ele>
   </trkpt>
   <trkpt lat="36.5518190" lon="-4.6939040">
    <ele>31.2</ele>
   </trkpt>
   <trkpt lat="36.5518530" lon="-4.6937650">
    <ele>30.6</ele>
   </trkpt>
   <trkpt lat="36.5518980" lon="-4.6936270">
    <ele>30.0</ele>
   </trkpt>
   <trkpt lat="36.5519330" lon="-4.6935220">
    <ele>29.4</ele>
   </trkpt>
   <trkpt lat="36.5519950" lon="-4.6933490">
    <ele>29.2</ele>
   </trkpt>
   <trkpt lat="36.5520430" lon="-4.6932090">
    <ele>28.8</ele>
   </trkpt>
   <trkpt lat="36.5520890" lon="-4.6930730">
    <ele>28.8</ele>
   </trkpt>
   <trkpt lat="36.5521380" lon="-4.6929590">
    <ele>28.6</ele>
   </trkpt>
   <trkpt lat="36.5522010" lon="-4.6928390">
    <ele>28.6</ele>
   </trkpt>
   <trkpt lat="36.5522670" lon="-4.6927280">
    <ele>28.4</ele>
   </trkpt>
   <trkpt lat="36.5523410" lon="-4.6926200">
    <ele>28.4</ele>
   </trkpt>
   <trkpt lat="36.5524150" lon="-4.6925110">
    <ele>28.2</ele>
   </trkpt>
   <trkpt lat="36.5524880" lon="-4.6924040">
    <ele>28.2</ele>
   </trkpt>
   <trkpt lat="36.5525600" lon="-4.6923000">
    <ele>28.0</ele>
   </trkpt>
   <trkpt lat="36.5526290" lon="-4.6921950">
    <ele>27.8</ele>
   </trkpt>
   <trkpt lat="36.5527010" lon="-4.6920960">
    <ele>27.8</ele>
   </trkpt>
   <trkpt lat="36.5527740" lon="-4.6920040">
    <ele>27.6</ele>
   </trkpt>
   <trkpt lat="36.5528450" lon="-4.6919240">
    <ele>27.4</ele>
   </trkpt>
   <trkpt lat="36.5529180" lon="-4.6918450">
    <ele>27.4</ele>
   </trkpt>
   <trkpt lat="36.5529870" lon="-4.6917680">
    <ele>27.6</ele>
   </trkpt>
   <trkpt lat="36.5530440" lon="-4.6916900">
    <ele>28.0</ele>
   </trkpt>
   <trkpt lat="36.5530890" lon="-4.6916070">
    <ele>28.6</ele>
   </trkpt>
   <trkpt lat="36.5531210" lon="-4.6915290">
    <ele>29.0</ele>
   </trkpt>
   <trkpt lat="36.5531300" lon="-4.6914490">
    <ele>29.4</ele>
   </trkpt>
   <trkpt lat="36.5531270" lon="-4.6913580">
    <ele>30.0</ele>
   </trkpt>
   <trkpt lat="36.5531240" lon="-4.6912800">
    <ele>30.4</ele>
   </trkpt>
   <trkpt lat="36.5531200" lon="-4.6911840">
    <ele>31.0</ele>
   </trkpt>
   <trkpt lat="36.5531130" lon="-4.6910960">
    <ele>31.6</ele>
   </trkpt>
   <trkpt lat="36.5531010" lon="-4.6909960">
    <ele>31.8</ele>
   </trkpt>
   <trkpt lat="36.5530830" lon="-4.6909060">
    <ele>32.0</ele>
   </trkpt>
   <trkpt lat="36.5530660" lon="-4.6907970">
    <ele>32.2</ele>
   </trkpt>
   <trkpt lat="36.5530490" lon="-4.6907060">
    <ele>32.2</ele>
   </trkpt>
   <trkpt lat="36.5530300" lon="-4.6906020">
    <ele>32.2</ele>
   </trkpt>
   <trkpt lat="36.5530070" lon="-4.6905020">
    <ele>32.2</ele>
   </trkpt>
   <trkpt lat="36.5529880" lon="-4.6904010">
    <ele>32.4</ele>
   </trkpt>
   <trkpt lat="36.5529660" lon="-4.6903000">
    <ele>32.8</ele>
   </trkpt>
   <trkpt lat="36.5529410" lon="-4.6901890">
    <ele>33.0</ele>
   </trkpt>
   <trkpt lat="36.5529240" lon="-4.6900990">
    <ele>33.4</ele>
   </trkpt>
   <trkpt lat="36.5529010" lon="-4.6900020">
    <ele>33.6</ele>
   </trkpt>
   <trkpt lat="36.5528780" lon="-4.6899050">
    <ele>33.8</ele>
   </trkpt>
   <trkpt lat="36.5528570" lon="-4.6897990">
    <ele>34.0</ele>
   </trkpt>
   <trkpt lat="36.5528430" lon="-4.6897110">
    <ele>34.2</ele>
   </trkpt>
   <trkpt lat="36.5528230" lon="-4.6896090">
    <ele>34.4</ele>
   </trkpt>
   <trkpt lat="36.5528090" lon="-4.6895220">
    <ele>34.6</ele>
   </trkpt>
   <trkpt lat="36.5527920" lon="-4.6894200">
    <ele>34.6</ele>
   </trkpt>
   <trkpt lat="36.5527710" lon="-4.6893360">
    <ele>34.6</ele>
   </trkpt>
   <trkpt lat="36.5527470" lon="-4.6892410">
    <ele>35.0</ele>
   </trkpt>
   <trkpt lat="36.5527280" lon="-4.6891550">
    <ele>35.8</ele>
   </trkpt>
   <trkpt lat="36.5527080" lon="-4.6890570">
    <ele>36.4</ele>
   </trkpt>
   <trkpt lat="36.5526870" lon="-4.6889740">
    <ele>37.0</ele>
   </trkpt>
   <trkpt lat="36.5526680" lon="-4.6888840">
    <ele>37.2</ele>
   </trkpt>
   <trkpt lat="36.5526450" lon="-4.6887950">
    <ele>37.6</ele>
   </trkpt>
   <trkpt lat="36.5526260" lon="-4.6887060">
    <ele>37.8</ele>
   </trkpt>
   <trkpt lat="36.5526070" lon="-4.6886160">
    <ele>38.0</ele>
   </trkpt>
   <trkpt lat="36.5525900" lon="-4.6885220">
    <ele>38.2</ele>
   </trkpt>
   <trkpt lat="36.5525730" lon="-4.6884370">
    <ele>38.6</ele>
   </trkpt>
   <trkpt lat="36.5525560" lon="-4.6883410">
    <ele>38.8</ele>
   </trkpt>
   <trkpt lat="36.5525420" lon="-4.6882580">
    <ele>39.2</ele>
   </trkpt>
   <trkpt lat="36.5525300" lon="-4.6881710">
    <ele>39.6</ele>
   </trkpt>
   <trkpt lat="36.5525150" lon="-4.6880840">
    <ele>40.0</ele>
   </trkpt>
   <trkpt lat="36.5525000" lon="-4.6879950">
    <ele>40.4</ele>
   </trkpt>
   <trkpt lat="36.5524880" lon="-4.6879080">
    <ele>40.8</ele>
   </trkpt>
   <trkpt lat="36.5524730" lon="-4.6878180">
    <ele>41.2</ele>
   </trkpt>
   <trkpt lat="36.5524650" lon="-4.6877270">
    <ele>41.6</ele>
   </trkpt>
   <trkpt lat="36.5524570" lon="-4.6876340">
    <ele>41.8</ele>
   </trkpt>
   <trkpt lat="36.5524490" lon="-4.6875360">
    <ele>42.0</ele>
   </trkpt>
   <trkpt lat="36.5524420" lon="-4.6874330">
    <ele>42.2</ele>
   </trkpt>
   <trkpt lat="36.5524370" lon="-4.6873250">
    <ele>42.2</ele>
   </trkpt>
   <trkpt lat="36.5524300" lon="-4.6872120">
    <ele>42.4</ele>
   </trkpt>
   <trkpt lat="36.5524230" lon="-4.6870960">
    <ele>42.2</ele>
   </trkpt>
   <trkpt lat="36.5524180" lon="-4.6869690">
    <ele>42.0</ele>
   </trkpt>
   <trkpt lat="36.5524110" lon="-4.6868410">
    <ele>41.8</ele>
   </trkpt>
   <trkpt lat="36.5524060" lon="-4.6866930">
    <ele>41.6</ele>
   </trkpt>
   <trkpt lat="36.5524000" lon="-4.6865680">
    <ele>41.2</ele>
   </trkpt>
   <trkpt lat="36.5523920" lon="-4.6864280">
    <ele>40.8</ele>
   </trkpt>
   <trkpt lat="36.5523850" lon="-4.6862820">
    <ele>40.2</ele>
   </trkpt>
   <trkpt lat="36.5523770" lon="-4.6861250">
    <ele>39.4</ele>
   </trkpt>
   <trkpt lat="36.5523660" lon="-4.6859710">
    <ele>38.8</ele>
   </trkpt>
   <trkpt lat="36.5523610" lon="-4.6857990">
    <ele>38.0</ele>
   </trkpt>
   <trkpt lat="36.5523510" lon="-4.6856540">
    <ele>37.2</ele>
   </trkpt>
   <trkpt lat="36.5523420" lon="-4.6854840">
    <ele>36.6</ele>
   </trkpt>
   <trkpt lat="36.5523350" lon="-4.6853300">
    <ele>36.0</ele>
   </trkpt>
   <trkpt lat="36.5523270" lon="-4.6851730">
    <ele>35.8</ele>
   </trkpt>
   <trkpt lat="36.5523200" lon="-4.6850120">
    <ele>35.6</ele>
   </trkpt>
   <trkpt lat="36.5523110" lon="-4.6848420">
    <ele>35.4</ele>
   </trkpt>
   <trkpt lat="36.5523040" lon="-4.6846950">
    <ele>35.2</ele>
   </trkpt>
   <trkpt lat="36.5522920" lon="-4.6845240">
    <ele>35.0</ele>
   </trkpt>
   <trkpt lat="36.5522820" lon="-4.6843810">
    <ele>34.8</ele>
   </trkpt>
   <trkpt lat="36.5522740" lon="-4.6842240">
    <ele>34.4</ele>
   </trkpt>
   <trkpt lat="36.5522630" lon="-4.6840630">
    <ele>34.2</ele>
   </trkpt>
   <trkpt lat="36.5522550" lon="-4.6838940">
    <ele>33.8</ele>
   </trkpt>
   <trkpt lat="36.5522470" lon="-4.6837240">
    <ele>33.0</ele>
   </trkpt>
   <trkpt lat="36.5522360" lon="-4.6835440">
    <ele>32.0</ele>
   </trkpt>
   <trkpt lat="36.5522210" lon="-4.6833620">
    <ele>31.0</ele>
   </trkpt>
   <trkpt lat="36.5522130" lon="-4.6831840">
    <ele>30.0</ele>
   </trkpt>
   <trkpt lat="36.5522020" lon="-4.6830010">
    <ele>29.2</ele>
   </trkpt>
   <trkpt lat="36.5521790" lon="-4.6828050">
    <ele>28.4</ele>
   </trkpt>
   <trkpt lat="36.5521380" lon="-4.6826430">
    <ele>27.6</ele>
   </trkpt>
   <trkpt lat="36.5520950" lon="-4.6824680">
    <ele>27.2</ele>
   </trkpt>
   <trkpt lat="36.5520660" lon="-4.6822920">
    <ele>26.8</ele>
   </trkpt>
   <trkpt lat="36.5520630" lon="-4.6821170">
    <ele>26.2</ele>
   </trkpt>
   <trkpt lat="36.5520830" lon="-4.6819500">
    <ele>26.0</ele>
   </trkpt>
   <trkpt lat="36.5521020" lon="-4.6817880">
    <ele>25.6</ele>
   </trkpt>
   <trkpt lat="36.5521080" lon="-4.6816340">
    <ele>25.6</ele>
   </trkpt>
   <trkpt lat="36.5521030" lon="-4.6814710">
    <ele>25.8</ele>
   </trkpt>
   <trkpt lat="36.5520950" lon="-4.6813050">
    <ele>26.0</ele>
   </trkpt>
   <trkpt lat="36.5520830" lon="-4.6811370">
    <ele>25.6</ele>
   </trkpt>
   <trkpt lat="36.5520720" lon="-4.6809750">
    <ele>25.2</ele>
   </trkpt>
   <trkpt lat="36.5520600" lon="-4.6808050">
    <ele>25.2</ele>
   </trkpt>
   <trkpt lat="36.5520490" lon="-4.6806590">
    <ele>25.6</ele>
   </trkpt>
   <trkpt lat="36.5520380" lon="-4.6805040">
    <ele>25.8</ele>
   </trkpt>
   <trkpt lat="36.5520300" lon="-4.6803460">
    <ele>25.8</ele>
   </trkpt>
   <trkpt lat="36.5520180" lon="-4.6801840">
    <ele>25.8</ele>
   </trkpt>
   <trkpt lat="36.5520110" lon="-4.6800280">
    <ele>26.0</ele>
   </trkpt>
   <trkpt lat="36.5520020" lon="-4.6798520">
    <ele>26.0</ele>
   </trkpt>
   <trkpt lat="36.5519920" lon="-4.6797050">
    <ele>26.0</ele>
   </trkpt>
   <trkpt lat="36.5519870" lon="-4.6795350">
    <ele>25.8</ele>
   </trkpt>
   <trkpt lat="36.5519830" lon="-4.6793810">
    <ele>25.4</ele>
   </trkpt>
   <trkpt lat="36.5519800" lon="-4.6792220">
    <ele>24.8</ele>
   </trkpt>
   <trkpt lat="36.5519720" lon="-4.6790630">
    <ele>24.2</ele>
   </trkpt>
   <trkpt lat="36.5519680" lon="-4.6788880">
    <ele>23.8</ele>
   </trkpt>
   <trkpt lat="36.5519510" lon="-4.6787470">
    <ele>23.8</ele>
   </trkpt>
   <trkpt lat="36.5519280" lon="-4.6785890">
    <ele>24.2</ele>
   </trkpt>
   <trkpt lat="36.5518990" lon="-4.6784460">
    <ele>24.2</ele>
   </trkpt>
   <trkpt lat="36.5518600" lon="-4.6782960">
    <ele>24.0</ele>
   </trkpt>
   <trkpt lat="36.5518100" lon="-4.6781640">
    <ele>23.8</ele>
   </trkpt>
   <trkpt lat="36.5517470" lon="-4.6780270">
    <ele>23.8</ele>
   </trkpt>
   <trkpt lat="36.5516830" lon="-4.6779080">
    <ele>23.8</ele>
   </trkpt>
   <trkpt lat="36.5515950" lon="-4.6777810">
    <ele>23.6</ele>
   </trkpt>
   <trkpt lat="36.5515140" lon="-4.6776840">
    <ele>23.8</ele>
   </trkpt>
   <trkpt lat="36.5514120" lon="-4.6775840">
    <ele>23.8</ele>
   </trkpt>
   <trkpt lat="36.5513070" lon="-4.6774840">
    <ele>23.6</ele>
   </trkpt>
   <trkpt lat="36.5512000" lon="-4.6773850">
    <ele>23.4</ele>
   </trkpt>
   <trkpt lat="36.5510910" lon="-4.6772880">
    <ele>23.2</ele>
   </trkpt>
   <trkpt lat="36.5509810" lon="-4.6771820">
    <ele>23.0</ele>
   </trkpt>
   <trkpt lat="36.5508700" lon="-4.6770740">
    <ele>23.0</ele>
   </trkpt>
   <trkpt lat="36.5507440" lon="-4.6769530">
    <ele>23.0</ele>
   </trkpt>
   <trkpt lat="36.5506360" lon="-4.6768470">
    <ele>23.0</ele>
   </trkpt>
   <trkpt lat="36.5505110" lon="-4.6767280">
    <ele>22.6</ele>
   </trkpt>
   <trkpt lat="36.5504080" lon="-4.6766320">
    <ele>22.0</ele>
   </trkpt>
   <trkpt lat="36.5502790" lon="-4.6765160">
    <ele>21.4</ele>
   </trkpt>
   <trkpt lat="36.5501710" lon="-4.6764230">
    <ele>20.8</ele>
   </trkpt>
   <trkpt lat="36.5500410" lon="-4.6763280">
    <ele>20.4</ele>
   </trkpt>
   <trkpt lat="36.5499130" lon="-4.6762530">
    <ele>20.0</ele>
   </trkpt>
   <trkpt lat="36.5497630" lon="-4.6761820">
    <ele>19.6</ele>
   </trkpt>
   <trkpt lat="36.5496400" lon="-4.6761340">
    <ele>19.4</ele>
   </trkpt>
   <trkpt lat="36.5495080" lon="-4.6760870">
    <ele>19.2</ele>
   </trkpt>
   <trkpt lat="36.5493740" lon="-4.6760400">
    <ele>19.0</ele>
   </trkpt>
   <trkpt lat="36.5492270" lon="-4.6759980">
    <ele>18.8</ele>
   </trkpt>
   <trkpt lat="36.5490970" lon="-4.6759600">
    <ele>18.4</ele>
   </trkpt>
   <trkpt lat="36.5489600" lon="-4.6759060">
    <ele>18.2</ele>
   </trkpt>
   <trkpt lat="36.5488490" lon="-4.6758430">
    <ele>18.2</ele>
   </trkpt>
   <trkpt lat="36.5487330" lon="-4.6757550">
    <ele>18.0</ele>
   </trkpt>
   <trkpt lat="36.5486280" lon="-4.6756570">
    <ele>17.8</ele>
   </trkpt>
   <trkpt lat="36.5485330" lon="-4.6755480">
    <ele>17.8</ele>
   </trkpt>
   <trkpt lat="36.5484410" lon="-4.6754280">
    <ele>17.4</ele>
   </trkpt>
   <trkpt lat="36.5483590" lon="-4.6752980">
    <ele>17.2</ele>
   </trkpt>
   <trkpt lat="36.5482930" lon="-4.6751540">
    <ele>17.0</ele>
   </trkpt>
   <trkpt lat="36.5482390" lon="-4.6749920">
    <ele>16.6</ele>
   </trkpt>
   <trkpt lat="36.5482160" lon="-4.6748360">
    <ele>16.4</ele>
   </trkpt>
   <trkpt lat="36.5482100" lon="-4.6746750">
    <ele>16.2</ele>
   </trkpt>
   <trkpt lat="36.5482100" lon="-4.6745120">
    <ele>16.2</ele>
   </trkpt>
   <trkpt lat="36.5482210" lon="-4.6743420">
    <ele>16.0</ele>
   </trkpt>
   <trkpt lat="36.5482350" lon="-4.6741920">
    <ele>16.0</ele>
   </trkpt>
   <trkpt lat="36.5482450" lon="-4.6740280">
    <ele>16.0</ele>
   </trkpt>
   <trkpt lat="36.5482550" lon="-4.6738610">
    <ele>16.0</ele>
   </trkpt>
   <trkpt lat="36.5482590" lon="-4.6736870">
    <ele>16.2</ele>
   </trkpt>
   <trkpt lat="36.5482500" lon="-4.6735300">
    <ele>16.4</ele>
   </trkpt>
   <trkpt lat="36.5482300" lon="-4.6733570">
    <ele>16.6</ele>
   </trkpt>
   <trkpt lat="36.5482060" lon="-4.6732100">
    <ele>16.6</ele>
   </trkpt>
   <trkpt lat="36.5481770" lon="-4.6730570">
    <ele>16.8</ele>
   </trkpt>
   <trkpt lat="36.5481470" lon="-4.6729030">
    <ele>17.4</ele>
   </trkpt>
   <trkpt lat="36.5481160" lon="-4.6727370">
    <ele>17.8</ele>
   </trkpt>
   <trkpt lat="36.5480840" lon="-4.6725690">
    <ele>18.2</ele>
   </trkpt>
   <trkpt lat="36.5480510" lon="-4.6723960">
    <ele>18.2</ele>
   </trkpt>
   <trkpt lat="36.5480150" lon="-4.6722480">
    <ele>18.4</ele>
   </trkpt>
   <trkpt lat="36.5479830" lon="-4.6720830">
    <ele>18.4</ele>
   </trkpt>
   <trkpt lat="36.5479460" lon="-4.6719240">
    <ele>18.8</ele>
   </trkpt>
   <trkpt lat="36.5479120" lon="-4.6717630">
    <ele>19.0</ele>
   </trkpt>
   <trkpt lat="36.5478760" lon="-4.6716050">
    <ele>19.2</ele>
   </trkpt>
   <trkpt lat="36.5478200" lon="-4.6714290">
    <ele>19.4</ele>
   </trkpt>
   <trkpt lat="36.5477670" lon="-4.6712840">
    <ele>19.4</ele>
   </trkpt>
   <trkpt lat="36.5477010" lon="-4.6711240">
    <ele>19.4</ele>
   </trkpt>
   <trkpt lat="36.5476260" lon="-4.6709760">
    <ele>19.4</ele>
   </trkpt>
   <trkpt lat="36.5475370" lon="-4.6708320">
    <ele>19.2</ele>
   </trkpt>
   <trkpt lat="36.5474550" lon="-4.6706970">
    <ele>19.0</ele>
   </trkpt>
   <trkpt lat="36.5473680" lon="-4.6705540">
    <ele>19.0</ele>
   </trkpt>
   <trkpt lat="36.5472990" lon="-4.6704320">
    <ele>18.8</ele>
   </trkpt>
   <trkpt lat="36.5472130" lon="-4.6702900">
    <ele>18.6</ele>
   </trkpt>
   <trkpt lat="36.5471410" lon="-4.6701650">
    <ele>18.6</ele>
   </trkpt>
   <trkpt lat="36.5470640" lon="-4.6700270">
    <ele>18.6</ele>
   </trkpt>
   <trkpt lat="36.5469930" lon="-4.6698950">
    <ele>18.4</ele>
   </trkpt>
   <trkpt lat="36.5469130" lon="-4.6697490">
    <ele>18.0</ele>
   </trkpt>
   <trkpt lat="36.5468360" lon="-4.6696250">
    <ele>18.0</ele>
   </trkpt>
   <trkpt lat="36.5467580" lon="-4.6694780">
    <ele>18.0</ele>
   </trkpt>
   <trkpt lat="36.5466920" lon="-4.6693380">
    <ele>18.0</ele>
   </trkpt>
   <trkpt lat="36.5466300" lon="-4.6691880">
    <ele>17.8</ele>
   </trkpt>
   <trkpt lat="36.5465720" lon="-4.6690350">
    <ele>17.8</ele>
   </trkpt>
   <trkpt lat="36.5465200" lon="-4.6688750">
    <ele>18.0</ele>
   </trkpt>
   <trkpt lat="36.5464700" lon="-4.6687330">
    <ele>18.0</ele>
   </trkpt>
   <trkpt lat="36.5464120" lon="-4.6685850">
    <ele>18.2</ele>
   </trkpt>
   <trkpt lat="36.5463540" lon="-4.6684340">
    <ele>18.4</ele>
   </trkpt>
   <trkpt lat="36.5463050" lon="-4.6682900">
    <ele>18.4</ele>
   </trkpt>
   <trkpt lat="36.5462680" lon="-4.6681290">
    <ele>18.6</ele>
   </trkpt>
   <trkpt lat="36.5462500" lon="-4.6679500">
    <ele>18.6</ele>
   </trkpt>
   <trkpt lat="36.5462490" lon="-4.6677990">
    <ele>18.6</ele>
   </trkpt>
   <trkpt lat="36.5462630" lon="-4.6676310">
    <ele>18.4</ele>
   </trkpt>
   <trkpt lat="36.5462850" lon="-4.6674650">
    <ele>18.2</ele>
   </trkpt>
   <trkpt lat="36.5463100" lon="-4.6672880">
    <ele>18.0</ele>
   </trkpt>
   <trkpt lat="36.5463370" lon="-4.6671390">
    <ele>18.0</ele>
   </trkpt>
   <trkpt lat="36.5463780" lon="-4.6669620">
    <ele>18.0</ele>
   </trkpt>
   <trkpt lat="36.5464200" lon="-4.6668180">
    <ele>17.8</ele>
   </trkpt>
   <trkpt lat="36.5464750" lon="-4.6666550">
    <ele>17.8</ele>
   </trkpt>
   <trkpt lat="36.5465260" lon="-4.6665110">
    <ele>18.0</ele>
   </trkpt>
   <trkpt lat="36.5465800" lon="-4.6663560">
    <ele>18.0</ele>
   </trkpt>
   <trkpt lat="36.5466340" lon="-4.6662010">
    <ele>18.0</ele>
   </trkpt>
   <trkpt lat="36.5466930" lon="-4.6660440">
    <ele>18.0</ele>
   </trkpt>
   <trkpt lat="36.5467360" lon="-4.6658980">
    <ele>17.8</ele>
   </trkpt>
   <trkpt lat="36.5467830" lon="-4.6657260">
    <ele>17.6</ele>
   </trkpt>
   <trkpt lat="36.5468150" lon="-4.6655780">
    <ele>17.8</ele>
   </trkpt>
   <trkpt lat="36.5468390" lon="-4.6654190">
    <ele>17.8</ele>
   </trkpt>
   <trkpt lat="36.5468580" lon="-4.6652640">
    <ele>17.6</ele>
   </trkpt>
   <trkpt lat="36.5468630" lon="-4.6650980">
    <ele>17.4</ele>
   </trkpt>
   <trkpt lat="36.5468500" lon="-4.6649560">
    <ele>17.2</ele>
   </trkpt>
   <trkpt lat="36.5468110" lon="-4.6647990">
    <ele>17.2</ele>
   </trkpt>
   <trkpt lat="36.5467750" lon="-4.6646630">
    <ele>17.2</ele>
   </trkpt>
   <trkpt lat="36.5467330" lon="-4.6645200">
    <ele>17.4</ele>
   </trkpt>
   <trkpt lat="36.5466960" lon="-4.6643790">
    <ele>17.6</ele>
   </trkpt>
   <trkpt lat="36.5466500" lon="-4.6642230">
    <ele>18.0</ele>
   </trkpt>
   <trkpt lat="36.5466200" lon="-4.6640970">
    <ele>18.4</ele>
   </trkpt>
   <trkpt lat="36.5465920" lon="-4.6639490">
    <ele>18.4</ele>
   </trkpt>
   <trkpt lat="36.5465650" lon="-4.6637950">
    <ele>18.2</ele>
   </trkpt>
   <trkpt lat="36.5465450" lon="-4.6636480">
    <ele>17.8</ele>
   </trkpt>
   <trkpt lat="36.5465270" lon="-4.6634990">
    <ele>17.2</ele>
   </trkpt>
   <trkpt lat="36.5465170" lon="-4.6633450">
    <ele>16.8</ele>
   </trkpt>
   <trkpt lat="36.5465100" lon="-4.6631890">
    <ele>16.6</ele>
   </trkpt>
   <trkpt lat="36.5465020" lon="-4.6630250">
    <ele>16.4</ele>
   </trkpt>
   <trkpt lat="36.5464980" lon="-4.6628800">
    <ele>16.2</ele>
   </trkpt>
   <trkpt lat="36.5464940" lon="-4.6627170">
    <ele>16.4</ele>
   </trkpt>
   <trkpt lat="36.5464870" lon="-4.6625750">
    <ele>16.6</ele>
   </trkpt>
   <trkpt lat="36.5464770" lon="-4.6624220">
    <ele>17.0</ele>
   </trkpt>
   <trkpt lat="36.5464680" lon="-4.6622670">
    <ele>17.4</ele>
   </trkpt>
   <trkpt lat="36.5464530" lon="-4.6621100">
    <ele>17.8</ele>
   </trkpt>
   <trkpt lat="36.5464380" lon="-4.6619620">
    <ele>18.0</ele>
   </trkpt>
   <trkpt lat="36.5464150" lon="-4.6618110">
    <ele>18.2</ele>
   </trkpt>
   <trkpt lat="36.5463920" lon="-4.6616670">
    <ele>18.2</ele>
   </trkpt>
   <trkpt lat="36.5463680" lon="-4.6615140">
    <ele>18.4</ele>
   </trkpt>
   <trkpt lat="36.5463430" lon="-4.6613830">
    <ele>18.6</ele>
   </trkpt>
   <trkpt lat="36.5463090" lon="-4.6612430">
    <ele>18.6</ele>
   </trkpt>
   <trkpt lat="36.5462790" lon="-4.6611230">
    <ele>18.8</ele>
   </trkpt>
   <trkpt lat="36.5462450" lon="-4.6610140">
    <ele>19.0</ele>
   </trkpt>
   <trkpt lat="36.5462070" lon="-4.6609140">
    <ele>19.0</ele>
   </trkpt>
   <trkpt lat="36.5461700" lon="-4.6608280">
    <ele>19.0</ele>
   </trkpt>
   <trkpt lat="36.5461390" lon="-4.6607400">
    <ele>19.0</ele>
   </trkpt>
   <trkpt lat="36.5461010" lon="-4.6606450">
    <ele>18.8</ele>
   </trkpt>
   <trkpt lat="36.5460480" lon="-4.6605700">
    <ele>18.6</ele>
   </trkpt>
   <trkpt lat="36.5459820" lon="-4.6604890">
    <ele>18.2</ele>
   </trkpt>
   <trkpt lat="36.5459130" lon="-4.6604040">
    <ele>18.2</ele>
   </trkpt>
   <trkpt lat="36.5458340" lon="-4.6603070">
    <ele>18.0</ele>
   </trkpt>
   <trkpt lat="36.5457640" lon="-4.6602280">
    <ele>18.0</ele>
   </trkpt>
   <trkpt lat="36.5456870" lon="-4.6601370">
    <ele>18.0</ele>
   </trkpt>
   <trkpt lat="36.5456120" lon="-4.6600450">
    <ele>18.0</ele>
   </trkpt>
   <trkpt lat="36.5455330" lon="-4.6599520">
    <ele>18.0</ele>
   </trkpt>
   <trkpt lat="36.5454560" lon="-4.6598510">
    <ele>18.4</ele>
   </trkpt>
   <trkpt lat="36.5453840" lon="-4.6597400">
    <ele>18.8</ele>
   </trkpt>
   <trkpt lat="36.5453180" lon="-4.6596320">
    <ele>19.2</ele>
   </trkpt>
   <trkpt lat="36.5452570" lon="-4.6595050">
    <ele>19.8</ele>
   </trkpt>
   <trkpt lat="36.5452050" lon="-4.6593840">
    <ele>20.0</ele>
   </trkpt>
   <trkpt lat="36.5451530" lon="-4.6592620">
    <ele>19.8</ele>
   </trkpt>
   <trkpt lat="36.5450980" lon="-4.6591300">
    <ele>19.8</ele>
   </trkpt>
   <trkpt lat="36.5450450" lon="-4.6590000">
    <ele>19.8</ele>
   </trkpt>
   <trkpt lat="36.5449900" lon="-4.6588730">
    <ele>19.4</ele>
   </trkpt>
   <trkpt lat="36.5449320" lon="-4.6587340">
    <ele>19.2</ele>
   </trkpt>
   <trkpt lat="36.5448740" lon="-4.6586090">
    <ele>19.0</ele>
   </trkpt>
   <trkpt lat="36.5448090" lon="-4.6584790">
    <ele>18.6</ele>
   </trkpt>
   <trkpt lat="36.5447490" lon="-4.6583550">
    <ele>18.4</ele>
   </trkpt>
   <trkpt lat="36.5446740" lon="-4.6582140">
    <ele>18.4</ele>
   </trkpt>
   <trkpt lat="36.5446110" lon="-4.6580950">
    <ele>18.2</ele>
   </trkpt>
   <trkpt lat="36.5445410" lon="-4.6579640">
    <ele>18.4</ele>
   </trkpt>
   <trkpt lat="36.5444780" lon="-4.6578450">
    <ele>18.8</ele>
   </trkpt>
   <trkpt lat="36.5444030" lon="-4.6577110">
    <ele>19.4</ele>
   </trkpt>
   <trkpt lat="36.5443390" lon="-4.6575880">
    <ele>19.6</ele>
   </trkpt>
   <trkpt lat="36.5442730" lon="-4.6574560">
    <ele>19.8</ele>
   </trkpt>
   <trkpt lat="36.5442280" lon="-4.6573290">
    <ele>19.6</ele>
   </trkpt>
   <trkpt lat="36.5441880" lon="-4.6571860">
    <ele>19.4</ele>
   </trkpt>
   <trkpt lat="36.5441480" lon="-4.6570390">
    <ele>19.2</ele>
   </trkpt>
   <trkpt lat="36.5441170" lon="-4.6569020">
    <ele>19.0</ele>
   </trkpt>
   <trkpt lat="36.5440930" lon="-4.6567700">
    <ele>19.0</ele>
   </trkpt>
   <trkpt lat="36.5440900" lon="-4.6566490">
    <ele>19.0</ele>
   </trkpt>
   <trkpt lat="36.5440900" lon="-4.6565290">
    <ele>19.2</ele>
   </trkpt>
   <trkpt lat="36.5440940" lon="-4.6564220">
    <ele>19.4</ele>
   </trkpt>
   <trkpt lat="36.5440940" lon="-4.6563290">
    <ele>19.6</ele>
   </trkpt>
   <trkpt lat="36.5440870" lon="-4.6562360">
    <ele>19.6</ele>
   </trkpt>
   <trkpt lat="36.5440590" lon="-4.6561580">
    <ele>19.6</ele>
   </trkpt>
   <trkpt lat="36.5440000" lon="-4.6561000">
    <ele>19.6</ele>
   </trkpt>
   <trkpt lat="36.5439370" lon="-4.6560540">
    <ele>19.4</ele>
   </trkpt>
   <trkpt lat="36.5438590" lon="-4.6560090">
    <ele>19.4</ele>
   </trkpt>
   <trkpt lat="36.5437780" lon="-4.6559630">
    <ele>19.2</ele>
   </trkpt>
   <trkpt lat="36.5436910" lon="-4.6559330">
    <ele>19.2</ele>
   </trkpt>
   <trkpt lat="36.5436050" lon="-4.6558960">
    <ele>19.0</ele>
   </trkpt>
   <trkpt lat="36.5435200" lon="-4.6558340">
    <ele>18.8</ele>
   </trkpt>
   <trkpt lat="36.5434350" lon="-4.6557670">
    <ele>18.6</ele>
   </trkpt>
   <trkpt lat="36.5433530" lon="-4.6556960">
    <ele>18.4</ele>
   </trkpt>
   <trkpt lat="36.5432640" lon="-4.6556240">
    <ele>18.2</ele>
   </trkpt>
   <trkpt lat="36.5431770" lon="-4.6555460">
    <ele>18.0</ele>
   </trkpt>
   <trkpt lat="36.5430900" lon="-4.6554800">
    <ele>18.0</ele>
   </trkpt>
   <trkpt lat="36.5429920" lon="-4.6554210">
    <ele>17.8</ele>
   </trkpt>
   <trkpt lat="36.5429000" lon="-4.6553650">
    <ele>17.8</ele>
   </trkpt>
   <trkpt lat="36.5428060" lon="-4.6552950">
    <ele>17.6</ele>
   </trkpt>
   <trkpt lat="36.5427120" lon="-4.6552230">
    <ele>17.8</ele>
   </trkpt>
   <trkpt lat="36.5426170" lon="-4.6551300">
    <ele>18.0</ele>
   </trkpt>
   <trkpt lat="36.5425410" lon="-4.6550270">
    <ele>18.0</ele>
   </trkpt>
   <trkpt lat="36.5424680" lon="-4.6549100">
    <ele>18.0</ele>
   </trkpt>
   <trkpt lat="36.5423990" lon="-4.6547960">
    <ele>18.0</ele>
   </trkpt>
   <trkpt lat="36.5423230" lon="-4.6546720">
    <ele>18.0</ele>
   </trkpt>
   <trkpt lat="36.5422470" lon="-4.6545460">
    <ele>18.0</ele>
   </trkpt>
   <trkpt lat="36.5421730" lon="-4.6544220">
    <ele>18.0</ele>
   </trkpt>
   <trkpt lat="36.5420980" lon="-4.6542980">
    <ele>18.0</ele>
   </trkpt>
   <trkpt lat="36.5420210" lon="-4.6541640">
    <ele>17.8</ele>
   </trkpt>
   <trkpt lat="36.5419540" lon="-4.6540450">
    <ele>17.6</ele>
   </trkpt>
   <trkpt lat="36.5418750" lon="-4.6539120">
    <ele>17.6</ele>
   </trkpt>
   <trkpt lat="36.5418040" lon="-4.6537850">
    <ele>17.4</ele>
   </trkpt>
   <trkpt lat="36.5417340" lon="-4.6536610">
    <ele>17.4</ele>
   </trkpt>
   <trkpt lat="36.5416570" lon="-4.6535340">
    <ele>17.2</ele>
   </trkpt>
   <trkpt lat="36.5415760" lon="-4.6533900">
    <ele>17.2</ele>
   </trkpt>
   <trkpt lat="36.5415040" lon="-4.6532660">
    <ele>17.2</ele>
   </trkpt>
   <trkpt lat="36.5414290" lon="-4.6531370">
    <ele>17.2</ele>
   </trkpt>
   <trkpt lat="36.5413520" lon="-4.6530030">
    <ele>17.0</ele>
   </trkpt>
   <trkpt lat="36.5412670" lon="-4.6528660">
    <ele>17.0</ele>
   </trkpt>
   <trkpt lat="36.5411930" lon="-4.6527390">
    <ele>17.0</ele>
   </trkpt>
   <trkpt lat="36.5411200" lon="-4.6526100">
    <ele>17.4</ele>
   </trkpt>
   <trkpt lat="36.5410450" lon="-4.6524820">
    <ele>17.6</ele>
   </trkpt>
   <trkpt lat="36.5409630" lon="-4.6523440">
    <ele>17.8</ele>
   </trkpt>
   <trkpt lat="36.5408890" lon="-4.6522130">
    <ele>17.8</ele>
   </trkpt>
   <trkpt lat="36.5408170" lon="-4.6520810">
    <ele>18.0</ele>
   </trkpt>
   <trkpt lat="36.5407430" lon="-4.6519420">
    <ele>18.0</ele>
   </trkpt>
   <trkpt lat="36.5406720" lon="-4.6518000">
    <ele>17.6</ele>
   </trkpt>
   <trkpt lat="36.5406020" lon="-4.6516680">
    <ele>17.2</ele>
   </trkpt>
   <trkpt lat="36.5405280" lon="-4.6515260">
    <ele>16.8</ele>
   </trkpt>
   <trkpt lat="36.5404610" lon="-4.6513930">
    <ele>16.4</ele>
   </trkpt>
   <trkpt lat="36.5403900" lon="-4.6512600">
    <ele>16.2</ele>
   </trkpt>
   <trkpt lat="36.5403170" lon="-4.6511310">
    <ele>16.4</ele>
   </trkpt>
   <trkpt lat="36.5402510" lon="-4.6510100">
    <ele>16.6</ele>
   </trkpt>
   <trkpt lat="36.5402010" lon="-4.6508990">
    <ele>16.6</ele>
   </trkpt>
   <trkpt lat="36.5401550" lon="-4.6507770">
    <ele>16.4</ele>
   </trkpt>
   <trkpt lat="36.5401190" lon="-4.6506760">
    <ele>16.2</ele>
   </trkpt>
   <trkpt lat="36.5400880" lon="-4.6505680">
    <ele>16.4</ele>
   </trkpt>
   <trkpt lat="36.5400400" lon="-4.6504700">
    <ele>16.4</ele>
   </trkpt>
   <trkpt lat="36.5399760" lon="-4.6503830">
    <ele>16.6</ele>
   </trkpt>
   <trkpt lat="36.5399380" lon="-4.6503000">
    <ele>17.0</ele>
   </trkpt>
   <trkpt lat="36.5399210" lon="-4.6502020">
    <ele>17.0</ele>
   </trkpt>
   <trkpt lat="36.5399350" lon="-4.6501220">
    <ele>16.8</ele>
   </trkpt>
   <trkpt lat="36.5399780" lon="-4.6500560">
    <ele>16.8</ele>
   </trkpt>
   <trkpt lat="36.5400350" lon="-4.6500080">
    <ele>16.8</ele>
   </trkpt>
   <trkpt lat="36.5401030" lon="-4.6499680">
    <ele>16.6</ele>
   </trkpt>
   <trkpt lat="36.5401740" lon="-4.6499290">
    <ele>17.0</ele>
   </trkpt>
   <trkpt lat="36.5402360" lon="-4.6498680">
    <ele>17.4</ele>
   </trkpt>
   <trkpt lat="36.5402970" lon="-4.6498020">
    <ele>17.8</ele>
   </trkpt>
   <trkpt lat="36.5403500" lon="-4.6497280">
    <ele>18.0</ele>
   </trkpt>
   <trkpt lat="36.5404030" lon="-4.6496500">
    <ele>18.0</ele>
   </trkpt>
   <trkpt lat="36.5404630" lon="-4.6495650">
    <ele>17.8</ele>
   </trkpt>
   <trkpt lat="36.5405140" lon="-4.6494890">
    <ele>17.6</ele>
   </trkpt>
   <trkpt lat="36.5405720" lon="-4.6494040">
    <ele>17.6</ele>
   </trkpt>
   <trkpt lat="36.5406330" lon="-4.6493230">
    <ele>17.8</ele>
   </trkpt>
   <trkpt lat="36.5406960" lon="-4.6492390">
    <ele>18.0</ele>
   </trkpt>
   <trkpt lat="36.5407520" lon="-4.6491550">
    <ele>18.0</ele>
   </trkpt>
   <trkpt lat="36.5408120" lon="-4.6490660">
    <ele>18.0</ele>
   </trkpt>
   <trkpt lat="36.5408660" lon="-4.6489900">
    <ele>18.2</ele>
   </trkpt>
   <trkpt lat="36.5409260" lon="-4.6489040">
    <ele>18.6</ele>
   </trkpt>
   <trkpt lat="36.5409880" lon="-4.6488170">
    <ele>19.2</ele>
   </trkpt>
   <trkpt lat="36.5410460" lon="-4.6487350">
    <ele>19.8</ele>
   </trkpt>
   <trkpt lat="36.5411050" lon="-4.6486590">
    <ele>20.0</ele>
   </trkpt>
   <trkpt lat="36.5411600" lon="-4.6485810">
    <ele>20.4</ele>
   </trkpt>
   <trkpt lat="36.5412080" lon="-4.6485090">
    <ele>20.6</ele>
   </trkpt>
   <trkpt lat="36.5412540" lon="-4.6484350">
    <ele>21.0</ele>
   </trkpt>
   <trkpt lat="36.5413010" lon="-4.6483610">
    <ele>21.4</ele>
   </trkpt>
   <trkpt lat="36.5413440" lon="-4.6482940">
    <ele>22.0</ele>
   </trkpt>
   <trkpt lat="36.5413890" lon="-4.6482330">
    <ele>22.6</ele>
   </trkpt>
   <trkpt lat="36.5414310" lon="-4.6481700">
    <ele>23.4</ele>
   </trkpt>
   <trkpt lat="36.5414660" lon="-4.6481180">
    <ele>23.8</ele>
   </trkpt>
   <trkpt lat="36.5415040" lon="-4.6480640">
    <ele>24.4</ele>
   </trkpt>
   <trkpt lat="36.5415430" lon="-4.6480130">
    <ele>24.8</ele>
   </trkpt>
   <trkpt lat="36.5415770" lon="-4.6479600">
    <ele>25.2</ele>
   </trkpt>
   <trkpt lat="36.5416080" lon="-4.6479090">
    <ele>25.8</ele>
   </trkpt>
   <trkpt lat="36.5416430" lon="-4.6478580">
    <ele>26.2</ele>
   </trkpt>
   <trkpt lat="36.5416750" lon="-4.6478110">
    <ele>26.6</ele>
   </trkpt>
   <trkpt lat="36.5417080" lon="-4.6477600">
    <ele>27.0</ele>
   </trkpt>
   <trkpt lat="36.5417410" lon="-4.6477160">
    <ele>27.4</ele>
   </trkpt>
   <trkpt lat="36.5417760" lon="-4.6476710">
    <ele>27.8</ele>
   </trkpt>
   <trkpt lat="36.5418090" lon="-4.6476290">
    <ele>28.4</ele>
   </trkpt>
   <trkpt lat="36.5418420" lon="-4.6475800">
    <ele>28.8</ele>
   </trkpt>
   <trkpt lat="36.5418670" lon="-4.6475350">
    <ele>29.2</ele>
   </trkpt>
   <trkpt lat="36.5418950" lon="-4.6474820">
    <ele>29.4</ele>
   </trkpt>
   <trkpt lat="36.5419110" lon="-4.6474270">
    <ele>29.6</ele>
   </trkpt>
   <trkpt lat="36.5419260" lon="-4.6473690">
    <ele>29.8</ele>
   </trkpt>
   <trkpt lat="36.5419410" lon="-4.6473050">
    <ele>30.0</ele>
   </trkpt>
   <trkpt lat="36.5419680" lon="-4.6472410">
    <ele>30.2</ele>
   </trkpt>
   <trkpt lat="36.5420050" lon="-4.6472000">
    <ele>30.4</ele>
   </trkpt>
   <trkpt lat="36.5420560" lon="-4.6471690">
    <ele>30.4</ele>
   </trkpt>
   <trkpt lat="36.5421080" lon="-4.6471400">
    <ele>30.6</ele>
   </trkpt>
   <trkpt lat="36.5421590" lon="-4.6471040">
    <ele>31.0</ele>
   </trkpt>
   <trkpt lat="36.5422010" lon="-4.6470570">
    <ele>31.2</ele>
   </trkpt>
   <trkpt lat="36.5422410" lon="-4.6470030">
    <ele>31.8</ele>
   </trkpt>
   <trkpt lat="36.5422780" lon="-4.6469530">
    <ele>32.8</ele>
   </trkpt>
   <trkpt lat="36.5423140" lon="-4.6469040">
    <ele>33.6</ele>
   </trkpt>
   <trkpt lat="36.5423440" lon="-4.6468580">
    <ele>34.2</ele>
   </trkpt>
   <trkpt lat="36.5423760" lon="-4.6468140">
    <ele>34.6</ele>
   </trkpt>
   <trkpt lat="36.5424050" lon="-4.6467750">
    <ele>35.2</ele>
   </trkpt>
   <trkpt lat="36.5424340" lon="-4.6467350">
    <ele>35.8</ele>
   </trkpt>
   <trkpt lat="36.5424590" lon="-4.6466990">
    <ele>36.2</ele>
   </trkpt>
   <trkpt lat="36.5424830" lon="-4.6466590">
    <ele>36.6</ele>
   </trkpt>
   <trkpt lat="36.5425040" lon="-4.6466250">
    <ele>37.0</ele>
   </trkpt>
   <trkpt lat="36.5425270" lon="-4.6465860">
    <ele>37.4</ele>
   </trkpt>
   <trkpt lat="36.5425510" lon="-4.6465500">
    <ele>37.6</ele>
   </trkpt>
   <trkpt lat="36.5425790" lon="-4.6465140">
    <ele>38.0</ele>
   </trkpt>
   <trkpt lat="36.5425990" lon="-4.6464850">
    <ele>38.2</ele>
   </trkpt>
   <trkpt lat="36.5426220" lon="-4.6464510">
    <ele>38.8</ele>
   </trkpt>
   <trkpt lat="36.5426460" lon="-4.6464160">
    <ele>39.0</ele>
   </trkpt>
   <trkpt lat="36.5426700" lon="-4.6463840">
    <ele>39.4</ele>
   </trkpt>
   <trkpt lat="36.5426900" lon="-4.6463540">
    <ele>40.0</ele>
   </trkpt>
   <trkpt lat="36.5427140" lon="-4.6463210">
    <ele>40.8</ele>
   </trkpt>
   <trkpt lat="36.5427380" lon="-4.6462880">
    <ele>41.2</ele>
   </trkpt>
   <trkpt lat="36.5427610" lon="-4.6462520">
    <ele>41.6</ele>
   </trkpt>
   <trkpt lat="36.5427800" lon="-4.6462200">
    <ele>42.0</ele>
   </trkpt>
   <trkpt lat="36.5428080" lon="-4.6461880">
    <ele>42.4</ele>
   </trkpt>
   <trkpt lat="36.5428300" lon="-4.6461570">
    <ele>42.8</ele>
   </trkpt>
   <trkpt lat="36.5428520" lon="-4.6461260">
    <ele>43.2</ele>
   </trkpt>
   <trkpt lat="36.5428710" lon="-4.6460950">
    <ele>43.4</ele>
   </trkpt>
   <trkpt lat="36.5428980" lon="-4.6460610">
    <ele>44.0</ele>
   </trkpt>
   <trkpt lat="36.5429170" lon="-4.6460290">
    <ele>44.6</ele>
   </trkpt>
   <trkpt lat="36.5429440" lon="-4.6459940">
    <ele>45.2</ele>
   </trkpt>
   <trkpt lat="36.5429670" lon="-4.6459610">
    <ele>45.6</ele>
   </trkpt>
   <trkpt lat="36.5429900" lon="-4.6459260">
    <ele>45.8</ele>
   </trkpt>
   <trkpt lat="36.5430150" lon="-4.6458940">
    <ele>46.2</ele>
   </trkpt>
   <trkpt lat="36.5430400" lon="-4.6458540">
    <ele>46.8</ele>
   </trkpt>
   <trkpt lat="36.5430620" lon="-4.6458170">
    <ele>47.4</ele>
   </trkpt>
   <trkpt lat="36.5430860" lon="-4.6457750">
    <ele>47.8</ele>
   </trkpt>
   <trkpt lat="36.5431080" lon="-4.6457370">
    <ele>48.0</ele>
   </trkpt>
   <trkpt lat="36.5431310" lon="-4.6456950">
    <ele>48.0</ele>
   </trkpt>
   <trkpt lat="36.5431500" lon="-4.6456530">
    <ele>48.2</ele>
   </trkpt>
   <trkpt lat="36.5431700" lon="-4.6456040">
    <ele>48.4</ele>
   </trkpt>
   <trkpt lat="36.5431880" lon="-4.6455590">
    <ele>48.4</ele>
   </trkpt>
   <trkpt lat="36.5432130" lon="-4.6455120">
    <ele>48.4</ele>
   </trkpt>
   <trkpt lat="36.5432330" lon="-4.6454610">
    <ele>48.2</ele>
   </trkpt>
   <trkpt lat="36.5432580" lon="-4.6454060">
    <ele>48.0</ele>
   </trkpt>
   <trkpt lat="36.5432820" lon="-4.6453610">
    <ele>47.8</ele>
   </trkpt>
   <trkpt lat="36.5433090" lon="-4.6453080">
    <ele>47.8</ele>
   </trkpt>
   <trkpt lat="36.5433330" lon="-4.6452510">
    <ele>48.2</ele>
   </trkpt>
   <trkpt lat="36.5433590" lon="-4.6451960">
    <ele>48.6</ele>
   </trkpt>
   <trkpt lat="36.5433850" lon="-4.6451430">
    <ele>49.0</ele>
   </trkpt>
   <trkpt lat="36.5434160" lon="-4.6450880">
    <ele>49.6</ele>
   </trkpt>
   <trkpt lat="36.5434500" lon="-4.6450340">
    <ele>50.4</ele>
   </trkpt>
   <trkpt lat="36.5434810" lon="-4.6449780">
    <ele>51.0</ele>
   </trkpt>
   <trkpt lat="36.5435190" lon="-4.6449230">
    <ele>51.4</ele>
   </trkpt>
   <trkpt lat="36.5435500" lon="-4.6448640">
    <ele>51.8</ele>
   </trkpt>
   <trkpt lat="36.5435910" lon="-4.6448050">
    <ele>52.2</ele>
   </trkpt>
   <trkpt lat="36.5436280" lon="-4.6447550">
    <ele>52.6</ele>
   </trkpt>
   <trkpt lat="36.5436730" lon="-4.6446940">
    <ele>52.8</ele>
   </trkpt>
   <trkpt lat="36.5437210" lon="-4.6446350">
    <ele>52.8</ele>
   </trkpt>
   <trkpt lat="36.5437650" lon="-4.6445900">
    <ele>53.0</ele>
   </trkpt>
   <trkpt lat="36.5438130" lon="-4.6445450">
    <ele>53.6</ele>
   </trkpt>
   <trkpt lat="36.5438640" lon="-4.6444980">
    <ele>54.0</ele>
   </trkpt>
   <trkpt lat="36.5439110" lon="-4.6444520">
    <ele>54.4</ele>
   </trkpt>
   <trkpt lat="36.5439560" lon="-4.6444050">
    <ele>54.6</ele>
   </trkpt>
   <trkpt lat="36.5440060" lon="-4.6443490">
    <ele>54.6</ele>
   </trkpt>
   <trkpt lat="36.5440490" lon="-4.6443030">
    <ele>54.6</ele>
   </trkpt>
   <trkpt lat="36.5440980" lon="-4.6442550">
    <ele>54.8</ele>
   </trkpt>
   <trkpt lat="36.5441480" lon="-4.6442040">
    <ele>55.0</ele>
   </trkpt>
   <trkpt lat="36.5442010" lon="-4.6441500">
    <ele>55.2</ele>
   </trkpt>
   <trkpt lat="36.5442460" lon="-4.6441000">
    <ele>55.4</ele>
   </trkpt>
   <trkpt lat="36.5443000" lon="-4.6440440">
    <ele>55.6</ele>
   </trkpt>
   <trkpt lat="36.5443420" lon="-4.6439950">
    <ele>55.8</ele>
   </trkpt>
   <trkpt lat="36.5443900" lon="-4.6439440">
    <ele>55.8</ele>
   </trkpt>
   <trkpt lat="36.5444370" lon="-4.6438970">
    <ele>55.8</ele>
   </trkpt>
   <trkpt lat="36.5444860" lon="-4.6438460">
    <ele>56.0</ele>
   </trkpt>
   <trkpt lat="36.5445320" lon="-4.6438000">
    <ele>56.0</ele>
   </trkpt>
   <trkpt lat="36.5445820" lon="-4.6437440">
    <ele>56.2</ele>
   </trkpt>
   <trkpt lat="36.5446270" lon="-4.6437000">
    <ele>56.4</ele>
   </trkpt>
   <trkpt lat="36.5446790" lon="-4.6436470">
    <ele>56.6</ele>
   </trkpt>
   <trkpt lat="36.5447310" lon="-4.6435970">
    <ele>57.0</ele>
   </trkpt>
   <trkpt lat="36.5447880" lon="-4.6435400">
    <ele>57.0</ele>
   </trkpt>
   <trkpt lat="36.5448410" lon="-4.6434880">
    <ele>56.8</ele>
   </trkpt>
   <trkpt lat="36.5449050" lon="-4.6434230">
    <ele>56.6</ele>
   </trkpt>
   <trkpt lat="36.5449640" lon="-4.6433640">
    <ele>56.6</ele>
   </trkpt>
   <trkpt lat="36.5450330" lon="-4.6433030">
    <ele>56.6</ele>
   </trkpt>
   <trkpt lat="36.5450960" lon="-4.6432350">
    <ele>56.6</ele>
   </trkpt>
   <trkpt lat="36.5451620" lon="-4.6431470">
    <ele>56.4</ele>
   </trkpt>
   <trkpt lat="36.5452180" lon="-4.6430650">
    <ele>56.0</ele>
   </trkpt>
   <trkpt lat="36.5452920" lon="-4.6429710">
    <ele>55.4</ele>
   </trkpt>
   <trkpt lat="36.5453620" lon="-4.6429010">
    <ele>54.6</ele>
   </trkpt>
   <trkpt lat="36.5454460" lon="-4.6428240">
    <ele>53.8</ele>
   </trkpt>
   <trkpt lat="36.5455190" lon="-4.6427470">
    <ele>53.2</ele>
   </trkpt>
   <trkpt lat="36.5456030" lon="-4.6426580">
    <ele>52.8</ele>
   </trkpt>
   <trkpt lat="36.5456800" lon="-4.6425790">
    <ele>52.4</ele>
   </trkpt>
   <trkpt lat="36.5457700" lon="-4.6424870">
    <ele>51.8</ele>
   </trkpt>
   <trkpt lat="36.5458610" lon="-4.6423940">
    <ele>51.2</ele>
   </trkpt>
   <trkpt lat="36.5459530" lon="-4.6422950">
    <ele>50.6</ele>
   </trkpt>
   <trkpt lat="36.5460370" lon="-4.6422020">
    <ele>50.0</ele>
   </trkpt>
   <trkpt lat="36.5461350" lon="-4.6420950">
    <ele>49.4</ele>
   </trkpt>
   <trkpt lat="36.5462190" lon="-4.6420040">
    <ele>48.8</ele>
   </trkpt>
   <trkpt lat="36.5463150" lon="-4.6418910">
    <ele>48.2</ele>
   </trkpt>
   <trkpt lat="36.5464080" lon="-4.6417840">
    <ele>47.4</ele>
   </trkpt>
   <trkpt lat="36.5465010" lon="-4.6416680">
    <ele>46.8</ele>
   </trkpt>
   <trkpt lat="36.5465870" lon="-4.6415540">
    <ele>46.2</ele>
   </trkpt>
   <trkpt lat="36.5466720" lon="-4.6414220">
    <ele>45.6</ele>
   </trkpt>
   <trkpt lat="36.5467380" lon="-4.6413020">
    <ele>45.4</ele>
   </trkpt>
   <trkpt lat="36.5468090" lon="-4.6411890">
    <ele>45.0</ele>
   </trkpt>
   <trkpt lat="36.5468760" lon="-4.6411090">
    <ele>44.6</ele>
   </trkpt>
   <trkpt lat="36.5469520" lon="-4.6410210">
    <ele>44.0</ele>
   </trkpt>
   <trkpt lat="36.5470180" lon="-4.6409200">
    <ele>43.4</ele>
   </trkpt>
   <trkpt lat="36.5470880" lon="-4.6408050">
    <ele>42.8</ele>
   </trkpt>
   <trkpt lat="36.5471470" lon="-4.6407090">
    <ele>42.2</ele>
   </trkpt>
   <trkpt lat="36.5472180" lon="-4.6405980">
    <ele>41.4</ele>
   </trkpt>
   <trkpt lat="36.5472820" lon="-4.6404900">
    <ele>40.8</ele>
   </trkpt>
   <trkpt lat="36.5473470" lon="-4.6403820">
    <ele>40.2</ele>
   </trkpt>
   <trkpt lat="36.5474110" lon="-4.6402740">
    <ele>39.6</ele>
   </trkpt>
   <trkpt lat="36.5474810" lon="-4.6401600">
    <ele>39.0</ele>
   </trkpt>
   <trkpt lat="36.5475400" lon="-4.6400600">
    <ele>38.8</ele>
   </trkpt>
   <trkpt lat="36.5476130" lon="-4.6399460">
    <ele>38.8</ele>
   </trkpt>
   <trkpt lat="36.5476780" lon="-4.6398430">
    <ele>38.6</ele>
   </trkpt>
   <trkpt lat="36.5477480" lon="-4.6397290">
    <ele>38.4</ele>
   </trkpt>
   <trkpt lat="36.5478180" lon="-4.6396230">
    <ele>37.8</ele>
   </trkpt>
   <trkpt lat="36.5478920" lon="-4.6395070">
    <ele>37.4</ele>
   </trkpt>
   <trkpt lat="36.5479520" lon="-4.6394060">
    <ele>36.8</ele>
   </trkpt>
   <trkpt lat="36.5480030" lon="-4.6392890">
    <ele>36.4</ele>
   </trkpt>
   <trkpt lat="36.5480540" lon="-4.6391700">
    <ele>36.2</ele>
   </trkpt>
   <trkpt lat="36.5480650" lon="-4.6390390">
    <ele>35.8</ele>
   </trkpt>
   <trkpt lat="36.5480790" lon="-4.6389330">
    <ele>35.8</ele>
   </trkpt>
   <trkpt lat="36.5481280" lon="-4.6388440">
    <ele>35.8</ele>
   </trkpt>
   <trkpt lat="36.5481820" lon="-4.6387570">
    <ele>35.8</ele>
   </trkpt>
   <trkpt lat="36.5482720" lon="-4.6387080">
    <ele>35.6</ele>
   </trkpt>
   <trkpt lat="36.5483550" lon="-4.6386570">
    <ele>35.4</ele>
   </trkpt>
   <trkpt lat="36.5484330" lon="-4.6385700">
    <ele>35.0</ele>
   </trkpt>
   <trkpt lat="36.5485010" lon="-4.6384700">
    <ele>34.8</ele>
   </trkpt>
   <trkpt lat="36.5485780" lon="-4.6383630">
    <ele>34.6</ele>
   </trkpt>
   <trkpt lat="36.5486560" lon="-4.6382590">
    <ele>34.4</ele>
   </trkpt>
   <trkpt lat="36.5487310" lon="-4.6381430">
    <ele>34.0</ele>
   </trkpt>
   <trkpt lat="36.5488000" lon="-4.6380210">
    <ele>33.6</ele>
   </trkpt>
   <trkpt lat="36.5488720" lon="-4.6379110">
    <ele>33.2</ele>
   </trkpt>
   <trkpt lat="36.5489370" lon="-4.6377860">
    <ele>32.8</ele>
   </trkpt>
   <trkpt lat="36.5489850" lon="-4.6376660">
    <ele>32.4</ele>
   </trkpt>
   <trkpt lat="36.5490260" lon="-4.6375580">
    <ele>31.8</ele>
   </trkpt>
   <trkpt lat="36.5490500" lon="-4.6374480">
    <ele>31.4</ele>
   </trkpt>
   <trkpt lat="36.5490890" lon="-4.6373490">
    <ele>31.4</ele>
   </trkpt>
   <trkpt lat="36.5491490" lon="-4.6372710">
    <ele>31.2</ele>
   </trkpt>
   <trkpt lat="36.5492250" lon="-4.6372350">
    <ele>31.2</ele>
   </trkpt>
   <trkpt lat="36.5492970" lon="-4.6372180">
    <ele>31.0</ele>
   </trkpt>
   <trkpt lat="36.5493670" lon="-4.6371840">
    <ele>31.2</ele>
   </trkpt>
   <trkpt lat="36.5494340" lon="-4.6371300">
    <ele>31.2</ele>
   </trkpt>
   <trkpt lat="36.5494890" lon="-4.6370840">
    <ele>31.4</ele>
   </trkpt>
   <trkpt lat="36.5495440" lon="-4.6370360">
    <ele>32.0</ele>
   </trkpt>
   <trkpt lat="36.5496150" lon="-4.6369770">
    <ele>32.4</ele>
   </trkpt>
   <trkpt lat="36.5496740" lon="-4.6369240">
    <ele>33.0</ele>
   </trkpt>
   <trkpt lat="36.5497310" lon="-4.6368740">
    <ele>33.6</ele>
   </trkpt>
   <trkpt lat="36.5497850" lon="-4.6368270">
    <ele>34.2</ele>
   </trkpt>
   <trkpt lat="36.5498360" lon="-4.6367770">
    <ele>34.8</ele>
   </trkpt>
   <trkpt lat="36.5498870" lon="-4.6367300">
    <ele>35.0</ele>
   </trkpt>
   <trkpt lat="36.5499340" lon="-4.6366780">
    <ele>35.4</ele>
   </trkpt>
   <trkpt lat="36.5499870" lon="-4.6366270">
    <ele>35.6</ele>
   </trkpt>
   <trkpt lat="36.5500330" lon="-4.6365740">
    <ele>35.6</ele>
   </trkpt>
   <trkpt lat="36.5500790" lon="-4.6365140">
    <ele>35.8</ele>
   </trkpt>
   <trkpt lat="36.5501210" lon="-4.6364510">
    <ele>36.2</ele>
   </trkpt>
   <trkpt lat="36.5501650" lon="-4.6363850">
    <ele>36.6</ele>
   </trkpt>
   <trkpt lat="36.5502090" lon="-4.6363120">
    <ele>36.8</ele>
   </trkpt>
   <trkpt lat="36.5502480" lon="-4.6362310">
    <ele>36.8</ele>
   </trkpt>
   <trkpt lat="36.5502850" lon="-4.6361520">
    <ele>36.8</ele>
   </trkpt>
   <trkpt lat="36.5503270" lon="-4.6360630">
    <ele>36.8</ele>
   </trkpt>
   <trkpt lat="36.5503630" lon="-4.6359690">
    <ele>36.8</ele>
   </trkpt>
   <trkpt lat="36.5504040" lon="-4.6358730">
    <ele>36.6</ele>
   </trkpt>
   <trkpt lat="36.5504410" lon="-4.6357730">
    <ele>36.6</ele>
   </trkpt>
   <trkpt lat="36.5504740" lon="-4.6356560">
    <ele>36.8</ele>
   </trkpt>
   <trkpt lat="36.5505040" lon="-4.6355400">
    <ele>36.6</ele>
   </trkpt>
   <trkpt lat="36.5505260" lon="-4.6354210">
    <ele>36.2</ele>
   </trkpt>
   <trkpt lat="36.5505360" lon="-4.6352860">
    <ele>35.4</ele>
   </trkpt>
   <trkpt lat="36.5505370" lon="-4.6351530">
    <ele>34.8</ele>
   </trkpt>
   <trkpt lat="36.5505410" lon="-4.6350060">
    <ele>34.0</ele>
   </trkpt>
   <trkpt lat="36.5505370" lon="-4.6348640">
    <ele>33.4</ele>
   </trkpt>
   <trkpt lat="36.5505410" lon="-4.6347210">
    <ele>32.8</ele>
   </trkpt>
   <trkpt lat="36.5505580" lon="-4.6345760">
    <ele>32.0</ele>
   </trkpt>
   <trkpt lat="36.5505880" lon="-4.6344320">
    <ele>31.4</ele>
   </trkpt>
   <trkpt lat="36.5506110" lon="-4.6342870">
    <ele>31.2</ele>
   </trkpt>
   <trkpt lat="36.5506240" lon="-4.6341370">
    <ele>31.0</ele>
   </trkpt>
   <trkpt lat="36.5506350" lon="-4.6339930">
    <ele>31.2</ele>
   </trkpt>
   <trkpt lat="36.5506430" lon="-4.6338480">
    <ele>31.6</ele>
   </trkpt>
   <trkpt lat="36.5506470" lon="-4.6337060">
    <ele>32.2</ele>
   </trkpt>
   <trkpt lat="36.5506550" lon="-4.6335600">
    <ele>32.6</ele>
   </trkpt>
   <trkpt lat="36.5506690" lon="-4.6334210">
    <ele>32.6</ele>
   </trkpt>
   <trkpt lat="36.5506850" lon="-4.6332830">
    <ele>32.8</ele>
   </trkpt>
   <trkpt lat="36.5506960" lon="-4.6331520">
    <ele>32.8</ele>
   </trkpt>
   <trkpt lat="36.5507080" lon="-4.6330220">
    <ele>32.6</ele>
   </trkpt>
   <trkpt lat="36.5507190" lon="-4.6328940">
    <ele>32.2</ele>
   </trkpt>
   <trkpt lat="36.5507310" lon="-4.6327680">
    <ele>32.0</ele>
   </trkpt>
   <trkpt lat="36.5507480" lon="-4.6326510">
    <ele>32.0</ele>
   </trkpt>
   <trkpt lat="36.5507780" lon="-4.6325300">
    <ele>32.0</ele>
   </trkpt>
   <trkpt lat="36.5508050" lon="-4.6324170">
    <ele>31.8</ele>
   </trkpt>
   <trkpt lat="36.5508320" lon="-4.6323120">
    <ele>31.8</ele>
   </trkpt>
   <trkpt lat="36.5508450" lon="-4.6322020">
    <ele>31.8</ele>
   </trkpt>
   <trkpt lat="36.5508500" lon="-4.6320960">
    <ele>31.6</ele>
   </trkpt>
   <trkpt lat="36.5508670" lon="-4.6320000">
    <ele>31.4</ele>
   </trkpt>
   <trkpt lat="36.5509080" lon="-4.6319100">
    <ele>31.0</ele>
   </trkpt>
   <trkpt lat="36.5509640" lon="-4.6318370">
    <ele>30.6</ele>
   </trkpt>
   <trkpt lat="36.5510150" lon="-4.6317720">
    <ele>30.2</ele>
   </trkpt>
   <trkpt lat="36.5510690" lon="-4.6316990">
    <ele>30.0</ele>
   </trkpt>
   <trkpt lat="36.5511230" lon="-4.6316320">
    <ele>30.4</ele>
   </trkpt>
   <trkpt lat="36.5511760" lon="-4.6315640">
    <ele>31.0</ele>
   </trkpt>
   <trkpt lat="36.5512340" lon="-4.6314990">
    <ele>31.2</ele>
   </trkpt>
   <trkpt lat="36.5512910" lon="-4.6314390">
    <ele>31.2</ele>
   </trkpt>
   <trkpt lat="36.5513400" lon="-4.6313800">
    <ele>31.0</ele>
   </trkpt>
   <trkpt lat="36.5513910" lon="-4.6313190">
    <ele>31.0</ele>
   </trkpt>
   <trkpt lat="36.5514440" lon="-4.6312630">
    <ele>31.0</ele>
   </trkpt>
   <trkpt lat="36.5514920" lon="-4.6312130">
    <ele>31.2</ele>
   </trkpt>
   <trkpt lat="36.5515380" lon="-4.6311560">
    <ele>31.6</ele>
   </trkpt>
   <trkpt lat="36.5515760" lon="-4.6311100">
    <ele>32.2</ele>
   </trkpt>
   <trkpt lat="36.5516140" lon="-4.6310680">
    <ele>33.4</ele>
   </trkpt>
   <trkpt lat="36.5516490" lon="-4.6310330">
    <ele>34.4</ele>
   </trkpt>
   <trkpt lat="36.5516810" lon="-4.6310040">
    <ele>35.4</ele>
   </trkpt>
   <trkpt lat="36.5517160" lon="-4.6309740">
    <ele>36.2</ele>
   </trkpt>
   <trkpt lat="36.5517480" lon="-4.6309450">
    <ele>37.0</ele>
   </trkpt>
   <trkpt lat="36.5517790" lon="-4.6309170">
    <ele>37.8</ele>
   </trkpt>
   <trkpt lat="36.5518080" lon="-4.6308870">
    <ele>38.2</ele>
   </trkpt>
   <trkpt lat="36.5518430" lon="-4.6308510">
    <ele>38.6</ele>
   </trkpt>
   <trkpt lat="36.5518770" lon="-4.6308130">
    <ele>39.2</ele>
   </trkpt>
   <trkpt lat="36.5519170" lon="-4.6307730">
    <ele>39.6</ele>
   </trkpt>
   <trkpt lat="36.5519570" lon="-4.6307280">
    <ele>40.2</ele>
   </trkpt>
   <trkpt lat="36.5519960" lon="-4.6306840">
    <ele>40.8</ele>
   </trkpt>
   <trkpt lat="36.5520370" lon="-4.6306440">
    <ele>41.4</ele>
   </trkpt>
   <trkpt lat="36.5520820" lon="-4.6306020">
    <ele>42.2</ele>
   </trkpt>
   <trkpt lat="36.5521250" lon="-4.6305570">
    <ele>43.0</ele>
   </trkpt>
   <trkpt lat="36.5521690" lon="-4.6305130">
    <ele>43.4</ele>
   </trkpt>
   <trkpt lat="36.5522160" lon="-4.6304680">
    <ele>43.4</ele>
   </trkpt>
   <trkpt lat="36.5522570" lon="-4.6304200">
    <ele>43.6</ele>
   </trkpt>
   <trkpt lat="36.5522990" lon="-4.6303730">
    <ele>43.8</ele>
   </trkpt>
   <trkpt lat="36.5523410" lon="-4.6303280">
    <ele>44.0</ele>
   </trkpt>
   <trkpt lat="36.5523870" lon="-4.6302840">
    <ele>44.2</ele>
   </trkpt>
   <trkpt lat="36.5524310" lon="-4.6302440">
    <ele>44.2</ele>
   </trkpt>
   <trkpt lat="36.5524760" lon="-4.6301960">
    <ele>44.4</ele>
   </trkpt>
   <trkpt lat="36.5525220" lon="-4.6301500">
    <ele>44.4</ele>
   </trkpt>
   <trkpt lat="36.5525630" lon="-4.6300990">
    <ele>44.2</ele>
   </trkpt>
   <trkpt lat="36.5526010" lon="-4.6300440">
    <ele>44.4</ele>
   </trkpt>
   <trkpt lat="36.5526430" lon="-4.6299890">
    <ele>44.6</ele>
   </trkpt>
   <trkpt lat="36.5526850" lon="-4.6299310">
    <ele>44.8</ele>
   </trkpt>
   <trkpt lat="36.5527280" lon="-4.6298670">
    <ele>45.0</ele>
   </trkpt>
   <trkpt lat="36.5527680" lon="-4.6298020">
    <ele>45.2</ele>
   </trkpt>
   <trkpt lat="36.5528140" lon="-4.6297300">
    <ele>45.0</ele>
   </trkpt>
   <trkpt lat="36.5528630" lon="-4.6296580">
    <ele>44.8</ele>
   </trkpt>
   <trkpt lat="36.5529070" lon="-4.6295810">
    <ele>44.6</ele>
   </trkpt>
   <trkpt lat="36.5529490" lon="-4.6294910">
    <ele>44.2</ele>
   </trkpt>
   <trkpt lat="36.5529870" lon="-4.6293820">
    <ele>43.6</ele>
   </trkpt>
   <trkpt lat="36.5530180" lon="-4.6292620">
    <ele>42.8</ele>
   </trkpt>
   <trkpt lat="36.5530370" lon="-4.6291410">
    <ele>41.8</ele>
   </trkpt>
   <trkpt lat="36.5530500" lon="-4.6290030">
    <ele>40.6</ele>
   </trkpt>
   <trkpt lat="36.5530580" lon="-4.6288730">
    <ele>39.6</ele>
   </trkpt>
   <trkpt lat="36.5530650" lon="-4.6287570">
    <ele>38.8</ele>
   </trkpt>
   <trkpt lat="36.5530730" lon="-4.6286480">
    <ele>37.8</ele>
   </trkpt>
   <trkpt lat="36.5530840" lon="-4.6285520">
    <ele>36.8</ele>
   </trkpt>
   <trkpt lat="36.5530920" lon="-4.6284680">
    <ele>35.8</ele>
   </trkpt>
   <trkpt lat="36.5530820" lon="-4.6283930">
    <ele>35.0</ele>
   </trkpt>
   <trkpt lat="36.5530570" lon="-4.6283230">
    <ele>34.4</ele>
   </trkpt>
   <trkpt lat="36.5530450" lon="-4.6282560">
    <ele>34.0</ele>
   </trkpt>
   <trkpt lat="36.5530500" lon="-4.6281840">
    <ele>33.6</ele>
   </trkpt>
   <trkpt lat="36.5530830" lon="-4.6281280">
    <ele>32.8</ele>
   </trkpt>
   <trkpt lat="36.5531300" lon="-4.6281020">
    <ele>31.8</ele>
   </trkpt>
   <trkpt lat="36.5531890" lon="-4.6281060">
    <ele>31.4</ele>
   </trkpt>
   <trkpt lat="36.5532510" lon="-4.6281160">
    <ele>31.4</ele>
   </trkpt>
   <trkpt lat="36.5533130" lon="-4.6281180">
    <ele>31.6</ele>
   </trkpt>
   <trkpt lat="36.5533760" lon="-4.6281120">
    <ele>31.8</ele>
   </trkpt>
   <trkpt lat="36.5534670" lon="-4.6281030">
    <ele>31.8</ele>
   </trkpt>
   <trkpt lat="36.5535470" lon="-4.6280900">
    <ele>31.6</ele>
   </trkpt>
   <trkpt lat="36.5536280" lon="-4.6280640">
    <ele>31.2</ele>
   </trkpt>
   <trkpt lat="36.5537110" lon="-4.6280270">
    <ele>30.8</ele>
   </trkpt>
   <trkpt lat="36.5537880" lon="-4.6279820">
    <ele>30.4</ele>
   </trkpt>
   <trkpt lat="36.5538520" lon="-4.6279460">
    <ele>30.4</ele>
   </trkpt>
   <trkpt lat="36.5539380" lon="-4.6278960">
    <ele>30.4</ele>
   </trkpt>
   <trkpt lat="36.5540170" lon="-4.6278520">
    <ele>30.2</ele>
   </trkpt>
   <trkpt lat="36.5540980" lon="-4.6278080">
    <ele>29.8</ele>
   </trkpt>
   <trkpt lat="36.5541840" lon="-4.6277640">
    <ele>29.6</ele>
   </trkpt>
   <trkpt lat="36.5542630" lon="-4.6277210">
    <ele>29.4</ele>
   </trkpt>
   <trkpt lat="36.5543440" lon="-4.6276740">
    <ele>29.4</ele>
   </trkpt>
   <trkpt lat="36.5544270" lon="-4.6276300">
    <ele>29.4</ele>
   </trkpt>
   <trkpt lat="36.5545170" lon="-4.6275920">
    <ele>29.4</ele>
   </trkpt>
   <trkpt lat="36.5546070" lon="-4.6275640">
    <ele>29.2</ele>
   </trkpt>
   <trkpt lat="36.5547040" lon="-4.6275410">
    <ele>29.0</ele>
   </trkpt>
   <trkpt lat="36.5547940" lon="-4.6275240">
    <ele>28.8</ele>
   </trkpt>
   <trkpt lat="36.5548930" lon="-4.6275090">
    <ele>28.6</ele>
   </trkpt>
   <trkpt lat="36.5549830" lon="-4.6274960">
    <ele>28.4</ele>
   </trkpt>
   <trkpt lat="36.5550780" lon="-4.6274850">
    <ele>28.2</ele>
   </trkpt>
   <trkpt lat="36.5551720" lon="-4.6274750">
    <ele>27.8</ele>
   </trkpt>
   <trkpt lat="36.5552680" lon="-4.6274620">
    <ele>27.8</ele>
   </trkpt>
   <trkpt lat="36.5553640" lon="-4.6274540">
    <ele>27.8</ele>
   </trkpt>
   <trkpt lat="36.5554550" lon="-4.6274460">
    <ele>27.8</ele>
   </trkpt>
   <trkpt lat="36.5555430" lon="-4.6274460">
    <ele>27.8</ele>
   </trkpt>
   <trkpt lat="36.5556240" lon="-4.6274500">
    <ele>27.6</ele>
   </trkpt>
   <trkpt lat="36.5557000" lon="-4.6274400">
    <ele>27.8</ele>
   </trkpt>
   <trkpt lat="36.5557730" lon="-4.6274080">
    <ele>28.2</ele>
   </trkpt>
   <trkpt lat="36.5558430" lon="-4.6273790">
    <ele>28.6</ele>
   </trkpt>
   <trkpt lat="36.5559020" lon="-4.6273470">
    <ele>29.0</ele>
   </trkpt>
   <trkpt lat="36.5559450" lon="-4.6273050">
    <ele>29.4</ele>
   </trkpt>
   <trkpt lat="36.5559810" lon="-4.6272750">
    <ele>29.8</ele>
   </trkpt>
   <trkpt lat="36.5560380" lon="-4.6272600">
    <ele>30.0</ele>
   </trkpt>
   <trkpt lat="36.5561000" lon="-4.6272660">
    <ele>30.0</ele>
   </trkpt>
   <trkpt lat="36.5561560" lon="-4.6272890">
    <ele>30.0</ele>
   </trkpt>
   <trkpt lat="36.5562210" lon="-4.6273140">
    <ele>29.8</ele>
   </trkpt>
   <trkpt lat="36.5562870" lon="-4.6273310">
    <ele>29.6</ele>
   </trkpt>
   <trkpt lat="36.5563500" lon="-4.6273440">
    <ele>29.8</ele>
   </trkpt>
   <trkpt lat="36.5564150" lon="-4.6273490">
    <ele>30.0</ele>
   </trkpt>
   <trkpt lat="36.5564720" lon="-4.6273520">
    <ele>30.2</ele>
   </trkpt>
   <trkpt lat="36.5565460" lon="-4.6273520">
    <ele>30.4</ele>
   </trkpt>
   <trkpt lat="36.5566140" lon="-4.6273490">
    <ele>30.6</ele>
   </trkpt>
   <trkpt lat="36.5566810" lon="-4.6273450">
    <ele>30.8</ele>
   </trkpt>
   <trkpt lat="36.5567440" lon="-4.6273430">
    <ele>31.2</ele>
   </trkpt>
   <trkpt lat="36.5568100" lon="-4.6273400">
    <ele>31.6</ele>
   </trkpt>
   <trkpt lat="36.5568750" lon="-4.6273370">
    <ele>31.8</ele>
   </trkpt>
   <trkpt lat="36.5569370" lon="-4.6273330">
    <ele>32.0</ele>
   </trkpt>
   <trkpt lat="36.5569990" lon="-4.6273300">
    <ele>32.4</ele>
   </trkpt>
   <trkpt lat="36.5570600" lon="-4.6273250">
    <ele>32.8</ele>
   </trkpt>
   <trkpt lat="36.5571190" lon="-4.6273160">
    <ele>33.2</ele>
   </trkpt>
   <trkpt lat="36.5571810" lon="-4.6273120">
    <ele>33.8</ele>
   </trkpt>
   <trkpt lat="36.5572430" lon="-4.6273090">
    <ele>34.2</ele>
   </trkpt>
   <trkpt lat="36.5573000" lon="-4.6273060">
    <ele>34.8</ele>
   </trkpt>
   <trkpt lat="36.5573610" lon="-4.6273020">
    <ele>35.4</ele>
   </trkpt>
   <trkpt lat="36.5574220" lon="-4.6272990">
    <ele>36.0</ele>
   </trkpt>
   <trkpt lat="36.5574850" lon="-4.6272910">
    <ele>36.2</ele>
   </trkpt>
   <trkpt lat="36.5575520" lon="-4.6272820">
    <ele>36.4</ele>
   </trkpt>
   <trkpt lat="36.5576190" lon="-4.6272740">
    <ele>36.6</ele>
   </trkpt>
   <trkpt lat="36.5576910" lon="-4.6272610">
    <ele>36.8</ele>
   </trkpt>
   <trkpt lat="36.5577600" lon="-4.6272460">
    <ele>37.0</ele>
   </trkpt>
   <trkpt lat="36.5578260" lon="-4.6272330">
    <ele>37.2</ele>
   </trkpt>
   <trkpt lat="36.5578890" lon="-4.6272220">
    <ele>37.4</ele>
   </trkpt>
   <trkpt lat="36.5579510" lon="-4.6272120">
    <ele>38.0</ele>
   </trkpt>
   <trkpt lat="36.5580160" lon="-4.6272040">
    <ele>38.4</ele>
   </trkpt>
   <trkpt lat="36.5580770" lon="-4.6271960">
    <ele>38.6</ele>
   </trkpt>
   <trkpt lat="36.5581390" lon="-4.6271900">
    <ele>38.8</ele>
   </trkpt>
   <trkpt lat="36.5581990" lon="-4.6271840">
    <ele>39.0</ele>
   </trkpt>
   <trkpt lat="36.5582540" lon="-4.6271750">
    <ele>39.0</ele>
   </trkpt>
   <trkpt lat="36.5583110" lon="-4.6271670">
    <ele>39.2</ele>
   </trkpt>
   <trkpt lat="36.5583680" lon="-4.6271620">
    <ele>39.6</ele>
   </trkpt>
   <trkpt lat="36.5584220" lon="-4.6271560">
    <ele>40.2</ele>
   </trkpt>
   <trkpt lat="36.5584750" lon="-4.6271510">
    <ele>40.6</ele>
   </trkpt>
   <trkpt lat="36.5585320" lon="-4.6271450">
    <ele>40.6</ele>
   </trkpt>
   <trkpt lat="36.5585850" lon="-4.6271400">
    <ele>40.4</ele>
   </trkpt>
   <trkpt lat="36.5586390" lon="-4.6271350">
    <ele>40.8</ele>
   </trkpt>
   <trkpt lat="36.5586890" lon="-4.6271290">
    <ele>41.6</ele>
   </trkpt>
   <trkpt lat="36.5587480" lon="-4.6271220">
    <ele>42.2</ele>
   </trkpt>
   <trkpt lat="36.5588060" lon="-4.6271150">
    <ele>42.6</ele>
   </trkpt>
   <trkpt lat="36.5588630" lon="-4.6271100">
    <ele>42.6</ele>
   </trkpt>
   <trkpt lat="36.5589180" lon="-4.6271070">
    <ele>42.6</ele>
   </trkpt>
   <trkpt lat="36.5589710" lon="-4.6271010">
    <ele>43.0</ele>
   </trkpt>
   <trkpt lat="36.5590310" lon="-4.6270930">
    <ele>43.2</ele>
   </trkpt>
   <trkpt lat="36.5590890" lon="-4.6270870">
    <ele>43.4</ele>
   </trkpt>
   <trkpt lat="36.5591420" lon="-4.6270820">
    <ele>43.6</ele>
   </trkpt>
   <trkpt lat="36.5591960" lon="-4.6270740">
    <ele>44.0</ele>
   </trkpt>
   <trkpt lat="36.5592520" lon="-4.6270690">
    <ele>44.2</ele>
   </trkpt>
   <trkpt lat="36.5593090" lon="-4.6270630">
    <ele>44.4</ele>
   </trkpt>
   <trkpt lat="36.5593670" lon="-4.6270560">
    <ele>44.6</ele>
   </trkpt>
   <trkpt lat="36.5594220" lon="-4.6270520">
    <ele>44.8</ele>
   </trkpt>
   <trkpt lat="36.5594830" lon="-4.6270470">
    <ele>44.8</ele>
   </trkpt>
   <trkpt lat="36.5595390" lon="-4.6270400">
    <ele>44.8</ele>
   </trkpt>
   <trkpt lat="36.5595970" lon="-4.6270320">
    <ele>45.0</ele>
   </trkpt>
   <trkpt lat="36.5596540" lon="-4.6270240">
    <ele>45.2</ele>
   </trkpt>
   <trkpt lat="36.5597110" lon="-4.6270170">
    <ele>45.4</ele>
   </trkpt>
   <trkpt lat="36.5597670" lon="-4.6270120">
    <ele>45.6</ele>
   </trkpt>
   <trkpt lat="36.5598240" lon="-4.6270070">
    <ele>45.6</ele>
   </trkpt>
   <trkpt lat="36.5598820" lon="-4.6270020">
    <ele>45.6</ele>
   </trkpt>
   <trkpt lat="36.5599410" lon="-4.6269970">
    <ele>45.6</ele>
   </trkpt>
   <trkpt lat="36.5600000" lon="-4.6269910">
    <ele>45.6</ele>
   </trkpt>
   <trkpt lat="36.5600610" lon="-4.6269870">
    <ele>45.6</ele>
   </trkpt>
   <trkpt lat="36.5601210" lon="-4.6269820">
    <ele>45.8</ele>
   </trkpt>
   <trkpt lat="36.5601840" lon="-4.6269770">
    <ele>45.6</ele>
   </trkpt>
   <trkpt lat="36.5602410" lon="-4.6269720">
    <ele>45.4</ele>
   </trkpt>
   <trkpt lat="36.5603000" lon="-4.6269660">
    <ele>45.2</ele>
   </trkpt>
   <trkpt lat="36.5603630" lon="-4.6269600">
    <ele>44.8</ele>
   </trkpt>
   <trkpt lat="36.5604200" lon="-4.6269520">
    <ele>44.6</ele>
   </trkpt>
   <trkpt lat="36.5604790" lon="-4.6269490">
    <ele>44.4</ele>
   </trkpt>
   <trkpt lat="36.5605420" lon="-4.6269420">
    <ele>44.2</ele>
   </trkpt>
   <trkpt lat="36.5605990" lon="-4.6269280">
    <ele>44.0</ele>
   </trkpt>
   <trkpt lat="36.5606530" lon="-4.6269040">
    <ele>44.0</ele>
   </trkpt>
   <trkpt lat="36.5607100" lon="-4.6268650">
    <ele>44.2</ele>
   </trkpt>
   <trkpt lat="36.5607640" lon="-4.6268310">
    <ele>44.6</ele>
   </trkpt>
   <trkpt lat="36.5608260" lon="-4.6268150">
    <ele>45.0</ele>
   </trkpt>
   <trkpt lat="36.5608880" lon="-4.6268190">
    <ele>45.4</ele>
   </trkpt>
   <trkpt lat="36.5609500" lon="-4.6268380">
    <ele>45.8</ele>
   </trkpt>
   <trkpt lat="36.5610130" lon="-4.6268580">
    <ele>46.4</ele>
   </trkpt>
   <trkpt lat="36.5610730" lon="-4.6268720">
    <ele>47.2</ele>
   </trkpt>
   <trkpt lat="36.5611390" lon="-4.6268750">
    <ele>47.8</ele>
   </trkpt>
   <trkpt lat="36.5612050" lon="-4.6268800">
    <ele>48.6</ele>
   </trkpt>
   <trkpt lat="36.5612690" lon="-4.6268780">
    <ele>49.2</ele>
   </trkpt>
   <trkpt lat="36.5613310" lon="-4.6268780">
    <ele>49.2</ele>
   </trkpt>
   <trkpt lat="36.5613900" lon="-4.6268770">
    <ele>49.0</ele>
   </trkpt>
   <trkpt lat="36.5614480" lon="-4.6268800">
    <ele>48.6</ele>
   </trkpt>
   <trkpt lat="36.5615070" lon="-4.6268840">
    <ele>48.4</ele>
   </trkpt>
   <trkpt lat="36.5615620" lon="-4.6268910">
    <ele>48.4</ele>
   </trkpt>
   <trkpt lat="36.5616170" lon="-4.6268990">
    <ele>48.6</ele>
   </trkpt>
   <trkpt lat="36.5616730" lon="-4.6269070">
    <ele>48.8</ele>
   </trkpt>
   <trkpt lat="36.5617270" lon="-4.6269160">
    <ele>49.6</ele>
   </trkpt>
   <trkpt lat="36.5617800" lon="-4.6269290">
    <ele>50.0</ele>
   </trkpt>
   <trkpt lat="36.5618430" lon="-4.6269430">
    <ele>50.4</ele>
   </trkpt>
   <trkpt lat="36.5618920" lon="-4.6269510">
    <ele>50.4</ele>
   </trkpt>
   <trkpt lat="36.5619470" lon="-4.6269620">
    <ele>50.6</ele>
   </trkpt>
   <trkpt lat="36.5620010" lon="-4.6269770">
    <ele>50.8</ele>
   </trkpt>
   <trkpt lat="36.5620560" lon="-4.6269900">
    <ele>50.8</ele>
   </trkpt>
   <trkpt lat="36.5621090" lon="-4.6270050">
    <ele>50.8</ele>
   </trkpt>
   <trkpt lat="36.5621630" lon="-4.6270200">
    <ele>51.0</ele>
   </trkpt>
   <trkpt lat="36.5622140" lon="-4.6270350">
    <ele>51.4</ele>
   </trkpt>
   <trkpt lat="36.5622690" lon="-4.6270510">
    <ele>51.8</ele>
   </trkpt>
   <trkpt lat="36.5623220" lon="-4.6270680">
    <ele>52.2</ele>
   </trkpt>
   <trkpt lat="36.5623790" lon="-4.6270870">
    <ele>52.6</ele>
   </trkpt>
   <trkpt lat="36.5624320" lon="-4.6271050">
    <ele>52.8</ele>
   </trkpt>
   <trkpt lat="36.5624900" lon="-4.6271230">
    <ele>53.2</ele>
   </trkpt>
   <trkpt lat="36.5625450" lon="-4.6271390">
    <ele>53.4</ele>
   </trkpt>
   <trkpt lat="36.5625970" lon="-4.6271580">
    <ele>53.8</ele>
   </trkpt>
   <trkpt lat="36.5626490" lon="-4.6271730">
    <ele>53.8</ele>
   </trkpt>
   <trkpt lat="36.5627000" lon="-4.6271890">
    <ele>53.8</ele>
   </trkpt>
   <trkpt lat="36.5627460" lon="-4.6272050">
    <ele>53.8</ele>
   </trkpt>
   <trkpt lat="36.5627990" lon="-4.6272220">
    <ele>53.8</ele>
   </trkpt>
   <trkpt lat="36.5628490" lon="-4.6272380">
    <ele>53.8</ele>
   </trkpt>
   <trkpt lat="36.5629020" lon="-4.6272550">
    <ele>53.8</ele>
   </trkpt>
   <trkpt lat="36.5629550" lon="-4.6272740">
    <ele>54.2</ele>
   </trkpt>
   <trkpt lat="36.5630080" lon="-4.6272960">
    <ele>54.4</ele>
   </trkpt>
   <trkpt lat="36.5630610" lon="-4.6273170">
    <ele>54.8</ele>
   </trkpt>
   <trkpt lat="36.5631190" lon="-4.6273410">
    <ele>55.0</ele>
   </trkpt>
   <trkpt lat="36.5631720" lon="-4.6273560">
    <ele>55.0</ele>
   </trkpt>
   <trkpt lat="36.5632290" lon="-4.6273700">
    <ele>55.0</ele>
   </trkpt>
   <trkpt lat="36.5632850" lon="-4.6273830">
    <ele>55.0</ele>
   </trkpt>
   <trkpt lat="36.5633430" lon="-4.6273980">
    <ele>55.0</ele>
   </trkpt>
   <trkpt lat="36.5634000" lon="-4.6274070">
    <ele>55.2</ele>
   </trkpt>
   <trkpt lat="36.5634610" lon="-4.6274070">
    <ele>55.4</ele>
   </trkpt>
   <trkpt lat="36.5635180" lon="-4.6274000">
    <ele>55.6</ele>
   </trkpt>
   <trkpt lat="36.5635860" lon="-4.6273910">
    <ele>56.0</ele>
   </trkpt>
   <trkpt lat="36.5636470" lon="-4.6273940">
    <ele>56.4</ele>
   </trkpt>
   <trkpt lat="36.5637080" lon="-4.6274150">
    <ele>56.6</ele>
   </trkpt>
   <trkpt lat="36.5637630" lon="-4.6274510">
    <ele>56.6</ele>
   </trkpt>
   <trkpt lat="36.5638180" lon="-4.6275010">
    <ele>56.4</ele>
   </trkpt>
   <trkpt lat="36.5638630" lon="-4.6275420">
    <ele>56.4</ele>
   </trkpt>
   <trkpt lat="36.5639120" lon="-4.6275790">
    <ele>56.4</ele>
   </trkpt>
   <trkpt lat="36.5639680" lon="-4.6276070">
    <ele>56.6</ele>
   </trkpt>
   <trkpt lat="36.5640220" lon="-4.6276330">
    <ele>56.6</ele>
   </trkpt>
   <trkpt lat="36.5640750" lon="-4.6276550">
    <ele>57.0</ele>
   </trkpt>
   <trkpt lat="36.5641310" lon="-4.6276760">
    <ele>57.2</ele>
   </trkpt>
   <trkpt lat="36.5641830" lon="-4.6276930">
    <ele>57.6</ele>
   </trkpt>
   <trkpt lat="36.5642410" lon="-4.6277130">
    <ele>58.0</ele>
   </trkpt>
   <trkpt lat="36.5642990" lon="-4.6277380">
    <ele>58.2</ele>
   </trkpt>
   <trkpt lat="36.5643470" lon="-4.6277600">
    <ele>58.6</ele>
   </trkpt>
   <trkpt lat="36.5644000" lon="-4.6277830">
    <ele>58.8</ele>
   </trkpt>
   <trkpt lat="36.5644590" lon="-4.6278090">
    <ele>59.0</ele>
   </trkpt>
   <trkpt lat="36.5645090" lon="-4.6278340">
    <ele>59.2</ele>
   </trkpt>
   <trkpt lat="36.5645680" lon="-4.6278660">
    <ele>59.2</ele>
   </trkpt>
   <trkpt lat="36.5646200" lon="-4.6278970">
    <ele>59.4</ele>
   </trkpt>
   <trkpt lat="36.5646750" lon="-4.6279320">
    <ele>59.6</ele>
   </trkpt>
   <trkpt lat="36.5647230" lon="-4.6279670">
    <ele>59.8</ele>
   </trkpt>
   <trkpt lat="36.5647790" lon="-4.6280070">
    <ele>60.2</ele>
   </trkpt>
   <trkpt lat="36.5648240" lon="-4.6280410">
    <ele>60.6</ele>
   </trkpt>
   <trkpt lat="36.5648790" lon="-4.6280860">
    <ele>61.0</ele>
   </trkpt>
   <trkpt lat="36.5649320" lon="-4.6281360">
    <ele>61.0</ele>
   </trkpt>
   <trkpt lat="36.5649780" lon="-4.6281800">
    <ele>60.6</ele>
   </trkpt>
   <trkpt lat="36.5650360" lon="-4.6282320">
    <ele>60.4</ele>
   </trkpt>
   <trkpt lat="36.5650860" lon="-4.6282790">
    <ele>60.2</ele>
   </trkpt>
   <trkpt lat="36.5651350" lon="-4.6283280">
    <ele>60.0</ele>
   </trkpt>
   <trkpt lat="36.5651880" lon="-4.6283800">
    <ele>60.0</ele>
   </trkpt>
   <trkpt lat="36.5652420" lon="-4.6284310">
    <ele>60.2</ele>
   </trkpt>
   <trkpt lat="36.5652970" lon="-4.6284840">
    <ele>60.2</ele>
   </trkpt>
   <trkpt lat="36.5653480" lon="-4.6285300">
    <ele>60.2</ele>
   </trkpt>
   <trkpt lat="36.5654010" lon="-4.6285780">
    <ele>60.2</ele>
   </trkpt>
   <trkpt lat="36.5654480" lon="-4.6286220">
    <ele>60.4</ele>
   </trkpt>
   <trkpt lat="36.5654900" lon="-4.6286640">
    <ele>60.8</ele>
   </trkpt>
   <trkpt lat="36.5655290" lon="-4.6287050">
    <ele>61.2</ele>
   </trkpt>
   <trkpt lat="36.5655670" lon="-4.6287460">
    <ele>61.8</ele>
   </trkpt>
   <trkpt lat="36.5656050" lon="-4.6287830">
    <ele>62.6</ele>
   </trkpt>
   <trkpt lat="36.5656400" lon="-4.6288210">
    <ele>63.0</ele>
   </trkpt>
   <trkpt lat="36.5656770" lon="-4.6288600">
    <ele>63.6</ele>
   </trkpt>
   <trkpt lat="36.5657120" lon="-4.6289000">
    <ele>64.0</ele>
   </trkpt>
   <trkpt lat="36.5657470" lon="-4.6289400">
    <ele>64.0</ele>
   </trkpt>
   <trkpt lat="36.5657850" lon="-4.6289750">
    <ele>63.8</ele>
   </trkpt>
   <trkpt lat="36.5658290" lon="-4.6290110">
    <ele>63.6</ele>
   </trkpt>
   <trkpt lat="36.5658790" lon="-4.6290430">
    <ele>63.4</ele>
   </trkpt>
   <trkpt lat="36.5659190" lon="-4.6290600">
    <ele>63.2</ele>
   </trkpt>
   <trkpt lat="36.5659670" lon="-4.6290770">
    <ele>63.2</ele>
   </trkpt>
   <trkpt lat="36.5660130" lon="-4.6290910">
    <ele>63.6</ele>
   </trkpt>
   <trkpt lat="36.5660600" lon="-4.6290930">
    <ele>64.2</ele>
   </trkpt>
   <trkpt lat="36.5661160" lon="-4.6290930">
    <ele>64.4</ele>
   </trkpt>
   <trkpt lat="36.5661680" lon="-4.6290960">
    <ele>65.0</ele>
   </trkpt>
   <trkpt lat="36.5662270" lon="-4.6291100">
    <ele>65.8</ele>
   </trkpt>
   <trkpt lat="36.5662900" lon="-4.6291330">
    <ele>66.0</ele>
   </trkpt>
   <trkpt lat="36.5663500" lon="-4.6291590">
    <ele>65.8</ele>
   </trkpt>
   <trkpt lat="36.5664070" lon="-4.6291920">
    <ele>65.6</ele>
   </trkpt>
   <trkpt lat="36.5664670" lon="-4.6292380">
    <ele>65.4</ele>
   </trkpt>
   <trkpt lat="36.5665260" lon="-4.6292940">
    <ele>65.6</ele>
   </trkpt>
   <trkpt lat="36.5665780" lon="-4.6293580">
    <ele>65.8</ele>
   </trkpt>
   <trkpt lat="36.5666160" lon="-4.6294380">
    <ele>66.2</ele>
   </trkpt>
   <trkpt lat="36.5666440" lon="-4.6295320">
    <ele>66.4</ele>
   </trkpt>
   <trkpt lat="36.5666600" lon="-4.6296270">
    <ele>66.6</ele>
   </trkpt>
   <trkpt lat="36.5666820" lon="-4.6297240">
    <ele>66.4</ele>
   </trkpt>
   <trkpt lat="36.5667090" lon="-4.6298160">
    <ele>66.2</ele>
   </trkpt>
   <trkpt lat="36.5667480" lon="-4.6298950">
    <ele>66.4</ele>
   </trkpt>
   <trkpt lat="36.5668010" lon="-4.6299700">
    <ele>66.4</ele>
   </trkpt>
   <trkpt lat="36.5668660" lon="-4.6300410">
    <ele>66.2</ele>
   </trkpt>
   <trkpt lat="36.5669260" lon="-4.6301050">
    <ele>65.8</ele>
   </trkpt>
   <trkpt lat="36.5669970" lon="-4.6301630">
    <ele>65.2</ele>
   </trkpt>
   <trkpt lat="36.5670740" lon="-4.6302260">
    <ele>64.4</ele>
   </trkpt>
   <trkpt lat="36.5671400" lon="-4.6302920">
    <ele>63.8</ele>
   </trkpt>
   <trkpt lat="36.5671980" lon="-4.6303830">
    <ele>63.4</ele>
   </trkpt>
   <trkpt lat="36.5672630" lon="-4.6304620">
    <ele>63.0</ele>
   </trkpt>
   <trkpt lat="36.5673330" lon="-4.6305280">
    <ele>62.6</ele>
   </trkpt>
   <trkpt lat="36.5674070" lon="-4.6305960">
    <ele>62.6</ele>
   </trkpt>
   <trkpt lat="36.5674690" lon="-4.6306540">
    <ele>62.8</ele>
   </trkpt>
   <trkpt lat="36.5675340" lon="-4.6307150">
    <ele>63.0</ele>
   </trkpt>
   <trkpt lat="36.5675920" lon="-4.6307670">
    <ele>63.0</ele>
   </trkpt>
   <trkpt lat="36.5676480" lon="-4.6308270">
    <ele>63.2</ele>
   </trkpt>
   <trkpt lat="36.5676960" lon="-4.6308730">
    <ele>63.4</ele>
   </trkpt>
   <trkpt lat="36.5677510" lon="-4.6309260">
    <ele>64.0</ele>
   </trkpt>
   <trkpt lat="36.5677970" lon="-4.6309730">
    <ele>64.0</ele>
   </trkpt>
   <trkpt lat="36.5678410" lon="-4.6310140">
    <ele>64.2</ele>
   </trkpt>
   <trkpt lat="36.5678850" lon="-4.6310590">
    <ele>64.4</ele>
   </trkpt>
   <trkpt lat="36.5679240" lon="-4.6310990">
    <ele>64.8</ele>
   </trkpt>
   <trkpt lat="36.5679620" lon="-4.6311360">
    <ele>65.0</ele>
   </trkpt>
   <trkpt lat="36.5679930" lon="-4.6311680">
    <ele>65.4</ele>
   </trkpt>
   <trkpt lat="36.5680280" lon="-4.6312000">
    <ele>65.8</ele>
   </trkpt>
   <trkpt lat="36.5680550" lon="-4.6312300">
    <ele>66.2</ele>
   </trkpt>
   <trkpt lat="36.5680860" lon="-4.6312580">
    <ele>67.0</ele>
   </trkpt>
   <trkpt lat="36.5681130" lon="-4.6312840">
    <ele>67.6</ele>
   </trkpt>
   <trkpt lat="36.5681380" lon="-4.6313130">
    <ele>68.0</ele>
   </trkpt>
   <trkpt lat="36.5681630" lon="-4.6313380">
    <ele>68.6</ele>
   </trkpt>
   <trkpt lat="36.5681820" lon="-4.6313630">
    <ele>69.2</ele>
   </trkpt>
   <trkpt lat="36.5682030" lon="-4.6313860">
    <ele>69.4</ele>
   </trkpt>
   <trkpt lat="36.5682300" lon="-4.6314080">
    <ele>69.6</ele>
   </trkpt>
   <trkpt lat="36.5682510" lon="-4.6314290">
    <ele>70.2</ele>
   </trkpt>
   <trkpt lat="36.5682730" lon="-4.6314510">
    <ele>70.6</ele>
   </trkpt>
   <trkpt lat="36.5682940" lon="-4.6314710">
    <ele>71.0</ele>
   </trkpt>
   <trkpt lat="36.5683220" lon="-4.6314940">
    <ele>71.2</ele>
   </trkpt>
   <trkpt lat="36.5683460" lon="-4.6315170">
    <ele>71.4</ele>
   </trkpt>
   <trkpt lat="36.5683690" lon="-4.6315400">
    <ele>71.8</ele>
   </trkpt>
   <trkpt lat="36.5683910" lon="-4.6315620">
    <ele>72.0</ele>
   </trkpt>
   <trkpt lat="36.5684140" lon="-4.6315860">
    <ele>72.4</ele>
   </trkpt>
   <trkpt lat="36.5684380" lon="-4.6316110">
    <ele>72.6</ele>
   </trkpt>
   <trkpt lat="36.5684600" lon="-4.6316330">
    <ele>72.8</ele>
   </trkpt>
   <trkpt lat="36.5684820" lon="-4.6316530">
    <ele>73.2</ele>
   </trkpt>
   <trkpt lat="36.5685060" lon="-4.6316760">
    <ele>73.4</ele>
   </trkpt>
   <trkpt lat="36.5685290" lon="-4.6316990">
    <ele>73.8</ele>
   </trkpt>
   <trkpt lat="36.5685520" lon="-4.6317200">
    <ele>74.0</ele>
   </trkpt>
   <trkpt lat="36.5685780" lon="-4.6317400">
    <ele>74.2</ele>
   </trkpt>
   <trkpt lat="36.5686010" lon="-4.6317610">
    <ele>74.4</ele>
   </trkpt>
   <trkpt lat="36.5686210" lon="-4.6317850">
    <ele>74.8</ele>
   </trkpt>
   <trkpt lat="36.5686440" lon="-4.6318070">
    <ele>75.2</ele>
   </trkpt>
   <trkpt lat="36.5686660" lon="-4.6318260">
    <ele>75.4</ele>
   </trkpt>
   <trkpt lat="36.5686920" lon="-4.6318510">
    <ele>75.8</ele>
   </trkpt>
   <trkpt lat="36.5687160" lon="-4.6318760">
    <ele>76.2</ele>
   </trkpt>
   <trkpt lat="36.5687390" lon="-4.6319010">
    <ele>76.4</ele>
   </trkpt>
   <trkpt lat="36.5687650" lon="-4.6319240">
    <ele>76.6</ele>
   </trkpt>
   <trkpt lat="36.5687890" lon="-4.6319470">
    <ele>76.8</ele>
   </trkpt>
   <trkpt lat="36.5688150" lon="-4.6319700">
    <ele>77.0</ele>
   </trkpt>
   <trkpt lat="36.5688410" lon="-4.6319910">
    <ele>77.2</ele>
   </trkpt>
   <trkpt lat="36.5688650" lon="-4.6320140">
    <ele>77.4</ele>
   </trkpt>
   <trkpt lat="36.5688900" lon="-4.6320310">
    <ele>77.6</ele>
   </trkpt>
   <trkpt lat="36.5689130" lon="-4.6320510">
    <ele>78.0</ele>
   </trkpt>
   <trkpt lat="36.5689410" lon="-4.6320720">
    <ele>78.8</ele>
   </trkpt>
   <trkpt lat="36.5689640" lon="-4.6320920">
    <ele>79.6</ele>
   </trkpt>
   <trkpt lat="36.5689900" lon="-4.6321130">
    <ele>80.6</ele>
   </trkpt>
   <trkpt lat="36.5690130" lon="-4.6321320">
    <ele>81.2</ele>
   </trkpt>
   <trkpt lat="36.5690450" lon="-4.6321500">
    <ele>81.4</ele>
   </trkpt>
   <trkpt lat="36.5690730" lon="-4.6321680">
    <ele>81.2</ele>
   </trkpt>
   <trkpt lat="36.5691000" lon="-4.6321860">
    <ele>81.2</ele>
   </trkpt>
   <trkpt lat="36.5691280" lon="-4.6322050">
    <ele>81.4</ele>
   </trkpt>
   <trkpt lat="36.5691550" lon="-4.6322180">
    <ele>81.6</ele>
   </trkpt>
   <trkpt lat="36.5691840" lon="-4.6322300">
    <ele>82.0</ele>
   </trkpt>
   <trkpt lat="36.5692150" lon="-4.6322450">
    <ele>82.2</ele>
   </trkpt>
   <trkpt lat="36.5692470" lon="-4.6322610">
    <ele>82.6</ele>
   </trkpt>
   <trkpt lat="36.5692720" lon="-4.6322720">
    <ele>82.8</ele>
   </trkpt>
   <trkpt lat="36.5693030" lon="-4.6322840">
    <ele>83.2</ele>
   </trkpt>
   <trkpt lat="36.5693330" lon="-4.6322920">
    <ele>83.6</ele>
   </trkpt>
   <trkpt lat="36.5693640" lon="-4.6322980">
    <ele>83.8</ele>
   </trkpt>
   <trkpt lat="36.5693940" lon="-4.6323040">
    <ele>83.8</ele>
   </trkpt>
   <trkpt lat="36.5694230" lon="-4.6323110">
    <ele>84.2</ele>
   </trkpt>
   <trkpt lat="36.5694540" lon="-4.6323170">
    <ele>84.6</ele>
   </trkpt>
   <trkpt lat="36.5694860" lon="-4.6323230">
    <ele>85.0</ele>
   </trkpt>
   <trkpt lat="36.5695130" lon="-4.6323260">
    <ele>85.2</ele>
   </trkpt>
   <trkpt lat="36.5695490" lon="-4.6323310">
    <ele>85.4</ele>
   </trkpt>
   <trkpt lat="36.5695940" lon="-4.6323330">
    <ele>85.4</ele>
   </trkpt>
   <trkpt lat="36.5696410" lon="-4.6323410">
    <ele>85.6</ele>
   </trkpt>
   <trkpt lat="36.5696940" lon="-4.6323430">
    <ele>86.2</ele>
   </trkpt>
   <trkpt lat="36.5697410" lon="-4.6323530">
    <ele>87.0</ele>
   </trkpt>
   <trkpt lat="36.5697970" lon="-4.6323580">
    <ele>87.4</ele>
   </trkpt>
   <trkpt lat="36.5698580" lon="-4.6323690">
    <ele>88.0</ele>
   </trkpt>
   <trkpt lat="36.5699220" lon="-4.6323840">
    <ele>88.4</ele>
   </trkpt>
   <trkpt lat="36.5699800" lon="-4.6323990">
    <ele>88.8</ele>
   </trkpt>
   <trkpt lat="36.5700460" lon="-4.6324160">
    <ele>89.2</ele>
   </trkpt>
   <trkpt lat="36.5701150" lon="-4.6324330">
    <ele>89.8</ele>
   </trkpt>
   <trkpt lat="36.5701890" lon="-4.6324520">
    <ele>90.2</ele>
   </trkpt>
   <trkpt lat="36.5702640" lon="-4.6324730">
    <ele>91.0</ele>
   </trkpt>
   <trkpt lat="36.5703400" lon="-4.6324950">
    <ele>91.8</ele>
   </trkpt>
   <trkpt lat="36.5704160" lon="-4.6325150">
    <ele>92.4</ele>
   </trkpt>
   <trkpt lat="36.5705000" lon="-4.6325440">
    <ele>92.8</ele>
   </trkpt>
   <trkpt lat="36.5705820" lon="-4.6325680">
    <ele>93.2</ele>
   </trkpt>
   <trkpt lat="36.5706670" lon="-4.6325910">
    <ele>93.6</ele>
   </trkpt>
   <trkpt lat="36.5707430" lon="-4.6326210">
    <ele>94.0</ele>
   </trkpt>
   <trkpt lat="36.5708280" lon="-4.6326590">
    <ele>94.4</ele>
   </trkpt>
   <trkpt lat="36.5709010" lon="-4.6326980">
    <ele>94.8</ele>
   </trkpt>
   <trkpt lat="36.5709640" lon="-4.6327410">
    <ele>95.2</ele>
   </trkpt>
   <trkpt lat="36.5710200" lon="-4.6327890">
    <ele>95.6</ele>
   </trkpt>
   <trkpt lat="36.5710740" lon="-4.6328400">
    <ele>96.0</ele>
   </trkpt>
   <trkpt lat="36.5711240" lon="-4.6328950">
    <ele>96.4</ele>
   </trkpt>
   <trkpt lat="36.5711670" lon="-4.6329550">
    <ele>96.8</ele>
   </trkpt>
   <trkpt lat="36.5712080" lon="-4.6330140">
    <ele>97.2</ele>
   </trkpt>
   <trkpt lat="36.5712440" lon="-4.6330790">
    <ele>97.6</ele>
   </trkpt>
   <trkpt lat="36.5712790" lon="-4.6331480">
    <ele>97.8</ele>
   </trkpt>
   <trkpt lat="36.5713090" lon="-4.6332160">
    <ele>98.0</ele>
   </trkpt>
   <trkpt lat="36.5713360" lon="-4.6332870">
    <ele>98.2</ele>
   </trkpt>
   <trkpt lat="36.5713660" lon="-4.6333630">
    <ele>98.6</ele>
   </trkpt>
   <trkpt lat="36.5713900" lon="-4.6334410">
    <ele>99.0</ele>
   </trkpt>
   <trkpt lat="36.5714120" lon="-4.6335150">
    <ele>99.2</ele>
   </trkpt>
   <trkpt lat="36.5714360" lon="-4.6335960">
    <ele>99.4</ele>
   </trkpt>
   <trkpt lat="36.5714630" lon="-4.6336770">
    <ele>99.6</ele>
   </trkpt>
   <trkpt lat="36.5714810" lon="-4.6337500">
    <ele>99.6</ele>
   </trkpt>
   <trkpt lat="36.5715030" lon="-4.6338310">
    <ele>99.8</ele>
   </trkpt>
   <trkpt lat="36.5715230" lon="-4.6339130">
    <ele>99.8</ele>
   </trkpt>
   <trkpt lat="36.5715450" lon="-4.6339870">
    <ele>100.0</ele>
   </trkpt>
   <trkpt lat="36.5715660" lon="-4.6340570">
    <ele>100.2</ele>
   </trkpt>
   <trkpt lat="36.5715870" lon="-4.6341270">
    <ele>100.2</ele>
   </trkpt>
   <trkpt lat="36.5716110" lon="-4.6341910">
    <ele>100.2</ele>
   </trkpt>
   <trkpt lat="36.5716320" lon="-4.6342540">
    <ele>100.4</ele>
   </trkpt>
   <trkpt lat="36.5716520" lon="-4.6343000">
    <ele>100.6</ele>
   </trkpt>
   <trkpt lat="36.5716750" lon="-4.6343450">
    <ele>101.2</ele>
   </trkpt>
   <trkpt lat="36.5717030" lon="-4.6343880">
    <ele>101.8</ele>
   </trkpt>
   <trkpt lat="36.5717290" lon="-4.6344260">
    <ele>102.2</ele>
   </trkpt>
   <trkpt lat="36.5717490" lon="-4.6344660">
    <ele>102.4</ele>
   </trkpt>
   <trkpt lat="36.5717690" lon="-4.6345050">
    <ele>102.8</ele>
   </trkpt>
   <trkpt lat="36.5717900" lon="-4.6345360">
    <ele>103.2</ele>
   </trkpt>
   <trkpt lat="36.5718140" lon="-4.6345690">
    <ele>103.6</ele>
   </trkpt>
   <trkpt lat="36.5718400" lon="-4.6346020">
    <ele>104.0</ele>
   </trkpt>
   <trkpt lat="36.5718660" lon="-4.6346330">
    <ele>104.4</ele>
   </trkpt>
   <trkpt lat="36.5718930" lon="-4.6346630">
    <ele>104.6</ele>
   </trkpt>
   <trkpt lat="36.5719250" lon="-4.6346920">
    <ele>104.8</ele>
   </trkpt>
   <trkpt lat="36.5719530" lon="-4.6347190">
    <ele>105.0</ele>
   </trkpt>
   <trkpt lat="36.5719810" lon="-4.6347470">
    <ele>105.2</ele>
   </trkpt>
   <trkpt lat="36.5720120" lon="-4.6347720">
    <ele>105.6</ele>
   </trkpt>
   <trkpt lat="36.5720410" lon="-4.6347930">
    <ele>106.0</ele>
   </trkpt>
   <trkpt lat="36.5720720" lon="-4.6348130">
    <ele>106.6</ele>
   </trkpt>
   <trkpt lat="36.5721070" lon="-4.6348320">
    <ele>107.4</ele>
   </trkpt>
   <trkpt lat="36.5721400" lon="-4.6348500">
    <ele>107.8</ele>
   </trkpt>
   <trkpt lat="36.5721740" lon="-4.6348700">
    <ele>108.2</ele>
   </trkpt>
   <trkpt lat="36.5722060" lon="-4.6348810">
    <ele>108.4</ele>
   </trkpt>
   <trkpt lat="36.5722420" lon="-4.6348920">
    <ele>108.6</ele>
   </trkpt>
   <trkpt lat="36.5722810" lon="-4.6349070">
    <ele>108.6</ele>
   </trkpt>
   <trkpt lat="36.5723160" lon="-4.6349200">
    <ele>108.6</ele>
   </trkpt>
   <trkpt lat="36.5723550" lon="-4.6349330">
    <ele>109.0</ele>
   </trkpt>
   <trkpt lat="36.5723980" lon="-4.6349470">
    <ele>109.8</ele>
   </trkpt>
   <trkpt lat="36.5724410" lon="-4.6349600">
    <ele>110.6</ele>
   </trkpt>
   <trkpt lat="36.5724850" lon="-4.6349700">
    <ele>111.4</ele>
   </trkpt>
   <trkpt lat="36.5725330" lon="-4.6349810">
    <ele>111.4</ele>
   </trkpt>
   <trkpt lat="36.5725890" lon="-4.6349970">
    <ele>111.0</ele>
   </trkpt>
   <trkpt lat="36.5726350" lon="-4.6350120">
    <ele>110.8</ele>
   </trkpt>
   <trkpt lat="36.5726880" lon="-4.6350280">
    <ele>110.6</ele>
   </trkpt>
   <trkpt lat="36.5727460" lon="-4.6350420">
    <ele>110.4</ele>
   </trkpt>
   <trkpt lat="36.5727980" lon="-4.6350580">
    <ele>110.4</ele>
   </trkpt>
   <trkpt lat="36.5728550" lon="-4.6350740">
    <ele>110.4</ele>
   </trkpt>
   <trkpt lat="36.5729170" lon="-4.6350910">
    <ele>110.4</ele>
   </trkpt>
   <trkpt lat="36.5729740" lon="-4.6351080">
    <ele>110.2</ele>
   </trkpt>
   <trkpt lat="36.5730320" lon="-4.6351240">
    <ele>110.2</ele>
   </trkpt>
   <trkpt lat="36.5730920" lon="-4.6351400">
    <ele>110.6</ele>
   </trkpt>
   <trkpt lat="36.5731530" lon="-4.6351550">
    <ele>110.8</ele>
   </trkpt>
   <trkpt lat="36.5732180" lon="-4.6351710">
    <ele>111.2</ele>
   </trkpt>
   <trkpt lat="36.5732790" lon="-4.6351870">
    <ele>111.4</ele>
   </trkpt>
   <trkpt lat="36.5733380" lon="-4.6352040">
    <ele>111.8</ele>
   </trkpt>
   <trkpt lat="36.5734050" lon="-4.6352220">
    <ele>111.8</ele>
   </trkpt>
   <trkpt lat="36.5734670" lon="-4.6352380">
    <ele>111.8</ele>
   </trkpt>
   <trkpt lat="36.5735290" lon="-4.6352560">
    <ele>111.6</ele>
   </trkpt>
   <trkpt lat="36.5735920" lon="-4.6352720">
    <ele>111.4</ele>
   </trkpt>
   <trkpt lat="36.5736530" lon="-4.6352920">
    <ele>111.4</ele>
   </trkpt>
   <trkpt lat="36.5737080" lon="-4.6353080">
    <ele>111.4</ele>
   </trkpt>
   <trkpt lat="36.5737750" lon="-4.6353260">
    <ele>111.6</ele>
   </trkpt>
   <trkpt lat="36.5738340" lon="-4.6353490">
    <ele>111.8</ele>
   </trkpt>
   <trkpt lat="36.5738930" lon="-4.6353700">
    <ele>111.8</ele>
   </trkpt>
   <trkpt lat="36.5739590" lon="-4.6353980">
    <ele>112.0</ele>
   </trkpt>
   <trkpt lat="36.5740250" lon="-4.6354270">
    <ele>112.0</ele>
   </trkpt>
   <trkpt lat="36.5740880" lon="-4.6354590">
    <ele>112.0</ele>
   </trkpt>
   <trkpt lat="36.5741540" lon="-4.6354960">
    <ele>112.2</ele>
   </trkpt>
   <trkpt lat="36.5742230" lon="-4.6355290">
    <ele>112.2</ele>
   </trkpt>
   <trkpt lat="36.5742880" lon="-4.6355610">
    <ele>112.2</ele>
   </trkpt>
   <trkpt lat="36.5743510" lon="-4.6355960">
    <ele>112.2</ele>
   </trkpt>
   <trkpt lat="36.5744110" lon="-4.6356250">
    <ele>112.2</ele>
   </trkpt>
   <trkpt lat="36.5744730" lon="-4.6356510">
    <ele>112.2</ele>
   </trkpt>
   <trkpt lat="36.5745380" lon="-4.6356820">
    <ele>112.2</ele>
   </trkpt>
   <trkpt lat="36.5745930" lon="-4.6357290">
    <ele>112.4</ele>
   </trkpt>
   <trkpt lat="36.5746340" lon="-4.6357850">
    <ele>113.0</ele>
   </trkpt>
   <trkpt lat="36.5746760" lon="-4.6358500">
    <ele>113.4</ele>
   </trkpt>
   <trkpt lat="36.5747220" lon="-4.6359100">
    <ele>114.0</ele>
   </trkpt>
   <trkpt lat="36.5747660" lon="-4.6359630">
    <ele>114.4</ele>
   </trkpt>
   <trkpt lat="36.5748170" lon="-4.6360160">
    <ele>114.6</ele>
   </trkpt>
   <trkpt lat="36.5748680" lon="-4.6360630">
    <ele>115.2</ele>
   </trkpt>
   <trkpt lat="36.5749130" lon="-4.6361080">
    <ele>115.8</ele>
   </trkpt>
   <trkpt lat="36.5749590" lon="-4.6361520">
    <ele>116.4</ele>
   </trkpt>
   <trkpt lat="36.5750040" lon="-4.6361930">
    <ele>116.8</ele>
   </trkpt>
   <trkpt lat="36.5750460" lon="-4.6362340">
    <ele>117.0</ele>
   </trkpt>
   <trkpt lat="36.5750880" lon="-4.6362740">
    <ele>117.0</ele>
   </trkpt>
   <trkpt lat="36.5751300" lon="-4.6363130">
    <ele>117.2</ele>
   </trkpt>
   <trkpt lat="36.5751690" lon="-4.6363470">
    <ele>117.4</ele>
   </trkpt>
   <trkpt lat="36.5752070" lon="-4.6363810">
    <ele>117.4</ele>
   </trkpt>
   <trkpt lat="36.5752420" lon="-4.6364110">
    <ele>117.8</ele>
   </trkpt>
   <trkpt lat="36.5752720" lon="-4.6364400">
    <ele>118.4</ele>
   </trkpt>
   <trkpt lat="36.5753050" lon="-4.6364690">
    <ele>119.0</ele>
   </trkpt>
   <trkpt lat="36.5753340" lon="-4.6364990">
    <ele>119.4</ele>
   </trkpt>
   <trkpt lat="36.5753640" lon="-4.6365260">
    <ele>120.0</ele>
   </trkpt>
   <trkpt lat="36.5753950" lon="-4.6365540">
    <ele>120.4</ele>
   </trkpt>
   <trkpt lat="36.5754200" lon="-4.6365810">
    <ele>120.6</ele>
   </trkpt>
   <trkpt lat="36.5754500" lon="-4.6366050">
    <ele>120.6</ele>
   </trkpt>
   <trkpt lat="36.5754820" lon="-4.6366320">
    <ele>121.0</ele>
   </trkpt>
   <trkpt lat="36.5755100" lon="-4.6366610">
    <ele>121.4</ele>
   </trkpt>
   <trkpt lat="36.5755350" lon="-4.6366870">
    <ele>121.8</ele>
   </trkpt>
   <trkpt lat="36.5755660" lon="-4.6367130">
    <ele>122.0</ele>
   </trkpt>
   <trkpt lat="36.5755970" lon="-4.6367360">
    <ele>122.2</ele>
   </trkpt>
   <trkpt lat="36.5756210" lon="-4.6367630">
    <ele>122.4</ele>
   </trkpt>
   <trkpt lat="36.5756500" lon="-4.6367850">
    <ele>122.6</ele>
   </trkpt>
   <trkpt lat="36.5756780" lon="-4.6368050">
    <ele>122.6</ele>
   </trkpt>
   <trkpt lat="36.5757040" lon="-4.6368270">
    <ele>122.6</ele>
   </trkpt>
   <trkpt lat="36.5757300" lon="-4.6368480">
    <ele>122.8</ele>
   </trkpt>
   <trkpt lat="36.5757540" lon="-4.6368680">
    <ele>123.0</ele>
   </trkpt>
   <trkpt lat="36.5757790" lon="-4.6368860">
    <ele>123.2</ele>
   </trkpt>
   <trkpt lat="36.5758070" lon="-4.6369030">
    <ele>123.4</ele>
   </trkpt>
   <trkpt lat="36.5758340" lon="-4.6369220">
    <ele>123.6</ele>
   </trkpt>
   <trkpt lat="36.5758600" lon="-4.6369360">
    <ele>123.8</ele>
   </trkpt>
   <trkpt lat="36.5758860" lon="-4.6369500">
    <ele>124.0</ele>
   </trkpt>
   <trkpt lat="36.5759170" lon="-4.6369630">
    <ele>124.2</ele>
   </trkpt>
   <trkpt lat="36.5759440" lon="-4.6369770">
    <ele>124.6</ele>
   </trkpt>
   <trkpt lat="36.5759710" lon="-4.6369870">
    <ele>125.2</ele>
   </trkpt>
   <trkpt lat="36.5760040" lon="-4.6369970">
    <ele>126.0</ele>
   </trkpt>
   <trkpt lat="36.5760350" lon="-4.6370070">
    <ele>127.0</ele>
   </trkpt>
   <trkpt lat="36.5760630" lon="-4.6370160">
    <ele>127.6</ele>
   </trkpt>
   <trkpt lat="36.5760930" lon="-4.6370240">
    <ele>128.0</ele>
   </trkpt>
   <trkpt lat="36.5761230" lon="-4.6370300">
    <ele>128.2</ele>
   </trkpt>
   <trkpt lat="36.5761540" lon="-4.6370310">
    <ele>128.6</ele>
   </trkpt>
   <trkpt lat="36.5761870" lon="-4.6370350">
    <ele>129.2</ele>
   </trkpt>
   <trkpt lat="36.5762220" lon="-4.6370370">
    <ele>129.4</ele>
   </trkpt>
   <trkpt lat="36.5762560" lon="-4.6370410">
    <ele>129.6</ele>
   </trkpt>
   <trkpt lat="36.5762860" lon="-4.6370460">
    <ele>129.6</ele>
   </trkpt>
   <trkpt lat="36.5763180" lon="-4.6370510">
    <ele>129.6</ele>
   </trkpt>
   <trkpt lat="36.5763510" lon="-4.6370510">
    <ele>130.0</ele>
   </trkpt>
   <trkpt lat="36.5763860" lon="-4.6370500">
    <ele>130.2</ele>
   </trkpt>
   <trkpt lat="36.5764170" lon="-4.6370500">
    <ele>130.6</ele>
   </trkpt>
   <trkpt lat="36.5764460" lon="-4.6370500">
    <ele>130.8</ele>
   </trkpt>
   <trkpt lat="36.5764780" lon="-4.6370450">
    <ele>131.2</ele>
   </trkpt>
   <trkpt lat="36.5765080" lon="-4.6370390">
    <ele>131.4</ele>
   </trkpt>
   <trkpt lat="36.5765360" lon="-4.6370350">
    <ele>131.8</ele>
   </trkpt>
   <trkpt lat="36.5765620" lon="-4.6370260">
    <ele>132.2</ele>
   </trkpt>
   <trkpt lat="36.5765850" lon="-4.6370160">
    <ele>132.6</ele>
   </trkpt>
   <trkpt lat="36.5766120" lon="-4.6370070">
    <ele>133.0</ele>
   </trkpt>
   <trkpt lat="36.5766350" lon="-4.6369990">
    <ele>133.4</ele>
   </trkpt>
   <trkpt lat="36.5766580" lon="-4.6369910">
    <ele>133.8</ele>
   </trkpt>
   <trkpt lat="36.5766810" lon="-4.6369790">
    <ele>134.2</ele>
   </trkpt>
   <trkpt lat="36.5767010" lon="-4.6369680">
    <ele>134.6</ele>
   </trkpt>
   <trkpt lat="36.5767220" lon="-4.6369550">
    <ele>135.0</ele>
   </trkpt>
   <trkpt lat="36.5767430" lon="-4.6369390">
    <ele>135.6</ele>
   </trkpt>
   <trkpt lat="36.5767650" lon="-4.6369220">
    <ele>136.0</ele>
   </trkpt>
   <trkpt lat="36.5767840" lon="-4.6369020">
    <ele>136.6</ele>
   </trkpt>
   <trkpt lat="36.5768040" lon="-4.6368820">
    <ele>137.2</ele>
   </trkpt>
   <trkpt lat="36.5768260" lon="-4.6368610">
    <ele>137.6</ele>
   </trkpt>
   <trkpt lat="36.5768490" lon="-4.6368410">
    <ele>138.0</ele>
   </trkpt>
   <trkpt lat="36.5768690" lon="-4.6368170">
    <ele>138.4</ele>
   </trkpt>
   <trkpt lat="36.5768870" lon="-4.6367950">
    <ele>138.8</ele>
   </trkpt>
   <trkpt lat="36.5769100" lon="-4.6367720">
    <ele>139.2</ele>
   </trkpt>
   <trkpt lat="36.5769330" lon="-4.6367500">
    <ele>139.4</ele>
   </trkpt>
   <trkpt lat="36.5769520" lon="-4.6367300">
    <ele>139.8</ele>
   </trkpt>
   <trkpt lat="36.5769740" lon="-4.6367110">
    <ele>140.2</ele>
   </trkpt>
   <trkpt lat="36.5769980" lon="-4.6366900">
    <ele>140.8</ele>
   </trkpt>
   <trkpt lat="36.5770170" lon="-4.6366660">
    <ele>141.4</ele>
   </trkpt>
   <trkpt lat="36.5770390" lon="-4.6366400">
    <ele>142.0</ele>
   </trkpt>
   <trkpt lat="36.5770600" lon="-4.6366170">
    <ele>142.6</ele>
   </trkpt>
   <trkpt lat="36.5770860" lon="-4.6365920">
    <ele>142.6</ele>
   </trkpt>
   <trkpt lat="36.5771150" lon="-4.6365740">
    <ele>142.6</ele>
   </trkpt>
   <trkpt lat="36.5771430" lon="-4.6365530">
    <ele>142.8</ele>
   </trkpt>
   <trkpt lat="36.5771660" lon="-4.6365320">
    <ele>143.0</ele>
   </trkpt>
   <trkpt lat="36.5771910" lon="-4.6365110">
    <ele>143.2</ele>
   </trkpt>
   <trkpt lat="36.5772190" lon="-4.6364890">
    <ele>143.2</ele>
   </trkpt>
   <trkpt lat="36.5772420" lon="-4.6364700">
    <ele>143.6</ele>
   </trkpt>
   <trkpt lat="36.5772670" lon="-4.6364520">
    <ele>144.0</ele>
   </trkpt>
   <trkpt lat="36.5772900" lon="-4.6364370">
    <ele>144.4</ele>
   </trkpt>
   <trkpt lat="36.5773230" lon="-4.6364220">
    <ele>144.6</ele>
   </trkpt>
   <trkpt lat="36.5773690" lon="-4.6364050">
    <ele>144.8</ele>
   </trkpt>
   <trkpt lat="36.5774200" lon="-4.6363860">
    <ele>145.0</ele>
   </trkpt>
   <trkpt lat="36.5774730" lon="-4.6363730">
    <ele>145.4</ele>
   </trkpt>
   <trkpt lat="36.5775290" lon="-4.6363610">
    <ele>145.8</ele>
   </trkpt>
   <trkpt lat="36.5775880" lon="-4.6363560">
    <ele>146.2</ele>
   </trkpt>
   <trkpt lat="36.5776500" lon="-4.6363510">
    <ele>146.8</ele>
   </trkpt>
   <trkpt lat="36.5777100" lon="-4.6363480">
    <ele>147.4</ele>
   </trkpt>
   <trkpt lat="36.5777730" lon="-4.6363510">
    <ele>148.2</ele>
   </trkpt>
   <trkpt lat="36.5778370" lon="-4.6363500">
    <ele>148.8</ele>
   </trkpt>
   <trkpt lat="36.5778920" lon="-4.6363500">
    <ele>149.6</ele>
   </trkpt>
   <trkpt lat="36.5779630" lon="-4.6363500">
    <ele>150.2</ele>
   </trkpt>
   <trkpt lat="36.5780270" lon="-4.6363480">
    <ele>151.0</ele>
   </trkpt>
   <trkpt lat="36.5780900" lon="-4.6363500">
    <ele>151.8</ele>
   </trkpt>
   <trkpt lat="36.5781570" lon="-4.6363510">
    <ele>152.8</ele>
   </trkpt>
   <trkpt lat="36.5782180" lon="-4.6363590">
    <ele>153.8</ele>
   </trkpt>
   <trkpt lat="36.5782810" lon="-4.6363610">
    <ele>155.0</ele>
   </trkpt>
   <trkpt lat="36.5783460" lon="-4.6363640">
    <ele>156.2</ele>
   </trkpt>
   <trkpt lat="36.5784110" lon="-4.6363680">
    <ele>157.0</ele>
   </trkpt>
   <trkpt lat="36.5784760" lon="-4.6363730">
    <ele>158.0</ele>
   </trkpt>
   <trkpt lat="36.5785390" lon="-4.6363800">
    <ele>158.8</ele>
   </trkpt>
   <trkpt lat="36.5786040" lon="-4.6363860">
    <ele>159.6</ele>
   </trkpt>
   <trkpt lat="36.5786540" lon="-4.6363880">
    <ele>160.4</ele>
   </trkpt>
   <trkpt lat="36.5787000" lon="-4.6363880">
    <ele>161.0</ele>
   </trkpt>
   <trkpt lat="36.5787430" lon="-4.6363910">
    <ele>161.6</ele>
   </trkpt>
   <trkpt lat="36.5787810" lon="-4.6363930">
    <ele>162.2</ele>
   </trkpt>
   <trkpt lat="36.5788160" lon="-4.6363950">
    <ele>162.6</ele>
   </trkpt>
   <trkpt lat="36.5788480" lon="-4.6363970">
    <ele>163.2</ele>
   </trkpt>
   <trkpt lat="36.5788760" lon="-4.6363940">
    <ele>163.8</ele>
   </trkpt>
   <trkpt lat="36.5789080" lon="-4.6363890">
    <ele>164.4</ele>
   </trkpt>
   <trkpt lat="36.5789350" lon="-4.6363870">
    <ele>165.0</ele>
   </trkpt>
   <trkpt lat="36.5789640" lon="-4.6363880">
    <ele>165.4</ele>
   </trkpt>
   <trkpt lat="36.5789920" lon="-4.6363910">
    <ele>165.8</ele>
   </trkpt>
   <trkpt lat="36.5790160" lon="-4.6363930">
    <ele>166.0</ele>
   </trkpt>
   <trkpt lat="36.5790420" lon="-4.6363920">
    <ele>166.4</ele>
   </trkpt>
   <trkpt lat="36.5790680" lon="-4.6363950">
    <ele>166.8</ele>
   </trkpt>
   <trkpt lat="36.5790950" lon="-4.6363970">
    <ele>166.8</ele>
   </trkpt>
   <trkpt lat="36.5791180" lon="-4.6363940">
    <ele>166.6</ele>
   </trkpt>
   <trkpt lat="36.5791450" lon="-4.6363940">
    <ele>166.6</ele>
   </trkpt>
   <trkpt lat="36.5791680" lon="-4.6363950">
    <ele>167.0</ele>
   </trkpt>
   <trkpt lat="36.5791940" lon="-4.6363950">
    <ele>167.6</ele>
   </trkpt>
   <trkpt lat="36.5792210" lon="-4.6363970">
    <ele>168.0</ele>
   </trkpt>
   <trkpt lat="36.5792520" lon="-4.6364000">
    <ele>168.6</ele>
   </trkpt>
   <trkpt lat="36.5792740" lon="-4.6364010">
    <ele>169.0</ele>
   </trkpt>
   <trkpt lat="36.5793080" lon="-4.6364020">
    <ele>169.2</ele>
   </trkpt>
   <trkpt lat="36.5793400" lon="-4.6364000">
    <ele>169.6</ele>
   </trkpt>
   <trkpt lat="36.5793650" lon="-4.6364000">
    <ele>170.0</ele>
   </trkpt>
   <trkpt lat="36.5793920" lon="-4.6364000">
    <ele>170.6</ele>
   </trkpt>
   <trkpt lat="36.5794180" lon="-4.6364010">
    <ele>171.4</ele>
   </trkpt>
   <trkpt lat="36.5794450" lon="-4.6364030">
    <ele>172.0</ele>
   </trkpt>
   <trkpt lat="36.5794720" lon="-4.6364020">
    <ele>172.8</ele>
   </trkpt>
   <trkpt lat="36.5795010" lon="-4.6364030">
    <ele>173.4</ele>
   </trkpt>
   <trkpt lat="36.5795290" lon="-4.6364050">
    <ele>173.8</ele>
   </trkpt>
   <trkpt lat="36.5795580" lon="-4.6364050">
    <ele>174.2</ele>
   </trkpt>
   <trkpt lat="36.5795880" lon="-4.6364050">
    <ele>174.4</ele>
   </trkpt>
   <trkpt lat="36.5796160" lon="-4.6364050">
    <ele>174.4</ele>
   </trkpt>
   <trkpt lat="36.5796410" lon="-4.6364050">
    <ele>174.6</ele>
   </trkpt>
   <trkpt lat="36.5796670" lon="-4.6364100">
    <ele>174.6</ele>
   </trkpt>
   <trkpt lat="36.5796940" lon="-4.6364150">
    <ele>175.0</ele>
   </trkpt>
   <trkpt lat="36.5797220" lon="-4.6364130">
    <ele>175.4</ele>
   </trkpt>
   <trkpt lat="36.5797480" lon="-4.6364110">
    <ele>176.0</ele>
   </trkpt>
   <trkpt lat="36.5797760" lon="-4.6364080">
    <ele>176.6</ele>
   </trkpt>
   <trkpt lat="36.5798020" lon="-4.6364080">
    <ele>177.0</ele>
   </trkpt>
   <trkpt lat="36.5798340" lon="-4.6364120">
    <ele>177.2</ele>
   </trkpt>
   <trkpt lat="36.5798610" lon="-4.6364150">
    <ele>177.0</ele>
   </trkpt>
   <trkpt lat="36.5798950" lon="-4.6364130">
    <ele>176.8</ele>
   </trkpt>
   <trkpt lat="36.5799230" lon="-4.6364120">
    <ele>176.6</ele>
   </trkpt>
   <trkpt lat="36.5799580" lon="-4.6364120">
    <ele>176.6</ele>
   </trkpt>
   <trkpt lat="36.5799920" lon="-4.6364120">
    <ele>176.8</ele>
   </trkpt>
   <trkpt lat="36.5800280" lon="-4.6364160">
    <ele>177.0</ele>
   </trkpt>
   <trkpt lat="36.5800600" lon="-4.6364190">
    <ele>177.2</ele>
   </trkpt>
   <trkpt lat="36.5801000" lon="-4.6364250">
    <ele>177.8</ele>
   </trkpt>
   <trkpt lat="36.5801330" lon="-4.6364250">
    <ele>178.4</ele>
   </trkpt>
   <trkpt lat="36.5801720" lon="-4.6364260">
    <ele>178.8</ele>
   </trkpt>
   <trkpt lat="36.5802090" lon="-4.6364260">
    <ele>179.0</ele>
   </trkpt>
   <trkpt lat="36.5802500" lon="-4.6364260">
    <ele>179.4</ele>
   </trkpt>
   <trkpt lat="36.5802850" lon="-4.6364250">
    <ele>180.0</ele>
   </trkpt>
   <trkpt lat="36.5803290" lon="-4.6364250">
    <ele>180.4</ele>
   </trkpt>
   <trkpt lat="36.5803640" lon="-4.6364260">
    <ele>180.8</ele>
   </trkpt>
   <trkpt lat="36.5804040" lon="-4.6364300">
    <ele>181.0</ele>
   </trkpt>
   <trkpt lat="36.5804410" lon="-4.6364300">
    <ele>181.4</ele>
   </trkpt>
   <trkpt lat="36.5804830" lon="-4.6364320">
    <ele>181.8</ele>
   </trkpt>
   <trkpt lat="36.5805170" lon="-4.6364320">
    <ele>182.2</ele>
   </trkpt>
   <trkpt lat="36.5805580" lon="-4.6364300">
    <ele>182.6</ele>
   </trkpt>
   <trkpt lat="36.5805980" lon="-4.6364280">
    <ele>183.0</ele>
   </trkpt>
   <trkpt lat="36.5806360" lon="-4.6364310">
    <ele>183.2</ele>
   </trkpt>
   <trkpt lat="36.5806740" lon="-4.6364350">
    <ele>183.4</ele>
   </trkpt>
   <trkpt lat="36.5807150" lon="-4.6364360">
    <ele>183.6</ele>
   </trkpt>
   <trkpt lat="36.5807530" lon="-4.6364380">
    <ele>183.8</ele>
   </trkpt>
   <trkpt lat="36.5807930" lon="-4.6364410">
    <ele>184.0</ele>
   </trkpt>
   <trkpt lat="36.5808310" lon="-4.6364420">
    <ele>184.2</ele>
   </trkpt>
   <trkpt lat="36.5808710" lon="-4.6364420">
    <ele>184.2</ele>
   </trkpt>
   <trkpt lat="36.5809070" lon="-4.6364450">
    <ele>184.4</ele>
   </trkpt>
   <trkpt lat="36.5809460" lon="-4.6364450">
    <ele>184.6</ele>
   </trkpt>
   <trkpt lat="36.5809860" lon="-4.6364450">
    <ele>184.8</ele>
   </trkpt>
   <trkpt lat="36.5810310" lon="-4.6364460">
    <ele>184.8</ele>
   </trkpt>
   <trkpt lat="36.5810670" lon="-4.6364460">
    <ele>184.8</ele>
   </trkpt>
   <trkpt lat="36.5811100" lon="-4.6364460">
    <ele>184.8</ele>
   </trkpt>
   <trkpt lat="36.5811470" lon="-4.6364460">
    <ele>185.0</ele>
   </trkpt>
   <trkpt lat="36.5811920" lon="-4.6364460">
    <ele>185.4</ele>
   </trkpt>
   <trkpt lat="36.5812250" lon="-4.6364490">
    <ele>185.8</ele>
   </trkpt>
   <trkpt lat="36.5812640" lon="-4.6364470">
    <ele>186.2</ele>
   </trkpt>
   <trkpt lat="36.5813030" lon="-4.6364430">
    <ele>186.6</ele>
   </trkpt>
   <trkpt lat="36.5813460" lon="-4.6364370">
    <ele>187.0</ele>
   </trkpt>
   <trkpt lat="36.5813830" lon="-4.6364260">
    <ele>187.2</ele>
   </trkpt>
   <trkpt lat="36.5814270" lon="-4.6364210">
    <ele>187.4</ele>
   </trkpt>
   <trkpt lat="36.5814730" lon="-4.6364160">
    <ele>187.4</ele>
   </trkpt>
   <trkpt lat="36.5815180" lon="-4.6364120">
    <ele>187.4</ele>
   </trkpt>
   <trkpt lat="36.5815650" lon="-4.6364150">
    <ele>187.4</ele>
   </trkpt>
   <trkpt lat="36.5816080" lon="-4.6364220">
    <ele>187.8</ele>
   </trkpt>
   <trkpt lat="36.5816500" lon="-4.6364340">
    <ele>188.4</ele>
   </trkpt>
   <trkpt lat="36.5816920" lon="-4.6364480">
    <ele>189.2</ele>
   </trkpt>
   <trkpt lat="36.5817260" lon="-4.6364700">
    <ele>189.6</ele>
   </trkpt>
   <trkpt lat="36.5817600" lon="-4.6364990">
    <ele>189.8</ele>
   </trkpt>
   <trkpt lat="36.5817920" lon="-4.6365200">
    <ele>190.0</ele>
   </trkpt>
   <trkpt lat="36.5818260" lon="-4.6365360">
    <ele>190.2</ele>
   </trkpt>
   <trkpt lat="36.5818670" lon="-4.6365490">
    <ele>190.4</ele>
   </trkpt>
   <trkpt lat="36.5819090" lon="-4.6365620">
    <ele>190.4</ele>
   </trkpt>
   <trkpt lat="36.5819430" lon="-4.6365680">
    <ele>190.6</ele>
   </trkpt>
   <trkpt lat="36.5819860" lon="-4.6365750">
    <ele>190.8</ele>
   </trkpt>
   <trkpt lat="36.5820240" lon="-4.6365800">
    <ele>191.2</ele>
   </trkpt>
   <trkpt lat="36.5820620" lon="-4.6365860">
    <ele>191.6</ele>
   </trkpt>
   <trkpt lat="36.5820970" lon="-4.6365940">
    <ele>192.0</ele>
   </trkpt>
   <trkpt lat="36.5821380" lon="-4.6366000">
    <ele>192.4</ele>
   </trkpt>
   <trkpt lat="36.5821720" lon="-4.6366010">
    <ele>192.6</ele>
   </trkpt>
   <trkpt lat="36.5822000" lon="-4.6366030">
    <ele>193.0</ele>
   </trkpt>
   <trkpt lat="36.5822420" lon="-4.6366050">
    <ele>193.2</ele>
   </trkpt>
   <trkpt lat="36.5822850" lon="-4.6366080">
    <ele>193.4</ele>
   </trkpt>
   <trkpt lat="36.5823220" lon="-4.6366110">
    <ele>193.6</ele>
   </trkpt>
   <trkpt lat="36.5823620" lon="-4.6366110">
    <ele>194.0</ele>
   </trkpt>
   <trkpt lat="36.5823940" lon="-4.6366110">
    <ele>194.4</ele>
   </trkpt>
   <trkpt lat="36.5824350" lon="-4.6366080">
    <ele>194.4</ele>
   </trkpt>
   <trkpt lat="36.5824670" lon="-4.6366070">
    <ele>194.2</ele>
   </trkpt>
   <trkpt lat="36.5825020" lon="-4.6366050">
    <ele>194.6</ele>
   </trkpt>
   <trkpt lat="36.5825360" lon="-4.6366020">
    <ele>195.0</ele>
   </trkpt>
   <trkpt lat="36.5825760" lon="-4.6365980">
    <ele>195.4</ele>
   </trkpt>
   <trkpt lat="36.5826040" lon="-4.6365890">
    <ele>196.0</ele>
   </trkpt>
   <trkpt lat="36.5826370" lon="-4.6365790">
    <ele>196.4</ele>
   </trkpt>
   <trkpt lat="36.5826660" lon="-4.6365730">
    <ele>196.8</ele>
   </trkpt>
   <trkpt lat="36.5826990" lon="-4.6365660">
    <ele>197.2</ele>
   </trkpt>
   <trkpt lat="36.5827300" lon="-4.6365590">
    <ele>197.6</ele>
   </trkpt>
   <trkpt lat="36.5827630" lon="-4.6365520">
    <ele>198.0</ele>
   </trkpt>
   <trkpt lat="36.5827910" lon="-4.6365440">
    <ele>198.4</ele>
   </trkpt>
   <trkpt lat="36.5828240" lon="-4.6365370">
    <ele>198.6</ele>
   </trkpt>
   <trkpt lat="36.5828520" lon="-4.6365290">
    <ele>198.8</ele>
   </trkpt>
   <trkpt lat="36.5828790" lon="-4.6365230">
    <ele>199.2</ele>
   </trkpt>
   <trkpt lat="36.5829070" lon="-4.6365110">
    <ele>199.6</ele>
   </trkpt>
   <trkpt lat="36.5829360" lon="-4.6364980">
    <ele>199.8</ele>
   </trkpt>
   <trkpt lat="36.5829650" lon="-4.6364910">
    <ele>200.2</ele>
   </trkpt>
   <trkpt lat="36.5829960" lon="-4.6364870">
    <ele>200.4</ele>
   </trkpt>
   <trkpt lat="36.5830290" lon="-4.6364810">
    <ele>200.6</ele>
   </trkpt>
   <trkpt lat="36.5830620" lon="-4.6364710">
    <ele>200.8</ele>
   </trkpt>
   <trkpt lat="36.5830960" lon="-4.6364610">
    <ele>201.2</ele>
   </trkpt>
   <trkpt lat="36.5831290" lon="-4.6364500">
    <ele>201.6</ele>
   </trkpt>
   <trkpt lat="36.5831620" lon="-4.6364420">
    <ele>202.0</ele>
   </trkpt>
   <trkpt lat="36.5831940" lon="-4.6364330">
    <ele>202.4</ele>
   </trkpt>
   <trkpt lat="36.5832240" lon="-4.6364270">
    <ele>202.6</ele>
   </trkpt>
   <trkpt lat="36.5832590" lon="-4.6364210">
    <ele>202.8</ele>
   </trkpt>
   <trkpt lat="36.5832930" lon="-4.6364140">
    <ele>203.2</ele>
   </trkpt>
   <trkpt lat="36.5833270" lon="-4.6364070">
    <ele>203.6</ele>
   </trkpt>
   <trkpt lat="36.5833580" lon="-4.6364040">
    <ele>204.0</ele>
   </trkpt>
   <trkpt lat="36.5833920" lon="-4.6364020">
    <ele>204.2</ele>
   </trkpt>
   <trkpt lat="36.5834300" lon="-4.6364020">
    <ele>204.4</ele>
   </trkpt>
   <trkpt lat="36.5834650" lon="-4.6363990">
    <ele>204.6</ele>
   </trkpt>
   <trkpt lat="36.5835010" lon="-4.6363950">
    <ele>205.0</ele>
   </trkpt>
   <trkpt lat="36.5835370" lon="-4.6363900">
    <ele>205.2</ele>
   </trkpt>
   <trkpt lat="36.5835720" lon="-4.6363860">
    <ele>205.6</ele>
   </trkpt>
   <trkpt lat="36.5836080" lon="-4.6363830">
    <ele>205.8</ele>
   </trkpt>
   <trkpt lat="36.5836450" lon="-4.6363800">
    <ele>206.0</ele>
   </trkpt>
   <trkpt lat="36.5836820" lon="-4.6363770">
    <ele>206.2</ele>
   </trkpt>
   <trkpt lat="36.5837190" lon="-4.6363750">
    <ele>206.6</ele>
   </trkpt>
   <trkpt lat="36.5837570" lon="-4.6363740">
    <ele>206.8</ele>
   </trkpt>
   <trkpt lat="36.5837960" lon="-4.6363720">
    <ele>207.0</ele>
   </trkpt>
   <trkpt lat="36.5838360" lon="-4.6363700">
    <ele>207.4</ele>
   </trkpt>
   <trkpt lat="36.5838770" lon="-4.6363680">
    <ele>207.8</ele>
   </trkpt>
   <trkpt lat="36.5839150" lon="-4.6363640">
    <ele>208.0</ele>
   </trkpt>
   <trkpt lat="36.5839560" lon="-4.6363600">
    <ele>208.4</ele>
   </trkpt>
   <trkpt lat="36.5839980" lon="-4.6363550">
    <ele>208.8</ele>
   </trkpt>
   <trkpt lat="36.5840370" lon="-4.6363510">
    <ele>209.2</ele>
   </trkpt>
   <trkpt lat="36.5840830" lon="-4.6363480">
    <ele>209.4</ele>
   </trkpt>
   <trkpt lat="36.5841280" lon="-4.6363450">
    <ele>209.6</ele>
   </trkpt>
   <trkpt lat="36.5841720" lon="-4.6363420">
    <ele>210.0</ele>
   </trkpt>
   <trkpt lat="36.5842170" lon="-4.6363340">
    <ele>210.2</ele>
   </trkpt>
   <trkpt lat="36.5842630" lon="-4.6363240">
    <ele>210.4</ele>
   </trkpt>
   <trkpt lat="36.5843050" lon="-4.6363120">
    <ele>210.6</ele>
   </trkpt>
   <trkpt lat="36.5843510" lon="-4.6362990">
    <ele>210.6</ele>
   </trkpt>
   <trkpt lat="36.5843970" lon="-4.6362850">
    <ele>210.8</ele>
   </trkpt>
   <trkpt lat="36.5844440" lon="-4.6362720">
    <ele>211.0</ele>
   </trkpt>
   <trkpt lat="36.5844840" lon="-4.6362650">
    <ele>211.4</ele>
   </trkpt>
   <trkpt lat="36.5845240" lon="-4.6362680">
    <ele>211.8</ele>
   </trkpt>
   <trkpt lat="36.5845620" lon="-4.6362770">
    <ele>212.0</ele>
   </trkpt>
   <trkpt lat="36.5846020" lon="-4.6362980">
    <ele>212.2</ele>
   </trkpt>
   <trkpt lat="36.5846390" lon="-4.6363260">
    <ele>212.4</ele>
   </trkpt>
   <trkpt lat="36.5846760" lon="-4.6363570">
    <ele>212.4</ele>
   </trkpt>
   <trkpt lat="36.5847160" lon="-4.6363900">
    <ele>212.6</ele>
   </trkpt>
   <trkpt lat="36.5847560" lon="-4.6364240">
    <ele>213.0</ele>
   </trkpt>
   <trkpt lat="36.5847980" lon="-4.6364540">
    <ele>213.2</ele>
   </trkpt>
   <trkpt lat="36.5848400" lon="-4.6364830">
    <ele>213.2</ele>
   </trkpt>
   <trkpt lat="36.5848780" lon="-4.6365060">
    <ele>213.4</ele>
   </trkpt>
   <trkpt lat="36.5849250" lon="-4.6365340">
    <ele>213.4</ele>
   </trkpt>
   <trkpt lat="36.5849790" lon="-4.6365660">
    <ele>213.8</ele>
   </trkpt>
   <trkpt lat="36.5850330" lon="-4.6365990">
    <ele>214.0</ele>
   </trkpt>
   <trkpt lat="36.5850900" lon="-4.6366320">
    <ele>214.4</ele>
   </trkpt>
   <trkpt lat="36.5851490" lon="-4.6366710">
    <ele>214.6</ele>
   </trkpt>
   <trkpt lat="36.5852100" lon="-4.6367120">
    <ele>215.0</ele>
   </trkpt>
   <trkpt lat="36.5852710" lon="-4.6367560">
    <ele>215.4</ele>
   </trkpt>
   <trkpt lat="36.5853340" lon="-4.6368030">
    <ele>216.0</ele>
   </trkpt>
   <trkpt lat="36.5853980" lon="-4.6368520">
    <ele>216.4</ele>
   </trkpt>
   <trkpt lat="36.5854580" lon="-4.6368960">
    <ele>217.0</ele>
   </trkpt>
   <trkpt lat="36.5855170" lon="-4.6369400">
    <ele>217.6</ele>
   </trkpt>
   <trkpt lat="36.5855730" lon="-4.6369860">
    <ele>218.2</ele>
   </trkpt>
   <trkpt lat="36.5856370" lon="-4.6370360">
    <ele>219.0</ele>
   </trkpt>
   <trkpt lat="36.5857030" lon="-4.6370870">
    <ele>219.6</ele>
   </trkpt>
   <trkpt lat="36.5857690" lon="-4.6371390">
    <ele>220.4</ele>
   </trkpt>
   <trkpt lat="36.5858290" lon="-4.6371850">
    <ele>221.0</ele>
   </trkpt>
   <trkpt lat="36.5858900" lon="-4.6372310">
    <ele>221.6</ele>
   </trkpt>
   <trkpt lat="36.5859550" lon="-4.6372720">
    <ele>222.4</ele>
   </trkpt>
   <trkpt lat="36.5860200" lon="-4.6373140">
    <ele>223.0</ele>
   </trkpt>
   <trkpt lat="36.5860860" lon="-4.6373450">
    <ele>223.8</ele>
   </trkpt>
   <trkpt lat="36.5861520" lon="-4.6373750">
    <ele>224.6</ele>
   </trkpt>
   <trkpt lat="36.5862060" lon="-4.6374010">
    <ele>225.4</ele>
   </trkpt>
   <trkpt lat="36.5862610" lon="-4.6374260">
    <ele>226.2</ele>
   </trkpt>
   <trkpt lat="36.5863000" lon="-4.6374360">
    <ele>226.8</ele>
   </trkpt>
   <trkpt lat="36.5863400" lon="-4.6374410">
    <ele>227.4</ele>
   </trkpt>
   <trkpt lat="36.5863740" lon="-4.6374500">
    <ele>228.0</ele>
   </trkpt>
   <trkpt lat="36.5864070" lon="-4.6374580">
    <ele>228.6</ele>
   </trkpt>
   <trkpt lat="36.5864360" lon="-4.6374570">
    <ele>229.2</ele>
   </trkpt>
   <trkpt lat="36.5864660" lon="-4.6374550">
    <ele>229.6</ele>
   </trkpt>
   <trkpt lat="36.5864920" lon="-4.6374510">
    <ele>229.8</ele>
   </trkpt>
   <trkpt lat="36.5865180" lon="-4.6374430">
    <ele>230.2</ele>
   </trkpt>
   <trkpt lat="36.5865440" lon="-4.6374340">
    <ele>230.4</ele>
   </trkpt>
   <trkpt lat="36.5865700" lon="-4.6374250">
    <ele>230.6</ele>
   </trkpt>
   <trkpt lat="36.5865930" lon="-4.6374120">
    <ele>231.0</ele>
   </trkpt>
   <trkpt lat="36.5866160" lon="-4.6373990">
    <ele>231.2</ele>
   </trkpt>
   <trkpt lat="36.5866340" lon="-4.6373850">
    <ele>231.6</ele>
   </trkpt>
   <trkpt lat="36.5866520" lon="-4.6373670">
    <ele>231.8</ele>
   </trkpt>
   <trkpt lat="36.5866740" lon="-4.6373490">
    <ele>232.2</ele>
   </trkpt>
   <trkpt lat="36.5866960" lon="-4.6373310">
    <ele>232.6</ele>
   </trkpt>
   <trkpt lat="36.5867180" lon="-4.6373150">
    <ele>233.0</ele>
   </trkpt>
   <trkpt lat="36.5867410" lon="-4.6372990">
    <ele>233.4</ele>
   </trkpt>
   <trkpt lat="36.5867630" lon="-4.6372820">
    <ele>233.8</ele>
   </trkpt>
   <trkpt lat="36.5867820" lon="-4.6372640">
    <ele>234.2</ele>
   </trkpt>
   <trkpt lat="36.5868060" lon="-4.6372460">
    <ele>234.6</ele>
   </trkpt>
   <trkpt lat="36.5868300" lon="-4.6372290">
    <ele>235.0</ele>
   </trkpt>
   <trkpt lat="36.5868500" lon="-4.6372130">
    <ele>235.2</ele>
   </trkpt>
   <trkpt lat="36.5868710" lon="-4.6371960">
    <ele>235.6</ele>
   </trkpt>
   <trkpt lat="36.5868920" lon="-4.6371790">
    <ele>235.8</ele>
   </trkpt>
   <trkpt lat="36.5869150" lon="-4.6371600">
    <ele>236.0</ele>
   </trkpt>
   <trkpt lat="36.5869380" lon="-4.6371420">
    <ele>236.2</ele>
   </trkpt>
   <trkpt lat="36.5869620" lon="-4.6371230">
    <ele>236.6</ele>
   </trkpt>
   <trkpt lat="36.5869850" lon="-4.6371030">
    <ele>236.8</ele>
   </trkpt>
   <trkpt lat="36.5870090" lon="-4.6370840">
    <ele>237.2</ele>
   </trkpt>
   <trkpt lat="36.5870310" lon="-4.6370660">
    <ele>237.6</ele>
   </trkpt>
   <trkpt lat="36.5870540" lon="-4.6370480">
    <ele>238.0</ele>
   </trkpt>
   <trkpt lat="36.5870770" lon="-4.6370290">
    <ele>238.4</ele>
   </trkpt>
   <trkpt lat="36.5871010" lon="-4.6370100">
    <ele>238.8</ele>
   </trkpt>
   <trkpt lat="36.5871230" lon="-4.6369940">
    <ele>239.2</ele>
   </trkpt>
   <trkpt lat="36.5871460" lon="-4.6369790">
    <ele>239.6</ele>
   </trkpt>
   <trkpt lat="36.5871710" lon="-4.6369660">
    <ele>240.0</ele>
   </trkpt>
   <trkpt lat="36.5871970" lon="-4.6369550">
    <ele>240.4</ele>
   </trkpt>
   <trkpt lat="36.5872270" lon="-4.6369410">
    <ele>240.8</ele>
   </trkpt>
   <trkpt lat="36.5872570" lon="-4.6369270">
    <ele>241.2</ele>
   </trkpt>
   <trkpt lat="36.5872840" lon="-4.6369170">
    <ele>241.6</ele>
   </trkpt>
   <trkpt lat="36.5873170" lon="-4.6369100">
    <ele>242.0</ele>
   </trkpt>
   <trkpt lat="36.5873500" lon="-4.6369040">
    <ele>242.2</ele>
   </trkpt>
   <trkpt lat="36.5873830" lon="-4.6369010">
    <ele>242.6</ele>
   </trkpt>
   <trkpt lat="36.5874150" lon="-4.6368990">
    <ele>243.0</ele>
   </trkpt>
   <trkpt lat="36.5874520" lon="-4.6369000">
    <ele>243.4</ele>
   </trkpt>
   <trkpt lat="36.5874830" lon="-4.6369080">
    <ele>243.8</ele>
   </trkpt>
   <trkpt lat="36.5875120" lon="-4.6369150">
    <ele>244.2</ele>
   </trkpt>
   <trkpt lat="36.5875450" lon="-4.6369250">
    <ele>244.6</ele>
   </trkpt>
   <trkpt lat="36.5875790" lon="-4.6369340">
    <ele>245.0</ele>
   </trkpt>
   <trkpt lat="36.5876120" lon="-4.6369500">
    <ele>245.2</ele>
   </trkpt>
   <trkpt lat="36.5876450" lon="-4.6369660">
    <ele>245.4</ele>
   </trkpt>
   <trkpt lat="36.5876750" lon="-4.6369840">
    <ele>245.6</ele>
   </trkpt>
   <trkpt lat="36.5877050" lon="-4.6370020">
    <ele>245.8</ele>
   </trkpt>
   <trkpt lat="36.5877340" lon="-4.6370210">
    <ele>246.2</ele>
   </trkpt>
   <trkpt lat="36.5877670" lon="-4.6370430">
    <ele>246.4</ele>
   </trkpt>
   <trkpt lat="36.5877950" lon="-4.6370640">
    <ele>246.6</ele>
   </trkpt>
   <trkpt lat="36.5878290" lon="-4.6370910">
    <ele>247.0</ele>
   </trkpt>
   <trkpt lat="36.5878530" lon="-4.6371150">
    <ele>247.2</ele>
   </trkpt>
   <trkpt lat="36.5878820" lon="-4.6371450">
    <ele>247.6</ele>
   </trkpt>
   <trkpt lat="36.5879060" lon="-4.6371730">
    <ele>248.0</ele>
   </trkpt>
   <trkpt lat="36.5879330" lon="-4.6372010">
    <ele>248.4</ele>
   </trkpt>
   <trkpt lat="36.5879560" lon="-4.6372320">
    <ele>248.8</ele>
   </trkpt>
   <trkpt lat="36.5879850" lon="-4.6372640">
    <ele>249.2</ele>
   </trkpt>
   <trkpt lat="36.5880090" lon="-4.6372910">
    <ele>249.4</ele>
   </trkpt>
   <trkpt lat="36.5880410" lon="-4.6373200">
    <ele>249.8</ele>
   </trkpt>
   <trkpt lat="36.5880660" lon="-4.6373460">
    <ele>250.2</ele>
   </trkpt>
   <trkpt lat="36.5880950" lon="-4.6373720">
    <ele>250.6</ele>
   </trkpt>
   <trkpt lat="36.5881210" lon="-4.6373950">
    <ele>251.0</ele>
   </trkpt>
   <trkpt lat="36.5881520" lon="-4.6374160">
    <ele>251.6</ele>
   </trkpt>
   <trkpt lat="36.5881800" lon="-4.6374280">
    <ele>252.2</ele>
   </trkpt>
   <trkpt lat="36.5882110" lon="-4.6374380">
    <ele>252.6</ele>
   </trkpt>
   <trkpt lat="36.5882390" lon="-4.6374430">
    <ele>252.8</ele>
   </trkpt>
   <trkpt lat="36.5882680" lon="-4.6374450">
    <ele>253.2</ele>
   </trkpt>
   <trkpt lat="36.5882930" lon="-4.6374450">
    <ele>253.8</ele>
   </trkpt>
   <trkpt lat="36.5883250" lon="-4.6374420">
    <ele>254.2</ele>
   </trkpt>
   <trkpt lat="36.5883490" lon="-4.6374360">
    <ele>254.8</ele>
   </trkpt>
   <trkpt lat="36.5883740" lon="-4.6374250">
    <ele>255.4</ele>
   </trkpt>
   <trkpt lat="36.5884000" lon="-4.6374130">
    <ele>255.8</ele>
   </trkpt>
   <trkpt lat="36.5884220" lon="-4.6373960">
    <ele>256.4</ele>
   </trkpt>
   <trkpt lat="36.5884440" lon="-4.6373760">
    <ele>256.8</ele>
   </trkpt>
   <trkpt lat="36.5884680" lon="-4.6373530">
    <ele>257.0</ele>
   </trkpt>
   <trkpt lat="36.5884900" lon="-4.6373330">
    <ele>257.4</ele>
   </trkpt>
   <trkpt lat="36.5885180" lon="-4.6373080">
    <ele>257.8</ele>
   </trkpt>
   <trkpt lat="36.5885400" lon="-4.6372880">
    <ele>258.2</ele>
   </trkpt>
   <trkpt lat="36.5885620" lon="-4.6372660">
    <ele>258.6</ele>
   </trkpt>
   <trkpt lat="36.5885820" lon="-4.6372380">
    <ele>258.8</ele>
   </trkpt>
   <trkpt lat="36.5886070" lon="-4.6372080">
    <ele>259.0</ele>
   </trkpt>
   <trkpt lat="36.5886240" lon="-4.6371820">
    <ele>259.0</ele>
   </trkpt>
   <trkpt lat="36.5886520" lon="-4.6371520">
    <ele>259.2</ele>
   </trkpt>
   <trkpt lat="36.5886730" lon="-4.6371260">
    <ele>259.2</ele>
   </trkpt>
   <trkpt lat="36.5886950" lon="-4.6370950">
    <ele>259.6</ele>
   </trkpt>
   <trkpt lat="36.5887150" lon="-4.6370680">
    <ele>259.8</ele>
   </trkpt>
   <trkpt lat="36.5887390" lon="-4.6370400">
    <ele>260.2</ele>
   </trkpt>
   <trkpt lat="36.5887640" lon="-4.6370110">
    <ele>260.6</ele>
   </trkpt>
   <trkpt lat="36.5887900" lon="-4.6369790">
    <ele>261.0</ele>
   </trkpt>
   <trkpt lat="36.5888110" lon="-4.6369520">
    <ele>261.4</ele>
   </trkpt>
   <trkpt lat="36.5888380" lon="-4.6369230">
    <ele>261.8</ele>
   </trkpt>
   <trkpt lat="36.5888600" lon="-4.6368940">
    <ele>262.2</ele>
   </trkpt>
   <trkpt lat="36.5888880" lon="-4.6368620">
    <ele>262.4</ele>
   </trkpt>
   <trkpt lat="36.5889130" lon="-4.6368350">
    <ele>262.8</ele>
   </trkpt>
   <trkpt lat="36.5889420" lon="-4.6368020">
    <ele>263.0</ele>
   </trkpt>
   <trkpt lat="36.5889660" lon="-4.6367730">
    <ele>263.2</ele>
   </trkpt>
   <trkpt lat="36.5889940" lon="-4.6367400">
    <ele>263.4</ele>
   </trkpt>
   <trkpt lat="36.5890190" lon="-4.6367090">
    <ele>263.8</ele>
   </trkpt>
   <trkpt lat="36.5890490" lon="-4.6366700">
    <ele>264.2</ele>
   </trkpt>
   <trkpt lat="36.5890760" lon="-4.6366410">
    <ele>264.4</ele>
   </trkpt>
   <trkpt lat="36.5891050" lon="-4.6366050">
    <ele>264.6</ele>
   </trkpt>
   <trkpt lat="36.5891300" lon="-4.6365750">
    <ele>265.0</ele>
   </trkpt>
   <trkpt lat="36.5891580" lon="-4.6365420">
    <ele>265.2</ele>
   </trkpt>
   <trkpt lat="36.5891870" lon="-4.6365130">
    <ele>265.4</ele>
   </trkpt>
   <trkpt lat="36.5892170" lon="-4.6364760">
    <ele>265.6</ele>
   </trkpt>
   <trkpt lat="36.5892410" lon="-4.6364450">
    <ele>265.8</ele>
   </trkpt>
   <trkpt lat="36.5892710" lon="-4.6364110">
    <ele>266.0</ele>
   </trkpt>
   <trkpt lat="36.5892960" lon="-4.6363800">
    <ele>266.0</ele>
   </trkpt>
   <trkpt lat="36.5893240" lon="-4.6363500">
    <ele>266.0</ele>
   </trkpt>
   <trkpt lat="36.5893530" lon="-4.6363150">
    <ele>266.2</ele>
   </trkpt>
   <trkpt lat="36.5893810" lon="-4.6362790">
    <ele>266.2</ele>
   </trkpt>
   <trkpt lat="36.5894050" lon="-4.6362510">
    <ele>266.4</ele>
   </trkpt>
   <trkpt lat="36.5894340" lon="-4.6362170">
    <ele>266.6</ele>
   </trkpt>
   <trkpt lat="36.5894580" lon="-4.6361840">
    <ele>266.8</ele>
   </trkpt>
   <trkpt lat="36.5894870" lon="-4.6361490">
    <ele>267.0</ele>
   </trkpt>
   <trkpt lat="36.5895160" lon="-4.6361180">
    <ele>267.2</ele>
   </trkpt>
   <trkpt lat="36.5895430" lon="-4.6360840">
    <ele>267.4</ele>
   </trkpt>
   <trkpt lat="36.5895720" lon="-4.6360540">
    <ele>267.6</ele>
   </trkpt>
   <trkpt lat="36.5896010" lon="-4.6360160">
    <ele>267.8</ele>
   </trkpt>
   <trkpt lat="36.5896260" lon="-4.6359820">
    <ele>268.0</ele>
   </trkpt>
   <trkpt lat="36.5896560" lon="-4.6359500">
    <ele>268.2</ele>
   </trkpt>
   <trkpt lat="36.5896840" lon="-4.6359140">
    <ele>268.4</ele>
   </trkpt>
   <trkpt lat="36.5897130" lon="-4.6358770">
    <ele>268.8</ele>
   </trkpt>
   <trkpt lat="36.5897370" lon="-4.6358450">
    <ele>269.0</ele>
   </trkpt>
   <trkpt lat="36.5897620" lon="-4.6358060">
    <ele>269.4</ele>
   </trkpt>
   <trkpt lat="36.5897850" lon="-4.6357680">
    <ele>269.6</ele>
   </trkpt>
   <trkpt lat="36.5898070" lon="-4.6357300">
    <ele>270.0</ele>
   </trkpt>
   <trkpt lat="36.5898270" lon="-4.6356890">
    <ele>270.4</ele>
   </trkpt>
   <trkpt lat="36.5898470" lon="-4.6356430">
    <ele>270.6</ele>
   </trkpt>
   <trkpt lat="36.5898640" lon="-4.6356040">
    <ele>271.0</ele>
   </trkpt>
   <trkpt lat="36.5898810" lon="-4.6355540">
    <ele>271.4</ele>
   </trkpt>
   <trkpt lat="36.5898880" lon="-4.6355130">
    <ele>271.8</ele>
   </trkpt>
   <trkpt lat="36.5898930" lon="-4.6354610">
    <ele>272.2</ele>
   </trkpt>
   <trkpt lat="36.5898930" lon="-4.6354140">
    <ele>272.6</ele>
   </trkpt>
   <trkpt lat="36.5898900" lon="-4.6353680">
    <ele>273.0</ele>
   </trkpt>
   <trkpt lat="36.5898830" lon="-4.6353290">
    <ele>273.4</ele>
   </trkpt>
   <trkpt lat="36.5898750" lon="-4.6352870">
    <ele>273.8</ele>
   </trkpt>
   <trkpt lat="36.5898670" lon="-4.6352480">
    <ele>274.4</ele>
   </trkpt>
   <trkpt lat="36.5898560" lon="-4.6352060">
    <ele>274.8</ele>
   </trkpt>
   <trkpt lat="36.5898450" lon="-4.6351660">
    <ele>275.2</ele>
   </trkpt>
   <trkpt lat="36.5898330" lon="-4.6351250">
    <ele>275.6</ele>
   </trkpt>
   <trkpt lat="36.5898220" lon="-4.6350890">
    <ele>276.2</ele>
   </trkpt>
   <trkpt lat="36.5898100" lon="-4.6350500">
    <ele>276.6</ele>
   </trkpt>
   <trkpt lat="36.5897990" lon="-4.6350110">
    <ele>277.0</ele>
   </trkpt>
   <trkpt lat="36.5897880" lon="-4.6349730">
    <ele>277.6</ele>
   </trkpt>
   <trkpt lat="36.5897720" lon="-4.6349340">
    <ele>278.0</ele>
   </trkpt>
   <trkpt lat="36.5897600" lon="-4.6348950">
    <ele>278.4</ele>
   </trkpt>
   <trkpt lat="36.5897500" lon="-4.6348600">
    <ele>278.8</ele>
   </trkpt>
   <trkpt lat="36.5897380" lon="-4.6348180">
    <ele>279.2</ele>
   </trkpt>
   <trkpt lat="36.5897270" lon="-4.6347790">
    <ele>279.4</ele>
   </trkpt>
   <trkpt lat="36.5897190" lon="-4.6347390">
    <ele>279.8</ele>
   </trkpt>
   <trkpt lat="36.5897150" lon="-4.6346980">
    <ele>280.0</ele>
   </trkpt>
   <trkpt lat="36.5897140" lon="-4.6346510">
    <ele>280.4</ele>
   </trkpt>
   <trkpt lat="36.5897140" lon="-4.6346080">
    <ele>281.0</ele>
   </trkpt>
   <trkpt lat="36.5897140" lon="-4.6345580">
    <ele>281.2</ele>
   </trkpt>
   <trkpt lat="36.5897180" lon="-4.6345110">
    <ele>281.4</ele>
   </trkpt>
   <trkpt lat="36.5897210" lon="-4.6344600">
    <ele>282.0</ele>
   </trkpt>
   <trkpt lat="36.5897320" lon="-4.6344110">
    <ele>282.8</ele>
   </trkpt>
   <trkpt lat="36.5897440" lon="-4.6343550">
    <ele>283.4</ele>
   </trkpt>
   <trkpt lat="36.5897580" lon="-4.6343080">
    <ele>283.8</ele>
   </trkpt>
   <trkpt lat="36.5897730" lon="-4.6342560">
    <ele>284.0</ele>
   </trkpt>
   <trkpt lat="36.5898000" lon="-4.6342020">
    <ele>284.4</ele>
   </trkpt>
   <trkpt lat="36.5898230" lon="-4.6341510">
    <ele>284.8</ele>
   </trkpt>
   <trkpt lat="36.5898490" lon="-4.6341010">
    <ele>285.4</ele>
   </trkpt>
   <trkpt lat="36.5898810" lon="-4.6340520">
    <ele>286.0</ele>
   </trkpt>
   <trkpt lat="36.5899100" lon="-4.6340090">
    <ele>286.4</ele>
   </trkpt>
   <trkpt lat="36.5899450" lon="-4.6339650">
    <ele>286.8</ele>
   </trkpt>
   <trkpt lat="36.5899820" lon="-4.6339270">
    <ele>287.2</ele>
   </trkpt>
   <trkpt lat="36.5900210" lon="-4.6338900">
    <ele>287.8</ele>
   </trkpt>
   <trkpt lat="36.5900590" lon="-4.6338570">
    <ele>288.0</ele>
   </trkpt>
   <trkpt lat="36.5900940" lon="-4.6338130">
    <ele>288.4</ele>
   </trkpt>
   <trkpt lat="36.5901350" lon="-4.6337700">
    <ele>288.6</ele>
   </trkpt>
   <trkpt lat="36.5901850" lon="-4.6337130">
    <ele>288.6</ele>
   </trkpt>
   <trkpt lat="36.5902400" lon="-4.6336590">
    <ele>288.8</ele>
   </trkpt>
   <trkpt lat="36.5902970" lon="-4.6336040">
    <ele>288.8</ele>
   </trkpt>
   <trkpt lat="36.5903580" lon="-4.6335480">
    <ele>289.0</ele>
   </trkpt>
   <trkpt lat="36.5904220" lon="-4.6334860">
    <ele>289.6</ele>
   </trkpt>
   <trkpt lat="36.5904830" lon="-4.6334290">
    <ele>290.2</ele>
   </trkpt>
   <trkpt lat="36.5905450" lon="-4.6333630">
    <ele>291.2</ele>
   </trkpt>
   <trkpt lat="36.5906100" lon="-4.6332940">
    <ele>292.0</ele>
   </trkpt>
   <trkpt lat="36.5906720" lon="-4.6332330">
    <ele>292.6</ele>
   </trkpt>
   <trkpt lat="36.5907430" lon="-4.6331670">
    <ele>293.4</ele>
   </trkpt>
   <trkpt lat="36.5908110" lon="-4.6331020">
    <ele>293.8</ele>
   </trkpt>
   <trkpt lat="36.5908770" lon="-4.6330470">
    <ele>294.6</ele>
   </trkpt>
   <trkpt lat="36.5909470" lon="-4.6329840">
    <ele>295.2</ele>
   </trkpt>
   <trkpt lat="36.5910250" lon="-4.6329390">
    <ele>296.0</ele>
   </trkpt>
   <trkpt lat="36.5911050" lon="-4.6329010">
    <ele>296.8</ele>
   </trkpt>
   <trkpt lat="36.5911880" lon="-4.6328770">
    <ele>297.8</ele>
   </trkpt>
   <trkpt lat="36.5912790" lon="-4.6328640">
    <ele>298.6</ele>
   </trkpt>
   <trkpt lat="36.5913630" lon="-4.6328560">
    <ele>299.2</ele>
   </trkpt>
   <trkpt lat="36.5914520" lon="-4.6328490">
    <ele>299.6</ele>
   </trkpt>
   <trkpt lat="36.5915380" lon="-4.6328470">
    <ele>300.2</ele>
   </trkpt>
   <trkpt lat="36.5916210" lon="-4.6328480">
    <ele>301.0</ele>
   </trkpt>
   <trkpt lat="36.5916890" lon="-4.6328470">
    <ele>301.6</ele>
   </trkpt>
   <trkpt lat="36.5917540" lon="-4.6328470">
    <ele>302.4</ele>
   </trkpt>
   <trkpt lat="36.5918080" lon="-4.6328390">
    <ele>303.0</ele>
   </trkpt>
   <trkpt lat="36.5918590" lon="-4.6328220">
    <ele>303.6</ele>
   </trkpt>
   <trkpt lat="36.5919010" lon="-4.6328080">
    <ele>304.0</ele>
   </trkpt>
   <trkpt lat="36.5919390" lon="-4.6327940">
    <ele>304.6</ele>
   </trkpt>
   <trkpt lat="36.5919700" lon="-4.6327820">
    <ele>304.8</ele>
   </trkpt>
   <trkpt lat="36.5920010" lon="-4.6327660">
    <ele>305.0</ele>
   </trkpt>
   <trkpt lat="36.5920270" lon="-4.6327480">
    <ele>305.2</ele>
   </trkpt>
   <trkpt lat="36.5920550" lon="-4.6327320">
    <ele>305.4</ele>
   </trkpt>
   <trkpt lat="36.5920810" lon="-4.6327180">
    <ele>305.6</ele>
   </trkpt>
   <trkpt lat="36.5921080" lon="-4.6327030">
    <ele>306.0</ele>
   </trkpt>
   <trkpt lat="36.5921340" lon="-4.6326860">
    <ele>306.6</ele>
   </trkpt>
   <trkpt lat="36.5921620" lon="-4.6326670">
    <ele>307.0</ele>
   </trkpt>
   <trkpt lat="36.5921880" lon="-4.6326510">
    <ele>307.2</ele>
   </trkpt>
   <trkpt lat="36.5922150" lon="-4.6326340">
    <ele>307.2</ele>
   </trkpt>
   <trkpt lat="36.5922450" lon="-4.6326200">
    <ele>307.4</ele>
   </trkpt>
   <trkpt lat="36.5922710" lon="-4.6326030">
    <ele>307.6</ele>
   </trkpt>
   <trkpt lat="36.5923020" lon="-4.6325850">
    <ele>307.6</ele>
   </trkpt>
   <trkpt lat="36.5923300" lon="-4.6325640">
    <ele>308.0</ele>
   </trkpt>
   <trkpt lat="36.5923550" lon="-4.6325450">
    <ele>308.4</ele>
   </trkpt>
   <trkpt lat="36.5923820" lon="-4.6325240">
    <ele>308.6</ele>
   </trkpt>
   <trkpt lat="36.5924120" lon="-4.6325030">
    <ele>308.6</ele>
   </trkpt>
   <trkpt lat="36.5924380" lon="-4.6324870">
    <ele>308.4</ele>
   </trkpt>
   <trkpt lat="36.5924620" lon="-4.6324700">
    <ele>308.2</ele>
   </trkpt>
   <trkpt lat="36.5924880" lon="-4.6324520">
    <ele>308.4</ele>
   </trkpt>
   <trkpt lat="36.5925150" lon="-4.6324370">
    <ele>308.6</ele>
   </trkpt>
   <trkpt lat="36.5925420" lon="-4.6324170">
    <ele>308.8</ele>
   </trkpt>
   <trkpt lat="36.5925720" lon="-4.6323990">
    <ele>309.0</ele>
   </trkpt>
   <trkpt lat="36.5926000" lon="-4.6323840">
    <ele>309.2</ele>
   </trkpt>
   <trkpt lat="36.5926270" lon="-4.6323680">
    <ele>309.4</ele>
   </trkpt>
   <trkpt lat="36.5926580" lon="-4.6323490">
    <ele>309.6</ele>
   </trkpt>
   <trkpt lat="36.5926830" lon="-4.6323310">
    <ele>310.0</ele>
   </trkpt>
   <trkpt lat="36.5927110" lon="-4.6323130">
    <ele>310.2</ele>
   </trkpt>
   <trkpt lat="36.5927400" lon="-4.6322970">
    <ele>310.4</ele>
   </trkpt>
   <trkpt lat="36.5927720" lon="-4.6322780">
    <ele>310.8</ele>
   </trkpt>
   <trkpt lat="36.5927980" lon="-4.6322570">
    <ele>311.0</ele>
   </trkpt>
   <trkpt lat="36.5928280" lon="-4.6322350">
    <ele>311.4</ele>
   </trkpt>
   <trkpt lat="36.5928580" lon="-4.6322140">
    <ele>311.4</ele>
   </trkpt>
   <trkpt lat="36.5928860" lon="-4.6321950">
    <ele>311.4</ele>
   </trkpt>
   <trkpt lat="36.5929160" lon="-4.6321760">
    <ele>311.8</ele>
   </trkpt>
   <trkpt lat="36.5929420" lon="-4.6321570">
    <ele>312.2</ele>
   </trkpt>
   <trkpt lat="36.5929720" lon="-4.6321370">
    <ele>312.8</ele>
   </trkpt>
   <trkpt lat="36.5930050" lon="-4.6321190">
    <ele>313.4</ele>
   </trkpt>
   <trkpt lat="36.5930340" lon="-4.6320970">
    <ele>314.0</ele>
   </trkpt>
   <trkpt lat="36.5930620" lon="-4.6320750">
    <ele>314.4</ele>
   </trkpt>
   <trkpt lat="36.5930880" lon="-4.6320580">
    <ele>315.0</ele>
   </trkpt>
   <trkpt lat="36.5931180" lon="-4.6320400">
    <ele>315.2</ele>
   </trkpt>
   <trkpt lat="36.5931450" lon="-4.6320180">
    <ele>315.4</ele>
   </trkpt>
   <trkpt lat="36.5931720" lon="-4.6319980">
    <ele>315.6</ele>
   </trkpt>
   <trkpt lat="36.5931980" lon="-4.6319780">
    <ele>316.0</ele>
   </trkpt>
   <trkpt lat="36.5932290" lon="-4.6319580">
    <ele>316.4</ele>
   </trkpt>
   <trkpt lat="36.5932560" lon="-4.6319400">
    <ele>316.6</ele>
   </trkpt>
   <trkpt lat="36.5932860" lon="-4.6319220">
    <ele>316.8</ele>
   </trkpt>
   <trkpt lat="36.5933130" lon="-4.6319020">
    <ele>317.0</ele>
   </trkpt>
   <trkpt lat="36.5933400" lon="-4.6318780">
    <ele>317.2</ele>
   </trkpt>
   <trkpt lat="36.5933660" lon="-4.6318520">
    <ele>317.4</ele>
   </trkpt>
   <trkpt lat="36.5933930" lon="-4.6318270">
    <ele>317.8</ele>
   </trkpt>
   <trkpt lat="36.5934200" lon="-4.6318020">
    <ele>318.2</ele>
   </trkpt>
   <trkpt lat="36.5934500" lon="-4.6317800">
    <ele>318.6</ele>
   </trkpt>
   <trkpt lat="36.5934850" lon="-4.6317590">
    <ele>319.0</ele>
   </trkpt>
   <trkpt lat="36.5935170" lon="-4.6317380">
    <ele>319.4</ele>
   </trkpt>
   <trkpt lat="36.5935480" lon="-4.6317220">
    <ele>319.8</ele>
   </trkpt>
   <trkpt lat="36.5935890" lon="-4.6317010">
    <ele>320.2</ele>
   </trkpt>
   <trkpt lat="36.5936230" lon="-4.6316850">
    <ele>320.6</ele>
   </trkpt>
   <trkpt lat="36.5936640" lon="-4.6316710">
    <ele>320.8</ele>
   </trkpt>
   <trkpt lat="36.5937050" lon="-4.6316620">
    <ele>321.2</ele>
   </trkpt>
   <trkpt lat="36.5937470" lon="-4.6316600">
    <ele>321.4</ele>
   </trkpt>
   <trkpt lat="36.5937910" lon="-4.6316680">
    <ele>321.8</ele>
   </trkpt>
   <trkpt lat="36.5938370" lon="-4.6316840">
    <ele>322.2</ele>
   </trkpt>
   <trkpt lat="36.5938770" lon="-4.6317070">
    <ele>322.6</ele>
   </trkpt>
   <trkpt lat="36.5939170" lon="-4.6317330">
    <ele>323.0</ele>
   </trkpt>
   <trkpt lat="36.5939530" lon="-4.6317610">
    <ele>323.4</ele>
   </trkpt>
   <trkpt lat="36.5939990" lon="-4.6317940">
    <ele>323.8</ele>
   </trkpt>
   <trkpt lat="36.5940340" lon="-4.6318200">
    <ele>324.2</ele>
   </trkpt>
   <trkpt lat="36.5940740" lon="-4.6318490">
    <ele>324.8</ele>
   </trkpt>
   <trkpt lat="36.5941110" lon="-4.6318790">
    <ele>325.2</ele>
   </trkpt>
   <trkpt lat="36.5941440" lon="-4.6319080">
    <ele>325.8</ele>
   </trkpt>
   <trkpt lat="36.5941820" lon="-4.6319380">
    <ele>326.6</ele>
   </trkpt>
   <trkpt lat="36.5942260" lon="-4.6319680">
    <ele>327.2</ele>
   </trkpt>
   <trkpt lat="36.5942620" lon="-4.6319930">
    <ele>327.6</ele>
   </trkpt>
   <trkpt lat="36.5943010" lon="-4.6320180">
    <ele>328.2</ele>
   </trkpt>
   <trkpt lat="36.5943380" lon="-4.6320450">
    <ele>328.6</ele>
   </trkpt>
   <trkpt lat="36.5943780" lon="-4.6320700">
    <ele>329.2</ele>
   </trkpt>
   <trkpt lat="36.5944150" lon="-4.6320930">
    <ele>330.0</ele>
   </trkpt>
   <trkpt lat="36.5944530" lon="-4.6321180">
    <ele>330.6</ele>
   </trkpt>
   <trkpt lat="36.5944970" lon="-4.6321410">
    <ele>331.2</ele>
   </trkpt>
   <trkpt lat="36.5945330" lon="-4.6321600">
    <ele>331.8</ele>
   </trkpt>
   <trkpt lat="36.5945740" lon="-4.6321780">
    <ele>332.4</ele>
   </trkpt>
   <trkpt lat="36.5946050" lon="-4.6321950">
    <ele>333.0</ele>
   </trkpt>
   <trkpt lat="36.5946400" lon="-4.6322130">
    <ele>333.4</ele>
   </trkpt>
   <trkpt lat="36.5946750" lon="-4.6322310">
    <ele>334.0</ele>
   </trkpt>
   <trkpt lat="36.5947100" lon="-4.6322480">
    <ele>334.6</ele>
   </trkpt>
   <trkpt lat="36.5947430" lon="-4.6322620">
    <ele>335.0</ele>
   </trkpt>
   <trkpt lat="36.5947760" lon="-4.6322780">
    <ele>335.6</ele>
   </trkpt>
   <trkpt lat="36.5948070" lon="-4.6322890">
    <ele>336.2</ele>
   </trkpt>
   <trkpt lat="36.5948380" lon="-4.6322990">
    <ele>336.6</ele>
   </trkpt>
   <trkpt lat="36.5948690" lon="-4.6323090">
    <ele>337.2</ele>
   </trkpt>
   <trkpt lat="36.5949020" lon="-4.6323160">
    <ele>337.6</ele>
   </trkpt>
   <trkpt lat="36.5949300" lon="-4.6323180">
    <ele>338.0</ele>
   </trkpt>
   <trkpt lat="36.5949630" lon="-4.6323230">
    <ele>338.6</ele>
   </trkpt>
   <trkpt lat="36.5949880" lon="-4.6323250">
    <ele>339.0</ele>
   </trkpt>
   <trkpt lat="36.5950170" lon="-4.6323230">
    <ele>339.2</ele>
   </trkpt>
   <trkpt lat="36.5950420" lon="-4.6323220">
    <ele>339.6</ele>
   </trkpt>
   <trkpt lat="36.5950690" lon="-4.6323200">
    <ele>339.8</ele>
   </trkpt>
   <trkpt lat="36.5950910" lon="-4.6323150">
    <ele>340.2</ele>
   </trkpt>
   <trkpt lat="36.5951150" lon="-4.6323130">
    <ele>340.4</ele>
   </trkpt>
   <trkpt lat="36.5951400" lon="-4.6323100">
    <ele>340.8</ele>
   </trkpt>
   <trkpt lat="36.5951640" lon="-4.6323040">
    <ele>341.0</ele>
   </trkpt>
   <trkpt lat="36.5951870" lon="-4.6322990">
    <ele>341.2</ele>
   </trkpt>
   <trkpt lat="36.5952130" lon="-4.6322950">
    <ele>341.2</ele>
   </trkpt>
   <trkpt lat="36.5952360" lon="-4.6322900">
    <ele>341.2</ele>
   </trkpt>
   <trkpt lat="36.5952570" lon="-4.6322820">
    <ele>341.4</ele>
   </trkpt>
   <trkpt lat="36.5952740" lon="-4.6322760">
    <ele>341.8</ele>
   </trkpt>
   <trkpt lat="36.5952970" lon="-4.6322690">
    <ele>342.0</ele>
   </trkpt>
   <trkpt lat="36.5953210" lon="-4.6322650">
    <ele>342.6</ele>
   </trkpt>
   <trkpt lat="36.5953440" lon="-4.6322550">
    <ele>343.2</ele>
   </trkpt>
   <trkpt lat="36.5953660" lon="-4.6322490">
    <ele>343.8</ele>
   </trkpt>
   <trkpt lat="36.5953910" lon="-4.6322420">
    <ele>344.0</ele>
   </trkpt>
   <trkpt lat="36.5954120" lon="-4.6322350">
    <ele>344.4</ele>
   </trkpt>
   <trkpt lat="36.5954340" lon="-4.6322290">
    <ele>344.4</ele>
   </trkpt>
   <trkpt lat="36.5954590" lon="-4.6322230">
    <ele>344.6</ele>
   </trkpt>
   <trkpt lat="36.5954800" lon="-4.6322140">
    <ele>344.8</ele>
   </trkpt>
   <trkpt lat="36.5955030" lon="-4.6322080">
    <ele>345.0</ele>
   </trkpt>
   <trkpt lat="36.5955260" lon="-4.6322020">
    <ele>345.4</ele>
   </trkpt>
   <trkpt lat="36.5955540" lon="-4.6321950">
    <ele>346.0</ele>
   </trkpt>
   <trkpt lat="36.5955760" lon="-4.6321860">
    <ele>346.4</ele>
   </trkpt>
   <trkpt lat="36.5955980" lon="-4.6321790">
    <ele>346.8</ele>
   </trkpt>
   <trkpt lat="36.5956260" lon="-4.6321740">
    <ele>347.2</ele>
   </trkpt>
   <trkpt lat="36.5956450" lon="-4.6321650">
    <ele>347.4</ele>
   </trkpt>
   <trkpt lat="36.5956680" lon="-4.6321540">
    <ele>347.4</ele>
   </trkpt>
   <trkpt lat="36.5956910" lon="-4.6321450">
    <ele>347.6</ele>
   </trkpt>
   <trkpt lat="36.5957100" lon="-4.6321340">
    <ele>347.8</ele>
   </trkpt>
   <trkpt lat="36.5957340" lon="-4.6321230">
    <ele>347.8</ele>
   </trkpt>
   <trkpt lat="36.5957550" lon="-4.6321150">
    <ele>347.8</ele>
   </trkpt>
   <trkpt lat="36.5957800" lon="-4.6321070">
    <ele>348.0</ele>
   </trkpt>
   <trkpt lat="36.5957970" lon="-4.6320970">
    <ele>348.2</ele>
   </trkpt>
   <trkpt lat="36.5958210" lon="-4.6320880">
    <ele>348.8</ele>
   </trkpt>
   <trkpt lat="36.5958420" lon="-4.6320790">
    <ele>349.4</ele>
   </trkpt>
   <trkpt lat="36.5958670" lon="-4.6320710">
    <ele>350.0</ele>
   </trkpt>
   <trkpt lat="36.5958880" lon="-4.6320640">
    <ele>350.6</ele>
   </trkpt>
   <trkpt lat="36.5959090" lon="-4.6320570">
    <ele>351.0</ele>
   </trkpt>
   <trkpt lat="36.5959290" lon="-4.6320510">
    <ele>351.2</ele>
   </trkpt>
   <trkpt lat="36.5959530" lon="-4.6320420">
    <ele>351.4</ele>
   </trkpt>
   <trkpt lat="36.5959760" lon="-4.6320320">
    <ele>351.8</ele>
   </trkpt>
   <trkpt lat="36.5960010" lon="-4.6320200">
    <ele>352.0</ele>
   </trkpt>
   <trkpt lat="36.5960220" lon="-4.6320090">
    <ele>352.2</ele>
   </trkpt>
   <trkpt lat="36.5960430" lon="-4.6319990">
    <ele>352.4</ele>
   </trkpt>
   <trkpt lat="36.5960640" lon="-4.6319940">
    <ele>352.4</ele>
   </trkpt>
   <trkpt lat="36.5960890" lon="-4.6319880">
    <ele>352.4</ele>
   </trkpt>
   <trkpt lat="36.5961140" lon="-4.6319800">
    <ele>352.6</ele>
   </trkpt>
   <trkpt lat="36.5961350" lon="-4.6319730">
    <ele>353.0</ele>
   </trkpt>
   <trkpt lat="36.5961550" lon="-4.6319690">
    <ele>353.2</ele>
   </trkpt>
   <trkpt lat="36.5961800" lon="-4.6319640">
    <ele>353.6</ele>
   </trkpt>
   <trkpt lat="36.5962050" lon="-4.6319600">
    <ele>353.8</ele>
   </trkpt>
   <trkpt lat="36.5962330" lon="-4.6319570">
    <ele>354.2</ele>
   </trkpt>
   <trkpt lat="36.5962550" lon="-4.6319550">
    <ele>354.8</ele>
   </trkpt>
   <trkpt lat="36.5962780" lon="-4.6319550">
    <ele>355.0</ele>
   </trkpt>
   <trkpt lat="36.5963060" lon="-4.6319550">
    <ele>355.2</ele>
   </trkpt>
   <trkpt lat="36.5963310" lon="-4.6319530">
    <ele>355.0</ele>
   </trkpt>
   <trkpt lat="36.5963540" lon="-4.6319490">
    <ele>354.6</ele>
   </trkpt>
   <trkpt lat="36.5963800" lon="-4.6319470">
    <ele>354.2</ele>
   </trkpt>
   <trkpt lat="36.5964050" lon="-4.6319500">
    <ele>354.2</ele>
   </trkpt>
   <trkpt lat="36.5964310" lon="-4.6319520">
    <ele>354.8</ele>
   </trkpt>
   <trkpt lat="36.5964520" lon="-4.6319550">
    <ele>355.6</ele>
   </trkpt>
   <trkpt lat="36.5964760" lon="-4.6319600">
    <ele>356.4</ele>
   </trkpt>
   <trkpt lat="36.5964990" lon="-4.6319650">
    <ele>356.6</ele>
   </trkpt>
   <trkpt lat="36.5965210" lon="-4.6319660">
    <ele>356.8</ele>
   </trkpt>
   <trkpt lat="36.5965480" lon="-4.6319700">
    <ele>356.8</ele>
   </trkpt>
   <trkpt lat="36.5965710" lon="-4.6319720">
    <ele>357.0</ele>
   </trkpt>
   <trkpt lat="36.5965980" lon="-4.6319720">
    <ele>357.4</ele>
   </trkpt>
   <trkpt lat="36.5966210" lon="-4.6319750">
    <ele>358.0</ele>
   </trkpt>
   <trkpt lat="36.5966460" lon="-4.6319790">
    <ele>358.6</ele>
   </trkpt>
   <trkpt lat="36.5966700" lon="-4.6319820">
    <ele>359.2</ele>
   </trkpt>
   <trkpt lat="36.5966950" lon="-4.6319850">
    <ele>360.0</ele>
   </trkpt>
   <trkpt lat="36.5967160" lon="-4.6319900">
    <ele>360.8</ele>
   </trkpt>
   <trkpt lat="36.5967400" lon="-4.6319950">
    <ele>361.6</ele>
   </trkpt>
   <trkpt lat="36.5967620" lon="-4.6319950">
    <ele>362.2</ele>
   </trkpt>
   <trkpt lat="36.5967850" lon="-4.6320020">
    <ele>362.6</ele>
   </trkpt>
   <trkpt lat="36.5968040" lon="-4.6320030">
    <ele>363.2</ele>
   </trkpt>
   <trkpt lat="36.5968290" lon="-4.6320050">
    <ele>364.0</ele>
   </trkpt>
   <trkpt lat="36.5968540" lon="-4.6320050">
    <ele>364.6</ele>
   </trkpt>
   <trkpt lat="36.5968770" lon="-4.6320050">
    <ele>365.0</ele>
   </trkpt>
   <trkpt lat="36.5968990" lon="-4.6320030">
    <ele>365.6</ele>
   </trkpt>
   <trkpt lat="36.5969240" lon="-4.6320050">
    <ele>365.8</ele>
   </trkpt>
   <trkpt lat="36.5969450" lon="-4.6320070">
    <ele>366.0</ele>
   </trkpt>
   <trkpt lat="36.5969730" lon="-4.6320100">
    <ele>366.2</ele>
   </trkpt>
   <trkpt lat="36.5969910" lon="-4.6320130">
    <ele>366.2</ele>
   </trkpt>
   <trkpt lat="36.5970150" lon="-4.6320150">
    <ele>366.2</ele>
   </trkpt>
   <trkpt lat="36.5970370" lon="-4.6320170">
    <ele>366.6</ele>
   </trkpt>
   <trkpt lat="36.5970600" lon="-4.6320200">
    <ele>367.0</ele>
   </trkpt>
   <trkpt lat="36.5970820" lon="-4.6320220">
    <ele>367.2</ele>
   </trkpt>
   <trkpt lat="36.5971110" lon="-4.6320230">
    <ele>367.4</ele>
   </trkpt>
   <trkpt lat="36.5971330" lon="-4.6320280">
    <ele>367.6</ele>
   </trkpt>
   <trkpt lat="36.5971550" lon="-4.6320310">
    <ele>368.0</ele>
   </trkpt>
   <trkpt lat="36.5971800" lon="-4.6320350">
    <ele>368.4</ele>
   </trkpt>
   <trkpt lat="36.5972010" lon="-4.6320400">
    <ele>368.8</ele>
   </trkpt>
   <trkpt lat="36.5972240" lon="-4.6320410">
    <ele>369.0</ele>
   </trkpt>
   <trkpt lat="36.5972460" lon="-4.6320460">
    <ele>369.4</ele>
   </trkpt>
   <trkpt lat="36.5972690" lon="-4.6320540">
    <ele>369.8</ele>
   </trkpt>
   <trkpt lat="36.5972920" lon="-4.6320630">
    <ele>370.0</ele>
   </trkpt>
   <trkpt lat="36.5973170" lon="-4.6320680">
    <ele>370.4</ele>
   </trkpt>
   <trkpt lat="36.5973380" lon="-4.6320710">
    <ele>370.6</ele>
   </trkpt>
   <trkpt lat="36.5973620" lon="-4.6320780">
    <ele>371.0</ele>
   </trkpt>
   <trkpt lat="36.5973800" lon="-4.6320890">
    <ele>371.2</ele>
   </trkpt>
   <trkpt lat="36.5974030" lon="-4.6321030">
    <ele>371.4</ele>
   </trkpt>
   <trkpt lat="36.5974230" lon="-4.6321150">
    <ele>371.8</ele>
   </trkpt>
   <trkpt lat="36.5974430" lon="-4.6321240">
    <ele>372.6</ele>
   </trkpt>
   <trkpt lat="36.5974690" lon="-4.6321370">
    <ele>373.2</ele>
   </trkpt>
   <trkpt lat="36.5974910" lon="-4.6321470">
    <ele>373.8</ele>
   </trkpt>
   <trkpt lat="36.5975110" lon="-4.6321640">
    <ele>374.4</ele>
   </trkpt>
   <trkpt lat="36.5975290" lon="-4.6321790">
    <ele>374.8</ele>
   </trkpt>
   <trkpt lat="36.5975530" lon="-4.6321970">
    <ele>375.4</ele>
   </trkpt>
   <trkpt lat="36.5975710" lon="-4.6322110">
    <ele>375.8</ele>
   </trkpt>
   <trkpt lat="36.5975940" lon="-4.6322260">
    <ele>376.4</ele>
   </trkpt>
   <trkpt lat="36.5976160" lon="-4.6322400">
    <ele>377.2</ele>
   </trkpt>
   <trkpt lat="36.5976360" lon="-4.6322560">
    <ele>377.8</ele>
   </trkpt>
   <trkpt lat="36.5976600" lon="-4.6322730">
    <ele>378.4</ele>
   </trkpt>
   <trkpt lat="36.5976770" lon="-4.6322840">
    <ele>379.0</ele>
   </trkpt>
   <trkpt lat="36.5977020" lon="-4.6322930">
    <ele>379.4</ele>
   </trkpt>
   <trkpt lat="36.5977230" lon="-4.6323030">
    <ele>379.8</ele>
   </trkpt>
   <trkpt lat="36.5977430" lon="-4.6323090">
    <ele>380.2</ele>
   </trkpt>
   <trkpt lat="36.5977650" lon="-4.6323150">
    <ele>380.6</ele>
   </trkpt>
   <trkpt lat="36.5977890" lon="-4.6323200">
    <ele>380.8</ele>
   </trkpt>
   <trkpt lat="36.5978110" lon="-4.6323220">
    <ele>381.2</ele>
   </trkpt>
   <trkpt lat="36.5978360" lon="-4.6323200">
    <ele>381.4</ele>
   </trkpt>
   <trkpt lat="36.5978570" lon="-4.6323150">
    <ele>381.6</ele>
   </trkpt>
   <trkpt lat="36.5978850" lon="-4.6323080">
    <ele>381.8</ele>
   </trkpt>
   <trkpt lat="36.5979070" lon="-4.6323020">
    <ele>382.0</ele>
   </trkpt>
   <trkpt lat="36.5979320" lon="-4.6322930">
    <ele>382.4</ele>
   </trkpt>
   <trkpt lat="36.5979520" lon="-4.6322840">
    <ele>382.6</ele>
   </trkpt>
   <trkpt lat="36.5979750" lon="-4.6322720">
    <ele>383.0</ele>
   </trkpt>
   <trkpt lat="36.5979980" lon="-4.6322600">
    <ele>383.4</ele>
   </trkpt>
   <trkpt lat="36.5980250" lon="-4.6322490">
    <ele>383.8</ele>
   </trkpt>
   <trkpt lat="36.5980500" lon="-4.6322350">
    <ele>384.2</ele>
   </trkpt>
   <trkpt lat="36.5980740" lon="-4.6322240">
    <ele>384.6</ele>
   </trkpt>
   <trkpt lat="36.5980970" lon="-4.6322110">
    <ele>385.2</ele>
   </trkpt>
   <trkpt lat="36.5981200" lon="-4.6321960">
    <ele>385.6</ele>
   </trkpt>
   <trkpt lat="36.5981480" lon="-4.6321820">
    <ele>386.0</ele>
   </trkpt>
   <trkpt lat="36.5981730" lon="-4.6321700">
    <ele>386.4</ele>
   </trkpt>
   <trkpt lat="36.5981980" lon="-4.6321570">
    <ele>387.0</ele>
   </trkpt>
   <trkpt lat="36.5982240" lon="-4.6321440">
    <ele>387.8</ele>
   </trkpt>
   <trkpt lat="36.5982480" lon="-4.6321310">
    <ele>388.4</ele>
   </trkpt>
   <trkpt lat="36.5982700" lon="-4.6321200">
    <ele>389.0</ele>
   </trkpt>
   <trkpt lat="36.5982920" lon="-4.6321050">
    <ele>389.4</ele>
   </trkpt>
   <trkpt lat="36.5983160" lon="-4.6320910">
    <ele>389.8</ele>
   </trkpt>
   <trkpt lat="36.5983380" lon="-4.6320790">
    <ele>390.2</ele>
   </trkpt>
   <trkpt lat="36.5983620" lon="-4.6320650">
    <ele>390.4</ele>
   </trkpt>
   <trkpt lat="36.5983870" lon="-4.6320520">
    <ele>391.0</ele>
   </trkpt>
   <trkpt lat="36.5984120" lon="-4.6320360">
    <ele>391.4</ele>
   </trkpt>
   <trkpt lat="36.5984370" lon="-4.6320240">
    <ele>391.8</ele>
   </trkpt>
   <trkpt lat="36.5984650" lon="-4.6320120">
    <ele>392.2</ele>
   </trkpt>
   <trkpt lat="36.5984860" lon="-4.6320010">
    <ele>392.8</ele>
   </trkpt>
   <trkpt lat="36.5985150" lon="-4.6319900">
    <ele>393.2</ele>
   </trkpt>
   <trkpt lat="36.5985390" lon="-4.6319790">
    <ele>393.8</ele>
   </trkpt>
   <trkpt lat="36.5985660" lon="-4.6319660">
    <ele>394.4</ele>
   </trkpt>
   <trkpt lat="36.5985930" lon="-4.6319510">
    <ele>394.8</ele>
   </trkpt>
   <trkpt lat="36.5986250" lon="-4.6319370">
    <ele>395.4</ele>
   </trkpt>
   <trkpt lat="36.5986540" lon="-4.6319240">
    <ele>396.0</ele>
   </trkpt>
   <trkpt lat="36.5986840" lon="-4.6319130">
    <ele>396.8</ele>
   </trkpt>
   <trkpt lat="36.5987170" lon="-4.6318980">
    <ele>397.4</ele>
   </trkpt>
   <trkpt lat="36.5987450" lon="-4.6318860">
    <ele>398.0</ele>
   </trkpt>
   <trkpt lat="36.5987760" lon="-4.6318730">
    <ele>398.8</ele>
   </trkpt>
   <trkpt lat="36.5988080" lon="-4.6318600">
    <ele>399.2</ele>
   </trkpt>
   <trkpt lat="36.5988370" lon="-4.6318480">
    <ele>399.8</ele>
   </trkpt>
   <trkpt lat="36.5988740" lon="-4.6318330">
    <ele>400.2</ele>
   </trkpt>
   <trkpt lat="36.5989010" lon="-4.6318230">
    <ele>400.6</ele>
   </trkpt>
   <trkpt lat="36.5989370" lon="-4.6318110">
    <ele>401.2</ele>
   </trkpt>
   <trkpt lat="36.5989670" lon="-4.6317990">
    <ele>401.4</ele>
   </trkpt>
   <trkpt lat="36.5990010" lon="-4.6317920">
    <ele>401.6</ele>
   </trkpt>
   <trkpt lat="36.5990370" lon="-4.6317800">
    <ele>401.6</ele>
   </trkpt>
   <trkpt lat="36.5990660" lon="-4.6317690">
    <ele>401.8</ele>
   </trkpt>
   <trkpt lat="36.5991060" lon="-4.6317600">
    <ele>402.0</ele>
   </trkpt>
   <trkpt lat="36.5991340" lon="-4.6317510">
    <ele>402.4</ele>
   </trkpt>
   <trkpt lat="36.5991670" lon="-4.6317380">
    <ele>402.8</ele>
   </trkpt>
   <trkpt lat="36.5991990" lon="-4.6317330">
    <ele>403.2</ele>
   </trkpt>
   <trkpt lat="36.5992360" lon="-4.6317250">
    <ele>403.2</ele>
   </trkpt>
   <trkpt lat="36.5992640" lon="-4.6317170">
    <ele>403.4</ele>
   </trkpt>
   <trkpt lat="36.5992960" lon="-4.6317130">
    <ele>403.8</ele>
   </trkpt>
   <trkpt lat="36.5993290" lon="-4.6317050">
    <ele>403.8</ele>
   </trkpt>
   <trkpt lat="36.5993620" lon="-4.6316930">
    <ele>404.2</ele>
   </trkpt>
   <trkpt lat="36.5993900" lon="-4.6316840">
    <ele>404.2</ele>
   </trkpt>
   <trkpt lat="36.5994190" lon="-4.6316710">
    <ele>404.4</ele>
   </trkpt>
   <trkpt lat="36.5994440" lon="-4.6316570">
    <ele>404.4</ele>
   </trkpt>
   <trkpt lat="36.5994700" lon="-4.6316370">
    <ele>404.6</ele>
   </trkpt>
   <trkpt lat="36.5994950" lon="-4.6316130">
    <ele>404.8</ele>
   </trkpt>
   <trkpt lat="36.5995160" lon="-4.6315930">
    <ele>405.2</ele>
   </trkpt>
   <trkpt lat="36.5995360" lon="-4.6315670">
    <ele>405.4</ele>
   </trkpt>
   <trkpt lat="36.5995550" lon="-4.6315390">
    <ele>405.8</ele>
   </trkpt>
   <trkpt lat="36.5995700" lon="-4.6315070">
    <ele>406.2</ele>
   </trkpt>
   <trkpt lat="36.5995850" lon="-4.6314710">
    <ele>406.4</ele>
   </trkpt>
   <trkpt lat="36.5995970" lon="-4.6314340">
    <ele>406.8</ele>
   </trkpt>
   <trkpt lat="36.5996050" lon="-4.6313920">
    <ele>407.0</ele>
   </trkpt>
   <trkpt lat="36.5996130" lon="-4.6313510">
    <ele>407.4</ele>
   </trkpt>
   <trkpt lat="36.5996200" lon="-4.6313120">
    <ele>407.8</ele>
   </trkpt>
   <trkpt lat="36.5996350" lon="-4.6312710">
    <ele>408.2</ele>
   </trkpt>
   <trkpt lat="36.5996470" lon="-4.6312250">
    <ele>408.6</ele>
   </trkpt>
   <trkpt lat="36.5996620" lon="-4.6311860">
    <ele>409.2</ele>
   </trkpt>
   <trkpt lat="36.5996820" lon="-4.6311430">
    <ele>409.6</ele>
   </trkpt>
   <trkpt lat="36.5996950" lon="-4.6311080">
    <ele>410.2</ele>
   </trkpt>
   <trkpt lat="36.5997180" lon="-4.6310670">
    <ele>410.6</ele>
   </trkpt>
   <trkpt lat="36.5997420" lon="-4.6310250">
    <ele>410.8</ele>
   </trkpt>
   <trkpt lat="36.5997730" lon="-4.6309870">
    <ele>411.2</ele>
   </trkpt>
   <trkpt lat="36.5998020" lon="-4.6309570">
    <ele>411.8</ele>
   </trkpt>
   <trkpt lat="36.5998420" lon="-4.6309270">
    <ele>412.4</ele>
   </trkpt>
   <trkpt lat="36.5998770" lon="-4.6308970">
    <ele>413.2</ele>
   </trkpt>
   <trkpt lat="36.5999200" lon="-4.6308640">
    <ele>413.8</ele>
   </trkpt>
   <trkpt lat="36.5999680" lon="-4.6308350">
    <ele>414.2</ele>
   </trkpt>
   <trkpt lat="36.6000100" lon="-4.6308070">
    <ele>414.4</ele>
   </trkpt>
   <trkpt lat="36.6000640" lon="-4.6307770">
    <ele>414.6</ele>
   </trkpt>
   <trkpt lat="36.6001140" lon="-4.6307500">
    <ele>414.6</ele>
   </trkpt>
   <trkpt lat="36.6001680" lon="-4.6307230">
    <ele>414.6</ele>
   </trkpt>
   <trkpt lat="36.6002240" lon="-4.6307010">
    <ele>414.6</ele>
   </trkpt>
   <trkpt lat="36.6002730" lon="-4.6306870">
    <ele>414.6</ele>
   </trkpt>
   <trkpt lat="36.6003000" lon="-4.6306870">
    <ele>414.6</ele>
   </trkpt>
   <trkpt lat="36.6003350" lon="-4.6306810">
    <ele>414.4</ele>
   </trkpt>
   <trkpt lat="36.6003720" lon="-4.6306740">
    <ele>414.2</ele>
   </trkpt>
   <trkpt lat="36.6004160" lon="-4.6306650">
    <ele>414.2</ele>
   </trkpt>
   <trkpt lat="36.6004700" lon="-4.6306500">
    <ele>414.2</ele>
   </trkpt>
   <trkpt lat="36.6005240" lon="-4.6306390">
    <ele>414.2</ele>
   </trkpt>
   <trkpt lat="36.6005830" lon="-4.6306230">
    <ele>414.2</ele>
   </trkpt>
   <trkpt lat="36.6006470" lon="-4.6306130">
    <ele>414.2</ele>
   </trkpt>
   <trkpt lat="36.6007110" lon="-4.6306040">
    <ele>414.2</ele>
   </trkpt>
   <trkpt lat="36.6007820" lon="-4.6306030">
    <ele>414.0</ele>
   </trkpt>
   <trkpt lat="36.6008450" lon="-4.6306110">
    <ele>414.0</ele>
   </trkpt>
   <trkpt lat="36.6009180" lon="-4.6306270">
    <ele>413.8</ele>
   </trkpt>
   <trkpt lat="36.6009840" lon="-4.6306430">
    <ele>413.8</ele>
   </trkpt>
   <trkpt lat="36.6010660" lon="-4.6306530">
    <ele>414.0</ele>
   </trkpt>
   <trkpt lat="36.6011370" lon="-4.6306530">
    <ele>414.0</ele>
   </trkpt>
   <trkpt lat="36.6012190" lon="-4.6306390">
    <ele>413.8</ele>
   </trkpt>
   <trkpt lat="36.6012950" lon="-4.6306120">
    <ele>413.6</ele>
   </trkpt>
   <trkpt lat="36.6013750" lon="-4.6305690">
    <ele>413.4</ele>
   </trkpt>
   <trkpt lat="36.6014450" lon="-4.6305170">
    <ele>413.6</ele>
   </trkpt>
   <trkpt lat="36.6015060" lon="-4.6304400">
    <ele>413.6</ele>
   </trkpt>
   <trkpt lat="36.6015660" lon="-4.6303610">
    <ele>413.6</ele>
   </trkpt>
   <trkpt lat="36.6016090" lon="-4.6302650">
    <ele>413.6</ele>
   </trkpt>
   <trkpt lat="36.6016480" lon="-4.6301650">
    <ele>413.8</ele>
   </trkpt>
   <trkpt lat="36.6016800" lon="-4.6300640">
    <ele>414.2</ele>
   </trkpt>
   <trkpt lat="36.6017200" lon="-4.6299780">
    <ele>414.4</ele>
   </trkpt>
   <trkpt lat="36.6017670" lon="-4.6298930">
    <ele>414.6</ele>
   </trkpt>
   <trkpt lat="36.6018160" lon="-4.6298200">
    <ele>414.8</ele>
   </trkpt>
   <trkpt lat="36.6018660" lon="-4.6297510">
    <ele>415.2</ele>
   </trkpt>
   <trkpt lat="36.6019110" lon="-4.6296870">
    <ele>415.4</ele>
   </trkpt>
   <trkpt lat="36.6019560" lon="-4.6296180">
    <ele>415.4</ele>
   </trkpt>
   <trkpt lat="36.6019900" lon="-4.6295570">
    <ele>415.6</ele>
   </trkpt>
   <trkpt lat="36.6020230" lon="-4.6294870">
    <ele>416.0</ele>
   </trkpt>
   <trkpt lat="36.6020420" lon="-4.6294210">
    <ele>416.2</ele>
   </trkpt>
   <trkpt lat="36.6020540" lon="-4.6293440">
    <ele>416.0</ele>
   </trkpt>
   <trkpt lat="36.6020580" lon="-4.6292610">
    <ele>415.8</ele>
   </trkpt>
   <trkpt lat="36.6020550" lon="-4.6291710">
    <ele>415.6</ele>
   </trkpt>
   <trkpt lat="36.6020480" lon="-4.6290830">
    <ele>415.4</ele>
   </trkpt>
   <trkpt lat="36.6020360" lon="-4.6289810">
    <ele>415.0</ele>
   </trkpt>
   <trkpt lat="36.6020180" lon="-4.6288890">
    <ele>414.8</ele>
   </trkpt>
   <trkpt lat="36.6019870" lon="-4.6287860">
    <ele>414.6</ele>
   </trkpt>
   <trkpt lat="36.6019460" lon="-4.6286930">
    <ele>414.4</ele>
   </trkpt>
   <trkpt lat="36.6019000" lon="-4.6286000">
    <ele>414.4</ele>
   </trkpt>
   <trkpt lat="36.6018610" lon="-4.6285110">
    <ele>414.4</ele>
   </trkpt>
   <trkpt lat="36.6018240" lon="-4.6283990">
    <ele>414.8</ele>
   </trkpt>
   <trkpt lat="36.6018120" lon="-4.6282920">
    <ele>415.0</ele>
   </trkpt>
   <trkpt lat="36.6018140" lon="-4.6281710">
    <ele>415.2</ele>
   </trkpt>
   <trkpt lat="36.6018180" lon="-4.6280550">
    <ele>415.0</ele>
   </trkpt>
   <trkpt lat="36.6018250" lon="-4.6279300">
    <ele>414.8</ele>
   </trkpt>
   <trkpt lat="36.6018320" lon="-4.6278190">
    <ele>414.6</ele>
   </trkpt>
   <trkpt lat="36.6018400" lon="-4.6276900">
    <ele>414.6</ele>
   </trkpt>
   <trkpt lat="36.6018440" lon="-4.6275680">
    <ele>414.4</ele>
   </trkpt>
   <trkpt lat="36.6018550" lon="-4.6274410">
    <ele>414.2</ele>
   </trkpt>
   <trkpt lat="36.6018630" lon="-4.6273130">
    <ele>413.8</ele>
   </trkpt>
   <trkpt lat="36.6018710" lon="-4.6271820">
    <ele>413.4</ele>
   </trkpt>
   <trkpt lat="36.6018750" lon="-4.6270660">
    <ele>413.2</ele>
   </trkpt>
   <trkpt lat="36.6018830" lon="-4.6269390">
    <ele>413.2</ele>
   </trkpt>
   <trkpt lat="36.6018860" lon="-4.6268340">
    <ele>413.4</ele>
   </trkpt>
   <trkpt lat="36.6018940" lon="-4.6267140">
    <ele>413.6</ele>
   </trkpt>
   <trkpt lat="36.6018980" lon="-4.6266060">
    <ele>413.8</ele>
   </trkpt>
   <trkpt lat="36.6019020" lon="-4.6264880">
    <ele>414.2</ele>
   </trkpt>
   <trkpt lat="36.6019090" lon="-4.6263970">
    <ele>414.6</ele>
   </trkpt>
   <trkpt lat="36.6019170" lon="-4.6262910">
    <ele>415.4</ele>
   </trkpt>
   <trkpt lat="36.6019310" lon="-4.6262070">
    <ele>416.4</ele>
   </trkpt>
   <trkpt lat="36.6019510" lon="-4.6261200">
    <ele>417.2</ele>
   </trkpt>
   <trkpt lat="36.6019760" lon="-4.6260450">
    <ele>418.0</ele>
   </trkpt>
   <trkpt lat="36.6020010" lon="-4.6259590">
    <ele>418.4</ele>
   </trkpt>
   <trkpt lat="36.6020290" lon="-4.6258860">
    <ele>419.0</ele>
   </trkpt>
   <trkpt lat="36.6020610" lon="-4.6258110">
    <ele>419.6</ele>
   </trkpt>
   <trkpt lat="36.6020910" lon="-4.6257380">
    <ele>420.2</ele>
   </trkpt>
   <trkpt lat="36.6021210" lon="-4.6256680">
    <ele>420.8</ele>
   </trkpt>
   <trkpt lat="36.6021550" lon="-4.6255980">
    <ele>421.2</ele>
   </trkpt>
   <trkpt lat="36.6021840" lon="-4.6255250">
    <ele>421.8</ele>
   </trkpt>
   <trkpt lat="36.6022020" lon="-4.6254530">
    <ele>422.4</ele>
   </trkpt>
   <trkpt lat="36.6022210" lon="-4.6253720">
    <ele>422.8</ele>
   </trkpt>
   <trkpt lat="36.6022290" lon="-4.6252880">
    <ele>423.2</ele>
   </trkpt>
   <trkpt lat="36.6022340" lon="-4.6251970">
    <ele>423.4</ele>
   </trkpt>
   <trkpt lat="36.6022340" lon="-4.6251100">
    <ele>423.6</ele>
   </trkpt>
   <trkpt lat="36.6022260" lon="-4.6250110">
    <ele>423.6</ele>
   </trkpt>
   <trkpt lat="36.6022130" lon="-4.6249290">
    <ele>423.6</ele>
   </trkpt>
   <trkpt lat="36.6021960" lon="-4.6248360">
    <ele>423.8</ele>
   </trkpt>
   <trkpt lat="36.6021780" lon="-4.6247410">
    <ele>423.8</ele>
   </trkpt>
   <trkpt lat="36.6021630" lon="-4.6246500">
    <ele>424.0</ele>
   </trkpt>
   <trkpt lat="36.6021510" lon="-4.6245610">
    <ele>424.2</ele>
   </trkpt>
   <trkpt lat="36.6021460" lon="-4.6244750">
    <ele>424.6</ele>
   </trkpt>
   <trkpt lat="36.6021460" lon="-4.6243960">
    <ele>424.8</ele>
   </trkpt>
   <trkpt lat="36.6021530" lon="-4.6243130">
    <ele>425.0</ele>
   </trkpt>
   <trkpt lat="36.6021680" lon="-4.6242370">
    <ele>425.4</ele>
   </trkpt>
   <trkpt lat="36.6021870" lon="-4.6241630">
    <ele>425.6</ele>
   </trkpt>
   <trkpt lat="36.6022090" lon="-4.6240900">
    <ele>425.8</ele>
   </trkpt>
   <trkpt lat="36.6022410" lon="-4.6240140">
    <ele>426.2</ele>
   </trkpt>
   <trkpt lat="36.6022760" lon="-4.6239470">
    <ele>426.4</ele>
   </trkpt>
   <trkpt lat="36.6023150" lon="-4.6238700">
    <ele>426.6</ele>
   </trkpt>
   <trkpt lat="36.6023530" lon="-4.6237950">
    <ele>426.8</ele>
   </trkpt>
   <trkpt lat="36.6023980" lon="-4.6237210">
    <ele>426.8</ele>
   </trkpt>
   <trkpt lat="36.6024510" lon="-4.6236500">
    <ele>426.8</ele>
   </trkpt>
   <trkpt lat="36.6025070" lon="-4.6235810">
    <ele>426.8</ele>
   </trkpt>
   <trkpt lat="36.6025680" lon="-4.6235240">
    <ele>426.8</ele>
   </trkpt>
   <trkpt lat="36.6026310" lon="-4.6234600">
    <ele>427.0</ele>
   </trkpt>
   <trkpt lat="36.6026930" lon="-4.6234020">
    <ele>427.2</ele>
   </trkpt>
   <trkpt lat="36.6027590" lon="-4.6233420">
    <ele>427.4</ele>
   </trkpt>
   <trkpt lat="36.6028200" lon="-4.6232770">
    <ele>427.6</ele>
   </trkpt>
   <trkpt lat="36.6028860" lon="-4.6232080">
    <ele>427.8</ele>
   </trkpt>
   <trkpt lat="36.6029410" lon="-4.6231370">
    <ele>428.2</ele>
   </trkpt>
   <trkpt lat="36.6029890" lon="-4.6230520">
    <ele>428.4</ele>
   </trkpt>
   <trkpt lat="36.6030210" lon="-4.6229570">
    <ele>428.6</ele>
   </trkpt>
   <trkpt lat="36.6030370" lon="-4.6228620">
    <ele>428.8</ele>
   </trkpt>
   <trkpt lat="36.6030460" lon="-4.6227660">
    <ele>429.2</ele>
   </trkpt>
   <trkpt lat="36.6030460" lon="-4.6226730">
    <ele>429.6</ele>
   </trkpt>
   <trkpt lat="36.6030460" lon="-4.6225910">
    <ele>430.0</ele>
   </trkpt>
   <trkpt lat="36.6030460" lon="-4.6225070">
    <ele>430.4</ele>
   </trkpt>
   <trkpt lat="36.6030460" lon="-4.6224290">
    <ele>430.8</ele>
   </trkpt>
   <trkpt lat="36.6030500" lon="-4.6223510">
    <ele>431.4</ele>
   </trkpt>
   <trkpt lat="36.6030470" lon="-4.6222750">
    <ele>431.8</ele>
   </trkpt>
   <trkpt lat="36.6030460" lon="-4.6221990">
    <ele>432.4</ele>
   </trkpt>
   <trkpt lat="36.6030460" lon="-4.6221260">
    <ele>432.8</ele>
   </trkpt>
   <trkpt lat="36.6030540" lon="-4.6220470">
    <ele>433.2</ele>
   </trkpt>
   <trkpt lat="36.6030610" lon="-4.6219700">
    <ele>433.4</ele>
   </trkpt>
   <trkpt lat="36.6030760" lon="-4.6218920">
    <ele>433.8</ele>
   </trkpt>
   <trkpt lat="36.6030980" lon="-4.6218150">
    <ele>434.0</ele>
   </trkpt>
   <trkpt lat="36.6031180" lon="-4.6217310">
    <ele>434.2</ele>
   </trkpt>
   <trkpt lat="36.6031350" lon="-4.6216730">
    <ele>434.4</ele>
   </trkpt>
   <trkpt lat="36.6031630" lon="-4.6215760">
    <ele>434.6</ele>
   </trkpt>
   <trkpt lat="36.6031860" lon="-4.6214970">
    <ele>434.8</ele>
   </trkpt>
   <trkpt lat="36.6032050" lon="-4.6214180">
    <ele>434.8</ele>
   </trkpt>
   <trkpt lat="36.6032240" lon="-4.6213370">
    <ele>435.0</ele>
   </trkpt>
   <trkpt lat="36.6032480" lon="-4.6212560">
    <ele>435.2</ele>
   </trkpt>
   <trkpt lat="36.6032730" lon="-4.6211760">
    <ele>435.4</ele>
   </trkpt>
   <trkpt lat="36.6033120" lon="-4.6210910">
    <ele>435.4</ele>
   </trkpt>
   <trkpt lat="36.6033490" lon="-4.6210020">
    <ele>435.4</ele>
   </trkpt>
   <trkpt lat="36.6033910" lon="-4.6209110">
    <ele>435.4</ele>
   </trkpt>
   <trkpt lat="36.6034400" lon="-4.6208190">
    <ele>435.2</ele>
   </trkpt>
   <trkpt lat="36.6034940" lon="-4.6207240">
    <ele>435.0</ele>
   </trkpt>
   <trkpt lat="36.6035460" lon="-4.6206330">
    <ele>434.8</ele>
   </trkpt>
   <trkpt lat="36.6036040" lon="-4.6205360">
    <ele>434.8</ele>
   </trkpt>
   <trkpt lat="36.6036640" lon="-4.6204460">
    <ele>434.6</ele>
   </trkpt>
   <trkpt lat="36.6037230" lon="-4.6203560">
    <ele>434.6</ele>
   </trkpt>
   <trkpt lat="36.6037850" lon="-4.6202680">
    <ele>434.6</ele>
   </trkpt>
   <trkpt lat="36.6038510" lon="-4.6201730">
    <ele>434.2</ele>
   </trkpt>
   <trkpt lat="36.6039240" lon="-4.6200940">
    <ele>433.6</ele>
   </trkpt>
   <trkpt lat="36.6040140" lon="-4.6200250">
    <ele>432.8</ele>
   </trkpt>
   <trkpt lat="36.6041070" lon="-4.6199830">
    <ele>432.2</ele>
   </trkpt>
   <trkpt lat="36.6042130" lon="-4.6199610">
    <ele>431.6</ele>
   </trkpt>
   <trkpt lat="36.6043210" lon="-4.6199650">
    <ele>430.6</ele>
   </trkpt>
   <trkpt lat="36.6044350" lon="-4.6199890">
    <ele>429.6</ele>
   </trkpt>
   <trkpt lat="36.6045330" lon="-4.6200130">
    <ele>428.6</ele>
   </trkpt>
   <trkpt lat="36.6046210" lon="-4.6199940">
    <ele>428.0</ele>
   </trkpt>
   <trkpt lat="36.6046850" lon="-4.6199360">
    <ele>427.4</ele>
   </trkpt>
   <trkpt lat="36.6047190" lon="-4.6198560">
    <ele>427.2</ele>
   </trkpt>
   <trkpt lat="36.6045660" lon="-4.6196180">
    <ele>426.0</ele>
   </trkpt>
   <trkpt lat="36.6045520" lon="-4.6196040">
    <ele>426.2</ele>
   </trkpt>
   <trkpt lat="36.6045100" lon="-4.6195730">
    <ele>426.2</ele>
   </trkpt>
   <trkpt lat="36.6044590" lon="-4.6195390">
    <ele>426.0</ele>
   </trkpt>
   <trkpt lat="36.6044000" lon="-4.6194960">
    <ele>426.0</ele>
   </trkpt>
   <trkpt lat="36.6043360" lon="-4.6194470">
    <ele>425.8</ele>
   </trkpt>
   <trkpt lat="36.6042690" lon="-4.6193940">
    <ele>425.4</ele>
   </trkpt>
   <trkpt lat="36.6041940" lon="-4.6193370">
    <ele>425.2</ele>
   </trkpt>
   <trkpt lat="36.6041110" lon="-4.6192730">
    <ele>424.8</ele>
   </trkpt>
   <trkpt lat="36.6040300" lon="-4.6192100">
    <ele>424.6</ele>
   </trkpt>
   <trkpt lat="36.6039400" lon="-4.6191440">
    <ele>424.6</ele>
   </trkpt>
   <trkpt lat="36.6038520" lon="-4.6190840">
    <ele>424.4</ele>
   </trkpt>
   <trkpt lat="36.6037570" lon="-4.6190170">
    <ele>424.2</ele>
   </trkpt>
   <trkpt lat="36.6036670" lon="-4.6189550">
    <ele>423.8</ele>
   </trkpt>
   <trkpt lat="36.6035630" lon="-4.6188970">
    <ele>423.6</ele>
   </trkpt>
   <trkpt lat="36.6034570" lon="-4.6188400">
    <ele>423.4</ele>
   </trkpt>
   <trkpt lat="36.6033510" lon="-4.6187820">
    <ele>423.2</ele>
   </trkpt>
   <trkpt lat="36.6032450" lon="-4.6187100">
    <ele>423.0</ele>
   </trkpt>
   <trkpt lat="36.6031380" lon="-4.6186390">
    <ele>422.6</ele>
   </trkpt>
   <trkpt lat="36.6030390" lon="-4.6185380">
    <ele>422.0</ele>
   </trkpt>
   <trkpt lat="36.6029410" lon="-4.6184370">
    <ele>421.4</ele>
   </trkpt>
   <trkpt lat="36.6028420" lon="-4.6183180">
    <ele>420.6</ele>
   </trkpt>
   <trkpt lat="36.6027420" lon="-4.6181990">
    <ele>419.6</ele>
   </trkpt>
   <trkpt lat="36.6026450" lon="-4.6180570">
    <ele>418.6</ele>
   </trkpt>
   <trkpt lat="36.6025480" lon="-4.6179140">
    <ele>417.8</ele>
   </trkpt>
   <trkpt lat="36.6024440" lon="-4.6177770">
    <ele>416.4</ele>
   </trkpt>
   <trkpt lat="36.6023400" lon="-4.6176390">
    <ele>415.2</ele>
   </trkpt>
   <trkpt lat="36.6022190" lon="-4.6175290">
    <ele>413.8</ele>
   </trkpt>
   <trkpt lat="36.6020890" lon="-4.6174340">
    <ele>412.2</ele>
   </trkpt>
   <trkpt lat="36.6019430" lon="-4.6173410">
    <ele>410.6</ele>
   </trkpt>
   <trkpt lat="36.6017950" lon="-4.6172480">
    <ele>409.4</ele>
   </trkpt>
   <trkpt lat="36.6016770" lon="-4.6171730">
    <ele>408.4</ele>
   </trkpt>
   <trkpt lat="36.6015600" lon="-4.6170980">
    <ele>408.0</ele>
   </trkpt>
   <trkpt lat="36.6014730" lon="-4.6169870">
    <ele>407.2</ele>
   </trkpt>
   <trkpt lat="36.6013880" lon="-4.6168750">
    <ele>406.6</ele>
   </trkpt>
   <trkpt lat="36.6013430" lon="-4.6167290">
    <ele>406.0</ele>
   </trkpt>
   <trkpt lat="36.6013400" lon="-4.6165630">
    <ele>405.0</ele>
   </trkpt>
   <trkpt lat="36.6013420" lon="-4.6163950">
    <ele>404.0</ele>
   </trkpt>
   <trkpt lat="36.6013450" lon="-4.6162270">
    <ele>402.6</ele>
   </trkpt>
   <trkpt lat="36.6014080" lon="-4.6160870">
    <ele>401.0</ele>
   </trkpt>
   <trkpt lat="36.6014970" lon="-4.6159550">
    <ele>399.6</ele>
   </trkpt>
   <trkpt lat="36.6015890" lon="-4.6158500">
    <ele>398.6</ele>
   </trkpt>
   <trkpt lat="36.6016630" lon="-4.6157580">
    <ele>397.8</ele>
   </trkpt>
   <trkpt lat="36.6016770" lon="-4.6156590">
    <ele>397.2</ele>
   </trkpt>
   <trkpt lat="36.6016880" lon="-4.6155600">
    <ele>396.4</ele>
   </trkpt>
   <trkpt lat="36.6016390" lon="-4.6154790">
    <ele>395.6</ele>
   </trkpt>
   <trkpt lat="36.6015540" lon="-4.6154330">
    <ele>395.0</ele>
   </trkpt>
   <trkpt lat="36.6014640" lon="-4.6154320">
    <ele>394.2</ele>
   </trkpt>
   <trkpt lat="36.6013610" lon="-4.6154570">
    <ele>393.6</ele>
   </trkpt>
   <trkpt lat="36.6012590" lon="-4.6154750">
    <ele>392.8</ele>
   </trkpt>
   <trkpt lat="36.6011490" lon="-4.6154580">
    <ele>391.8</ele>
   </trkpt>
   <trkpt lat="36.6010490" lon="-4.6153970">
    <ele>390.8</ele>
   </trkpt>
   <trkpt lat="36.6009570" lon="-4.6153030">
    <ele>389.6</ele>
   </trkpt>
   <trkpt lat="36.6008820" lon="-4.6151780">
    <ele>388.4</ele>
   </trkpt>
   <trkpt lat="36.6008140" lon="-4.6150300">
    <ele>387.4</ele>
   </trkpt>
   <trkpt lat="36.6007590" lon="-4.6148840">
    <ele>386.0</ele>
   </trkpt>
   <trkpt lat="36.6007030" lon="-4.6147250">
    <ele>384.6</ele>
   </trkpt>
   <trkpt lat="36.6006520" lon="-4.6145980">
    <ele>383.2</ele>
   </trkpt>
   <trkpt lat="36.6005820" lon="-4.6144890">
    <ele>381.8</ele>
   </trkpt>
   <trkpt lat="36.6004930" lon="-4.6144240">
    <ele>380.6</ele>
   </trkpt>
   <trkpt lat="36.6003960" lon="-4.6143900">
    <ele>379.6</ele>
   </trkpt>
   <trkpt lat="36.6003060" lon="-4.6143630">
    <ele>378.6</ele>
   </trkpt>
   <trkpt lat="36.6002070" lon="-4.6143210">
    <ele>377.6</ele>
   </trkpt>
   <trkpt lat="36.6001210" lon="-4.6142590">
    <ele>376.8</ele>
   </trkpt>
   <trkpt lat="36.6000330" lon="-4.6141700">
    <ele>375.6</ele>
   </trkpt>
   <trkpt lat="36.5999520" lon="-4.6140550">
    <ele>374.4</ele>
   </trkpt>
   <trkpt lat="36.5998670" lon="-4.6139260">
    <ele>373.2</ele>
   </trkpt>
   <trkpt lat="36.5997790" lon="-4.6137890">
    <ele>371.6</ele>
   </trkpt>
   <trkpt lat="36.5996760" lon="-4.6136340">
    <ele>369.8</ele>
   </trkpt>
   <trkpt lat="36.5995720" lon="-4.6134870">
    <ele>367.8</ele>
   </trkpt>
   <trkpt lat="36.5994620" lon="-4.6133320">
    <ele>365.8</ele>
   </trkpt>
   <trkpt lat="36.5993510" lon="-4.6131650">
    <ele>364.0</ele>
   </trkpt>
   <trkpt lat="36.5992320" lon="-4.6129880">
    <ele>362.2</ele>
   </trkpt>
   <trkpt lat="36.5991230" lon="-4.6128290">
    <ele>360.4</ele>
   </trkpt>
   <trkpt lat="36.5990110" lon="-4.6126550">
    <ele>358.6</ele>
   </trkpt>
   <trkpt lat="36.5989210" lon="-4.6124800">
    <ele>357.2</ele>
   </trkpt>
   <trkpt lat="36.5988540" lon="-4.6123160">
    <ele>355.6</ele>
   </trkpt>
   <trkpt lat="36.5988230" lon="-4.6121630">
    <ele>354.4</ele>
   </trkpt>
   <trkpt lat="36.5988230" lon="-4.6120180">
    <ele>353.4</ele>
   </trkpt>
   <trkpt lat="36.5988070" lon="-4.6119200">
    <ele>352.4</ele>
   </trkpt>
   <trkpt lat="36.5987410" lon="-4.6118590">
    <ele>351.6</ele>
   </trkpt>
   <trkpt lat="36.5986660" lon="-4.6118030">
    <ele>351.0</ele>
   </trkpt>
   <trkpt lat="36.5985760" lon="-4.6118160">
    <ele>350.2</ele>
   </trkpt>
   <trkpt lat="36.5984790" lon="-4.6118600">
    <ele>349.4</ele>
   </trkpt>
   <trkpt lat="36.5983650" lon="-4.6119120">
    <ele>348.4</ele>
   </trkpt>
   <trkpt lat="36.5982580" lon="-4.6119510">
    <ele>347.4</ele>
   </trkpt>
   <trkpt lat="36.5981340" lon="-4.6119710">
    <ele>346.4</ele>
   </trkpt>
   <trkpt lat="36.5980140" lon="-4.6119660">
    <ele>345.6</ele>
   </trkpt>
   <trkpt lat="36.5978930" lon="-4.6119240">
    <ele>345.0</ele>
   </trkpt>
   <trkpt lat="36.5977840" lon="-4.6118460">
    <ele>344.2</ele>
   </trkpt>
   <trkpt lat="36.5976770" lon="-4.6117290">
    <ele>343.6</ele>
   </trkpt>
   <trkpt lat="36.5975920" lon="-4.6116180">
    <ele>342.8</ele>
   </trkpt>
   <trkpt lat="36.5974980" lon="-4.6114980">
    <ele>342.4</ele>
   </trkpt>
   <trkpt lat="36.5973990" lon="-4.6113790">
    <ele>342.0</ele>
   </trkpt>
   <trkpt lat="36.5973000" lon="-4.6112530">
    <ele>341.6</ele>
   </trkpt>
   <trkpt lat="36.5971970" lon="-4.6111220">
    <ele>341.0</ele>
   </trkpt>
   <trkpt lat="36.5970790" lon="-4.6109810">
    <ele>340.2</ele>
   </trkpt>
   <trkpt lat="36.5969760" lon="-4.6108650">
    <ele>339.0</ele>
   </trkpt>
   <trkpt lat="36.5968620" lon="-4.6107330">
    <ele>337.8</ele>
   </trkpt>
   <trkpt lat="36.5967460" lon="-4.6106000">
    <ele>336.6</ele>
   </trkpt>
   <trkpt lat="36.5966450" lon="-4.6104380">
    <ele>335.6</ele>
   </trkpt>
   <trkpt lat="36.5965800" lon="-4.6102760">
    <ele>334.2</ele>
   </trkpt>
   <trkpt lat="36.5965320" lon="-4.6100930">
    <ele>333.0</ele>
   </trkpt>
   <trkpt lat="36.5965170" lon="-4.6099260">
    <ele>331.8</ele>
   </trkpt>
   <trkpt lat="36.5965350" lon="-4.6097400">
    <ele>330.4</ele>
   </trkpt>
   <trkpt lat="36.5965590" lon="-4.6096040">
    <ele>328.8</ele>
   </trkpt>
   <trkpt lat="36.5965480" lon="-4.6094560">
    <ele>327.2</ele>
   </trkpt>
   <trkpt lat="36.5964960" lon="-4.6093180">
    <ele>325.8</ele>
   </trkpt>
   <trkpt lat="36.5964020" lon="-4.6091910">
    <ele>324.4</ele>
   </trkpt>
   <trkpt lat="36.5962960" lon="-4.6091050">
    <ele>322.8</ele>
   </trkpt>
   <trkpt lat="36.5961550" lon="-4.6090310">
    <ele>321.6</ele>
   </trkpt>
   <trkpt lat="36.5960450" lon="-4.6089860">
    <ele>320.6</ele>
   </trkpt>
   <trkpt lat="36.5959330" lon="-4.6089070">
    <ele>319.4</ele>
   </trkpt>
   <trkpt lat="36.5958370" lon="-4.6087940">
    <ele>318.2</ele>
   </trkpt>
   <trkpt lat="36.5957450" lon="-4.6086250">
    <ele>316.4</ele>
   </trkpt>
   <trkpt lat="36.5956770" lon="-4.6084760">
    <ele>314.4</ele>
   </trkpt>
   <trkpt lat="36.5955870" lon="-4.6082930">
    <ele>312.6</ele>
   </trkpt>
   <trkpt lat="36.5955000" lon="-4.6081380">
    <ele>310.6</ele>
   </trkpt>
   <trkpt lat="36.5953980" lon="-4.6079740">
    <ele>308.4</ele>
   </trkpt>
   <trkpt lat="36.5952970" lon="-4.6078250">
    <ele>306.4</ele>
   </trkpt>
   <trkpt lat="36.5951620" lon="-4.6076700">
    <ele>304.6</ele>
   </trkpt>
   <trkpt lat="36.5950480" lon="-4.6075620">
    <ele>302.4</ele>
   </trkpt>
   <trkpt lat="36.5948980" lon="-4.6074470">
    <ele>300.0</ele>
   </trkpt>
   <trkpt lat="36.5947490" lon="-4.6073650">
    <ele>297.8</ele>
   </trkpt>
   <trkpt lat="36.5945700" lon="-4.6073030">
    <ele>295.8</ele>
   </trkpt>
   <trkpt lat="36.5943850" lon="-4.6072780">
    <ele>293.4</ele>
   </trkpt>
   <trkpt lat="36.5941920" lon="-4.6072880">
    <ele>290.8</ele>
   </trkpt>
   <trkpt lat="36.5940090" lon="-4.6073190">
    <ele>288.0</ele>
   </trkpt>
   <trkpt lat="36.5938180" lon="-4.6073570">
    <ele>285.4</ele>
   </trkpt>
   <trkpt lat="36.5936370" lon="-4.6074020">
    <ele>283.2</ele>
   </trkpt>
   <trkpt lat="36.5934530" lon="-4.6074500">
    <ele>280.8</ele>
   </trkpt>
   <trkpt lat="36.5932820" lon="-4.6074960">
    <ele>278.6</ele>
   </trkpt>
   <trkpt lat="36.5931050" lon="-4.6075450">
    <ele>276.6</ele>
   </trkpt>
   <trkpt lat="36.5929700" lon="-4.6075800">
    <ele>275.2</ele>
   </trkpt>
   <trkpt lat="36.5928300" lon="-4.6076250">
    <ele>274.4</ele>
   </trkpt>
   <trkpt lat="36.5927210" lon="-4.6076830">
    <ele>273.6</ele>
   </trkpt>
   <trkpt lat="36.5926070" lon="-4.6077400">
    <ele>272.8</ele>
   </trkpt>
   <trkpt lat="36.5925040" lon="-4.6077570">
    <ele>272.0</ele>
   </trkpt>
   <trkpt lat="36.5923930" lon="-4.6077190">
    <ele>271.4</ele>
   </trkpt>
   <trkpt lat="36.5923010" lon="-4.6076410">
    <ele>270.6</ele>
   </trkpt>
   <trkpt lat="36.5921990" lon="-4.6075480">
    <ele>270.0</ele>
   </trkpt>
   <trkpt lat="36.5920910" lon="-4.6074650">
    <ele>269.4</ele>
   </trkpt>
   <trkpt lat="36.5919760" lon="-4.6073830">
    <ele>268.6</ele>
   </trkpt>
   <trkpt lat="36.5918500" lon="-4.6072890">
    <ele>267.6</ele>
   </trkpt>
   <trkpt lat="36.5917160" lon="-4.6071800">
    <ele>266.4</ele>
   </trkpt>
   <trkpt lat="36.5915930" lon="-4.6070740">
    <ele>265.2</ele>
   </trkpt>
   <trkpt lat="36.5914560" lon="-4.6069390">
    <ele>264.2</ele>
   </trkpt>
   <trkpt lat="36.5913490" lon="-4.6068170">
    <ele>262.8</ele>
   </trkpt>
   <trkpt lat="36.5912190" lon="-4.6066560">
    <ele>261.6</ele>
   </trkpt>
   <trkpt lat="36.5911070" lon="-4.6065110">
    <ele>260.4</ele>
   </trkpt>
   <trkpt lat="36.5909900" lon="-4.6063450">
    <ele>259.8</ele>
   </trkpt>
   <trkpt lat="36.5908890" lon="-4.6062190">
    <ele>259.6</ele>
   </trkpt>
   <trkpt lat="36.5907830" lon="-4.6061000">
    <ele>259.2</ele>
   </trkpt>
   <trkpt lat="36.5906990" lon="-4.6060050">
    <ele>259.2</ele>
   </trkpt>
   <trkpt lat="36.5906330" lon="-4.6058830">
    <ele>259.0</ele>
   </trkpt>
   <trkpt lat="36.5906060" lon="-4.6057540">
    <ele>258.8</ele>
   </trkpt>
   <trkpt lat="36.5906070" lon="-4.6055990">
    <ele>258.8</ele>
   </trkpt>
   <trkpt lat="36.5905930" lon="-4.6054680">
    <ele>258.8</ele>
   </trkpt>
   <trkpt lat="36.5905420" lon="-4.6053210">
    <ele>259.0</ele>
   </trkpt>
   <trkpt lat="36.5904790" lon="-4.6052110">
    <ele>259.4</ele>
   </trkpt>
   <trkpt lat="36.5903990" lon="-4.6051030">
    <ele>259.8</ele>
   </trkpt>
   <trkpt lat="36.5903220" lon="-4.6050030">
    <ele>259.8</ele>
   </trkpt>
   <trkpt lat="36.5902330" lon="-4.6049020">
    <ele>260.2</ele>
   </trkpt>
   <trkpt lat="36.5901410" lon="-4.6048330">
    <ele>260.4</ele>
   </trkpt>
   <trkpt lat="36.5900420" lon="-4.6047610">
    <ele>260.4</ele>
   </trkpt>
   <trkpt lat="36.5899410" lon="-4.6046870">
    <ele>260.2</ele>
   </trkpt>
   <trkpt lat="36.5898420" lon="-4.6046050">
    <ele>260.4</ele>
   </trkpt>
   <trkpt lat="36.5897460" lon="-4.6045240">
    <ele>260.2</ele>
   </trkpt>
   <trkpt lat="36.5896450" lon="-4.6044330">
    <ele>260.0</ele>
   </trkpt>
   <trkpt lat="36.5895580" lon="-4.6043530">
    <ele>260.0</ele>
   </trkpt>
   <trkpt lat="36.5894620" lon="-4.6042580">
    <ele>259.8</ele>
   </trkpt>
   <trkpt lat="36.5893640" lon="-4.6041620">
    <ele>259.4</ele>
   </trkpt>
   <trkpt lat="36.5892710" lon="-4.6040710">
    <ele>259.0</ele>
   </trkpt>
   <trkpt lat="36.5891980" lon="-4.6039970">
    <ele>258.8</ele>
   </trkpt>
   <trkpt lat="36.5891540" lon="-4.6039100">
    <ele>258.4</ele>
   </trkpt>
   <trkpt lat="36.5891500" lon="-4.6038290">
    <ele>258.2</ele>
   </trkpt>
   <trkpt lat="36.5891780" lon="-4.6037460">
    <ele>257.8</ele>
   </trkpt>
   <trkpt lat="36.5892360" lon="-4.6036990">
    <ele>257.6</ele>
   </trkpt>
   <trkpt lat="36.5893130" lon="-4.6036890">
    <ele>257.2</ele>
   </trkpt>
   <trkpt lat="36.5893970" lon="-4.6037060">
    <ele>256.4</ele>
   </trkpt>
   <trkpt lat="36.5894960" lon="-4.6037400">
    <ele>255.2</ele>
   </trkpt>
   <trkpt lat="36.5895690" lon="-4.6037590">
    <ele>254.2</ele>
   </trkpt>
   <trkpt lat="36.5896460" lon="-4.6037330">
    <ele>253.6</ele>
   </trkpt>
   <trkpt lat="36.5896950" lon="-4.6036620">
    <ele>253.2</ele>
   </trkpt>
   <trkpt lat="36.5897130" lon="-4.6035660">
    <ele>252.6</ele>
   </trkpt>
   <trkpt lat="36.5896860" lon="-4.6034700">
    <ele>252.2</ele>
   </trkpt>
   <trkpt lat="36.5896320" lon="-4.6033780">
    <ele>251.6</ele>
   </trkpt>
   <trkpt lat="36.5895780" lon="-4.6032860">
    <ele>251.0</ele>
   </trkpt>
   <trkpt lat="36.5895110" lon="-4.6031910">
    <ele>250.6</ele>
   </trkpt>
   <trkpt lat="36.5894300" lon="-4.6031340">
    <ele>250.2</ele>
   </trkpt>
   <trkpt lat="36.5893320" lon="-4.6030860">
    <ele>249.8</ele>
   </trkpt>
   <trkpt lat="36.5892320" lon="-4.6030520">
    <ele>249.4</ele>
   </trkpt>
   <trkpt lat="36.5891220" lon="-4.6030160">
    <ele>249.2</ele>
   </trkpt>
   <trkpt lat="36.5890200" lon="-4.6029810">
    <ele>249.0</ele>
   </trkpt>
   <trkpt lat="36.5889070" lon="-4.6029480">
    <ele>248.8</ele>
   </trkpt>
   <trkpt lat="36.5887920" lon="-4.6029160">
    <ele>248.8</ele>
   </trkpt>
   <trkpt lat="36.5886730" lon="-4.6029040">
    <ele>248.6</ele>
   </trkpt>
   <trkpt lat="36.5885510" lon="-4.6029140">
    <ele>248.2</ele>
   </trkpt>
   <trkpt lat="36.5884210" lon="-4.6029500">
    <ele>248.2</ele>
   </trkpt>
   <trkpt lat="36.5883180" lon="-4.6029970">
    <ele>248.2</ele>
   </trkpt>
   <trkpt lat="36.5881940" lon="-4.6030360">
    <ele>248.6</ele>
   </trkpt>
   <trkpt lat="36.5880860" lon="-4.6030340">
    <ele>249.4</ele>
   </trkpt>
   <trkpt lat="36.5879820" lon="-4.6029900">
    <ele>250.4</ele>
   </trkpt>
   <trkpt lat="36.5879000" lon="-4.6029110">
    <ele>251.2</ele>
   </trkpt>
   <trkpt lat="36.5878360" lon="-4.6027920">
    <ele>251.6</ele>
   </trkpt>
   <trkpt lat="36.5878100" lon="-4.6026700">
    <ele>251.6</ele>
   </trkpt>
   <trkpt lat="36.5878070" lon="-4.6025180">
    <ele>251.4</ele>
   </trkpt>
   <trkpt lat="36.5878140" lon="-4.6023790">
    <ele>250.8</ele>
   </trkpt>
   <trkpt lat="36.5878000" lon="-4.6022230">
    <ele>250.2</ele>
   </trkpt>
   <trkpt lat="36.5877640" lon="-4.6020740">
    <ele>249.6</ele>
   </trkpt>
   <trkpt lat="36.5877190" lon="-4.6019240">
    <ele>249.0</ele>
   </trkpt>
   <trkpt lat="36.5876740" lon="-4.6017730">
    <ele>248.2</ele>
   </trkpt>
   <trkpt lat="36.5876340" lon="-4.6016100">
    <ele>247.4</ele>
   </trkpt>
   <trkpt lat="36.5875970" lon="-4.6014480">
    <ele>246.6</ele>
   </trkpt>
   <trkpt lat="36.5875580" lon="-4.6012970">
    <ele>245.8</ele>
   </trkpt>
   <trkpt lat="36.5875170" lon="-4.6011750">
    <ele>244.8</ele>
   </trkpt>
   <trkpt lat="36.5874560" lon="-4.6010750">
    <ele>244.0</ele>
   </trkpt>
   <trkpt lat="36.5873930" lon="-4.6010310">
    <ele>243.2</ele>
   </trkpt>
   <trkpt lat="36.5873360" lon="-4.6009650">
    <ele>242.8</ele>
   </trkpt>
   <trkpt lat="36.5873130" lon="-4.6008850">
    <ele>242.2</ele>
   </trkpt>
   <trkpt lat="36.5873210" lon="-4.6007940">
    <ele>242.0</ele>
   </trkpt>
   <trkpt lat="36.5873570" lon="-4.6007060">
    <ele>241.8</ele>
   </trkpt>
   <trkpt lat="36.5873900" lon="-4.6006030">
    <ele>241.8</ele>
   </trkpt>
   <trkpt lat="36.5873980" lon="-4.6004980">
    <ele>241.6</ele>
   </trkpt>
   <trkpt lat="36.5873840" lon="-4.6003780">
    <ele>241.4</ele>
   </trkpt>
   <trkpt lat="36.5873730" lon="-4.6002580">
    <ele>241.2</ele>
   </trkpt>
   <trkpt lat="36.5873580" lon="-4.6001260">
    <ele>241.0</ele>
   </trkpt>
   <trkpt lat="36.5873430" lon="-4.5999980">
    <ele>240.8</ele>
   </trkpt>
   <trkpt lat="36.5873270" lon="-4.5998570">
    <ele>240.8</ele>
   </trkpt>
   <trkpt lat="36.5873160" lon="-4.5997310">
    <ele>240.6</ele>
   </trkpt>
   <trkpt lat="36.5873070" lon="-4.5995820">
    <ele>240.6</ele>
   </trkpt>
   <trkpt lat="36.5873070" lon="-4.5994420">
    <ele>240.4</ele>
   </trkpt>
   <trkpt lat="36.5873040" lon="-4.5992990">
    <ele>240.0</ele>
   </trkpt>
   <trkpt lat="36.5873130" lon="-4.5991440">
    <ele>239.4</ele>
   </trkpt>
   <trkpt lat="36.5873250" lon="-4.5989820">
    <ele>238.8</ele>
   </trkpt>
   <trkpt lat="36.5873400" lon="-4.5988220">
    <ele>238.2</ele>
   </trkpt>
   <trkpt lat="36.5873560" lon="-4.5986460">
    <ele>237.4</ele>
   </trkpt>
   <trkpt lat="36.5873670" lon="-4.5984810">
    <ele>236.4</ele>
   </trkpt>
   <trkpt lat="36.5873780" lon="-4.5982980">
    <ele>235.4</ele>
   </trkpt>
   <trkpt lat="36.5873900" lon="-4.5981220">
    <ele>234.2</ele>
   </trkpt>
   <trkpt lat="36.5874090" lon="-4.5979290">
    <ele>233.0</ele>
   </trkpt>
   <trkpt lat="36.5874240" lon="-4.5977530">
    <ele>232.0</ele>
   </trkpt>
   <trkpt lat="36.5874390" lon="-4.5975600">
    <ele>231.0</ele>
   </trkpt>
   <trkpt lat="36.5874540" lon="-4.5973830">
    <ele>229.8</ele>
   </trkpt>
   <trkpt lat="36.5874730" lon="-4.5971840">
    <ele>228.4</ele>
   </trkpt>
   <trkpt lat="36.5874890" lon="-4.5969960">
    <ele>227.2</ele>
   </trkpt>
   <trkpt lat="36.5875080" lon="-4.5968010">
    <ele>226.0</ele>
   </trkpt>
   <trkpt lat="36.5875160" lon="-4.5966370">
    <ele>224.8</ele>
   </trkpt>
   <trkpt lat="36.5875200" lon="-4.5964880">
    <ele>224.2</ele>
   </trkpt>
   <trkpt lat="36.5875040" lon="-4.5963610">
    <ele>223.6</ele>
   </trkpt>
   <trkpt lat="36.5874560" lon="-4.5962430">
    <ele>223.0</ele>
   </trkpt>
   <trkpt lat="36.5873880" lon="-4.5961590">
    <ele>222.4</ele>
   </trkpt>
   <trkpt lat="36.5873140" lon="-4.5960790">
    <ele>222.2</ele>
   </trkpt>
   <trkpt lat="36.5872760" lon="-4.5959880">
    <ele>222.0</ele>
   </trkpt>
   <trkpt lat="36.5872660" lon="-4.5958710">
    <ele>221.8</ele>
   </trkpt>
   <trkpt lat="36.5872750" lon="-4.5957540">
    <ele>221.4</ele>
   </trkpt>
   <trkpt lat="36.5872910" lon="-4.5956230">
    <ele>221.0</ele>
   </trkpt>
   <trkpt lat="36.5872950" lon="-4.5954880">
    <ele>220.4</ele>
   </trkpt>
   <trkpt lat="36.5872880" lon="-4.5953380">
    <ele>219.4</ele>
   </trkpt>
   <trkpt lat="36.5872630" lon="-4.5951990">
    <ele>218.4</ele>
   </trkpt>
   <trkpt lat="36.5872320" lon="-4.5950510">
    <ele>217.6</ele>
   </trkpt>
   <trkpt lat="36.5872030" lon="-4.5949140">
    <ele>216.6</ele>
   </trkpt>
   <trkpt lat="36.5871720" lon="-4.5947690">
    <ele>215.8</ele>
   </trkpt>
   <trkpt lat="36.5871350" lon="-4.5946360">
    <ele>215.0</ele>
   </trkpt>
   <trkpt lat="36.5870940" lon="-4.5944880">
    <ele>214.2</ele>
   </trkpt>
   <trkpt lat="36.5870470" lon="-4.5943520">
    <ele>213.8</ele>
   </trkpt>
   <trkpt lat="36.5869850" lon="-4.5942220">
    <ele>213.6</ele>
   </trkpt>
   <trkpt lat="36.5869170" lon="-4.5941020">
    <ele>213.0</ele>
   </trkpt>
   <trkpt lat="36.5868500" lon="-4.5939720">
    <ele>212.4</ele>
   </trkpt>
   <trkpt lat="36.5867750" lon="-4.5938590">
    <ele>212.0</ele>
   </trkpt>
   <trkpt lat="36.5866870" lon="-4.5937600">
    <ele>212.0</ele>
   </trkpt>
   <trkpt lat="36.5865980" lon="-4.5936990">
    <ele>212.0</ele>
   </trkpt>
   <trkpt lat="36.5865040" lon="-4.5936350">
    <ele>212.0</ele>
   </trkpt>
   <trkpt lat="36.5864350" lon="-4.5935620">
    <ele>212.2</ele>
   </trkpt>
   <trkpt lat="36.5863830" lon="-4.5934700">
    <ele>212.4</ele>
   </trkpt>
   <trkpt lat="36.5863480" lon="-4.5933700">
    <ele>212.4</ele>
   </trkpt>
   <trkpt lat="36.5863380" lon="-4.5932600">
    <ele>212.6</ele>
   </trkpt>
   <trkpt lat="36.5863480" lon="-4.5931620">
    <ele>213.0</ele>
   </trkpt>
   <trkpt lat="36.5863900" lon="-4.5930730">
    <ele>213.4</ele>
   </trkpt>
   <trkpt lat="36.5864480" lon="-4.5930260">
    <ele>213.8</ele>
   </trkpt>
   <trkpt lat="36.5865020" lon="-4.5929580">
    <ele>214.0</ele>
   </trkpt>
   <trkpt lat="36.5865380" lon="-4.5928730">
    <ele>214.2</ele>
   </trkpt>
   <trkpt lat="36.5865610" lon="-4.5927770">
    <ele>214.2</ele>
   </trkpt>
   <trkpt lat="36.5865870" lon="-4.5926780">
    <ele>214.2</ele>
   </trkpt>
   <trkpt lat="36.5866110" lon="-4.5925710">
    <ele>214.0</ele>
   </trkpt>
   <trkpt lat="36.5866370" lon="-4.5924700">
    <ele>214.0</ele>
   </trkpt>
   <trkpt lat="36.5866640" lon="-4.5923620">
    <ele>214.0</ele>
   </trkpt>
   <trkpt lat="36.5866940" lon="-4.5922550">
    <ele>214.2</ele>
   </trkpt>
   <trkpt lat="36.5867260" lon="-4.5921440">
    <ele>214.2</ele>
   </trkpt>
   <trkpt lat="36.5867570" lon="-4.5920430">
    <ele>214.2</ele>
   </trkpt>
   <trkpt lat="36.5867920" lon="-4.5919350">
    <ele>214.4</ele>
   </trkpt>
   <trkpt lat="36.5868260" lon="-4.5918260">
    <ele>214.4</ele>
   </trkpt>
   <trkpt lat="36.5868620" lon="-4.5917090">
    <ele>214.6</ele>
   </trkpt>
   <trkpt lat="36.5868930" lon="-4.5915990">
    <ele>214.6</ele>
   </trkpt>
   <trkpt lat="36.5869170" lon="-4.5914760">
    <ele>214.6</ele>
   </trkpt>
   <trkpt lat="36.5869350" lon="-4.5913650">
    <ele>214.6</ele>
   </trkpt>
   <trkpt lat="36.5869540" lon="-4.5912520">
    <ele>214.6</ele>
   </trkpt>
   <trkpt lat="36.5869740" lon="-4.5911350">
    <ele>214.4</ele>
   </trkpt>
   <trkpt lat="36.5869820" lon="-4.5910160">
    <ele>214.2</ele>
   </trkpt>
   <trkpt lat="36.5869900" lon="-4.5908990">
    <ele>214.0</ele>
   </trkpt>
   <trkpt lat="36.5869940" lon="-4.5907650">
    <ele>213.8</ele>
   </trkpt>
   <trkpt lat="36.5869940" lon="-4.5906520">
    <ele>213.6</ele>
   </trkpt>
   <trkpt lat="36.5869900" lon="-4.5905210">
    <ele>213.2</ele>
   </trkpt>
   <trkpt lat="36.5869800" lon="-4.5904000">
    <ele>212.8</ele>
   </trkpt>
   <trkpt lat="36.5869610" lon="-4.5902750">
    <ele>212.2</ele>
   </trkpt>
   <trkpt lat="36.5869330" lon="-4.5901560">
    <ele>211.8</ele>
   </trkpt>
   <trkpt lat="36.5868990" lon="-4.5900330">
    <ele>211.6</ele>
   </trkpt>
   <trkpt lat="36.5868640" lon="-4.5899090">
    <ele>211.4</ele>
   </trkpt>
   <trkpt lat="36.5868280" lon="-4.5897860">
    <ele>211.2</ele>
   </trkpt>
   <trkpt lat="36.5867920" lon="-4.5896730">
    <ele>211.0</ele>
   </trkpt>
   <trkpt lat="36.5867520" lon="-4.5895540">
    <ele>210.8</ele>
   </trkpt>
   <trkpt lat="36.5867160" lon="-4.5894490">
    <ele>210.8</ele>
   </trkpt>
   <trkpt lat="36.5866750" lon="-4.5893430">
    <ele>211.0</ele>
   </trkpt>
   <trkpt lat="36.5866360" lon="-4.5892570">
    <ele>210.8</ele>
   </trkpt>
   <trkpt lat="36.5865770" lon="-4.5891740">
    <ele>210.8</ele>
   </trkpt>
   <trkpt lat="36.5865430" lon="-4.5890830">
    <ele>210.6</ele>
   </trkpt>
   <trkpt lat="36.5865120" lon="-4.5889780">
    <ele>210.6</ele>
   </trkpt>
   <trkpt lat="36.5864760" lon="-4.5888760">
    <ele>210.4</ele>
   </trkpt>
   <trkpt lat="36.5864380" lon="-4.5887660">
    <ele>210.2</ele>
   </trkpt>
   <trkpt lat="36.5864000" lon="-4.5886540">
    <ele>210.2</ele>
   </trkpt>
   <trkpt lat="36.5863630" lon="-4.5885380">
    <ele>210.4</ele>
   </trkpt>
   <trkpt lat="36.5863260" lon="-4.5884300">
    <ele>210.6</ele>
   </trkpt>
   <trkpt lat="36.5862870" lon="-4.5883280">
    <ele>210.4</ele>
   </trkpt>
   <trkpt lat="36.5862430" lon="-4.5882110">
    <ele>210.4</ele>
   </trkpt>
   <trkpt lat="36.5861930" lon="-4.5880950">
    <ele>210.4</ele>
   </trkpt>
   <trkpt lat="36.5861590" lon="-4.5879960">
    <ele>210.6</ele>
   </trkpt>
   <trkpt lat="36.5861160" lon="-4.5878850">
    <ele>210.6</ele>
   </trkpt>
   <trkpt lat="36.5860780" lon="-4.5877780">
    <ele>210.4</ele>
   </trkpt>
   <trkpt lat="36.5860360" lon="-4.5876690">
    <ele>210.2</ele>
   </trkpt>
   <trkpt lat="36.5859940" lon="-4.5875620">
    <ele>210.2</ele>
   </trkpt>
   <trkpt lat="36.5859540" lon="-4.5874520">
    <ele>210.0</ele>
   </trkpt>
   <trkpt lat="36.5859160" lon="-4.5873510">
    <ele>209.4</ele>
   </trkpt>
   <trkpt lat="36.5858760" lon="-4.5872390">
    <ele>208.8</ele>
   </trkpt>
   <trkpt lat="36.5858350" lon="-4.5871280">
    <ele>208.8</ele>
   </trkpt>
   <trkpt lat="36.5857920" lon="-4.5870110">
    <ele>209.2</ele>
   </trkpt>
   <trkpt lat="36.5857510" lon="-4.5868960">
    <ele>209.4</ele>
   </trkpt>
   <trkpt lat="36.5857150" lon="-4.5867730">
    <ele>209.6</ele>
   </trkpt>
   <trkpt lat="36.5856860" lon="-4.5866600">
    <ele>209.8</ele>
   </trkpt>
   <trkpt lat="36.5856670" lon="-4.5865350">
    <ele>210.4</ele>
   </trkpt>
   <trkpt lat="36.5856490" lon="-4.5864070">
    <ele>211.0</ele>
   </trkpt>
   <trkpt lat="36.5856510" lon="-4.5862800">
    <ele>211.6</ele>
   </trkpt>
   <trkpt lat="36.5856580" lon="-4.5861560">
    <ele>212.2</ele>
   </trkpt>
   <trkpt lat="36.5856780" lon="-4.5860240">
    <ele>212.8</ele>
   </trkpt>
   <trkpt lat="36.5857020" lon="-4.5859120">
    <ele>213.4</ele>
   </trkpt>
   <trkpt lat="36.5857450" lon="-4.5857860">
    <ele>214.0</ele>
   </trkpt>
   <trkpt lat="36.5858030" lon="-4.5856820">
    <ele>214.6</ele>
   </trkpt>
   <trkpt lat="36.5858770" lon="-4.5855870">
    <ele>215.2</ele>
   </trkpt>
   <trkpt lat="36.5859560" lon="-4.5855200">
    <ele>215.6</ele>
   </trkpt>
   <trkpt lat="36.5860460" lon="-4.5854650">
    <ele>216.0</ele>
   </trkpt>
   <trkpt lat="36.5861300" lon="-4.5854350">
    <ele>216.6</ele>
   </trkpt>
   <trkpt lat="36.5862190" lon="-4.5854160">
    <ele>217.4</ele>
   </trkpt>
   <trkpt lat="36.5863030" lon="-4.5854170">
    <ele>218.2</ele>
   </trkpt>
   <trkpt lat="36.5863850" lon="-4.5854320">
    <ele>219.0</ele>
   </trkpt>
   <trkpt lat="36.5864600" lon="-4.5854590">
    <ele>219.8</ele>
   </trkpt>
   <trkpt lat="36.5865400" lon="-4.5854920">
    <ele>220.4</ele>
   </trkpt>
   <trkpt lat="36.5866100" lon="-4.5855220">
    <ele>221.0</ele>
   </trkpt>
   <trkpt lat="36.5866800" lon="-4.5855540">
    <ele>221.6</ele>
   </trkpt>
   <trkpt lat="36.5867490" lon="-4.5855860">
    <ele>222.0</ele>
   </trkpt>
   <trkpt lat="36.5868160" lon="-4.5856140">
    <ele>222.6</ele>
   </trkpt>
   <trkpt lat="36.5868890" lon="-4.5856310">
    <ele>223.2</ele>
   </trkpt>
   <trkpt lat="36.5869600" lon="-4.5856270">
    <ele>223.6</ele>
   </trkpt>
   <trkpt lat="36.5870290" lon="-4.5856120">
    <ele>224.0</ele>
   </trkpt>
   <trkpt lat="36.5870980" lon="-4.5855770">
    <ele>224.2</ele>
   </trkpt>
   <trkpt lat="36.5871570" lon="-4.5855220">
    <ele>224.2</ele>
   </trkpt>
   <trkpt lat="36.5872150" lon="-4.5854580">
    <ele>224.2</ele>
   </trkpt>
   <trkpt lat="36.5872680" lon="-4.5853860">
    <ele>224.2</ele>
   </trkpt>
   <trkpt lat="36.5873180" lon="-4.5853020">
    <ele>224.2</ele>
   </trkpt>
   <trkpt lat="36.5873620" lon="-4.5852320">
    <ele>224.2</ele>
   </trkpt>
   <trkpt lat="36.5874110" lon="-4.5851500">
    <ele>224.0</ele>
   </trkpt>
   <trkpt lat="36.5874520" lon="-4.5850760">
    <ele>224.2</ele>
   </trkpt>
   <trkpt lat="36.5874950" lon="-4.5850010">
    <ele>224.2</ele>
   </trkpt>
   <trkpt lat="36.5875290" lon="-4.5849310">
    <ele>224.4</ele>
   </trkpt>
   <trkpt lat="36.5875650" lon="-4.5848590">
    <ele>224.8</ele>
   </trkpt>
   <trkpt lat="36.5875930" lon="-4.5847960">
    <ele>225.2</ele>
   </trkpt>
   <trkpt lat="36.5876220" lon="-4.5847260">
    <ele>225.6</ele>
   </trkpt>
   <trkpt lat="36.5876450" lon="-4.5846590">
    <ele>226.2</ele>
   </trkpt>
   <trkpt lat="36.5876710" lon="-4.5845950">
    <ele>226.8</ele>
   </trkpt>
   <trkpt lat="36.5876970" lon="-4.5845280">
    <ele>227.4</ele>
   </trkpt>
   <trkpt lat="36.5877260" lon="-4.5844590">
    <ele>228.0</ele>
   </trkpt>
   <trkpt lat="36.5877470" lon="-4.5844010">
    <ele>228.8</ele>
   </trkpt>
   <trkpt lat="36.5877750" lon="-4.5843360">
    <ele>229.4</ele>
   </trkpt>
   <trkpt lat="36.5877970" lon="-4.5842770">
    <ele>230.0</ele>
   </trkpt>
   <trkpt lat="36.5878160" lon="-4.5842140">
    <ele>230.4</ele>
   </trkpt>
   <trkpt lat="36.5878390" lon="-4.5841500">
    <ele>231.0</ele>
   </trkpt>
   <trkpt lat="36.5878630" lon="-4.5840850">
    <ele>231.4</ele>
   </trkpt>
   <trkpt lat="36.5878880" lon="-4.5840260">
    <ele>231.8</ele>
   </trkpt>
   <trkpt lat="36.5879160" lon="-4.5839630">
    <ele>232.0</ele>
   </trkpt>
   <trkpt lat="36.5879460" lon="-4.5839060">
    <ele>232.4</ele>
   </trkpt>
   <trkpt lat="36.5879760" lon="-4.5838480">
    <ele>232.6</ele>
   </trkpt>
   <trkpt lat="36.5880020" lon="-4.5837890">
    <ele>232.6</ele>
   </trkpt>
   <trkpt lat="36.5880300" lon="-4.5837250">
    <ele>233.0</ele>
   </trkpt>
   <trkpt lat="36.5880590" lon="-4.5836690">
    <ele>233.6</ele>
   </trkpt>
   <trkpt lat="36.5880860" lon="-4.5836070">
    <ele>234.4</ele>
   </trkpt>
   <trkpt lat="36.5881170" lon="-4.5835470">
    <ele>235.0</ele>
   </trkpt>
   <trkpt lat="36.5881430" lon="-4.5834860">
    <ele>235.4</ele>
   </trkpt>
   <trkpt lat="36.5881740" lon="-4.5834240">
    <ele>236.0</ele>
   </trkpt>
   <trkpt lat="36.5882010" lon="-4.5833620">
    <ele>236.4</ele>
   </trkpt>
   <trkpt lat="36.5882310" lon="-4.5833010">
    <ele>236.8</ele>
   </trkpt>
   <trkpt lat="36.5882600" lon="-4.5832330">
    <ele>237.0</ele>
   </trkpt>
   <trkpt lat="36.5882890" lon="-4.5831780">
    <ele>237.2</ele>
   </trkpt>
   <trkpt lat="36.5883160" lon="-4.5831200">
    <ele>237.6</ele>
   </trkpt>
   <trkpt lat="36.5883430" lon="-4.5830650">
    <ele>237.8</ele>
   </trkpt>
   <trkpt lat="36.5883700" lon="-4.5830130">
    <ele>238.0</ele>
   </trkpt>
   <trkpt lat="36.5883960" lon="-4.5829640">
    <ele>238.4</ele>
   </trkpt>
   <trkpt lat="36.5884240" lon="-4.5829130">
    <ele>238.6</ele>
   </trkpt>
   <trkpt lat="36.5884490" lon="-4.5828710">
    <ele>239.0</ele>
   </trkpt>
   <trkpt lat="36.5884810" lon="-4.5828270">
    <ele>239.4</ele>
   </trkpt>
   <trkpt lat="36.5885030" lon="-4.5827870">
    <ele>240.0</ele>
   </trkpt>
   <trkpt lat="36.5885350" lon="-4.5827430">
    <ele>240.6</ele>
   </trkpt>
   <trkpt lat="36.5885630" lon="-4.5827070">
    <ele>241.4</ele>
   </trkpt>
   <trkpt lat="36.5885980" lon="-4.5826690">
    <ele>242.0</ele>
   </trkpt>
   <trkpt lat="36.5886320" lon="-4.5826310">
    <ele>242.6</ele>
   </trkpt>
   <trkpt lat="36.5886620" lon="-4.5825940">
    <ele>243.0</ele>
   </trkpt>
   <trkpt lat="36.5886960" lon="-4.5825510">
    <ele>243.4</ele>
   </trkpt>
   <trkpt lat="36.5887380" lon="-4.5825050">
    <ele>243.4</ele>
   </trkpt>
   <trkpt lat="36.5887720" lon="-4.5824690">
    <ele>243.6</ele>
   </trkpt>
   <trkpt lat="36.5888110" lon="-4.5824290">
    <ele>243.6</ele>
   </trkpt>
   <trkpt lat="36.5888480" lon="-4.5823900">
    <ele>243.4</ele>
   </trkpt>
   <trkpt lat="36.5888890" lon="-4.5823430">
    <ele>243.4</ele>
   </trkpt>
   <trkpt lat="36.5889290" lon="-4.5823020">
    <ele>243.4</ele>
   </trkpt>
   <trkpt lat="36.5889740" lon="-4.5822550">
    <ele>243.6</ele>
   </trkpt>
   <trkpt lat="36.5890150" lon="-4.5822140">
    <ele>243.8</ele>
   </trkpt>
   <trkpt lat="36.5890580" lon="-4.5821630">
    <ele>244.2</ele>
   </trkpt>
   <trkpt lat="36.5890960" lon="-4.5821070">
    <ele>244.6</ele>
   </trkpt>
   <trkpt lat="36.5891350" lon="-4.5820440">
    <ele>245.2</ele>
   </trkpt>
   <trkpt lat="36.5891730" lon="-4.5819820">
    <ele>245.6</ele>
   </trkpt>
   <trkpt lat="36.5892240" lon="-4.5819270">
    <ele>245.6</ele>
   </trkpt>
   <trkpt lat="36.5892810" lon="-4.5818900">
    <ele>245.8</ele>
   </trkpt>
   <trkpt lat="36.5893440" lon="-4.5818530">
    <ele>246.0</ele>
   </trkpt>
   <trkpt lat="36.5893990" lon="-4.5818070">
    <ele>246.0</ele>
   </trkpt>
   <trkpt lat="36.5894530" lon="-4.5817510">
    <ele>246.0</ele>
   </trkpt>
   <trkpt lat="36.5895060" lon="-4.5816920">
    <ele>246.0</ele>
   </trkpt>
   <trkpt lat="36.5895550" lon="-4.5816270">
    <ele>246.0</ele>
   </trkpt>
   <trkpt lat="36.5895950" lon="-4.5815680">
    <ele>246.2</ele>
   </trkpt>
   <trkpt lat="36.5896360" lon="-4.5815000">
    <ele>246.4</ele>
   </trkpt>
   <trkpt lat="36.5896720" lon="-4.5814410">
    <ele>246.4</ele>
   </trkpt>
   <trkpt lat="36.5897080" lon="-4.5813760">
    <ele>246.4</ele>
   </trkpt>
   <trkpt lat="36.5897410" lon="-4.5813150">
    <ele>246.8</ele>
   </trkpt>
   <trkpt lat="36.5897780" lon="-4.5812490">
    <ele>247.2</ele>
   </trkpt>
   <trkpt lat="36.5898130" lon="-4.5811940">
    <ele>247.6</ele>
   </trkpt>
   <trkpt lat="36.5898500" lon="-4.5811300">
    <ele>247.8</ele>
   </trkpt>
   <trkpt lat="36.5898830" lon="-4.5810740">
    <ele>248.2</ele>
   </trkpt>
   <trkpt lat="36.5899180" lon="-4.5810190">
    <ele>248.6</ele>
   </trkpt>
   <trkpt lat="36.5899480" lon="-4.5809700">
    <ele>249.0</ele>
   </trkpt>
   <trkpt lat="36.5899840" lon="-4.5809140">
    <ele>249.4</ele>
   </trkpt>
   <trkpt lat="36.5900090" lon="-4.5808670">
    <ele>249.8</ele>
   </trkpt>
   <trkpt lat="36.5900410" lon="-4.5808150">
    <ele>250.2</ele>
   </trkpt>
   <trkpt lat="36.5900700" lon="-4.5807720">
    <ele>250.8</ele>
   </trkpt>
   <trkpt lat="36.5900980" lon="-4.5807260">
    <ele>251.2</ele>
   </trkpt>
   <trkpt lat="36.5901270" lon="-4.5806800">
    <ele>251.2</ele>
   </trkpt>
   <trkpt lat="36.5901600" lon="-4.5806330">
    <ele>251.6</ele>
   </trkpt>
   <trkpt lat="36.5901880" lon="-4.5805940">
    <ele>252.0</ele>
   </trkpt>
   <trkpt lat="36.5902200" lon="-4.5805490">
    <ele>252.6</ele>
   </trkpt>
   <trkpt lat="36.5902530" lon="-4.5805050">
    <ele>253.0</ele>
   </trkpt>
   <trkpt lat="36.5902890" lon="-4.5804580">
    <ele>253.4</ele>
   </trkpt>
   <trkpt lat="36.5903220" lon="-4.5804150">
    <ele>253.6</ele>
   </trkpt>
   <trkpt lat="36.5903600" lon="-4.5803730">
    <ele>254.0</ele>
   </trkpt>
   <trkpt lat="36.5903930" lon="-4.5803340">
    <ele>254.6</ele>
   </trkpt>
   <trkpt lat="36.5904300" lon="-4.5802860">
    <ele>255.4</ele>
   </trkpt>
   <trkpt lat="36.5904620" lon="-4.5802460">
    <ele>255.6</ele>
   </trkpt>
   <trkpt lat="36.5904980" lon="-4.5802030">
    <ele>255.8</ele>
   </trkpt>
   <trkpt lat="36.5905310" lon="-4.5801610">
    <ele>256.2</ele>
   </trkpt>
   <trkpt lat="36.5905670" lon="-4.5801100">
    <ele>256.4</ele>
   </trkpt>
   <trkpt lat="36.5905990" lon="-4.5800670">
    <ele>257.0</ele>
   </trkpt>
   <trkpt lat="36.5906400" lon="-4.5800170">
    <ele>257.4</ele>
   </trkpt>
   <trkpt lat="36.5906790" lon="-4.5799700">
    <ele>257.6</ele>
   </trkpt>
   <trkpt lat="36.5907220" lon="-4.5799190">
    <ele>258.0</ele>
   </trkpt>
   <trkpt lat="36.5907630" lon="-4.5798680">
    <ele>258.0</ele>
   </trkpt>
   <trkpt lat="36.5908070" lon="-4.5798140">
    <ele>258.2</ele>
   </trkpt>
   <trkpt lat="36.5908470" lon="-4.5797650">
    <ele>258.2</ele>
   </trkpt>
   <trkpt lat="36.5908940" lon="-4.5797100">
    <ele>258.4</ele>
   </trkpt>
   <trkpt lat="36.5909350" lon="-4.5796570">
    <ele>258.8</ele>
   </trkpt>
   <trkpt lat="36.5909740" lon="-4.5795960">
    <ele>259.2</ele>
   </trkpt>
   <trkpt lat="36.5910170" lon="-4.5795340">
    <ele>259.6</ele>
   </trkpt>
   <trkpt lat="36.5910610" lon="-4.5794630">
    <ele>260.0</ele>
   </trkpt>
   <trkpt lat="36.5911050" lon="-4.5793900">
    <ele>260.0</ele>
   </trkpt>
   <trkpt lat="36.5911500" lon="-4.5793060">
    <ele>260.0</ele>
   </trkpt>
   <trkpt lat="36.5911890" lon="-4.5792250">
    <ele>260.0</ele>
   </trkpt>
   <trkpt lat="36.5912330" lon="-4.5791300">
    <ele>259.8</ele>
   </trkpt>
   <trkpt lat="36.5912690" lon="-4.5790390">
    <ele>259.8</ele>
   </trkpt>
   <trkpt lat="36.5913120" lon="-4.5789250">
    <ele>259.6</ele>
   </trkpt>
   <trkpt lat="36.5913500" lon="-4.5788290">
    <ele>259.2</ele>
   </trkpt>
   <trkpt lat="36.5913940" lon="-4.5787140">
    <ele>258.2</ele>
   </trkpt>
   <trkpt lat="36.5914340" lon="-4.5786100">
    <ele>257.4</ele>
   </trkpt>
   <trkpt lat="36.5914730" lon="-4.5784940">
    <ele>256.8</ele>
   </trkpt>
   <trkpt lat="36.5915140" lon="-4.5783800">
    <ele>256.2</ele>
   </trkpt>
   <trkpt lat="36.5915670" lon="-4.5782570">
    <ele>255.4</ele>
   </trkpt>
   <trkpt lat="36.5916180" lon="-4.5781620">
    <ele>254.8</ele>
   </trkpt>
   <trkpt lat="36.5916920" lon="-4.5780700">
    <ele>254.4</ele>
   </trkpt>
   <trkpt lat="36.5917700" lon="-4.5779780">
    <ele>254.2</ele>
   </trkpt>
   <trkpt lat="36.5918620" lon="-4.5778970">
    <ele>254.2</ele>
   </trkpt>
   <trkpt lat="36.5919440" lon="-4.5778230">
    <ele>254.4</ele>
   </trkpt>
   <trkpt lat="36.5920310" lon="-4.5777390">
    <ele>254.8</ele>
   </trkpt>
   <trkpt lat="36.5921150" lon="-4.5776640">
    <ele>255.2</ele>
   </trkpt>
   <trkpt lat="36.5922050" lon="-4.5775840">
    <ele>255.2</ele>
   </trkpt>
   <trkpt lat="36.5922960" lon="-4.5775040">
    <ele>255.2</ele>
   </trkpt>
   <trkpt lat="36.5923850" lon="-4.5774220">
    <ele>255.2</ele>
   </trkpt>
   <trkpt lat="36.5924750" lon="-4.5773460">
    <ele>255.0</ele>
   </trkpt>
   <trkpt lat="36.5925730" lon="-4.5772620">
    <ele>254.6</ele>
   </trkpt>
   <trkpt lat="36.5926460" lon="-4.5771910">
    <ele>254.2</ele>
   </trkpt>
   <trkpt lat="36.5927330" lon="-4.5771140">
    <ele>254.0</ele>
   </trkpt>
   <trkpt lat="36.5928240" lon="-4.5770350">
    <ele>254.0</ele>
   </trkpt>
   <trkpt lat="36.5929100" lon="-4.5769580">
    <ele>254.0</ele>
   </trkpt>
   <trkpt lat="36.5929900" lon="-4.5768810">
    <ele>254.0</ele>
   </trkpt>
   <trkpt lat="36.5930840" lon="-4.5768000">
    <ele>254.0</ele>
   </trkpt>
   <trkpt lat="36.5931610" lon="-4.5767330">
    <ele>254.2</ele>
   </trkpt>
   <trkpt lat="36.5932370" lon="-4.5766640">
    <ele>254.6</ele>
   </trkpt>
   <trkpt lat="36.5933250" lon="-4.5765880">
    <ele>254.6</ele>
   </trkpt>
   <trkpt lat="36.5934100" lon="-4.5765070">
    <ele>254.8</ele>
   </trkpt>
   <trkpt lat="36.5934830" lon="-4.5764220">
    <ele>254.8</ele>
   </trkpt>
   <trkpt lat="36.5935570" lon="-4.5763140">
    <ele>254.6</ele>
   </trkpt>
   <trkpt lat="36.5936210" lon="-4.5762110">
    <ele>254.2</ele>
   </trkpt>
   <trkpt lat="36.5936930" lon="-4.5760940">
    <ele>253.4</ele>
   </trkpt>
   <trkpt lat="36.5937650" lon="-4.5760020">
    <ele>252.6</ele>
   </trkpt>
   <trkpt lat="36.5938510" lon="-4.5759030">
    <ele>251.8</ele>
   </trkpt>
   <trkpt lat="36.5939390" lon="-4.5758030">
    <ele>251.2</ele>
   </trkpt>
   <trkpt lat="36.5940240" lon="-4.5756810">
    <ele>250.4</ele>
   </trkpt>
   <trkpt lat="36.5940760" lon="-4.5755640">
    <ele>249.6</ele>
   </trkpt>
   <trkpt lat="36.5941160" lon="-4.5754220">
    <ele>248.6</ele>
   </trkpt>
   <trkpt lat="36.5941540" lon="-4.5752760">
    <ele>247.6</ele>
   </trkpt>
   <trkpt lat="36.5941860" lon="-4.5751240">
    <ele>246.6</ele>
   </trkpt>
   <trkpt lat="36.5942340" lon="-4.5749830">
    <ele>245.6</ele>
   </trkpt>
   <trkpt lat="36.5942780" lon="-4.5748400">
    <ele>244.8</ele>
   </trkpt>
   <trkpt lat="36.5943150" lon="-4.5747330">
    <ele>244.0</ele>
   </trkpt>
   <trkpt lat="36.5943670" lon="-4.5746230">
    <ele>243.0</ele>
   </trkpt>
   <trkpt lat="36.5943990" lon="-4.5745180">
    <ele>242.0</ele>
   </trkpt>
   <trkpt lat="36.5944280" lon="-4.5743920">
    <ele>241.6</ele>
   </trkpt>
   <trkpt lat="36.5944390" lon="-4.5742810">
    <ele>240.8</ele>
   </trkpt>
   <trkpt lat="36.5944390" lon="-4.5741480">
    <ele>240.0</ele>
   </trkpt>
   <trkpt lat="36.5944370" lon="-4.5740120">
    <ele>239.2</ele>
   </trkpt>
   <trkpt lat="36.5944480" lon="-4.5738710">
    <ele>238.6</ele>
   </trkpt>
   <trkpt lat="36.5944610" lon="-4.5737300">
    <ele>237.6</ele>
   </trkpt>
   <trkpt lat="36.5944530" lon="-4.5735990">
    <ele>236.8</ele>
   </trkpt>
   <trkpt lat="36.5944210" lon="-4.5734890">
    <ele>235.8</ele>
   </trkpt>
   <trkpt lat="36.5943590" lon="-4.5733860">
    <ele>234.6</ele>
   </trkpt>
   <trkpt lat="36.5942820" lon="-4.5733150">
    <ele>233.6</ele>
   </trkpt>
   <trkpt lat="36.5941730" lon="-4.5732570">
    <ele>232.8</ele>
   </trkpt>
   <trkpt lat="36.5940700" lon="-4.5732160">
    <ele>232.0</ele>
   </trkpt>
   <trkpt lat="36.5939500" lon="-4.5731660">
    <ele>231.0</ele>
   </trkpt>
   <trkpt lat="36.5938400" lon="-4.5731130">
    <ele>230.0</ele>
   </trkpt>
   <trkpt lat="36.5937200" lon="-4.5730370">
    <ele>229.0</ele>
   </trkpt>
   <trkpt lat="36.5936310" lon="-4.5729530">
    <ele>228.4</ele>
   </trkpt>
   <trkpt lat="36.5935250" lon="-4.5728600">
    <ele>227.6</ele>
   </trkpt>
   <trkpt lat="36.5934180" lon="-4.5728150">
    <ele>226.6</ele>
   </trkpt>
   <trkpt lat="36.5932890" lon="-4.5728050">
    <ele>225.4</ele>
   </trkpt>
   <trkpt lat="36.5931680" lon="-4.5728410">
    <ele>224.0</ele>
   </trkpt>
   <trkpt lat="36.5930400" lon="-4.5729240">
    <ele>222.6</ele>
   </trkpt>
   <trkpt lat="36.5929410" lon="-4.5730200">
    <ele>221.4</ele>
   </trkpt>
   <trkpt lat="36.5928300" lon="-4.5731220">
    <ele>220.2</ele>
   </trkpt>
   <trkpt lat="36.5927240" lon="-4.5732010">
    <ele>218.4</ele>
   </trkpt>
   <trkpt lat="36.5925920" lon="-4.5732730">
    <ele>216.6</ele>
   </trkpt>
   <trkpt lat="36.5924680" lon="-4.5733210">
    <ele>214.8</ele>
   </trkpt>
   <trkpt lat="36.5923410" lon="-4.5733630">
    <ele>213.2</ele>
   </trkpt>
   <trkpt lat="36.5922250" lon="-4.5733770">
    <ele>211.8</ele>
   </trkpt>
   <trkpt lat="36.5921030" lon="-4.5733610">
    <ele>210.2</ele>
   </trkpt>
   <trkpt lat="36.5919700" lon="-4.5733250">
    <ele>208.6</ele>
   </trkpt>
   <trkpt lat="36.5918470" lon="-4.5733260">
    <ele>206.8</ele>
   </trkpt>
   <trkpt lat="36.5917290" lon="-4.5733700">
    <ele>204.8</ele>
   </trkpt>
   <trkpt lat="36.5916050" lon="-4.5734530">
    <ele>202.6</ele>
   </trkpt>
   <trkpt lat="36.5914920" lon="-4.5735260">
    <ele>200.6</ele>
   </trkpt>
   <trkpt lat="36.5913530" lon="-4.5735950">
    <ele>198.6</ele>
   </trkpt>
   <trkpt lat="36.5912250" lon="-4.5736500">
    <ele>196.8</ele>
   </trkpt>
   <trkpt lat="36.5910920" lon="-4.5737020">
    <ele>195.2</ele>
   </trkpt>
   <trkpt lat="36.5909890" lon="-4.5737450">
    <ele>194.0</ele>
   </trkpt>
   <trkpt lat="36.5909010" lon="-4.5737690">
    <ele>192.8</ele>
   </trkpt>
   <trkpt lat="36.5908280" lon="-4.5737500">
    <ele>191.4</ele>
   </trkpt>
   <trkpt lat="36.5907580" lon="-4.5736850">
    <ele>190.2</ele>
   </trkpt>
   <trkpt lat="36.5907280" lon="-4.5735930">
    <ele>189.2</ele>
   </trkpt>
   <trkpt lat="36.5907250" lon="-4.5734840">
    <ele>188.4</ele>
   </trkpt>
   <trkpt lat="36.5907220" lon="-4.5733630">
    <ele>187.8</ele>
   </trkpt>
   <trkpt lat="36.5907050" lon="-4.5732600">
    <ele>187.4</ele>
   </trkpt>
   <trkpt lat="36.5906750" lon="-4.5731880">
    <ele>187.2</ele>
   </trkpt>
   <trkpt lat="36.5906540" lon="-4.5731500">
    <ele>186.8</ele>
   </trkpt>
   <trkpt lat="36.5906390" lon="-4.5731320">
    <ele>186.4</ele>
   </trkpt>
   <trkpt lat="36.5906270" lon="-4.5731110">
    <ele>186.0</ele>
   </trkpt>
   <trkpt lat="36.5906090" lon="-4.5730800">
    <ele>185.8</ele>
   </trkpt>
   <trkpt lat="36.5905850" lon="-4.5730350">
    <ele>185.4</ele>
   </trkpt>
   <trkpt lat="36.5905470" lon="-4.5729900">
    <ele>185.2</ele>
   </trkpt>
   <trkpt lat="36.5904820" lon="-4.5729430">
    <ele>184.8</ele>
   </trkpt>
   <trkpt lat="36.5904020" lon="-4.5729360">
    <ele>184.4</ele>
   </trkpt>
   <trkpt lat="36.5903070" lon="-4.5729530">
    <ele>183.6</ele>
   </trkpt>
   <trkpt lat="36.5901990" lon="-4.5729930">
    <ele>182.8</ele>
   </trkpt>
   <trkpt lat="36.5900820" lon="-4.5730410">
    <ele>181.6</ele>
   </trkpt>
   <trkpt lat="36.5899590" lon="-4.5730890">
    <ele>180.4</ele>
   </trkpt>
   <trkpt lat="36.5898160" lon="-4.5731230">
    <ele>179.0</ele>
   </trkpt>
   <trkpt lat="36.5896710" lon="-4.5731270">
    <ele>177.4</ele>
   </trkpt>
   <trkpt lat="36.5895090" lon="-4.5731030">
    <ele>175.4</ele>
   </trkpt>
   <trkpt lat="36.5893520" lon="-4.5730680">
    <ele>173.0</ele>
   </trkpt>
   <trkpt lat="36.5891740" lon="-4.5730310">
    <ele>170.2</ele>
   </trkpt>
   <trkpt lat="36.5890010" lon="-4.5730090">
    <ele>167.6</ele>
   </trkpt>
   <trkpt lat="36.5888080" lon="-4.5729940">
    <ele>165.4</ele>
   </trkpt>
   <trkpt lat="36.5886270" lon="-4.5730010">
    <ele>163.0</ele>
   </trkpt>
   <trkpt lat="36.5884540" lon="-4.5730310">
    <ele>160.8</ele>
   </trkpt>
   <trkpt lat="36.5882850" lon="-4.5730700">
    <ele>158.8</ele>
   </trkpt>
   <trkpt lat="36.5881420" lon="-4.5731090">
    <ele>157.4</ele>
   </trkpt>
   <trkpt lat="36.5880350" lon="-4.5731690">
    <ele>156.0</ele>
   </trkpt>
   <trkpt lat="36.5879460" lon="-4.5732650">
    <ele>154.8</ele>
   </trkpt>
   <trkpt lat="36.5878880" lon="-4.5733900">
    <ele>153.4</ele>
   </trkpt>
   <trkpt lat="36.5878470" lon="-4.5735330">
    <ele>152.4</ele>
   </trkpt>
   <trkpt lat="36.5878110" lon="-4.5736710">
    <ele>151.6</ele>
   </trkpt>
   <trkpt lat="36.5877590" lon="-4.5738210">
    <ele>151.0</ele>
   </trkpt>
   <trkpt lat="36.5876990" lon="-4.5739470">
    <ele>150.4</ele>
   </trkpt>
   <trkpt lat="36.5876060" lon="-4.5740620">
    <ele>150.0</ele>
   </trkpt>
   <trkpt lat="36.5874970" lon="-4.5741370">
    <ele>149.2</ele>
   </trkpt>
   <trkpt lat="36.5873730" lon="-4.5741810">
    <ele>148.2</ele>
   </trkpt>
   <trkpt lat="36.5872490" lon="-4.5742110">
    <ele>147.4</ele>
   </trkpt>
   <trkpt lat="36.5871240" lon="-4.5742600">
    <ele>146.8</ele>
   </trkpt>
   <trkpt lat="36.5870200" lon="-4.5743380">
    <ele>146.2</ele>
   </trkpt>
   <trkpt lat="36.5869140" lon="-4.5744420">
    <ele>145.4</ele>
   </trkpt>
   <trkpt lat="36.5868370" lon="-4.5745600">
    <ele>144.2</ele>
   </trkpt>
   <trkpt lat="36.5867760" lon="-4.5747110">
    <ele>143.2</ele>
   </trkpt>
   <trkpt lat="36.5867200" lon="-4.5748640">
    <ele>142.4</ele>
   </trkpt>
   <trkpt lat="36.5866550" lon="-4.5750180">
    <ele>141.4</ele>
   </trkpt>
   <trkpt lat="36.5865890" lon="-4.5751510">
    <ele>140.4</ele>
   </trkpt>
   <trkpt lat="36.5864980" lon="-4.5752810">
    <ele>139.6</ele>
   </trkpt>
   <trkpt lat="36.5864030" lon="-4.5754120">
    <ele>139.0</ele>
   </trkpt>
   <trkpt lat="36.5863080" lon="-4.5755040">
    <ele>138.4</ele>
   </trkpt>
   <trkpt lat="36.5862100" lon="-4.5755540">
    <ele>137.8</ele>
   </trkpt>
   <trkpt lat="36.5861080" lon="-4.5755640">
    <ele>136.8</ele>
   </trkpt>
   <trkpt lat="36.5860190" lon="-4.5755300">
    <ele>135.8</ele>
   </trkpt>
   <trkpt lat="36.5859360" lon="-4.5754480">
    <ele>134.6</ele>
   </trkpt>
   <trkpt lat="36.5858820" lon="-4.5753300">
    <ele>133.0</ele>
   </trkpt>
   <trkpt lat="36.5858450" lon="-4.5751890">
    <ele>131.6</ele>
   </trkpt>
   <trkpt lat="36.5858080" lon="-4.5750320">
    <ele>130.2</ele>
   </trkpt>
   <trkpt lat="36.5857750" lon="-4.5748610">
    <ele>128.8</ele>
   </trkpt>
   <trkpt lat="36.5857500" lon="-4.5746980">
    <ele>127.0</ele>
   </trkpt>
   <trkpt lat="36.5857150" lon="-4.5745170">
    <ele>125.4</ele>
   </trkpt>
   <trkpt lat="36.5856590" lon="-4.5743570">
    <ele>123.8</ele>
   </trkpt>
   <trkpt lat="36.5856000" lon="-4.5741890">
    <ele>122.4</ele>
   </trkpt>
   <trkpt lat="36.5855550" lon="-4.5740070">
    <ele>120.8</ele>
   </trkpt>
   <trkpt lat="36.5855170" lon="-4.5738150">
    <ele>118.8</ele>
   </trkpt>
   <trkpt lat="36.5854610" lon="-4.5736660">
    <ele>116.8</ele>
   </trkpt>
   <trkpt lat="36.5853640" lon="-4.5734950">
    <ele>115.2</ele>
   </trkpt>
   <trkpt lat="36.5852420" lon="-4.5733600">
    <ele>113.6</ele>
   </trkpt>
   <trkpt lat="36.5851100" lon="-4.5732250">
    <ele>112.0</ele>
   </trkpt>
   <trkpt lat="36.5849890" lon="-4.5730910">
    <ele>110.6</ele>
   </trkpt>
   <trkpt lat="36.5848680" lon="-4.5729610">
    <ele>109.0</ele>
   </trkpt>
   <trkpt lat="36.5847630" lon="-4.5728540">
    <ele>107.8</ele>
   </trkpt>
   <trkpt lat="36.5846460" lon="-4.5727670">
    <ele>106.6</ele>
   </trkpt>
   <trkpt lat="36.5845290" lon="-4.5727280">
    <ele>105.6</ele>
   </trkpt>
   <trkpt lat="36.5843990" lon="-4.5727140">
    <ele>104.6</ele>
   </trkpt>
   <trkpt lat="36.5842880" lon="-4.5727330">
    <ele>103.6</ele>
   </trkpt>
   <trkpt lat="36.5842020" lon="-4.5727820">
    <ele>102.6</ele>
   </trkpt>
   <trkpt lat="36.5841460" lon="-4.5728560">
    <ele>101.6</ele>
   </trkpt>
   <trkpt lat="36.5841270" lon="-4.5729580">
    <ele>100.4</ele>
   </trkpt>
   <trkpt lat="36.5841460" lon="-4.5730640">
    <ele>99.2</ele>
   </trkpt>
   <trkpt lat="36.5841660" lon="-4.5731760">
    <ele>98.0</ele>
   </trkpt>
   <trkpt lat="36.5841670" lon="-4.5732670">
    <ele>96.8</ele>
   </trkpt>
   <trkpt lat="36.5841310" lon="-4.5733450">
    <ele>96.0</ele>
   </trkpt>
   <trkpt lat="36.5840640" lon="-4.5733730">
    <ele>95.2</ele>
   </trkpt>
   <trkpt lat="36.5839860" lon="-4.5733530">
    <ele>94.0</ele>
   </trkpt>
   <trkpt lat="36.5839070" lon="-4.5732900">
    <ele>92.6</ele>
   </trkpt>
   <trkpt lat="36.5838280" lon="-4.5732060">
    <ele>91.4</ele>
   </trkpt>
   <trkpt lat="36.5837340" lon="-4.5731160">
    <ele>90.4</ele>
   </trkpt>
   <trkpt lat="36.5836450" lon="-4.5730570">
    <ele>89.2</ele>
   </trkpt>
   <trkpt lat="36.5835150" lon="-4.5730150">
    <ele>88.2</ele>
   </trkpt>
   <trkpt lat="36.5834050" lon="-4.5730200">
    <ele>87.0</ele>
   </trkpt>
   <trkpt lat="36.5833130" lon="-4.5730680">
    <ele>85.8</ele>
   </trkpt>
   <trkpt lat="36.5832230" lon="-4.5731090">
    <ele>84.6</ele>
   </trkpt>
   <trkpt lat="36.5831340" lon="-4.5731010">
    <ele>83.6</ele>
   </trkpt>
   <trkpt lat="36.5830440" lon="-4.5730440">
    <ele>82.6</ele>
   </trkpt>
   <trkpt lat="36.5829620" lon="-4.5729660">
    <ele>81.8</ele>
   </trkpt>
   <trkpt lat="36.5828610" lon="-4.5728990">
    <ele>80.8</ele>
   </trkpt>
   <trkpt lat="36.5827510" lon="-4.5728540">
    <ele>79.8</ele>
   </trkpt>
   <trkpt lat="36.5826240" lon="-4.5728100">
    <ele>78.6</ele>
   </trkpt>
   <trkpt lat="36.5824940" lon="-4.5727700">
    <ele>77.6</ele>
   </trkpt>
   <trkpt lat="36.5823640" lon="-4.5727250">
    <ele>76.4</ele>
   </trkpt>
   <trkpt lat="36.5822360" lon="-4.5726970">
    <ele>75.2</ele>
   </trkpt>
   <trkpt lat="36.5820940" lon="-4.5726970">
    <ele>74.0</ele>
   </trkpt>
   <trkpt lat="36.5819610" lon="-4.5727170">
    <ele>72.8</ele>
   </trkpt>
   <trkpt lat="36.5818180" lon="-4.5727420">
    <ele>72.0</ele>
   </trkpt>
   <trkpt lat="36.5816860" lon="-4.5727560">
    <ele>71.0</ele>
   </trkpt>
   <trkpt lat="36.5815460" lon="-4.5727420">
    <ele>70.2</ele>
   </trkpt>
   <trkpt lat="36.5814170" lon="-4.5727020">
    <ele>69.0</ele>
   </trkpt>
   <trkpt lat="36.5812830" lon="-4.5726230">
    <ele>67.6</ele>
   </trkpt>
   <trkpt lat="36.5811630" lon="-4.5725270">
    <ele>66.4</ele>
   </trkpt>
   <trkpt lat="36.5810330" lon="-4.5724270">
    <ele>65.2</ele>
   </trkpt>
   <trkpt lat="36.5809020" lon="-4.5723300">
    <ele>64.0</ele>
   </trkpt>
   <trkpt lat="36.5807550" lon="-4.5722350">
    <ele>63.0</ele>
   </trkpt>
   <trkpt lat="36.5806220" lon="-4.5721550">
    <ele>62.2</ele>
   </trkpt>
   <trkpt lat="36.5804650" lon="-4.5720890">
    <ele>61.2</ele>
   </trkpt>
   <trkpt lat="36.5803150" lon="-4.5720590">
    <ele>60.2</ele>
   </trkpt>
   <trkpt lat="36.5801980" lon="-4.5720310">
    <ele>59.2</ele>
   </trkpt>
   <trkpt lat="36.5800550" lon="-4.5719920">
    <ele>58.6</ele>
   </trkpt>
   <trkpt lat="36.5799260" lon="-4.5719980">
    <ele>58.0</ele>
   </trkpt>
   <trkpt lat="36.5798220" lon="-4.5720520">
    <ele>57.4</ele>
   </trkpt>
   <trkpt lat="36.5797090" lon="-4.5721310">
    <ele>56.8</ele>
   </trkpt>
   <trkpt lat="36.5795860" lon="-4.5721840">
    <ele>55.8</ele>
   </trkpt>
   <trkpt lat="36.5794540" lon="-4.5722140">
    <ele>54.8</ele>
   </trkpt>
   <trkpt lat="36.5793190" lon="-4.5722350">
    <ele>53.8</ele>
   </trkpt>
   <trkpt lat="36.5791840" lon="-4.5722520">
    <ele>53.0</ele>
   </trkpt>
   <trkpt lat="36.5790490" lon="-4.5722620">
    <ele>52.0</ele>
   </trkpt>
   <trkpt lat="36.5789140" lon="-4.5722570">
    <ele>51.0</ele>
   </trkpt>
   <trkpt lat="36.5788040" lon="-4.5722400">
    <ele>50.2</ele>
   </trkpt>
   <trkpt lat="36.5787140" lon="-4.5722210">
    <ele>49.6</ele>
   </trkpt>
   <trkpt lat="36.5786450" lon="-4.5722000">
    <ele>49.4</ele>
   </trkpt>
   <trkpt lat="36.5785690" lon="-4.5721670">
    <ele>49.2</ele>
   </trkpt>
   <trkpt lat="36.5784940" lon="-4.5721240">
    <ele>48.8</ele>
   </trkpt>
   <trkpt lat="36.5784500" lon="-4.5720310">
    <ele>48.2</ele>
   </trkpt>
   <trkpt lat="36.5784100" lon="-4.5719310">
    <ele>47.4</ele>
   </trkpt>
   <trkpt lat="36.5784310" lon="-4.5718220">
    <ele>46.6</ele>
   </trkpt>
   <trkpt lat="36.5784900" lon="-4.5717180">
    <ele>45.4</ele>
   </trkpt>
   <trkpt lat="36.5785790" lon="-4.5716260">
    <ele>43.8</ele>
   </trkpt>
   <trkpt lat="36.5786640" lon="-4.5715480">
    <ele>42.2</ele>
   </trkpt>
   <trkpt lat="36.5787450" lon="-4.5714420">
    <ele>40.6</ele>
   </trkpt>
   <trkpt lat="36.5787860" lon="-4.5713080">
    <ele>39.6</ele>
   </trkpt>
   <trkpt lat="36.5787920" lon="-4.5711670">
    <ele>38.6</ele>
   </trkpt>
   <trkpt lat="36.5787680" lon="-4.5710500">
    <ele>37.6</ele>
   </trkpt>
   <trkpt lat="36.5787110" lon="-4.5709650">
    <ele>36.4</ele>
   </trkpt>
   <trkpt lat="36.5786420" lon="-4.5709290">
    <ele>35.4</ele>
   </trkpt>
   <trkpt lat="36.5785520" lon="-4.5709330">
    <ele>34.4</ele>
   </trkpt>
   <trkpt lat="36.5784510" lon="-4.5709600">
    <ele>33.2</ele>
   </trkpt>
   <trkpt lat="36.5783360" lon="-4.5709840">
    <ele>32.0</ele>
   </trkpt>
   <trkpt lat="36.5782150" lon="-4.5709880">
    <ele>31.0</ele>
   </trkpt>
   <trkpt lat="36.5780880" lon="-4.5709940">
    <ele>29.8</ele>
   </trkpt>
   <trkpt lat="36.5779730" lon="-4.5710300">
    <ele>28.8</ele>
   </trkpt>
   <trkpt lat="36.5778690" lon="-4.5711040">
    <ele>27.6</ele>
   </trkpt>
   <trkpt lat="36.5777870" lon="-4.5712190">
    <ele>26.4</ele>
   </trkpt>
   <trkpt lat="36.5777120" lon="-4.5713270">
    <ele>25.2</ele>
   </trkpt>
   <trkpt lat="36.5776360" lon="-4.5714020">
    <ele>23.8</ele>
   </trkpt>
   <trkpt lat="36.5775540" lon="-4.5714510">
    <ele>22.6</ele>
   </trkpt>
   <trkpt lat="36.5774940" lon="-4.5714760">
    <ele>21.6</ele>
   </trkpt>
   <trkpt lat="36.5773890" lon="-4.5714930">
    <ele>18.0</ele>
   </trkpt>
   <trkpt lat="36.5773520" lon="-4.5714830">
    <ele>17.6</ele>
   </trkpt>
   <trkpt lat="36.5773170" lon="-4.5714520">
    <ele>17.6</ele>
   </trkpt>
   <trkpt lat="36.5772990" lon="-4.5713920">
    <ele>17.6</ele>
   </trkpt>
   <trkpt lat="36.5773040" lon="-4.5713220">
    <ele>17.6</ele>
   </trkpt>
   <trkpt lat="36.5773260" lon="-4.5712400">
    <ele>17.4</ele>
   </trkpt>
   <trkpt lat="36.5773520" lon="-4.5711540">
    <ele>17.2</ele>
   </trkpt>
   <trkpt lat="36.5773770" lon="-4.5710760">
    <ele>17.0</ele>
   </trkpt>
   <trkpt lat="36.5774200" lon="-4.5709580">
    <ele>16.4</ele>
   </trkpt>
   <trkpt lat="36.5774500" lon="-4.5708550">
    <ele>15.8</ele>
   </trkpt>
   <trkpt lat="36.5774830" lon="-4.5707410">
    <ele>15.6</ele>
   </trkpt>
   <trkpt lat="36.5775160" lon="-4.5706260">
    <ele>15.4</ele>
   </trkpt>
   <trkpt lat="36.5775550" lon="-4.5705070">
    <ele>15.2</ele>
   </trkpt>
   <trkpt lat="36.5775960" lon="-4.5703890">
    <ele>15.0</ele>
   </trkpt>
   <trkpt lat="36.5776340" lon="-4.5702670">
    <ele>14.6</ele>
   </trkpt>
   <trkpt lat="36.5776680" lon="-4.5701390">
    <ele>14.2</ele>
   </trkpt>
   <trkpt lat="36.5777020" lon="-4.5700110">
    <ele>14.0</ele>
   </trkpt>
   <trkpt lat="36.5777300" lon="-4.5698730">
    <ele>13.6</ele>
   </trkpt>
   <trkpt lat="36.5777530" lon="-4.5697370">
    <ele>13.0</ele>
   </trkpt>
   <trkpt lat="36.5777720" lon="-4.5695960">
    <ele>12.6</ele>
   </trkpt>
   <trkpt lat="36.5777810" lon="-4.5694560">
    <ele>12.0</ele>
   </trkpt>
   <trkpt lat="36.5777920" lon="-4.5693110">
    <ele>11.6</ele>
   </trkpt>
   <trkpt lat="36.5778000" lon="-4.5691720">
    <ele>11.4</ele>
   </trkpt>
   <trkpt lat="36.5778110" lon="-4.5690260">
    <ele>11.0</ele>
   </trkpt>
   <trkpt lat="36.5778190" lon="-4.5688910">
    <ele>10.8</ele>
   </trkpt>
   <trkpt lat="36.5778300" lon="-4.5687470">
    <ele>11.0</ele>
   </trkpt>
   <trkpt lat="36.5778410" lon="-4.5686170">
    <ele>11.2</ele>
   </trkpt>
   <trkpt lat="36.5778560" lon="-4.5684850">
    <ele>11.0</ele>
   </trkpt>
   <trkpt lat="36.5778710" lon="-4.5683530">
    <ele>11.2</ele>
   </trkpt>
   <trkpt lat="36.5778910" lon="-4.5682260">
    <ele>11.2</ele>
   </trkpt>
   <trkpt lat="36.5779090" lon="-4.5681150">
    <ele>11.0</ele>
   </trkpt>
   <trkpt lat="36.5779250" lon="-4.5680000">
    <ele>11.0</ele>
   </trkpt>
   <trkpt lat="36.5779400" lon="-4.5678930">
    <ele>10.8</ele>
   </trkpt>
   <trkpt lat="36.5779580" lon="-4.5677920">
    <ele>10.8</ele>
   </trkpt>
   <trkpt lat="36.5779780" lon="-4.5676900">
    <ele>10.8</ele>
   </trkpt>
   <trkpt lat="36.5779980" lon="-4.5675930">
    <ele>11.0</ele>
   </trkpt>
   <trkpt lat="36.5780160" lon="-4.5675030">
    <ele>11.4</ele>
   </trkpt>
   <trkpt lat="36.5780390" lon="-4.5674150">
    <ele>11.8</ele>
   </trkpt>
   <trkpt lat="36.5780620" lon="-4.5673260">
    <ele>12.4</ele>
   </trkpt>
   <trkpt lat="36.5780920" lon="-4.5672460">
    <ele>13.0</ele>
   </trkpt>
   <trkpt lat="36.5781220" lon="-4.5671680">
    <ele>13.6</ele>
   </trkpt>
   <trkpt lat="36.5781610" lon="-4.5670940">
    <ele>14.2</ele>
   </trkpt>
   <trkpt lat="36.5781970" lon="-4.5670280">
    <ele>14.8</ele>
   </trkpt>
   <trkpt lat="36.5782400" lon="-4.5669620">
    <ele>15.4</ele>
   </trkpt>
   <trkpt lat="36.5782850" lon="-4.5669000">
    <ele>15.8</ele>
   </trkpt>
   <trkpt lat="36.5783290" lon="-4.5668440">
    <ele>16.2</ele>
   </trkpt>
   <trkpt lat="36.5783730" lon="-4.5667850">
    <ele>16.6</ele>
   </trkpt>
   <trkpt lat="36.5784230" lon="-4.5667280">
    <ele>17.0</ele>
   </trkpt>
   <trkpt lat="36.5784650" lon="-4.5666750">
    <ele>17.6</ele>
   </trkpt>
   <trkpt lat="36.5785070" lon="-4.5666220">
    <ele>18.0</ele>
   </trkpt>
   <trkpt lat="36.5785520" lon="-4.5665700">
    <ele>18.4</ele>
   </trkpt>
   <trkpt lat="36.5785990" lon="-4.5665170">
    <ele>18.6</ele>
   </trkpt>
   <trkpt lat="36.5786410" lon="-4.5664650">
    <ele>19.0</ele>
   </trkpt>
   <trkpt lat="36.5786830" lon="-4.5664110">
    <ele>19.4</ele>
   </trkpt>
   <trkpt lat="36.5787190" lon="-4.5663590">
    <ele>19.6</ele>
   </trkpt>
   <trkpt lat="36.5787600" lon="-4.5662950">
    <ele>20.0</ele>
   </trkpt>
   <trkpt lat="36.5787960" lon="-4.5662360">
    <ele>20.4</ele>
   </trkpt>
   <trkpt lat="36.5788350" lon="-4.5661690">
    <ele>21.0</ele>
   </trkpt>
   <trkpt lat="36.5788700" lon="-4.5661030">
    <ele>21.4</ele>
   </trkpt>
   <trkpt lat="36.5789030" lon="-4.5660250">
    <ele>21.8</ele>
   </trkpt>
   <trkpt lat="36.5789310" lon="-4.5659560">
    <ele>22.2</ele>
   </trkpt>
   <trkpt lat="36.5789550" lon="-4.5658780">
    <ele>22.6</ele>
   </trkpt>
   <trkpt lat="36.5789770" lon="-4.5657970">
    <ele>23.0</ele>
   </trkpt>
   <trkpt lat="36.5789970" lon="-4.5657130">
    <ele>23.4</ele>
   </trkpt>
   <trkpt lat="36.5790190" lon="-4.5656250">
    <ele>23.6</ele>
   </trkpt>
   <trkpt lat="36.5790360" lon="-4.5655320">
    <ele>23.8</ele>
   </trkpt>
   <trkpt lat="36.5790400" lon="-4.5654400">
    <ele>24.0</ele>
   </trkpt>
   <trkpt lat="36.5790340" lon="-4.5653430">
    <ele>24.2</ele>
   </trkpt>
   <trkpt lat="36.5790230" lon="-4.5652470">
    <ele>24.4</ele>
   </trkpt>
   <trkpt lat="36.5790110" lon="-4.5651440">
    <ele>24.4</ele>
   </trkpt>
   <trkpt lat="36.5790060" lon="-4.5650390">
    <ele>24.4</ele>
   </trkpt>
   <trkpt lat="36.5790140" lon="-4.5649250">
    <ele>24.4</ele>
   </trkpt>
   <trkpt lat="36.5790270" lon="-4.5648330">
    <ele>24.4</ele>
   </trkpt>
   <trkpt lat="36.5790500" lon="-4.5647290">
    <ele>24.6</ele>
   </trkpt>
   <trkpt lat="36.5790660" lon="-4.5646300">
    <ele>24.8</ele>
   </trkpt>
   <trkpt lat="36.5790570" lon="-4.5645530">
    <ele>24.8</ele>
   </trkpt>
   <trkpt lat="36.5790210" lon="-4.5645060">
    <ele>25.0</ele>
   </trkpt>
   <trkpt lat="36.5789760" lon="-4.5644970">
    <ele>25.0</ele>
   </trkpt>
   <trkpt lat="36.5789310" lon="-4.5645340">
    <ele>24.6</ele>
   </trkpt>
   <trkpt lat="36.5789080" lon="-4.5646080">
    <ele>24.0</ele>
   </trkpt>
   <trkpt lat="36.5789000" lon="-4.5646970">
    <ele>23.2</ele>
   </trkpt>
   <trkpt lat="36.5788920" lon="-4.5647960">
    <ele>22.6</ele>
   </trkpt>
   <trkpt lat="36.5788820" lon="-4.5649070">
    <ele>22.2</ele>
   </trkpt>
   <trkpt lat="36.5788520" lon="-4.5650260">
    <ele>21.6</ele>
   </trkpt>
   <trkpt lat="36.5788150" lon="-4.5651390">
    <ele>20.8</ele>
   </trkpt>
   <trkpt lat="36.5787690" lon="-4.5652630">
    <ele>20.0</ele>
   </trkpt>
   <trkpt lat="36.5787240" lon="-4.5653880">
    <ele>19.0</ele>
   </trkpt>
   <trkpt lat="36.5786750" lon="-4.5655100">
    <ele>18.4</ele>
   </trkpt>
   <trkpt lat="36.5786080" lon="-4.5656230">
    <ele>17.8</ele>
   </trkpt>
   <trkpt lat="36.5785290" lon="-4.5657200">
    <ele>17.2</ele>
   </trkpt>
   <trkpt lat="36.5784430" lon="-4.5658010">
    <ele>16.4</ele>
   </trkpt>
   <trkpt lat="36.5783700" lon="-4.5659010">
    <ele>15.8</ele>
   </trkpt>
   <trkpt lat="36.5783260" lon="-4.5660070">
    <ele>15.2</ele>
   </trkpt>
   <trkpt lat="36.5783230" lon="-4.5661130">
    <ele>14.8</ele>
   </trkpt>
   <trkpt lat="36.5783510" lon="-4.5662040">
    <ele>14.6</ele>
   </trkpt>
   <trkpt lat="36.5784030" lon="-4.5662730">
    <ele>14.8</ele>
   </trkpt>
   <trkpt lat="36.5784580" lon="-4.5663390">
    <ele>15.0</ele>
   </trkpt>
   <trkpt lat="36.5785060" lon="-4.5664210">
    <ele>15.0</ele>
   </trkpt>
   <trkpt lat="36.5785600" lon="-4.5665040">
    <ele>14.8</ele>
   </trkpt>
   <trkpt lat="36.5786200" lon="-4.5665920">
    <ele>14.8</ele>
   </trkpt>
   <trkpt lat="36.5786780" lon="-4.5666790">
    <ele>14.6</ele>
   </trkpt>
   <trkpt lat="36.5787420" lon="-4.5667600">
    <ele>14.6</ele>
   </trkpt>
   <trkpt lat="36.5788060" lon="-4.5668320">
    <ele>14.6</ele>
   </trkpt>
   <trkpt lat="36.5788810" lon="-4.5668850">
    <ele>14.8</ele>
   </trkpt>
   <trkpt lat="36.5789540" lon="-4.5669220">
    <ele>15.0</ele>
   </trkpt>
   <trkpt lat="36.5790230" lon="-4.5669520">
    <ele>15.4</ele>
   </trkpt>
   <trkpt lat="36.5790840" lon="-4.5669890">
    <ele>16.0</ele>
   </trkpt>
   <trkpt lat="36.5789940" lon="-4.5670710">
    <ele>19.4</ele>
   </trkpt>
   <trkpt lat="36.5790320" lon="-4.5670870">
    <ele>19.6</ele>
   </trkpt>
   <trkpt lat="36.5790700" lon="-4.5671020">
    <ele>19.8</ele>
   </trkpt>
   <trkpt lat="36.5791590" lon="-4.5671160">
    <ele>20.0</ele>
   </trkpt>
   <trkpt lat="36.5792160" lon="-4.5671210">
    <ele>20.0</ele>
   </trkpt>
   <trkpt lat="36.5792690" lon="-4.5671250">
    <ele>20.2</ele>
   </trkpt>
   <trkpt lat="36.5793220" lon="-4.5671270">
    <ele>20.4</ele>
   </trkpt>
   <trkpt lat="36.5793620" lon="-4.5671250">
    <ele>20.6</ele>
   </trkpt>
   <trkpt lat="36.5794030" lon="-4.5671250">
    <ele>21.0</ele>
   </trkpt>
   <trkpt lat="36.5794450" lon="-4.5671280">
    <ele>21.4</ele>
   </trkpt>
   <trkpt lat="36.5794870" lon="-4.5671370">
    <ele>21.8</ele>
   </trkpt>
   <trkpt lat="36.5795300" lon="-4.5671460">
    <ele>22.2</ele>
   </trkpt>
   <trkpt lat="36.5795720" lon="-4.5671500">
    <ele>22.4</ele>
   </trkpt>
   <trkpt lat="36.5796140" lon="-4.5671530">
    <ele>22.8</ele>
   </trkpt>
   <trkpt lat="36.5796540" lon="-4.5671550">
    <ele>23.0</ele>
   </trkpt>
   <trkpt lat="36.5796940" lon="-4.5671630">
    <ele>23.4</ele>
   </trkpt>
   <trkpt lat="36.5797360" lon="-4.5671700">
    <ele>23.6</ele>
   </trkpt>
   <trkpt lat="36.5797740" lon="-4.5671740">
    <ele>23.8</ele>
   </trkpt>
   <trkpt lat="36.5798240" lon="-4.5671750">
    <ele>24.0</ele>
   </trkpt>
   <trkpt lat="36.5798670" lon="-4.5671720">
    <ele>24.2</ele>
   </trkpt>
   <trkpt lat="36.5799070" lon="-4.5671690">
    <ele>24.4</ele>
   </trkpt>
   <trkpt lat="36.5799500" lon="-4.5671620">
    <ele>24.6</ele>
   </trkpt>
  </trkseg>
 </trk>
</gpx>
