<?xml version="1.0" encoding="UTF-8"?>
<gpx creator="StravaGPX" version="1.1" xmlns="http://www.topografix.com/GPX/1/1" xmlns:xsi="http://www.w3.org/2001/XMLSchema-instance" xsi:schemaLocation="http://www.topografix.com/GPX/1/1 http://www.topografix.com/GPX/1/1/gpx.xsd">
 <metadata>
  <time>2025-03-29T09:21:04Z</time>
 </metadata>
 <trk>
  <name>St Rémy les chevreuse - Orléans</name>
  <type>cycling</type>
  <trkseg>
   <trkpt lat="48.7032220" lon="2.0707150">
    <ele>81.1</ele>
    <time>2025-03-29T09:21:04Z</time>
   </trkpt>
   <trkpt lat="48.7032240" lon="2.0707150">
    <ele>81.1</ele>
    <time>2025-03-29T09:21:05Z</time>
   </trkpt>
   <trkpt lat="48.7032060" lon="2.0704950">
    <ele>80.9</ele>
    <time>2025-03-29T09:22:47Z</time>
   </trkpt>
   <trkpt lat="48.7031990" lon="2.0704430">
    <ele>80.8</ele>
    <time>2025-03-29T09:22:48Z</time>
   </trkpt>
   <trkpt lat="48.7031890" lon="2.0703860">
    <ele>80.7</ele>
    <time>2025-03-29T09:22:49Z</time>
   </trkpt>
   <trkpt lat="48.7031710" lon="2.0701340">
    <ele>80.3</ele>
    <time>2025-03-29T09:22:54Z</time>
   </trkpt>
   <trkpt lat="48.7031670" lon="2.0700700">
    <ele>80.2</ele>
    <time>2025-03-29T09:22:59Z</time>
   </trkpt>
   <trkpt lat="48.7031680" lon="2.0700720">
    <ele>80.2</ele>
    <time>2025-03-29T09:23:01Z</time>
   </trkpt>
   <trkpt lat="48.7031680" lon="2.0700740">
    <ele>80.2</ele>
    <time>2025-03-29T09:23:02Z</time>
   </trkpt>
   <trkpt lat="48.7031680" lon="2.0700750">
    <ele>80.2</ele>
    <time>2025-03-29T09:23:03Z</time>
   </trkpt>
   <trkpt lat="48.7031460" lon="2.0699040">
    <ele>79.9</ele>
    <time>2025-03-29T09:23:33Z</time>
   </trkpt>
   <trkpt lat="48.7031450" lon="2.0698590">
    <ele>79.8</ele>
    <time>2025-03-29T09:23:34Z</time>
   </trkpt>
   <trkpt lat="48.7031560" lon="2.0696330">
    <ele>79.3</ele>
    <time>2025-03-29T09:23:40Z</time>
   </trkpt>
   <trkpt lat="48.7031570" lon="2.0696070">
    <ele>79.3</ele>
    <time>2025-03-29T09:23:41Z</time>
   </trkpt>
   <trkpt lat="48.7031360" lon="2.0695620">
    <ele>79.2</ele>
    <time>2025-03-29T09:23:43Z</time>
   </trkpt>
   <trkpt lat="48.7031220" lon="2.0695510">
    <ele>79.2</ele>
    <time>2025-03-29T09:23:44Z</time>
   </trkpt>
   <trkpt lat="48.7030610" lon="2.0695620">
    <ele>79.6</ele>
    <time>2025-03-29T09:23:50Z</time>
   </trkpt>
   <trkpt lat="48.7028180" lon="2.0696050">
    <ele>81.1</ele>
    <time>2025-03-29T09:23:59Z</time>
   </trkpt>
   <trkpt lat="48.7027530" lon="2.0696090">
    <ele>81.4</ele>
    <time>2025-03-29T09:24:01Z</time>
   </trkpt>
   <trkpt lat="48.7027180" lon="2.0696090">
    <ele>81.5</ele>
    <time>2025-03-29T09:24:02Z</time>
   </trkpt>
   <trkpt lat="48.7026830" lon="2.0696090">
    <ele>81.6</ele>
    <time>2025-03-29T09:24:03Z</time>
   </trkpt>
   <trkpt lat="48.7026480" lon="2.0696100">
    <ele>81.8</ele>
    <time>2025-03-29T09:24:04Z</time>
   </trkpt>
   <trkpt lat="48.7025410" lon="2.0696220">
    <ele>82.2</ele>
    <time>2025-03-29T09:24:07Z</time>
   </trkpt>
   <trkpt lat="48.7022350" lon="2.0696100">
    <ele>84.3</ele>
    <time>2025-03-29T09:24:16Z</time>
   </trkpt>
   <trkpt lat="48.7021230" lon="2.0696010">
    <ele>85.0</ele>
    <time>2025-03-29T09:24:19Z</time>
   </trkpt>
   <trkpt lat="48.7018760" lon="2.0695910">
    <ele>85.8</ele>
    <time>2025-03-29T09:24:25Z</time>
   </trkpt>
   <trkpt lat="48.7017950" lon="2.0695680">
    <ele>86.2</ele>
    <time>2025-03-29T09:24:27Z</time>
   </trkpt>
   <trkpt lat="48.7017530" lon="2.0695500">
    <ele>86.4</ele>
    <time>2025-03-29T09:24:28Z</time>
   </trkpt>
   <trkpt lat="48.7017100" lon="2.0695320">
    <ele>86.5</ele>
    <time>2025-03-29T09:24:29Z</time>
   </trkpt>
   <trkpt lat="48.7016670" lon="2.0695090">
    <ele>86.7</ele>
    <time>2025-03-29T09:24:30Z</time>
   </trkpt>
   <trkpt lat="48.7016250" lon="2.0694820">
    <ele>86.8</ele>
    <time>2025-03-29T09:24:31Z</time>
   </trkpt>
   <trkpt lat="48.7015810" lon="2.0694570">
    <ele>86.9</ele>
    <time>2025-03-29T09:24:32Z</time>
   </trkpt>
   <trkpt lat="48.7012130" lon="2.0692310">
    <ele>87.8</ele>
    <time>2025-03-29T09:24:40Z</time>
   </trkpt>
   <trkpt lat="48.7009770" lon="2.0690880">
    <ele>88.4</ele>
    <time>2025-03-29T09:24:45Z</time>
   </trkpt>
   <trkpt lat="48.7007770" lon="2.0689630">
    <ele>88.6</ele>
    <time>2025-03-29T09:24:50Z</time>
   </trkpt>
   <trkpt lat="48.7006780" lon="2.0689070">
    <ele>88.9</ele>
    <time>2025-03-29T09:24:53Z</time>
   </trkpt>
   <trkpt lat="48.7006440" lon="2.0688890">
    <ele>89.0</ele>
    <time>2025-03-29T09:24:54Z</time>
   </trkpt>
   <trkpt lat="48.7005760" lon="2.0688520">
    <ele>89.3</ele>
    <time>2025-03-29T09:24:56Z</time>
   </trkpt>
   <trkpt lat="48.7003150" lon="2.0687610">
    <ele>90.5</ele>
    <time>2025-03-29T09:25:04Z</time>
   </trkpt>
   <trkpt lat="48.7000470" lon="2.0687600">
    <ele>92.1</ele>
    <time>2025-03-29T09:25:12Z</time>
   </trkpt>
   <trkpt lat="48.6999820" lon="2.0687640">
    <ele>92.5</ele>
    <time>2025-03-29T09:25:14Z</time>
   </trkpt>
   <trkpt lat="48.6997710" lon="2.0687860">
    <ele>93.8</ele>
    <time>2025-03-29T09:25:21Z</time>
   </trkpt>
   <trkpt lat="48.6994950" lon="2.0687830">
    <ele>95.4</ele>
    <time>2025-03-29T09:25:30Z</time>
   </trkpt>
   <trkpt lat="48.6993180" lon="2.0687000">
    <ele>96.5</ele>
    <time>2025-03-29T09:25:36Z</time>
   </trkpt>
   <trkpt lat="48.6990760" lon="2.0684670">
    <ele>98.1</ele>
    <time>2025-03-29T09:25:45Z</time>
   </trkpt>
   <trkpt lat="48.6988670" lon="2.0682830">
    <ele>99.2</ele>
    <time>2025-03-29T09:25:52Z</time>
   </trkpt>
   <trkpt lat="48.6985970" lon="2.0680400">
    <ele>100.2</ele>
    <time>2025-03-29T09:26:01Z</time>
   </trkpt>
   <trkpt lat="48.6983680" lon="2.0678370">
    <ele>100.7</ele>
    <time>2025-03-29T09:26:09Z</time>
   </trkpt>
   <trkpt lat="48.6981430" lon="2.0676300">
    <ele>100.8</ele>
    <time>2025-03-29T09:26:16Z</time>
   </trkpt>
   <trkpt lat="48.6981070" lon="2.0675970">
    <ele>100.7</ele>
    <time>2025-03-29T09:26:17Z</time>
   </trkpt>
   <trkpt lat="48.6979500" lon="2.0674440">
    <ele>100.4</ele>
    <time>2025-03-29T09:26:21Z</time>
   </trkpt>
   <trkpt lat="48.6977360" lon="2.0672700">
    <ele>99.7</ele>
    <time>2025-03-29T09:26:26Z</time>
   </trkpt>
   <trkpt lat="48.6972740" lon="2.0669500">
    <ele>98.2</ele>
    <time>2025-03-29T09:26:35Z</time>
   </trkpt>
   <trkpt lat="48.6968800" lon="2.0667720">
    <ele>97.3</ele>
    <time>2025-03-29T09:26:42Z</time>
   </trkpt>
   <trkpt lat="48.6968220" lon="2.0667640">
    <ele>97.2</ele>
    <time>2025-03-29T09:26:43Z</time>
   </trkpt>
   <trkpt lat="48.6965820" lon="2.0667760">
    <ele>96.8</ele>
    <time>2025-03-29T09:26:47Z</time>
   </trkpt>
   <trkpt lat="48.6965210" lon="2.0667920">
    <ele>96.7</ele>
    <time>2025-03-29T09:26:48Z</time>
   </trkpt>
   <trkpt lat="48.6963440" lon="2.0668780">
    <ele>96.8</ele>
    <time>2025-03-29T09:26:51Z</time>
   </trkpt>
   <trkpt lat="48.6962830" lon="2.0669180">
    <ele>96.9</ele>
    <time>2025-03-29T09:26:52Z</time>
   </trkpt>
   <trkpt lat="48.6958970" lon="2.0672120">
    <ele>98.5</ele>
    <time>2025-03-29T09:26:59Z</time>
   </trkpt>
   <trkpt lat="48.6956650" lon="2.0673400">
    <ele>100.2</ele>
    <time>2025-03-29T09:27:05Z</time>
   </trkpt>
   <trkpt lat="48.6955950" lon="2.0673550">
    <ele>100.7</ele>
    <time>2025-03-29T09:27:07Z</time>
   </trkpt>
   <trkpt lat="48.6954880" lon="2.0673540">
    <ele>101.5</ele>
    <time>2025-03-29T09:27:10Z</time>
   </trkpt>
   <trkpt lat="48.6952630" lon="2.0672820">
    <ele>103.1</ele>
    <time>2025-03-29T09:27:16Z</time>
   </trkpt>
   <trkpt lat="48.6951860" lon="2.0672490">
    <ele>103.6</ele>
    <time>2025-03-29T09:27:18Z</time>
   </trkpt>
   <trkpt lat="48.6948490" lon="2.0671180">
    <ele>106.1</ele>
    <time>2025-03-29T09:27:27Z</time>
   </trkpt>
   <trkpt lat="48.6948140" lon="2.0671040">
    <ele>106.3</ele>
    <time>2025-03-29T09:27:28Z</time>
   </trkpt>
   <trkpt lat="48.6945370" lon="2.0670430">
    <ele>108.2</ele>
    <time>2025-03-29T09:27:36Z</time>
   </trkpt>
   <trkpt lat="48.6942630" lon="2.0670520">
    <ele>109.8</ele>
    <time>2025-03-29T09:27:44Z</time>
   </trkpt>
   <trkpt lat="48.6940130" lon="2.0671080">
    <ele>111.6</ele>
    <time>2025-03-29T09:27:52Z</time>
   </trkpt>
   <trkpt lat="48.6939270" lon="2.0671630">
    <ele>112.3</ele>
    <time>2025-03-29T09:27:55Z</time>
   </trkpt>
   <trkpt lat="48.6937990" lon="2.0672540">
    <ele>113.3</ele>
    <time>2025-03-29T09:28:00Z</time>
   </trkpt>
   <trkpt lat="48.6936530" lon="2.0673560">
    <ele>114.5</ele>
    <time>2025-03-29T09:28:06Z</time>
   </trkpt>
   <trkpt lat="48.6934740" lon="2.0675220">
    <ele>115.7</ele>
    <time>2025-03-29T09:28:14Z</time>
   </trkpt>
   <trkpt lat="48.6933040" lon="2.0675490">
    <ele>116.4</ele>
    <time>2025-03-29T09:28:20Z</time>
   </trkpt>
   <trkpt lat="48.6930490" lon="2.0675650">
    <ele>117.1</ele>
    <time>2025-03-29T09:28:27Z</time>
   </trkpt>
   <trkpt lat="48.6928070" lon="2.0675550">
    <ele>117.7</ele>
    <time>2025-03-29T09:28:34Z</time>
   </trkpt>
   <trkpt lat="48.6926050" lon="2.0675630">
    <ele>118.1</ele>
    <time>2025-03-29T09:28:39Z</time>
   </trkpt>
   <trkpt lat="48.6924940" lon="2.0675710">
    <ele>118.3</ele>
    <time>2025-03-29T09:28:42Z</time>
   </trkpt>
   <trkpt lat="48.6921490" lon="2.0675370">
    <ele>118.7</ele>
    <time>2025-03-29T09:28:50Z</time>
   </trkpt>
   <trkpt lat="48.6920530" lon="2.0674810">
    <ele>118.7</ele>
    <time>2025-03-29T09:28:52Z</time>
   </trkpt>
   <trkpt lat="48.6920060" lon="2.0674460">
    <ele>118.6</ele>
    <time>2025-03-29T09:28:53Z</time>
   </trkpt>
   <trkpt lat="48.6918280" lon="2.0672310">
    <ele>118.1</ele>
    <time>2025-03-29T09:28:57Z</time>
   </trkpt>
   <trkpt lat="48.6914490" lon="2.0667610">
    <ele>116.2</ele>
    <time>2025-03-29T09:29:04Z</time>
   </trkpt>
   <trkpt lat="48.6910830" lon="2.0663090">
    <ele>114.3</ele>
    <time>2025-03-29T09:29:10Z</time>
   </trkpt>
   <trkpt lat="48.6908340" lon="2.0660190">
    <ele>113.1</ele>
    <time>2025-03-29T09:29:14Z</time>
   </trkpt>
   <trkpt lat="48.6905700" lon="2.0657030">
    <ele>112.1</ele>
    <time>2025-03-29T09:29:18Z</time>
   </trkpt>
   <trkpt lat="48.6902120" lon="2.0650650">
    <ele>110.8</ele>
    <time>2025-03-29T09:29:24Z</time>
   </trkpt>
   <trkpt lat="48.6898760" lon="2.0644950">
    <ele>109.1</ele>
    <time>2025-03-29T09:29:30Z</time>
   </trkpt>
   <trkpt lat="48.6898120" lon="2.0644100">
    <ele>108.6</ele>
    <time>2025-03-29T09:29:31Z</time>
   </trkpt>
   <trkpt lat="48.6896700" lon="2.0642720">
    <ele>107.7</ele>
    <time>2025-03-29T09:29:33Z</time>
   </trkpt>
   <trkpt lat="48.6895860" lon="2.0642210">
    <ele>107.1</ele>
    <time>2025-03-29T09:29:34Z</time>
   </trkpt>
   <trkpt lat="48.6894940" lon="2.0641840">
    <ele>106.5</ele>
    <time>2025-03-29T09:29:35Z</time>
   </trkpt>
   <trkpt lat="48.6893060" lon="2.0641440">
    <ele>105.3</ele>
    <time>2025-03-29T09:29:37Z</time>
   </trkpt>
   <trkpt lat="48.6892100" lon="2.0641490">
    <ele>104.7</ele>
    <time>2025-03-29T09:29:38Z</time>
   </trkpt>
   <trkpt lat="48.6887270" lon="2.0643150">
    <ele>102.5</ele>
    <time>2025-03-29T09:29:43Z</time>
   </trkpt>
   <trkpt lat="48.6886350" lon="2.0643840">
    <ele>102.2</ele>
    <time>2025-03-29T09:29:44Z</time>
   </trkpt>
   <trkpt lat="48.6884630" lon="2.0645650">
    <ele>101.9</ele>
    <time>2025-03-29T09:29:46Z</time>
   </trkpt>
   <trkpt lat="48.6883860" lon="2.0646750">
    <ele>101.8</ele>
    <time>2025-03-29T09:29:47Z</time>
   </trkpt>
   <trkpt lat="48.6883190" lon="2.0648000">
    <ele>101.6</ele>
    <time>2025-03-29T09:29:48Z</time>
   </trkpt>
   <trkpt lat="48.6881220" lon="2.0651520">
    <ele>101.2</ele>
    <time>2025-03-29T09:29:51Z</time>
   </trkpt>
   <trkpt lat="48.6877200" lon="2.0658050">
    <ele>101.4</ele>
    <time>2025-03-29T09:29:58Z</time>
   </trkpt>
   <trkpt lat="48.6876690" lon="2.0658760">
    <ele>101.5</ele>
    <time>2025-03-29T09:29:59Z</time>
   </trkpt>
   <trkpt lat="48.6875210" lon="2.0660450">
    <ele>101.6</ele>
    <time>2025-03-29T09:30:02Z</time>
   </trkpt>
   <trkpt lat="48.6872840" lon="2.0662680">
    <ele>101.9</ele>
    <time>2025-03-29T09:30:07Z</time>
   </trkpt>
   <trkpt lat="48.6872350" lon="2.0663030">
    <ele>102.0</ele>
    <time>2025-03-29T09:30:08Z</time>
   </trkpt>
   <trkpt lat="48.6871320" lon="2.0663610">
    <ele>102.2</ele>
    <time>2025-03-29T09:30:10Z</time>
   </trkpt>
   <trkpt lat="48.6868980" lon="2.0664550">
    <ele>102.5</ele>
    <time>2025-03-29T09:30:15Z</time>
   </trkpt>
   <trkpt lat="48.6868560" lon="2.0664730">
    <ele>102.6</ele>
    <time>2025-03-29T09:30:16Z</time>
   </trkpt>
   <trkpt lat="48.6865760" lon="2.0666240">
    <ele>103.4</ele>
    <time>2025-03-29T09:30:22Z</time>
   </trkpt>
   <trkpt lat="48.6862710" lon="2.0668220">
    <ele>105.0</ele>
    <time>2025-03-29T09:30:29Z</time>
   </trkpt>
   <trkpt lat="48.6862310" lon="2.0668390">
    <ele>105.3</ele>
    <time>2025-03-29T09:30:30Z</time>
   </trkpt>
   <trkpt lat="48.6861880" lon="2.0668580">
    <ele>105.5</ele>
    <time>2025-03-29T09:30:31Z</time>
   </trkpt>
   <trkpt lat="48.6861060" lon="2.0669070">
    <ele>105.9</ele>
    <time>2025-03-29T09:30:33Z</time>
   </trkpt>
   <trkpt lat="48.6859990" lon="2.0669660">
    <ele>106.5</ele>
    <time>2025-03-29T09:30:36Z</time>
   </trkpt>
   <trkpt lat="48.6857480" lon="2.0671190">
    <ele>107.9</ele>
    <time>2025-03-29T09:30:44Z</time>
   </trkpt>
   <trkpt lat="48.6855270" lon="2.0672620">
    <ele>109.2</ele>
    <time>2025-03-29T09:30:52Z</time>
   </trkpt>
   <trkpt lat="48.6853490" lon="2.0674430">
    <ele>110.4</ele>
    <time>2025-03-29T09:30:58Z</time>
   </trkpt>
   <trkpt lat="48.6852440" lon="2.0676000">
    <ele>111.3</ele>
    <time>2025-03-29T09:31:02Z</time>
   </trkpt>
   <trkpt lat="48.6851450" lon="2.0677570">
    <ele>112.1</ele>
    <time>2025-03-29T09:31:06Z</time>
   </trkpt>
   <trkpt lat="48.6851060" lon="2.0678530">
    <ele>112.5</ele>
    <time>2025-03-29T09:31:08Z</time>
   </trkpt>
   <trkpt lat="48.6850050" lon="2.0680630">
    <ele>113.6</ele>
    <time>2025-03-29T09:31:13Z</time>
   </trkpt>
   <trkpt lat="48.6849380" lon="2.0681850">
    <ele>114.2</ele>
    <time>2025-03-29T09:31:16Z</time>
   </trkpt>
   <trkpt lat="48.6847730" lon="2.0684870">
    <ele>115.7</ele>
    <time>2025-03-29T09:31:23Z</time>
   </trkpt>
   <trkpt lat="48.6845810" lon="2.0688050">
    <ele>117.3</ele>
    <time>2025-03-29T09:31:31Z</time>
   </trkpt>
   <trkpt lat="48.6843730" lon="2.0690770">
    <ele>118.8</ele>
    <time>2025-03-29T09:31:39Z</time>
   </trkpt>
   <trkpt lat="48.6841580" lon="2.0693180">
    <ele>120.4</ele>
    <time>2025-03-29T09:31:47Z</time>
   </trkpt>
   <trkpt lat="48.6838960" lon="2.0696380">
    <ele>122.6</ele>
    <time>2025-03-29T09:31:57Z</time>
   </trkpt>
   <trkpt lat="48.6837390" lon="2.0699580">
    <ele>124.5</ele>
    <time>2025-03-29T09:32:05Z</time>
   </trkpt>
   <trkpt lat="48.6835950" lon="2.0703570">
    <ele>126.4</ele>
    <time>2025-03-29T09:32:14Z</time>
   </trkpt>
   <trkpt lat="48.6834550" lon="2.0707600">
    <ele>128.3</ele>
    <time>2025-03-29T09:32:23Z</time>
   </trkpt>
   <trkpt lat="48.6833170" lon="2.0711170">
    <ele>130.0</ele>
    <time>2025-03-29T09:32:31Z</time>
   </trkpt>
   <trkpt lat="48.6832540" lon="2.0713100">
    <ele>130.7</ele>
    <time>2025-03-29T09:32:35Z</time>
   </trkpt>
   <trkpt lat="48.6832020" lon="2.0714530">
    <ele>131.3</ele>
    <time>2025-03-29T09:32:38Z</time>
   </trkpt>
   <trkpt lat="48.6830830" lon="2.0717700">
    <ele>132.8</ele>
    <time>2025-03-29T09:32:45Z</time>
   </trkpt>
   <trkpt lat="48.6830690" lon="2.0718170">
    <ele>133.1</ele>
    <time>2025-03-29T09:32:46Z</time>
   </trkpt>
   <trkpt lat="48.6830380" lon="2.0719120">
    <ele>133.5</ele>
    <time>2025-03-29T09:32:48Z</time>
   </trkpt>
   <trkpt lat="48.6829930" lon="2.0720550">
    <ele>134.2</ele>
    <time>2025-03-29T09:32:51Z</time>
   </trkpt>
   <trkpt lat="48.6828650" lon="2.0724600">
    <ele>136.3</ele>
    <time>2025-03-29T09:33:00Z</time>
   </trkpt>
   <trkpt lat="48.6828250" lon="2.0725940">
    <ele>136.9</ele>
    <time>2025-03-29T09:33:03Z</time>
   </trkpt>
   <trkpt lat="48.6827610" lon="2.0728230">
    <ele>138.0</ele>
    <time>2025-03-29T09:33:08Z</time>
   </trkpt>
   <trkpt lat="48.6827240" lon="2.0730720">
    <ele>139.1</ele>
    <time>2025-03-29T09:33:13Z</time>
   </trkpt>
   <trkpt lat="48.6826990" lon="2.0732620">
    <ele>140.0</ele>
    <time>2025-03-29T09:33:17Z</time>
   </trkpt>
   <trkpt lat="48.6826450" lon="2.0736410">
    <ele>141.6</ele>
    <time>2025-03-29T09:33:25Z</time>
   </trkpt>
   <trkpt lat="48.6826060" lon="2.0741000">
    <ele>143.4</ele>
    <time>2025-03-29T09:33:34Z</time>
   </trkpt>
   <trkpt lat="48.6825440" lon="2.0745340">
    <ele>145.1</ele>
    <time>2025-03-29T09:33:43Z</time>
   </trkpt>
   <trkpt lat="48.6825020" lon="2.0747740">
    <ele>146.2</ele>
    <time>2025-03-29T09:33:48Z</time>
   </trkpt>
   <trkpt lat="48.6824620" lon="2.0749120">
    <ele>146.8</ele>
    <time>2025-03-29T09:33:51Z</time>
   </trkpt>
   <trkpt lat="48.6823160" lon="2.0751800">
    <ele>148.3</ele>
    <time>2025-03-29T09:33:58Z</time>
   </trkpt>
   <trkpt lat="48.6821030" lon="2.0754140">
    <ele>150.0</ele>
    <time>2025-03-29T09:34:06Z</time>
   </trkpt>
   <trkpt lat="48.6818370" lon="2.0755070">
    <ele>151.7</ele>
    <time>2025-03-29T09:34:14Z</time>
   </trkpt>
   <trkpt lat="48.6815580" lon="2.0754370">
    <ele>153.4</ele>
    <time>2025-03-29T09:34:22Z</time>
   </trkpt>
   <trkpt lat="48.6812040" lon="2.0752320">
    <ele>155.5</ele>
    <time>2025-03-29T09:34:32Z</time>
   </trkpt>
   <trkpt lat="48.6808050" lon="2.0749460">
    <ele>157.1</ele>
    <time>2025-03-29T09:34:42Z</time>
   </trkpt>
   <trkpt lat="48.6805550" lon="2.0747680">
    <ele>158.0</ele>
    <time>2025-03-29T09:34:48Z</time>
   </trkpt>
   <trkpt lat="48.6801740" lon="2.0744970">
    <ele>159.0</ele>
    <time>2025-03-29T09:34:57Z</time>
   </trkpt>
   <trkpt lat="48.6797700" lon="2.0742040">
    <ele>159.9</ele>
    <time>2025-03-29T09:35:06Z</time>
   </trkpt>
   <trkpt lat="48.6795730" lon="2.0740650">
    <ele>160.2</ele>
    <time>2025-03-29T09:35:10Z</time>
   </trkpt>
   <trkpt lat="48.6792790" lon="2.0738600">
    <ele>160.6</ele>
    <time>2025-03-29T09:35:16Z</time>
   </trkpt>
   <trkpt lat="48.6787720" lon="2.0734970">
    <ele>161.2</ele>
    <time>2025-03-29T09:35:26Z</time>
   </trkpt>
   <trkpt lat="48.6787200" lon="2.0734590">
    <ele>161.3</ele>
    <time>2025-03-29T09:35:27Z</time>
   </trkpt>
   <trkpt lat="48.6781870" lon="2.0730750">
    <ele>162.0</ele>
    <time>2025-03-29T09:35:37Z</time>
   </trkpt>
   <trkpt lat="48.6776790" lon="2.0727130">
    <ele>162.5</ele>
    <time>2025-03-29T09:35:46Z</time>
   </trkpt>
   <trkpt lat="48.6771900" lon="2.0723670">
    <ele>163.2</ele>
    <time>2025-03-29T09:35:55Z</time>
   </trkpt>
   <trkpt lat="48.6771370" lon="2.0723270">
    <ele>163.3</ele>
    <time>2025-03-29T09:35:56Z</time>
   </trkpt>
   <trkpt lat="48.6767430" lon="2.0720560">
    <ele>164.1</ele>
    <time>2025-03-29T09:36:03Z</time>
   </trkpt>
   <trkpt lat="48.6765830" lon="2.0719290">
    <ele>164.5</ele>
    <time>2025-03-29T09:36:06Z</time>
   </trkpt>
   <trkpt lat="48.6761510" lon="2.0715770">
    <ele>165.5</ele>
    <time>2025-03-29T09:36:14Z</time>
   </trkpt>
   <trkpt lat="48.6757890" lon="2.0711860">
    <ele>166.5</ele>
    <time>2025-03-29T09:36:21Z</time>
   </trkpt>
   <trkpt lat="48.6753910" lon="2.0707600">
    <ele>167.7</ele>
    <time>2025-03-29T09:36:29Z</time>
   </trkpt>
   <trkpt lat="48.6752930" lon="2.0706550">
    <ele>168.0</ele>
    <time>2025-03-29T09:36:31Z</time>
   </trkpt>
   <trkpt lat="48.6751480" lon="2.0705230">
    <ele>168.4</ele>
    <time>2025-03-29T09:36:34Z</time>
   </trkpt>
   <trkpt lat="48.6750480" lon="2.0704360">
    <ele>168.6</ele>
    <time>2025-03-29T09:36:36Z</time>
   </trkpt>
   <trkpt lat="48.6748260" lon="2.0701370">
    <ele>169.3</ele>
    <time>2025-03-29T09:36:41Z</time>
   </trkpt>
   <trkpt lat="48.6745370" lon="2.0698340">
    <ele>170.4</ele>
    <time>2025-03-29T09:36:47Z</time>
   </trkpt>
   <trkpt lat="48.6744880" lon="2.0697890">
    <ele>170.5</ele>
    <time>2025-03-29T09:36:48Z</time>
   </trkpt>
   <trkpt lat="48.6743860" lon="2.0697110">
    <ele>170.9</ele>
    <time>2025-03-29T09:36:50Z</time>
   </trkpt>
   <trkpt lat="48.6743300" lon="2.0696770">
    <ele>171.0</ele>
    <time>2025-03-29T09:36:51Z</time>
   </trkpt>
   <trkpt lat="48.6742160" lon="2.0696170">
    <ele>171.4</ele>
    <time>2025-03-29T09:36:53Z</time>
   </trkpt>
   <trkpt lat="48.6741590" lon="2.0695950">
    <ele>171.5</ele>
    <time>2025-03-29T09:36:54Z</time>
   </trkpt>
   <trkpt lat="48.6741060" lon="2.0695730">
    <ele>171.6</ele>
    <time>2025-03-29T09:36:55Z</time>
   </trkpt>
   <trkpt lat="48.6740540" lon="2.0695520">
    <ele>171.7</ele>
    <time>2025-03-29T09:36:56Z</time>
   </trkpt>
   <trkpt lat="48.6739480" lon="2.0695120">
    <ele>171.9</ele>
    <time>2025-03-29T09:36:58Z</time>
   </trkpt>
   <trkpt lat="48.6738400" lon="2.0694650">
    <ele>172.1</ele>
    <time>2025-03-29T09:37:00Z</time>
   </trkpt>
   <trkpt lat="48.6733550" lon="2.0691740">
    <ele>172.8</ele>
    <time>2025-03-29T09:37:09Z</time>
   </trkpt>
   <trkpt lat="48.6732080" lon="2.0690260">
    <ele>172.9</ele>
    <time>2025-03-29T09:37:12Z</time>
   </trkpt>
   <trkpt lat="48.6731220" lon="2.0688930">
    <ele>172.9</ele>
    <time>2025-03-29T09:37:14Z</time>
   </trkpt>
   <trkpt lat="48.6730830" lon="2.0688190">
    <ele>172.9</ele>
    <time>2025-03-29T09:37:15Z</time>
   </trkpt>
   <trkpt lat="48.6728010" lon="2.0683500">
    <ele>172.1</ele>
    <time>2025-03-29T09:37:22Z</time>
   </trkpt>
   <trkpt lat="48.6727250" lon="2.0682150">
    <ele>171.9</ele>
    <time>2025-03-29T09:37:24Z</time>
   </trkpt>
   <trkpt lat="48.6726500" lon="2.0680790">
    <ele>171.7</ele>
    <time>2025-03-29T09:37:26Z</time>
   </trkpt>
   <trkpt lat="48.6725640" lon="2.0679530">
    <ele>171.5</ele>
    <time>2025-03-29T09:37:28Z</time>
   </trkpt>
   <trkpt lat="48.6724300" lon="2.0677730">
    <ele>171.1</ele>
    <time>2025-03-29T09:37:31Z</time>
   </trkpt>
   <trkpt lat="48.6723900" lon="2.0677020">
    <ele>171.0</ele>
    <time>2025-03-29T09:37:32Z</time>
   </trkpt>
   <trkpt lat="48.6723500" lon="2.0676280">
    <ele>170.8</ele>
    <time>2025-03-29T09:37:33Z</time>
   </trkpt>
   <trkpt lat="48.6723080" lon="2.0675540">
    <ele>170.7</ele>
    <time>2025-03-29T09:37:34Z</time>
   </trkpt>
   <trkpt lat="48.6721870" lon="2.0673210">
    <ele>170.2</ele>
    <time>2025-03-29T09:37:37Z</time>
   </trkpt>
   <trkpt lat="48.6721480" lon="2.0671240">
    <ele>169.6</ele>
    <time>2025-03-29T09:37:39Z</time>
   </trkpt>
   <trkpt lat="48.6720930" lon="2.0665820">
    <ele>168.0</ele>
    <time>2025-03-29T09:37:44Z</time>
   </trkpt>
   <trkpt lat="48.6720610" lon="2.0664780">
    <ele>167.7</ele>
    <time>2025-03-29T09:37:45Z</time>
   </trkpt>
   <trkpt lat="48.6720160" lon="2.0663830">
    <ele>167.3</ele>
    <time>2025-03-29T09:37:46Z</time>
   </trkpt>
   <trkpt lat="48.6718390" lon="2.0661350">
    <ele>165.9</ele>
    <time>2025-03-29T09:37:49Z</time>
   </trkpt>
   <trkpt lat="48.6716000" lon="2.0658340">
    <ele>164.3</ele>
    <time>2025-03-29T09:37:55Z</time>
   </trkpt>
   <trkpt lat="48.6714650" lon="2.0656460">
    <ele>163.7</ele>
    <time>2025-03-29T09:38:00Z</time>
   </trkpt>
   <trkpt lat="48.6714280" lon="2.0656100">
    <ele>163.6</ele>
    <time>2025-03-29T09:38:01Z</time>
   </trkpt>
   <trkpt lat="48.6713330" lon="2.0655700">
    <ele>163.5</ele>
    <time>2025-03-29T09:38:03Z</time>
   </trkpt>
   <trkpt lat="48.6712820" lon="2.0655730">
    <ele>163.5</ele>
    <time>2025-03-29T09:38:04Z</time>
   </trkpt>
   <trkpt lat="48.6712280" lon="2.0655890">
    <ele>163.5</ele>
    <time>2025-03-29T09:38:05Z</time>
   </trkpt>
   <trkpt lat="48.6710050" lon="2.0656650">
    <ele>163.5</ele>
    <time>2025-03-29T09:38:09Z</time>
   </trkpt>
   <trkpt lat="48.6705560" lon="2.0658260">
    <ele>163.8</ele>
    <time>2025-03-29T09:38:17Z</time>
   </trkpt>
   <trkpt lat="48.6704160" lon="2.0658630">
    <ele>164.0</ele>
    <time>2025-03-29T09:38:20Z</time>
   </trkpt>
   <trkpt lat="48.6703710" lon="2.0658640">
    <ele>164.1</ele>
    <time>2025-03-29T09:38:21Z</time>
   </trkpt>
   <trkpt lat="48.6702820" lon="2.0658450">
    <ele>164.2</ele>
    <time>2025-03-29T09:38:23Z</time>
   </trkpt>
   <trkpt lat="48.6699450" lon="2.0657690">
    <ele>164.8</ele>
    <time>2025-03-29T09:38:30Z</time>
   </trkpt>
   <trkpt lat="48.6698600" lon="2.0657380">
    <ele>165.0</ele>
    <time>2025-03-29T09:38:32Z</time>
   </trkpt>
   <trkpt lat="48.6698160" lon="2.0657110">
    <ele>165.1</ele>
    <time>2025-03-29T09:38:33Z</time>
   </trkpt>
   <trkpt lat="48.6697260" lon="2.0656550">
    <ele>165.2</ele>
    <time>2025-03-29T09:38:35Z</time>
   </trkpt>
   <trkpt lat="48.6696300" lon="2.0656390">
    <ele>165.3</ele>
    <time>2025-03-29T09:38:37Z</time>
   </trkpt>
   <trkpt lat="48.6695790" lon="2.0656420">
    <ele>165.4</ele>
    <time>2025-03-29T09:38:38Z</time>
   </trkpt>
   <trkpt lat="48.6695270" lon="2.0656430">
    <ele>165.5</ele>
    <time>2025-03-29T09:38:39Z</time>
   </trkpt>
   <trkpt lat="48.6694730" lon="2.0656400">
    <ele>165.5</ele>
    <time>2025-03-29T09:38:40Z</time>
   </trkpt>
   <trkpt lat="48.6694190" lon="2.0656320">
    <ele>165.6</ele>
    <time>2025-03-29T09:38:41Z</time>
   </trkpt>
   <trkpt lat="48.6693650" lon="2.0656230">
    <ele>165.7</ele>
    <time>2025-03-29T09:38:42Z</time>
   </trkpt>
   <trkpt lat="48.6691510" lon="2.0655820">
    <ele>166.0</ele>
    <time>2025-03-29T09:38:46Z</time>
   </trkpt>
   <trkpt lat="48.6687420" lon="2.0654950">
    <ele>166.7</ele>
    <time>2025-03-29T09:38:54Z</time>
   </trkpt>
   <trkpt lat="48.6684020" lon="2.0654210">
    <ele>167.5</ele>
    <time>2025-03-29T09:39:01Z</time>
   </trkpt>
   <trkpt lat="48.6683530" lon="2.0654110">
    <ele>167.7</ele>
    <time>2025-03-29T09:39:02Z</time>
   </trkpt>
   <trkpt lat="48.6680970" lon="2.0653510">
    <ele>168.3</ele>
    <time>2025-03-29T09:39:07Z</time>
   </trkpt>
   <trkpt lat="48.6678810" lon="2.0653060">
    <ele>168.9</ele>
    <time>2025-03-29T09:39:11Z</time>
   </trkpt>
   <trkpt lat="48.6677260" lon="2.0652720">
    <ele>169.2</ele>
    <time>2025-03-29T09:39:14Z</time>
   </trkpt>
   <trkpt lat="48.6675710" lon="2.0652410">
    <ele>169.5</ele>
    <time>2025-03-29T09:39:17Z</time>
   </trkpt>
   <trkpt lat="48.6674640" lon="2.0652170">
    <ele>169.7</ele>
    <time>2025-03-29T09:39:19Z</time>
   </trkpt>
   <trkpt lat="48.6668920" lon="2.0650930">
    <ele>170.8</ele>
    <time>2025-03-29T09:39:29Z</time>
   </trkpt>
   <trkpt lat="48.6663380" lon="2.0650420">
    <ele>171.4</ele>
    <time>2025-03-29T09:39:38Z</time>
   </trkpt>
   <trkpt lat="48.6662740" lon="2.0650380">
    <ele>171.5</ele>
    <time>2025-03-29T09:39:39Z</time>
   </trkpt>
   <trkpt lat="48.6660210" lon="2.0650190">
    <ele>171.6</ele>
    <time>2025-03-29T09:39:43Z</time>
   </trkpt>
   <trkpt lat="48.6658950" lon="2.0650100">
    <ele>171.7</ele>
    <time>2025-03-29T09:39:45Z</time>
   </trkpt>
   <trkpt lat="48.6654170" lon="2.0649750">
    <ele>172.0</ele>
    <time>2025-03-29T09:39:53Z</time>
   </trkpt>
   <trkpt lat="48.6652950" lon="2.0649620">
    <ele>172.1</ele>
    <time>2025-03-29T09:39:55Z</time>
   </trkpt>
   <trkpt lat="48.6652310" lon="2.0649570">
    <ele>172.2</ele>
    <time>2025-03-29T09:39:56Z</time>
   </trkpt>
   <trkpt lat="48.6651670" lon="2.0649530">
    <ele>172.2</ele>
    <time>2025-03-29T09:39:57Z</time>
   </trkpt>
   <trkpt lat="48.6651010" lon="2.0649480">
    <ele>172.3</ele>
    <time>2025-03-29T09:39:58Z</time>
   </trkpt>
   <trkpt lat="48.6650340" lon="2.0649450">
    <ele>172.3</ele>
    <time>2025-03-29T09:39:59Z</time>
   </trkpt>
   <trkpt lat="48.6648320" lon="2.0649350">
    <ele>172.5</ele>
    <time>2025-03-29T09:40:02Z</time>
   </trkpt>
   <trkpt lat="48.6647620" lon="2.0649330">
    <ele>172.6</ele>
    <time>2025-03-29T09:40:03Z</time>
   </trkpt>
   <trkpt lat="48.6646920" lon="2.0649340">
    <ele>172.6</ele>
    <time>2025-03-29T09:40:04Z</time>
   </trkpt>
   <trkpt lat="48.6646200" lon="2.0649390">
    <ele>172.6</ele>
    <time>2025-03-29T09:40:05Z</time>
   </trkpt>
   <trkpt lat="48.6644690" lon="2.0649300">
    <ele>172.7</ele>
    <time>2025-03-29T09:40:07Z</time>
   </trkpt>
   <trkpt lat="48.6643200" lon="2.0649160">
    <ele>172.8</ele>
    <time>2025-03-29T09:40:09Z</time>
   </trkpt>
   <trkpt lat="48.6639470" lon="2.0648910">
    <ele>173.2</ele>
    <time>2025-03-29T09:40:14Z</time>
   </trkpt>
   <trkpt lat="48.6637350" lon="2.0648780">
    <ele>173.4</ele>
    <time>2025-03-29T09:40:17Z</time>
   </trkpt>
   <trkpt lat="48.6631340" lon="2.0648280">
    <ele>173.9</ele>
    <time>2025-03-29T09:40:26Z</time>
   </trkpt>
   <trkpt lat="48.6630680" lon="2.0648200">
    <ele>174.0</ele>
    <time>2025-03-29T09:40:27Z</time>
   </trkpt>
   <trkpt lat="48.6625270" lon="2.0647940">
    <ele>174.7</ele>
    <time>2025-03-29T09:40:35Z</time>
   </trkpt>
   <trkpt lat="48.6623180" lon="2.0648140">
    <ele>174.8</ele>
    <time>2025-03-29T09:40:38Z</time>
   </trkpt>
   <trkpt lat="48.6619720" lon="2.0649430">
    <ele>175.1</ele>
    <time>2025-03-29T09:40:43Z</time>
   </trkpt>
   <trkpt lat="48.6614380" lon="2.0652450">
    <ele>175.4</ele>
    <time>2025-03-29T09:40:51Z</time>
   </trkpt>
   <trkpt lat="48.6612320" lon="2.0653560">
    <ele>175.5</ele>
    <time>2025-03-29T09:40:54Z</time>
   </trkpt>
   <trkpt lat="48.6611630" lon="2.0653950">
    <ele>175.5</ele>
    <time>2025-03-29T09:40:55Z</time>
   </trkpt>
   <trkpt lat="48.6606530" lon="2.0656880">
    <ele>175.7</ele>
    <time>2025-03-29T09:41:02Z</time>
   </trkpt>
   <trkpt lat="48.6605040" lon="2.0657670">
    <ele>175.8</ele>
    <time>2025-03-29T09:41:04Z</time>
   </trkpt>
   <trkpt lat="48.6602860" lon="2.0659080">
    <ele>175.9</ele>
    <time>2025-03-29T09:41:07Z</time>
   </trkpt>
   <trkpt lat="48.6600000" lon="2.0660700">
    <ele>176.0</ele>
    <time>2025-03-29T09:41:11Z</time>
   </trkpt>
   <trkpt lat="48.6595750" lon="2.0663000">
    <ele>176.3</ele>
    <time>2025-03-29T09:41:17Z</time>
   </trkpt>
   <trkpt lat="48.6592910" lon="2.0664530">
    <ele>176.5</ele>
    <time>2025-03-29T09:41:21Z</time>
   </trkpt>
   <trkpt lat="48.6590160" lon="2.0666050">
    <ele>176.6</ele>
    <time>2025-03-29T09:41:25Z</time>
   </trkpt>
   <trkpt lat="48.6585410" lon="2.0668650">
    <ele>176.9</ele>
    <time>2025-03-29T09:41:32Z</time>
   </trkpt>
   <trkpt lat="48.6579760" lon="2.0671950">
    <ele>177.3</ele>
    <time>2025-03-29T09:41:40Z</time>
   </trkpt>
   <trkpt lat="48.6579050" lon="2.0672430">
    <ele>177.3</ele>
    <time>2025-03-29T09:41:41Z</time>
   </trkpt>
   <trkpt lat="48.6574660" lon="2.0675610">
    <ele>177.3</ele>
    <time>2025-03-29T09:41:47Z</time>
   </trkpt>
   <trkpt lat="48.6571000" lon="2.0678280">
    <ele>177.2</ele>
    <time>2025-03-29T09:41:52Z</time>
   </trkpt>
   <trkpt lat="48.6569520" lon="2.0679370">
    <ele>177.2</ele>
    <time>2025-03-29T09:41:54Z</time>
   </trkpt>
   <trkpt lat="48.6564930" lon="2.0682690">
    <ele>177.3</ele>
    <time>2025-03-29T09:42:00Z</time>
   </trkpt>
   <trkpt lat="48.6559610" lon="2.0686590">
    <ele>177.5</ele>
    <time>2025-03-29T09:42:07Z</time>
   </trkpt>
   <trkpt lat="48.6555730" lon="2.0689400">
    <ele>177.4</ele>
    <time>2025-03-29T09:42:12Z</time>
   </trkpt>
   <trkpt lat="48.6550060" lon="2.0693470">
    <ele>177.3</ele>
    <time>2025-03-29T09:42:19Z</time>
   </trkpt>
   <trkpt lat="48.6546800" lon="2.0695820">
    <ele>177.5</ele>
    <time>2025-03-29T09:42:23Z</time>
   </trkpt>
   <trkpt lat="48.6542130" lon="2.0699380">
    <ele>177.6</ele>
    <time>2025-03-29T09:42:29Z</time>
   </trkpt>
   <trkpt lat="48.6540670" lon="2.0700780">
    <ele>177.6</ele>
    <time>2025-03-29T09:42:31Z</time>
   </trkpt>
   <trkpt lat="48.6536040" lon="2.0706350">
    <ele>177.6</ele>
    <time>2025-03-29T09:42:38Z</time>
   </trkpt>
   <trkpt lat="48.6532220" lon="2.0712810">
    <ele>177.4</ele>
    <time>2025-03-29T09:42:45Z</time>
   </trkpt>
   <trkpt lat="48.6529030" lon="2.0720530">
    <ele>177.0</ele>
    <time>2025-03-29T09:42:52Z</time>
   </trkpt>
   <trkpt lat="48.6526210" lon="2.0728450">
    <ele>176.4</ele>
    <time>2025-03-29T09:42:59Z</time>
   </trkpt>
   <trkpt lat="48.6525480" lon="2.0730620">
    <ele>176.1</ele>
    <time>2025-03-29T09:43:01Z</time>
   </trkpt>
   <trkpt lat="48.6523120" lon="2.0737700">
    <ele>175.5</ele>
    <time>2025-03-29T09:43:08Z</time>
   </trkpt>
   <trkpt lat="48.6522500" lon="2.0739160">
    <ele>175.4</ele>
    <time>2025-03-29T09:43:10Z</time>
   </trkpt>
   <trkpt lat="48.6521860" lon="2.0739850">
    <ele>175.4</ele>
    <time>2025-03-29T09:43:12Z</time>
   </trkpt>
   <trkpt lat="48.6521520" lon="2.0739840">
    <ele>175.4</ele>
    <time>2025-03-29T09:43:15Z</time>
   </trkpt>
   <trkpt lat="48.6520150" lon="2.0740340">
    <ele>175.3</ele>
    <time>2025-03-29T09:43:36Z</time>
   </trkpt>
   <trkpt lat="48.6519520" lon="2.0741250">
    <ele>175.1</ele>
    <time>2025-03-29T09:43:38Z</time>
   </trkpt>
   <trkpt lat="48.6518190" lon="2.0742920">
    <ele>174.6</ele>
    <time>2025-03-29T09:43:41Z</time>
   </trkpt>
   <trkpt lat="48.6517530" lon="2.0743100">
    <ele>174.4</ele>
    <time>2025-03-29T09:43:42Z</time>
   </trkpt>
   <trkpt lat="48.6516840" lon="2.0742940">
    <ele>174.3</ele>
    <time>2025-03-29T09:43:43Z</time>
   </trkpt>
   <trkpt lat="48.6515600" lon="2.0741930">
    <ele>174.0</ele>
    <time>2025-03-29T09:43:45Z</time>
   </trkpt>
   <trkpt lat="48.6513750" lon="2.0740470">
    <ele>173.4</ele>
    <time>2025-03-29T09:43:48Z</time>
   </trkpt>
   <trkpt lat="48.6512360" lon="2.0740010">
    <ele>172.9</ele>
    <time>2025-03-29T09:43:50Z</time>
   </trkpt>
   <trkpt lat="48.6506330" lon="2.0738790">
    <ele>170.1</ele>
    <time>2025-03-29T09:43:58Z</time>
   </trkpt>
   <trkpt lat="48.6502400" lon="2.0735950">
    <ele>167.6</ele>
    <time>2025-03-29T09:44:03Z</time>
   </trkpt>
   <trkpt lat="48.6499050" lon="2.0733320">
    <ele>164.8</ele>
    <time>2025-03-29T09:44:07Z</time>
   </trkpt>
   <trkpt lat="48.6498120" lon="2.0732870">
    <ele>164.1</ele>
    <time>2025-03-29T09:44:08Z</time>
   </trkpt>
   <trkpt lat="48.6491950" lon="2.0730260">
    <ele>159.2</ele>
    <time>2025-03-29T09:44:14Z</time>
   </trkpt>
   <trkpt lat="48.6490870" lon="2.0729780">
    <ele>158.4</ele>
    <time>2025-03-29T09:44:15Z</time>
   </trkpt>
   <trkpt lat="48.6485560" lon="2.0726410">
    <ele>154.4</ele>
    <time>2025-03-29T09:44:20Z</time>
   </trkpt>
   <trkpt lat="48.6482100" lon="2.0721850">
    <ele>151.3</ele>
    <time>2025-03-29T09:44:24Z</time>
   </trkpt>
   <trkpt lat="48.6480690" lon="2.0719360">
    <ele>149.9</ele>
    <time>2025-03-29T09:44:26Z</time>
   </trkpt>
   <trkpt lat="48.6479630" lon="2.0716480">
    <ele>148.4</ele>
    <time>2025-03-29T09:44:28Z</time>
   </trkpt>
   <trkpt lat="48.6479200" lon="2.0713170">
    <ele>146.9</ele>
    <time>2025-03-29T09:44:30Z</time>
   </trkpt>
   <trkpt lat="48.6479230" lon="2.0711470">
    <ele>146.1</ele>
    <time>2025-03-29T09:44:31Z</time>
   </trkpt>
   <trkpt lat="48.6479610" lon="2.0706450">
    <ele>143.9</ele>
    <time>2025-03-29T09:44:34Z</time>
   </trkpt>
   <trkpt lat="48.6479560" lon="2.0704940">
    <ele>143.3</ele>
    <time>2025-03-29T09:44:35Z</time>
   </trkpt>
   <trkpt lat="48.6479380" lon="2.0703610">
    <ele>142.9</ele>
    <time>2025-03-29T09:44:36Z</time>
   </trkpt>
   <trkpt lat="48.6478750" lon="2.0701570">
    <ele>142.3</ele>
    <time>2025-03-29T09:44:38Z</time>
   </trkpt>
   <trkpt lat="48.6477890" lon="2.0700310">
    <ele>142.0</ele>
    <time>2025-03-29T09:44:40Z</time>
   </trkpt>
   <trkpt lat="48.6477460" lon="2.0699820">
    <ele>141.9</ele>
    <time>2025-03-29T09:44:41Z</time>
   </trkpt>
   <trkpt lat="48.6477060" lon="2.0699260">
    <ele>141.6</ele>
    <time>2025-03-29T09:44:42Z</time>
   </trkpt>
   <trkpt lat="48.6476030" lon="2.0697110">
    <ele>141.8</ele>
    <time>2025-03-29T09:44:45Z</time>
   </trkpt>
   <trkpt lat="48.6475060" lon="2.0696020">
    <ele>141.5</ele>
    <time>2025-03-29T09:44:47Z</time>
   </trkpt>
   <trkpt lat="48.6474000" lon="2.0695020">
    <ele>140.9</ele>
    <time>2025-03-29T09:44:49Z</time>
   </trkpt>
   <trkpt lat="48.6470460" lon="2.0691840">
    <ele>140.5</ele>
    <time>2025-03-29T09:44:55Z</time>
   </trkpt>
   <trkpt lat="48.6466970" lon="2.0689860">
    <ele>140.7</ele>
    <time>2025-03-29T09:45:00Z</time>
   </trkpt>
   <trkpt lat="48.6461490" lon="2.0686860">
    <ele>142.4</ele>
    <time>2025-03-29T09:45:08Z</time>
   </trkpt>
   <trkpt lat="48.6460880" lon="2.0686530">
    <ele>142.7</ele>
    <time>2025-03-29T09:45:09Z</time>
   </trkpt>
   <trkpt lat="48.6457310" lon="2.0684530">
    <ele>144.8</ele>
    <time>2025-03-29T09:45:16Z</time>
   </trkpt>
   <trkpt lat="48.6456440" lon="2.0683980">
    <ele>145.5</ele>
    <time>2025-03-29T09:45:18Z</time>
   </trkpt>
   <trkpt lat="48.6456040" lon="2.0683720">
    <ele>145.9</ele>
    <time>2025-03-29T09:45:19Z</time>
   </trkpt>
   <trkpt lat="48.6455670" lon="2.0683510">
    <ele>146.2</ele>
    <time>2025-03-29T09:45:20Z</time>
   </trkpt>
   <trkpt lat="48.6455280" lon="2.0683270">
    <ele>146.5</ele>
    <time>2025-03-29T09:45:21Z</time>
   </trkpt>
   <trkpt lat="48.6454880" lon="2.0682980">
    <ele>146.8</ele>
    <time>2025-03-29T09:45:22Z</time>
   </trkpt>
   <trkpt lat="48.6452770" lon="2.0680940">
    <ele>148.6</ele>
    <time>2025-03-29T09:45:28Z</time>
   </trkpt>
   <trkpt lat="48.6452440" lon="2.0680600">
    <ele>148.9</ele>
    <time>2025-03-29T09:45:29Z</time>
   </trkpt>
   <trkpt lat="48.6449920" lon="2.0678410">
    <ele>151.0</ele>
    <time>2025-03-29T09:45:37Z</time>
   </trkpt>
   <trkpt lat="48.6447870" lon="2.0676610">
    <ele>153.6</ele>
    <time>2025-03-29T09:45:44Z</time>
   </trkpt>
   <trkpt lat="48.6447410" lon="2.0676200">
    <ele>154.3</ele>
    <time>2025-03-29T09:45:46Z</time>
   </trkpt>
   <trkpt lat="48.6446950" lon="2.0675650">
    <ele>155.0</ele>
    <time>2025-03-29T09:45:50Z</time>
   </trkpt>
   <trkpt lat="48.6446960" lon="2.0675650">
    <ele>155.0</ele>
    <time>2025-03-29T09:45:51Z</time>
   </trkpt>
   <trkpt lat="48.6446960" lon="2.0675670">
    <ele>155.0</ele>
    <time>2025-03-29T09:45:53Z</time>
   </trkpt>
   <trkpt lat="48.6446960" lon="2.0675700">
    <ele>155.1</ele>
    <time>2025-03-29T09:45:55Z</time>
   </trkpt>
   <trkpt lat="48.6446960" lon="2.0675700">
    <ele>155.1</ele>
    <time>2025-03-29T09:45:56Z</time>
   </trkpt>
   <trkpt lat="48.6446110" lon="2.0674500">
    <ele>156.5</ele>
    <time>2025-03-29T09:46:30Z</time>
   </trkpt>
   <trkpt lat="48.6445880" lon="2.0674440">
    <ele>156.6</ele>
    <time>2025-03-29T09:46:31Z</time>
   </trkpt>
   <trkpt lat="48.6443930" lon="2.0673520">
    <ele>157.9</ele>
    <time>2025-03-29T09:46:38Z</time>
   </trkpt>
   <trkpt lat="48.6441360" lon="2.0671050">
    <ele>159.5</ele>
    <time>2025-03-29T09:46:46Z</time>
   </trkpt>
   <trkpt lat="48.6438470" lon="2.0668140">
    <ele>161.7</ele>
    <time>2025-03-29T09:46:54Z</time>
   </trkpt>
   <trkpt lat="48.6438120" lon="2.0667760">
    <ele>162.0</ele>
    <time>2025-03-29T09:46:55Z</time>
   </trkpt>
   <trkpt lat="48.6437410" lon="2.0667090">
    <ele>162.4</ele>
    <time>2025-03-29T09:46:57Z</time>
   </trkpt>
   <trkpt lat="48.6435810" lon="2.0666040">
    <ele>163.1</ele>
    <time>2025-03-29T09:47:01Z</time>
   </trkpt>
   <trkpt lat="48.6434990" lon="2.0665410">
    <ele>163.5</ele>
    <time>2025-03-29T09:47:03Z</time>
   </trkpt>
   <trkpt lat="48.6433320" lon="2.0664060">
    <ele>164.1</ele>
    <time>2025-03-29T09:47:07Z</time>
   </trkpt>
   <trkpt lat="48.6432020" lon="2.0662970">
    <ele>164.5</ele>
    <time>2025-03-29T09:47:10Z</time>
   </trkpt>
   <trkpt lat="48.6431120" lon="2.0662220">
    <ele>164.9</ele>
    <time>2025-03-29T09:47:12Z</time>
   </trkpt>
   <trkpt lat="48.6430670" lon="2.0661870">
    <ele>165.1</ele>
    <time>2025-03-29T09:47:13Z</time>
   </trkpt>
   <trkpt lat="48.6430220" lon="2.0661500">
    <ele>165.3</ele>
    <time>2025-03-29T09:47:14Z</time>
   </trkpt>
   <trkpt lat="48.6428870" lon="2.0660390">
    <ele>165.9</ele>
    <time>2025-03-29T09:47:17Z</time>
   </trkpt>
   <trkpt lat="48.6428420" lon="2.0660020">
    <ele>166.1</ele>
    <time>2025-03-29T09:47:18Z</time>
   </trkpt>
   <trkpt lat="48.6426550" lon="2.0658550">
    <ele>167.0</ele>
    <time>2025-03-29T09:47:22Z</time>
   </trkpt>
   <trkpt lat="48.6424640" lon="2.0657000">
    <ele>167.9</ele>
    <time>2025-03-29T09:47:26Z</time>
   </trkpt>
   <trkpt lat="48.6419530" lon="2.0652650">
    <ele>169.3</ele>
    <time>2025-03-29T09:47:37Z</time>
   </trkpt>
   <trkpt lat="48.6419070" lon="2.0652270">
    <ele>169.5</ele>
    <time>2025-03-29T09:47:38Z</time>
   </trkpt>
   <trkpt lat="48.6414480" lon="2.0648800">
    <ele>171.4</ele>
    <time>2025-03-29T09:47:47Z</time>
   </trkpt>
   <trkpt lat="48.6410240" lon="2.0645350">
    <ele>172.3</ele>
    <time>2025-03-29T09:47:55Z</time>
   </trkpt>
   <trkpt lat="48.6407560" lon="2.0643200">
    <ele>172.7</ele>
    <time>2025-03-29T09:48:00Z</time>
   </trkpt>
   <trkpt lat="48.6406490" lon="2.0642360">
    <ele>172.8</ele>
    <time>2025-03-29T09:48:02Z</time>
   </trkpt>
   <trkpt lat="48.6403710" lon="2.0640120">
    <ele>173.2</ele>
    <time>2025-03-29T09:48:07Z</time>
   </trkpt>
   <trkpt lat="48.6400170" lon="2.0637270">
    <ele>173.6</ele>
    <time>2025-03-29T09:48:13Z</time>
   </trkpt>
   <trkpt lat="48.6397120" lon="2.0634810">
    <ele>173.8</ele>
    <time>2025-03-29T09:48:18Z</time>
   </trkpt>
   <trkpt lat="48.6393320" lon="2.0631820">
    <ele>174.0</ele>
    <time>2025-03-29T09:48:24Z</time>
   </trkpt>
   <trkpt lat="48.6391980" lon="2.0630890">
    <ele>174.0</ele>
    <time>2025-03-29T09:48:26Z</time>
   </trkpt>
   <trkpt lat="48.6386660" lon="2.0626640">
    <ele>174.3</ele>
    <time>2025-03-29T09:48:34Z</time>
   </trkpt>
   <trkpt lat="48.6385270" lon="2.0625640">
    <ele>174.3</ele>
    <time>2025-03-29T09:48:36Z</time>
   </trkpt>
   <trkpt lat="48.6379910" lon="2.0621210">
    <ele>174.2</ele>
    <time>2025-03-29T09:48:44Z</time>
   </trkpt>
   <trkpt lat="48.6379290" lon="2.0620680">
    <ele>174.1</ele>
    <time>2025-03-29T09:48:45Z</time>
   </trkpt>
   <trkpt lat="48.6377320" lon="2.0619030">
    <ele>174.0</ele>
    <time>2025-03-29T09:48:48Z</time>
   </trkpt>
   <trkpt lat="48.6375880" lon="2.0618870">
    <ele>173.9</ele>
    <time>2025-03-29T09:48:50Z</time>
   </trkpt>
   <trkpt lat="48.6374550" lon="2.0619700">
    <ele>173.7</ele>
    <time>2025-03-29T09:48:52Z</time>
   </trkpt>
   <trkpt lat="48.6373930" lon="2.0620260">
    <ele>173.7</ele>
    <time>2025-03-29T09:48:53Z</time>
   </trkpt>
   <trkpt lat="48.6369110" lon="2.0623670">
    <ele>172.8</ele>
    <time>2025-03-29T09:49:00Z</time>
   </trkpt>
   <trkpt lat="48.6363830" lon="2.0626790">
    <ele>171.8</ele>
    <time>2025-03-29T09:49:07Z</time>
   </trkpt>
   <trkpt lat="48.6358440" lon="2.0630070">
    <ele>171.1</ele>
    <time>2025-03-29T09:49:14Z</time>
   </trkpt>
   <trkpt lat="48.6356120" lon="2.0631450">
    <ele>170.7</ele>
    <time>2025-03-29T09:49:17Z</time>
   </trkpt>
   <trkpt lat="48.6350900" lon="2.0634650">
    <ele>170.2</ele>
    <time>2025-03-29T09:49:24Z</time>
   </trkpt>
   <trkpt lat="48.6349350" lon="2.0635490">
    <ele>170.1</ele>
    <time>2025-03-29T09:49:26Z</time>
   </trkpt>
   <trkpt lat="48.6345480" lon="2.0637780">
    <ele>169.8</ele>
    <time>2025-03-29T09:49:31Z</time>
   </trkpt>
   <trkpt lat="48.6344670" lon="2.0638240">
    <ele>169.7</ele>
    <time>2025-03-29T09:49:32Z</time>
   </trkpt>
   <trkpt lat="48.6343860" lon="2.0638710">
    <ele>169.5</ele>
    <time>2025-03-29T09:49:33Z</time>
   </trkpt>
   <trkpt lat="48.6343040" lon="2.0639210">
    <ele>169.4</ele>
    <time>2025-03-29T09:49:34Z</time>
   </trkpt>
   <trkpt lat="48.6339840" lon="2.0641190">
    <ele>168.8</ele>
    <time>2025-03-29T09:49:38Z</time>
   </trkpt>
   <trkpt lat="48.6336650" lon="2.0643070">
    <ele>168.0</ele>
    <time>2025-03-29T09:49:42Z</time>
   </trkpt>
   <trkpt lat="48.6330940" lon="2.0646470">
    <ele>166.1</ele>
    <time>2025-03-29T09:49:49Z</time>
   </trkpt>
   <trkpt lat="48.6330100" lon="2.0646960">
    <ele>165.7</ele>
    <time>2025-03-29T09:49:50Z</time>
   </trkpt>
   <trkpt lat="48.6324870" lon="2.0650080">
    <ele>163.4</ele>
    <time>2025-03-29T09:49:56Z</time>
   </trkpt>
   <trkpt lat="48.6322100" lon="2.0651770">
    <ele>161.7</ele>
    <time>2025-03-29T09:49:59Z</time>
   </trkpt>
   <trkpt lat="48.6321150" lon="2.0652340">
    <ele>161.1</ele>
    <time>2025-03-29T09:50:00Z</time>
   </trkpt>
   <trkpt lat="48.6319190" lon="2.0653490">
    <ele>159.8</ele>
    <time>2025-03-29T09:50:02Z</time>
   </trkpt>
   <trkpt lat="48.6314090" lon="2.0656610">
    <ele>157.3</ele>
    <time>2025-03-29T09:50:07Z</time>
   </trkpt>
   <trkpt lat="48.6308300" lon="2.0660010">
    <ele>157.3</ele>
    <time>2025-03-29T09:50:13Z</time>
   </trkpt>
   <trkpt lat="48.6305690" lon="2.0661520">
    <ele>157.8</ele>
    <time>2025-03-29T09:50:16Z</time>
   </trkpt>
   <trkpt lat="48.6303330" lon="2.0662990">
    <ele>158.1</ele>
    <time>2025-03-29T09:50:19Z</time>
   </trkpt>
   <trkpt lat="48.6301050" lon="2.0664250">
    <ele>158.3</ele>
    <time>2025-03-29T09:50:22Z</time>
   </trkpt>
   <trkpt lat="48.6299650" lon="2.0665050">
    <ele>158.3</ele>
    <time>2025-03-29T09:50:24Z</time>
   </trkpt>
   <trkpt lat="48.6298480" lon="2.0665570">
    <ele>158.3</ele>
    <time>2025-03-29T09:50:26Z</time>
   </trkpt>
   <trkpt lat="48.6298070" lon="2.0665590">
    <ele>158.3</ele>
    <time>2025-03-29T09:50:27Z</time>
   </trkpt>
   <trkpt lat="48.6297560" lon="2.0665210">
    <ele>158.4</ele>
    <time>2025-03-29T09:50:30Z</time>
   </trkpt>
   <trkpt lat="48.6297570" lon="2.0665190">
    <ele>158.4</ele>
    <time>2025-03-29T09:50:31Z</time>
   </trkpt>
   <trkpt lat="48.6297960" lon="2.0663480">
    <ele>158.5</ele>
    <time>2025-03-29T09:57:12Z</time>
   </trkpt>
   <trkpt lat="48.6297940" lon="2.0663240">
    <ele>158.5</ele>
    <time>2025-03-29T09:57:13Z</time>
   </trkpt>
   <trkpt lat="48.6297920" lon="2.0663010">
    <ele>158.5</ele>
    <time>2025-03-29T09:57:14Z</time>
   </trkpt>
   <trkpt lat="48.6297770" lon="2.0662210">
    <ele>158.6</ele>
    <time>2025-03-29T09:57:17Z</time>
   </trkpt>
   <trkpt lat="48.6297780" lon="2.0661120">
    <ele>158.6</ele>
    <time>2025-03-29T09:57:20Z</time>
   </trkpt>
   <trkpt lat="48.6297450" lon="2.0657660">
    <ele>158.9</ele>
    <time>2025-03-29T09:57:27Z</time>
   </trkpt>
   <trkpt lat="48.6297220" lon="2.0653160">
    <ele>159.1</ele>
    <time>2025-03-29T09:57:34Z</time>
   </trkpt>
   <trkpt lat="48.6297010" lon="2.0648890">
    <ele>159.3</ele>
    <time>2025-03-29T09:57:40Z</time>
   </trkpt>
   <trkpt lat="48.6296990" lon="2.0646640">
    <ele>159.4</ele>
    <time>2025-03-29T09:57:43Z</time>
   </trkpt>
   <trkpt lat="48.6297070" lon="2.0642650">
    <ele>159.6</ele>
    <time>2025-03-29T09:57:48Z</time>
   </trkpt>
   <trkpt lat="48.6297130" lon="2.0641860">
    <ele>159.6</ele>
    <time>2025-03-29T09:57:49Z</time>
   </trkpt>
   <trkpt lat="48.6297160" lon="2.0641060">
    <ele>159.7</ele>
    <time>2025-03-29T09:57:50Z</time>
   </trkpt>
   <trkpt lat="48.6297300" lon="2.0638690">
    <ele>159.8</ele>
    <time>2025-03-29T09:57:53Z</time>
   </trkpt>
   <trkpt lat="48.6297550" lon="2.0633980">
    <ele>160.0</ele>
    <time>2025-03-29T09:57:59Z</time>
   </trkpt>
   <trkpt lat="48.6297140" lon="2.0629140">
    <ele>160.3</ele>
    <time>2025-03-29T09:58:05Z</time>
   </trkpt>
   <trkpt lat="48.6296420" lon="2.0622870">
    <ele>160.6</ele>
    <time>2025-03-29T09:58:13Z</time>
   </trkpt>
   <trkpt lat="48.6296220" lon="2.0618160">
    <ele>160.9</ele>
    <time>2025-03-29T09:58:19Z</time>
   </trkpt>
   <trkpt lat="48.6296180" lon="2.0616560">
    <ele>161.1</ele>
    <time>2025-03-29T09:58:21Z</time>
   </trkpt>
   <trkpt lat="48.6296120" lon="2.0607690">
    <ele>161.7</ele>
    <time>2025-03-29T09:58:32Z</time>
   </trkpt>
   <trkpt lat="48.6296140" lon="2.0606880">
    <ele>161.8</ele>
    <time>2025-03-29T09:58:33Z</time>
   </trkpt>
   <trkpt lat="48.6295990" lon="2.0599160">
    <ele>162.6</ele>
    <time>2025-03-29T09:58:43Z</time>
   </trkpt>
   <trkpt lat="48.6295870" lon="2.0592890">
    <ele>163.3</ele>
    <time>2025-03-29T09:58:51Z</time>
   </trkpt>
   <trkpt lat="48.6295870" lon="2.0592100">
    <ele>163.4</ele>
    <time>2025-03-29T09:58:52Z</time>
   </trkpt>
   <trkpt lat="48.6295850" lon="2.0588100">
    <ele>163.9</ele>
    <time>2025-03-29T09:58:57Z</time>
   </trkpt>
   <trkpt lat="48.6295880" lon="2.0586520">
    <ele>164.1</ele>
    <time>2025-03-29T09:58:59Z</time>
   </trkpt>
   <trkpt lat="48.6296120" lon="2.0580570">
    <ele>164.7</ele>
    <time>2025-03-29T09:59:08Z</time>
   </trkpt>
   <trkpt lat="48.6296120" lon="2.0580000">
    <ele>164.8</ele>
    <time>2025-03-29T09:59:09Z</time>
   </trkpt>
   <trkpt lat="48.6295900" lon="2.0578840">
    <ele>164.8</ele>
    <time>2025-03-29T09:59:11Z</time>
   </trkpt>
   <trkpt lat="48.6295690" lon="2.0578330">
    <ele>164.9</ele>
    <time>2025-03-29T09:59:12Z</time>
   </trkpt>
   <trkpt lat="48.6295470" lon="2.0577810">
    <ele>165.0</ele>
    <time>2025-03-29T09:59:13Z</time>
   </trkpt>
   <trkpt lat="48.6295260" lon="2.0577260">
    <ele>165.0</ele>
    <time>2025-03-29T09:59:14Z</time>
   </trkpt>
   <trkpt lat="48.6295050" lon="2.0576690">
    <ele>165.1</ele>
    <time>2025-03-29T09:59:15Z</time>
   </trkpt>
   <trkpt lat="48.6294840" lon="2.0576110">
    <ele>165.1</ele>
    <time>2025-03-29T09:59:16Z</time>
   </trkpt>
   <trkpt lat="48.6294390" lon="2.0574960">
    <ele>165.2</ele>
    <time>2025-03-29T09:59:18Z</time>
   </trkpt>
   <trkpt lat="48.6293620" lon="2.0573180">
    <ele>165.4</ele>
    <time>2025-03-29T09:59:21Z</time>
   </trkpt>
   <trkpt lat="48.6292080" lon="2.0569520">
    <ele>165.7</ele>
    <time>2025-03-29T09:59:27Z</time>
   </trkpt>
   <trkpt lat="48.6291470" lon="2.0568280">
    <ele>165.8</ele>
    <time>2025-03-29T09:59:29Z</time>
   </trkpt>
   <trkpt lat="48.6290220" lon="2.0565770">
    <ele>165.9</ele>
    <time>2025-03-29T09:59:33Z</time>
   </trkpt>
   <trkpt lat="48.6288920" lon="2.0563220">
    <ele>165.8</ele>
    <time>2025-03-29T09:59:37Z</time>
   </trkpt>
   <trkpt lat="48.6285810" lon="2.0555740">
    <ele>164.1</ele>
    <time>2025-03-29T09:59:47Z</time>
   </trkpt>
   <trkpt lat="48.6285120" lon="2.0553880">
    <ele>163.2</ele>
    <time>2025-03-29T09:59:49Z</time>
   </trkpt>
   <trkpt lat="48.6283960" lon="2.0551070">
    <ele>161.3</ele>
    <time>2025-03-29T09:59:52Z</time>
   </trkpt>
   <trkpt lat="48.6283120" lon="2.0549020">
    <ele>160.0</ele>
    <time>2025-03-29T09:59:54Z</time>
   </trkpt>
   <trkpt lat="48.6280990" lon="2.0543510">
    <ele>158.3</ele>
    <time>2025-03-29T09:59:59Z</time>
   </trkpt>
   <trkpt lat="48.6279860" lon="2.0540430">
    <ele>157.3</ele>
    <time>2025-03-29T10:00:02Z</time>
   </trkpt>
   <trkpt lat="48.6278690" lon="2.0537450">
    <ele>155.9</ele>
    <time>2025-03-29T10:00:05Z</time>
   </trkpt>
   <trkpt lat="48.6278290" lon="2.0536440">
    <ele>155.3</ele>
    <time>2025-03-29T10:00:06Z</time>
   </trkpt>
   <trkpt lat="48.6275640" lon="2.0529600">
    <ele>150.6</ele>
    <time>2025-03-29T10:00:13Z</time>
   </trkpt>
   <trkpt lat="48.6275100" lon="2.0526910">
    <ele>148.8</ele>
    <time>2025-03-29T10:00:15Z</time>
   </trkpt>
   <trkpt lat="48.6274940" lon="2.0524030">
    <ele>146.8</ele>
    <time>2025-03-29T10:00:17Z</time>
   </trkpt>
   <trkpt lat="48.6274970" lon="2.0522630">
    <ele>145.8</ele>
    <time>2025-03-29T10:00:18Z</time>
   </trkpt>
   <trkpt lat="48.6275630" lon="2.0518600">
    <ele>143.0</ele>
    <time>2025-03-29T10:00:21Z</time>
   </trkpt>
   <trkpt lat="48.6276070" lon="2.0516450">
    <ele>141.7</ele>
    <time>2025-03-29T10:00:23Z</time>
   </trkpt>
   <trkpt lat="48.6275980" lon="2.0514420">
    <ele>140.6</ele>
    <time>2025-03-29T10:00:25Z</time>
   </trkpt>
   <trkpt lat="48.6275890" lon="2.0512800">
    <ele>139.8</ele>
    <time>2025-03-29T10:00:27Z</time>
   </trkpt>
   <trkpt lat="48.6275920" lon="2.0512210">
    <ele>139.4</ele>
    <time>2025-03-29T10:00:28Z</time>
   </trkpt>
   <trkpt lat="48.6275920" lon="2.0511730">
    <ele>139.1</ele>
    <time>2025-03-29T10:00:29Z</time>
   </trkpt>
   <trkpt lat="48.6275670" lon="2.0511010">
    <ele>138.7</ele>
    <time>2025-03-29T10:00:31Z</time>
   </trkpt>
   <trkpt lat="48.6274930" lon="2.0510830">
    <ele>138.0</ele>
    <time>2025-03-29T10:00:33Z</time>
   </trkpt>
   <trkpt lat="48.6274450" lon="2.0510840">
    <ele>137.8</ele>
    <time>2025-03-29T10:00:34Z</time>
   </trkpt>
   <trkpt lat="48.6271380" lon="2.0510520">
    <ele>136.9</ele>
    <time>2025-03-29T10:00:39Z</time>
   </trkpt>
   <trkpt lat="48.6270130" lon="2.0509960">
    <ele>136.7</ele>
    <time>2025-03-29T10:00:41Z</time>
   </trkpt>
   <trkpt lat="48.6266460" lon="2.0508350">
    <ele>136.0</ele>
    <time>2025-03-29T10:00:47Z</time>
   </trkpt>
   <trkpt lat="48.6263890" lon="2.0507530">
    <ele>135.2</ele>
    <time>2025-03-29T10:00:51Z</time>
   </trkpt>
   <trkpt lat="48.6262490" lon="2.0507420">
    <ele>134.9</ele>
    <time>2025-03-29T10:00:53Z</time>
   </trkpt>
   <trkpt lat="48.6256720" lon="2.0506470">
    <ele>133.7</ele>
    <time>2025-03-29T10:01:01Z</time>
   </trkpt>
   <trkpt lat="48.6253870" lon="2.0505130">
    <ele>133.7</ele>
    <time>2025-03-29T10:01:05Z</time>
   </trkpt>
   <trkpt lat="48.6252550" lon="2.0504180">
    <ele>133.9</ele>
    <time>2025-03-29T10:01:07Z</time>
   </trkpt>
   <trkpt lat="48.6251900" lon="2.0503760">
    <ele>134.1</ele>
    <time>2025-03-29T10:01:08Z</time>
   </trkpt>
   <trkpt lat="48.6250650" lon="2.0503010">
    <ele>134.6</ele>
    <time>2025-03-29T10:01:10Z</time>
   </trkpt>
   <trkpt lat="48.6247690" lon="2.0501580">
    <ele>135.8</ele>
    <time>2025-03-29T10:01:15Z</time>
   </trkpt>
   <trkpt lat="48.6244000" lon="2.0499590">
    <ele>137.0</ele>
    <time>2025-03-29T10:01:22Z</time>
   </trkpt>
   <trkpt lat="48.6238640" lon="2.0494870">
    <ele>134.3</ele>
    <time>2025-03-29T10:01:31Z</time>
   </trkpt>
   <trkpt lat="48.6234400" lon="2.0491370">
    <ele>131.1</ele>
    <time>2025-03-29T10:01:36Z</time>
   </trkpt>
   <trkpt lat="48.6232600" lon="2.0489930">
    <ele>129.9</ele>
    <time>2025-03-29T10:01:38Z</time>
   </trkpt>
   <trkpt lat="48.6230760" lon="2.0488450">
    <ele>128.7</ele>
    <time>2025-03-29T10:01:40Z</time>
   </trkpt>
   <trkpt lat="48.6228910" lon="2.0487040">
    <ele>127.6</ele>
    <time>2025-03-29T10:01:42Z</time>
   </trkpt>
   <trkpt lat="48.6223920" lon="2.0484170">
    <ele>124.8</ele>
    <time>2025-03-29T10:01:47Z</time>
   </trkpt>
   <trkpt lat="48.6218110" lon="2.0482680">
    <ele>122.7</ele>
    <time>2025-03-29T10:01:52Z</time>
   </trkpt>
   <trkpt lat="48.6216910" lon="2.0482400">
    <ele>122.4</ele>
    <time>2025-03-29T10:01:53Z</time>
   </trkpt>
   <trkpt lat="48.6210960" lon="2.0481220">
    <ele>120.8</ele>
    <time>2025-03-29T10:01:58Z</time>
   </trkpt>
   <trkpt lat="48.6208620" lon="2.0480760">
    <ele>120.2</ele>
    <time>2025-03-29T10:02:00Z</time>
   </trkpt>
   <trkpt lat="48.6203080" lon="2.0479680">
    <ele>119.0</ele>
    <time>2025-03-29T10:02:05Z</time>
   </trkpt>
   <trkpt lat="48.6199880" lon="2.0479090">
    <ele>118.4</ele>
    <time>2025-03-29T10:02:08Z</time>
   </trkpt>
   <trkpt lat="48.6193940" lon="2.0477850">
    <ele>117.4</ele>
    <time>2025-03-29T10:02:14Z</time>
   </trkpt>
   <trkpt lat="48.6192070" lon="2.0477480">
    <ele>117.1</ele>
    <time>2025-03-29T10:02:16Z</time>
   </trkpt>
   <trkpt lat="48.6187770" lon="2.0476710">
    <ele>116.7</ele>
    <time>2025-03-29T10:02:21Z</time>
   </trkpt>
   <trkpt lat="48.6186230" lon="2.0476450">
    <ele>116.7</ele>
    <time>2025-03-29T10:02:23Z</time>
   </trkpt>
   <trkpt lat="48.6181520" lon="2.0475400">
    <ele>116.6</ele>
    <time>2025-03-29T10:02:29Z</time>
   </trkpt>
   <trkpt lat="48.6175900" lon="2.0474300">
    <ele>116.5</ele>
    <time>2025-03-29T10:02:36Z</time>
   </trkpt>
   <trkpt lat="48.6175100" lon="2.0474150">
    <ele>116.5</ele>
    <time>2025-03-29T10:02:37Z</time>
   </trkpt>
   <trkpt lat="48.6169780" lon="2.0472970">
    <ele>116.3</ele>
    <time>2025-03-29T10:02:44Z</time>
   </trkpt>
   <trkpt lat="48.6166220" lon="2.0472220">
    <ele>116.0</ele>
    <time>2025-03-29T10:02:50Z</time>
   </trkpt>
   <trkpt lat="48.6163220" lon="2.0471430">
    <ele>115.3</ele>
    <time>2025-03-29T10:02:55Z</time>
   </trkpt>
   <trkpt lat="48.6162690" lon="2.0471060">
    <ele>115.2</ele>
    <time>2025-03-29T10:02:56Z</time>
   </trkpt>
   <trkpt lat="48.6162240" lon="2.0470560">
    <ele>115.0</ele>
    <time>2025-03-29T10:02:57Z</time>
   </trkpt>
   <trkpt lat="48.6161180" lon="2.0468480">
    <ele>114.4</ele>
    <time>2025-03-29T10:03:00Z</time>
   </trkpt>
   <trkpt lat="48.6160720" lon="2.0466770">
    <ele>114.1</ele>
    <time>2025-03-29T10:03:02Z</time>
   </trkpt>
   <trkpt lat="48.6160550" lon="2.0464990">
    <ele>113.9</ele>
    <time>2025-03-29T10:03:04Z</time>
   </trkpt>
   <trkpt lat="48.6160620" lon="2.0463190">
    <ele>113.6</ele>
    <time>2025-03-29T10:03:06Z</time>
   </trkpt>
   <trkpt lat="48.6161020" lon="2.0460350">
    <ele>113.2</ele>
    <time>2025-03-29T10:03:09Z</time>
   </trkpt>
   <trkpt lat="48.6161850" lon="2.0452300">
    <ele>112.6</ele>
    <time>2025-03-29T10:03:17Z</time>
   </trkpt>
   <trkpt lat="48.6162630" lon="2.0445000">
    <ele>112.8</ele>
    <time>2025-03-29T10:03:24Z</time>
   </trkpt>
   <trkpt lat="48.6162710" lon="2.0443970">
    <ele>112.9</ele>
    <time>2025-03-29T10:03:25Z</time>
   </trkpt>
   <trkpt lat="48.6162800" lon="2.0442970">
    <ele>113.0</ele>
    <time>2025-03-29T10:03:26Z</time>
   </trkpt>
   <trkpt lat="48.6163220" lon="2.0438890">
    <ele>113.0</ele>
    <time>2025-03-29T10:03:30Z</time>
   </trkpt>
   <trkpt lat="48.6163590" lon="2.0434760">
    <ele>113.2</ele>
    <time>2025-03-29T10:03:34Z</time>
   </trkpt>
   <trkpt lat="48.6164230" lon="2.0427670">
    <ele>113.7</ele>
    <time>2025-03-29T10:03:41Z</time>
   </trkpt>
   <trkpt lat="48.6164340" lon="2.0426700">
    <ele>113.8</ele>
    <time>2025-03-29T10:03:42Z</time>
   </trkpt>
   <trkpt lat="48.6165130" lon="2.0418180">
    <ele>114.6</ele>
    <time>2025-03-29T10:03:51Z</time>
   </trkpt>
   <trkpt lat="48.6165230" lon="2.0417260">
    <ele>114.7</ele>
    <time>2025-03-29T10:03:52Z</time>
   </trkpt>
   <trkpt lat="48.6166050" lon="2.0409230">
    <ele>116.2</ele>
    <time>2025-03-29T10:04:01Z</time>
   </trkpt>
   <trkpt lat="48.6166540" lon="2.0402830">
    <ele>117.6</ele>
    <time>2025-03-29T10:04:09Z</time>
   </trkpt>
   <trkpt lat="48.6167270" lon="2.0395680">
    <ele>119.4</ele>
    <time>2025-03-29T10:04:18Z</time>
   </trkpt>
   <trkpt lat="48.6167570" lon="2.0390010">
    <ele>120.4</ele>
    <time>2025-03-29T10:04:25Z</time>
   </trkpt>
   <trkpt lat="48.6167590" lon="2.0389150">
    <ele>120.6</ele>
    <time>2025-03-29T10:04:26Z</time>
   </trkpt>
   <trkpt lat="48.6167560" lon="2.0380590">
    <ele>121.4</ele>
    <time>2025-03-29T10:04:36Z</time>
   </trkpt>
   <trkpt lat="48.6167530" lon="2.0378750">
    <ele>121.4</ele>
    <time>2025-03-29T10:04:38Z</time>
   </trkpt>
   <trkpt lat="48.6167450" lon="2.0373960">
    <ele>121.1</ele>
    <time>2025-03-29T10:04:43Z</time>
   </trkpt>
   <trkpt lat="48.6167300" lon="2.0371040">
    <ele>120.9</ele>
    <time>2025-03-29T10:04:46Z</time>
   </trkpt>
   <trkpt lat="48.6166990" lon="2.0366060">
    <ele>120.3</ele>
    <time>2025-03-29T10:04:51Z</time>
   </trkpt>
   <trkpt lat="48.6166810" lon="2.0362890">
    <ele>119.8</ele>
    <time>2025-03-29T10:04:54Z</time>
   </trkpt>
   <trkpt lat="48.6166460" lon="2.0356080">
    <ele>119.2</ele>
    <time>2025-03-29T10:05:00Z</time>
   </trkpt>
   <trkpt lat="48.6166380" lon="2.0349780">
    <ele>118.5</ele>
    <time>2025-03-29T10:05:06Z</time>
   </trkpt>
   <trkpt lat="48.6166400" lon="2.0345730">
    <ele>118.1</ele>
    <time>2025-03-29T10:05:10Z</time>
   </trkpt>
   <trkpt lat="48.6166430" lon="2.0344760">
    <ele>118.0</ele>
    <time>2025-03-29T10:05:11Z</time>
   </trkpt>
   <trkpt lat="48.6166440" lon="2.0343810">
    <ele>117.9</ele>
    <time>2025-03-29T10:05:12Z</time>
   </trkpt>
   <trkpt lat="48.6166470" lon="2.0342880">
    <ele>117.8</ele>
    <time>2025-03-29T10:05:13Z</time>
   </trkpt>
   <trkpt lat="48.6166490" lon="2.0341970">
    <ele>117.7</ele>
    <time>2025-03-29T10:05:14Z</time>
   </trkpt>
   <trkpt lat="48.6166490" lon="2.0338690">
    <ele>117.6</ele>
    <time>2025-03-29T10:05:18Z</time>
   </trkpt>
   <trkpt lat="48.6166080" lon="2.0337300">
    <ele>117.6</ele>
    <time>2025-03-29T10:05:20Z</time>
   </trkpt>
   <trkpt lat="48.6165900" lon="2.0336600">
    <ele>117.6</ele>
    <time>2025-03-29T10:05:21Z</time>
   </trkpt>
   <trkpt lat="48.6165860" lon="2.0335250">
    <ele>117.6</ele>
    <time>2025-03-29T10:05:23Z</time>
   </trkpt>
   <trkpt lat="48.6166240" lon="2.0334220">
    <ele>117.5</ele>
    <time>2025-03-29T10:05:25Z</time>
   </trkpt>
   <trkpt lat="48.6166640" lon="2.0333560">
    <ele>117.5</ele>
    <time>2025-03-29T10:05:27Z</time>
   </trkpt>
   <trkpt lat="48.6166870" lon="2.0333250">
    <ele>117.5</ele>
    <time>2025-03-29T10:05:28Z</time>
   </trkpt>
   <trkpt lat="48.6167520" lon="2.0331680">
    <ele>117.4</ele>
    <time>2025-03-29T10:05:31Z</time>
   </trkpt>
   <trkpt lat="48.6168210" lon="2.0328520">
    <ele>117.3</ele>
    <time>2025-03-29T10:05:35Z</time>
   </trkpt>
   <trkpt lat="48.6168730" lon="2.0326870">
    <ele>117.3</ele>
    <time>2025-03-29T10:05:37Z</time>
   </trkpt>
   <trkpt lat="48.6170170" lon="2.0321410">
    <ele>117.2</ele>
    <time>2025-03-29T10:05:43Z</time>
   </trkpt>
   <trkpt lat="48.6171420" lon="2.0313920">
    <ele>117.3</ele>
    <time>2025-03-29T10:05:51Z</time>
   </trkpt>
   <trkpt lat="48.6172220" lon="2.0306300">
    <ele>117.6</ele>
    <time>2025-03-29T10:05:59Z</time>
   </trkpt>
   <trkpt lat="48.6172630" lon="2.0298600">
    <ele>117.6</ele>
    <time>2025-03-29T10:06:07Z</time>
   </trkpt>
   <trkpt lat="48.6172640" lon="2.0297730">
    <ele>117.5</ele>
    <time>2025-03-29T10:06:08Z</time>
   </trkpt>
   <trkpt lat="48.6172880" lon="2.0294280">
    <ele>117.5</ele>
    <time>2025-03-29T10:06:12Z</time>
   </trkpt>
   <trkpt lat="48.6172940" lon="2.0293330">
    <ele>117.6</ele>
    <time>2025-03-29T10:06:14Z</time>
   </trkpt>
   <trkpt lat="48.6172650" lon="2.0292540">
    <ele>117.5</ele>
    <time>2025-03-29T10:06:16Z</time>
   </trkpt>
   <trkpt lat="48.6171430" lon="2.0291710">
    <ele>117.1</ele>
    <time>2025-03-29T10:06:19Z</time>
   </trkpt>
   <trkpt lat="48.6170360" lon="2.0291100">
    <ele>116.8</ele>
    <time>2025-03-29T10:06:21Z</time>
   </trkpt>
   <trkpt lat="48.6169760" lon="2.0290780">
    <ele>116.6</ele>
    <time>2025-03-29T10:06:22Z</time>
   </trkpt>
   <trkpt lat="48.6169150" lon="2.0290430">
    <ele>116.4</ele>
    <time>2025-03-29T10:06:23Z</time>
   </trkpt>
   <trkpt lat="48.6167250" lon="2.0289210">
    <ele>115.9</ele>
    <time>2025-03-29T10:06:26Z</time>
   </trkpt>
   <trkpt lat="48.6165990" lon="2.0288040">
    <ele>115.7</ele>
    <time>2025-03-29T10:06:28Z</time>
   </trkpt>
   <trkpt lat="48.6164930" lon="2.0286530">
    <ele>115.5</ele>
    <time>2025-03-29T10:06:30Z</time>
   </trkpt>
   <trkpt lat="48.6161150" lon="2.0280630">
    <ele>114.8</ele>
    <time>2025-03-29T10:06:37Z</time>
   </trkpt>
   <trkpt lat="48.6160580" lon="2.0279740">
    <ele>114.8</ele>
    <time>2025-03-29T10:06:38Z</time>
   </trkpt>
   <trkpt lat="48.6157290" lon="2.0274520">
    <ele>114.0</ele>
    <time>2025-03-29T10:06:44Z</time>
   </trkpt>
   <trkpt lat="48.6155480" lon="2.0271910">
    <ele>113.9</ele>
    <time>2025-03-29T10:06:48Z</time>
   </trkpt>
   <trkpt lat="48.6154790" lon="2.0271050">
    <ele>113.8</ele>
    <time>2025-03-29T10:06:50Z</time>
   </trkpt>
   <trkpt lat="48.6154250" lon="2.0270790">
    <ele>113.8</ele>
    <time>2025-03-29T10:06:52Z</time>
   </trkpt>
   <trkpt lat="48.6153770" lon="2.0270950">
    <ele>113.7</ele>
    <time>2025-03-29T10:06:54Z</time>
   </trkpt>
   <trkpt lat="48.6153550" lon="2.0271190">
    <ele>113.7</ele>
    <time>2025-03-29T10:06:55Z</time>
   </trkpt>
   <trkpt lat="48.6152770" lon="2.0271620">
    <ele>113.6</ele>
    <time>2025-03-29T10:06:58Z</time>
   </trkpt>
   <trkpt lat="48.6152500" lon="2.0271480">
    <ele>113.6</ele>
    <time>2025-03-29T10:06:59Z</time>
   </trkpt>
   <trkpt lat="48.6151670" lon="2.0270560">
    <ele>113.6</ele>
    <time>2025-03-29T10:07:04Z</time>
   </trkpt>
   <trkpt lat="48.6151690" lon="2.0270570">
    <ele>113.6</ele>
    <time>2025-03-29T10:07:06Z</time>
   </trkpt>
   <trkpt lat="48.6151640" lon="2.0270570">
    <ele>113.6</ele>
    <time>2025-03-29T10:07:07Z</time>
   </trkpt>
   <trkpt lat="48.6151200" lon="2.0270560">
    <ele>113.6</ele>
    <time>2025-03-29T10:07:12Z</time>
   </trkpt>
   <trkpt lat="48.6151240" lon="2.0269990">
    <ele>113.5</ele>
    <time>2025-03-29T10:08:26Z</time>
   </trkpt>
   <trkpt lat="48.6151380" lon="2.0270110">
    <ele>113.5</ele>
    <time>2025-03-29T10:08:27Z</time>
   </trkpt>
   <trkpt lat="48.6151430" lon="2.0270280">
    <ele>113.5</ele>
    <time>2025-03-29T10:08:28Z</time>
   </trkpt>
   <trkpt lat="48.6151280" lon="2.0270580">
    <ele>113.5</ele>
    <time>2025-03-29T10:08:31Z</time>
   </trkpt>
   <trkpt lat="48.6151280" lon="2.0270660">
    <ele>113.5</ele>
    <time>2025-03-29T10:08:34Z</time>
   </trkpt>
   <trkpt lat="48.6151570" lon="2.0268670">
    <ele>113.5</ele>
    <time>2025-03-29T10:13:39Z</time>
   </trkpt>
   <trkpt lat="48.6151610" lon="2.0268480">
    <ele>113.4</ele>
    <time>2025-03-29T10:13:40Z</time>
   </trkpt>
   <trkpt lat="48.6151740" lon="2.0268160">
    <ele>113.4</ele>
    <time>2025-03-29T10:13:42Z</time>
   </trkpt>
   <trkpt lat="48.6152070" lon="2.0267570">
    <ele>113.4</ele>
    <time>2025-03-29T10:13:47Z</time>
   </trkpt>
   <trkpt lat="48.6152160" lon="2.0267210">
    <ele>113.4</ele>
    <time>2025-03-29T10:13:49Z</time>
   </trkpt>
   <trkpt lat="48.6152150" lon="2.0266990">
    <ele>113.4</ele>
    <time>2025-03-29T10:13:50Z</time>
   </trkpt>
   <trkpt lat="48.6151720" lon="2.0266380">
    <ele>113.4</ele>
    <time>2025-03-29T10:13:54Z</time>
   </trkpt>
   <trkpt lat="48.6151240" lon="2.0266220">
    <ele>113.4</ele>
    <time>2025-03-29T10:13:57Z</time>
   </trkpt>
   <trkpt lat="48.6150880" lon="2.0266470">
    <ele>113.4</ele>
    <time>2025-03-29T10:13:59Z</time>
   </trkpt>
   <trkpt lat="48.6148620" lon="2.0267320">
    <ele>113.3</ele>
    <time>2025-03-29T10:14:05Z</time>
   </trkpt>
   <trkpt lat="48.6145920" lon="2.0268340">
    <ele>113.2</ele>
    <time>2025-03-29T10:14:10Z</time>
   </trkpt>
   <trkpt lat="48.6142260" lon="2.0269570">
    <ele>112.8</ele>
    <time>2025-03-29T10:14:17Z</time>
   </trkpt>
   <trkpt lat="48.6140400" lon="2.0270090">
    <ele>112.4</ele>
    <time>2025-03-29T10:14:23Z</time>
   </trkpt>
   <trkpt lat="48.6139150" lon="2.0270930">
    <ele>112.8</ele>
    <time>2025-03-29T10:14:29Z</time>
   </trkpt>
   <trkpt lat="48.6138750" lon="2.0271140">
    <ele>112.8</ele>
    <time>2025-03-29T10:14:33Z</time>
   </trkpt>
   <trkpt lat="48.6138740" lon="2.0271160">
    <ele>112.8</ele>
    <time>2025-03-29T10:14:34Z</time>
   </trkpt>
   <trkpt lat="48.6138750" lon="2.0271150">
    <ele>112.8</ele>
    <time>2025-03-29T10:14:35Z</time>
   </trkpt>
   <trkpt lat="48.6138750" lon="2.0271150">
    <ele>112.8</ele>
    <time>2025-03-29T10:14:38Z</time>
   </trkpt>
   <trkpt lat="48.6139370" lon="2.0270070">
    <ele>112.7</ele>
    <time>2025-03-29T10:15:09Z</time>
   </trkpt>
   <trkpt lat="48.6139740" lon="2.0269670">
    <ele>112.5</ele>
    <time>2025-03-29T10:15:11Z</time>
   </trkpt>
   <trkpt lat="48.6140090" lon="2.0267550">
    <ele>112.0</ele>
    <time>2025-03-29T10:15:16Z</time>
   </trkpt>
   <trkpt lat="48.6139130" lon="2.0264360">
    <ele>111.5</ele>
    <time>2025-03-29T10:15:21Z</time>
   </trkpt>
   <trkpt lat="48.6137590" lon="2.0259650">
    <ele>110.9</ele>
    <time>2025-03-29T10:15:27Z</time>
   </trkpt>
   <trkpt lat="48.6135500" lon="2.0253690">
    <ele>110.6</ele>
    <time>2025-03-29T10:15:34Z</time>
   </trkpt>
   <trkpt lat="48.6132910" lon="2.0245580">
    <ele>110.3</ele>
    <time>2025-03-29T10:15:43Z</time>
   </trkpt>
   <trkpt lat="48.6130040" lon="2.0237550">
    <ele>109.8</ele>
    <time>2025-03-29T10:15:52Z</time>
   </trkpt>
   <trkpt lat="48.6129670" lon="2.0236660">
    <ele>109.8</ele>
    <time>2025-03-29T10:15:53Z</time>
   </trkpt>
   <trkpt lat="48.6127370" lon="2.0231490">
    <ele>109.6</ele>
    <time>2025-03-29T10:15:59Z</time>
   </trkpt>
   <trkpt lat="48.6126230" lon="2.0229050">
    <ele>109.5</ele>
    <time>2025-03-29T10:16:02Z</time>
   </trkpt>
   <trkpt lat="48.6122890" lon="2.0223110">
    <ele>109.5</ele>
    <time>2025-03-29T10:16:10Z</time>
   </trkpt>
   <trkpt lat="48.6119080" lon="2.0217300">
    <ele>109.4</ele>
    <time>2025-03-29T10:16:18Z</time>
   </trkpt>
   <trkpt lat="48.6118570" lon="2.0216590">
    <ele>109.4</ele>
    <time>2025-03-29T10:16:19Z</time>
   </trkpt>
   <trkpt lat="48.6115130" lon="2.0211320">
    <ele>109.2</ele>
    <time>2025-03-29T10:16:26Z</time>
   </trkpt>
   <trkpt lat="48.6113710" lon="2.0209160">
    <ele>109.1</ele>
    <time>2025-03-29T10:16:29Z</time>
   </trkpt>
   <trkpt lat="48.6111180" lon="2.0205700">
    <ele>108.9</ele>
    <time>2025-03-29T10:16:34Z</time>
   </trkpt>
   <trkpt lat="48.6106790" lon="2.0200720">
    <ele>108.8</ele>
    <time>2025-03-29T10:16:42Z</time>
   </trkpt>
   <trkpt lat="48.6106220" lon="2.0200070">
    <ele>108.9</ele>
    <time>2025-03-29T10:16:43Z</time>
   </trkpt>
   <trkpt lat="48.6102400" lon="2.0195840">
    <ele>109.3</ele>
    <time>2025-03-29T10:16:50Z</time>
   </trkpt>
   <trkpt lat="48.6099890" lon="2.0192990">
    <ele>109.6</ele>
    <time>2025-03-29T10:16:55Z</time>
   </trkpt>
   <trkpt lat="48.6098420" lon="2.0191340">
    <ele>109.8</ele>
    <time>2025-03-29T10:16:58Z</time>
   </trkpt>
   <trkpt lat="48.6097910" lon="2.0190790">
    <ele>109.8</ele>
    <time>2025-03-29T10:16:59Z</time>
   </trkpt>
   <trkpt lat="48.6096910" lon="2.0189570">
    <ele>109.9</ele>
    <time>2025-03-29T10:17:01Z</time>
   </trkpt>
   <trkpt lat="48.6095320" lon="2.0187860">
    <ele>110.1</ele>
    <time>2025-03-29T10:17:04Z</time>
   </trkpt>
   <trkpt lat="48.6090780" lon="2.0182710">
    <ele>110.7</ele>
    <time>2025-03-29T10:17:13Z</time>
   </trkpt>
   <trkpt lat="48.6090260" lon="2.0182140">
    <ele>110.7</ele>
    <time>2025-03-29T10:17:14Z</time>
   </trkpt>
   <trkpt lat="48.6086150" lon="2.0177690">
    <ele>111.4</ele>
    <time>2025-03-29T10:17:22Z</time>
   </trkpt>
   <trkpt lat="48.6083080" lon="2.0174150">
    <ele>112.0</ele>
    <time>2025-03-29T10:17:28Z</time>
   </trkpt>
   <trkpt lat="48.6080500" lon="2.0170840">
    <ele>112.3</ele>
    <time>2025-03-29T10:17:33Z</time>
   </trkpt>
   <trkpt lat="48.6079590" lon="2.0169320">
    <ele>112.3</ele>
    <time>2025-03-29T10:17:35Z</time>
   </trkpt>
   <trkpt lat="48.6076050" lon="2.0163130">
    <ele>112.2</ele>
    <time>2025-03-29T10:17:43Z</time>
   </trkpt>
   <trkpt lat="48.6075610" lon="2.0162380">
    <ele>112.3</ele>
    <time>2025-03-29T10:17:44Z</time>
   </trkpt>
   <trkpt lat="48.6072030" lon="2.0156100">
    <ele>112.0</ele>
    <time>2025-03-29T10:17:52Z</time>
   </trkpt>
   <trkpt lat="48.6071580" lon="2.0155310">
    <ele>112.0</ele>
    <time>2025-03-29T10:17:53Z</time>
   </trkpt>
   <trkpt lat="48.6067950" lon="2.0148880">
    <ele>112.0</ele>
    <time>2025-03-29T10:18:01Z</time>
   </trkpt>
   <trkpt lat="48.6067050" lon="2.0147270">
    <ele>112.0</ele>
    <time>2025-03-29T10:18:03Z</time>
   </trkpt>
   <trkpt lat="48.6063360" lon="2.0140740">
    <ele>111.6</ele>
    <time>2025-03-29T10:18:11Z</time>
   </trkpt>
   <trkpt lat="48.6062390" lon="2.0139030">
    <ele>111.3</ele>
    <time>2025-03-29T10:18:13Z</time>
   </trkpt>
   <trkpt lat="48.6059870" lon="2.0134670">
    <ele>110.0</ele>
    <time>2025-03-29T10:18:18Z</time>
   </trkpt>
   <trkpt lat="48.6056280" lon="2.0127230">
    <ele>107.7</ele>
    <time>2025-03-29T10:18:25Z</time>
   </trkpt>
   <trkpt lat="48.6053040" lon="2.0119650">
    <ele>106.7</ele>
    <time>2025-03-29T10:18:31Z</time>
   </trkpt>
   <trkpt lat="48.6052480" lon="2.0118350">
    <ele>106.6</ele>
    <time>2025-03-29T10:18:32Z</time>
   </trkpt>
   <trkpt lat="48.6049790" lon="2.0112170">
    <ele>107.0</ele>
    <time>2025-03-29T10:18:37Z</time>
   </trkpt>
   <trkpt lat="48.6047810" lon="2.0107580">
    <ele>107.9</ele>
    <time>2025-03-29T10:18:41Z</time>
   </trkpt>
   <trkpt lat="48.6044630" lon="2.0100130">
    <ele>109.0</ele>
    <time>2025-03-29T10:18:48Z</time>
   </trkpt>
   <trkpt lat="48.6044210" lon="2.0099050">
    <ele>109.1</ele>
    <time>2025-03-29T10:18:49Z</time>
   </trkpt>
   <trkpt lat="48.6041110" lon="2.0091690">
    <ele>109.6</ele>
    <time>2025-03-29T10:18:56Z</time>
   </trkpt>
   <trkpt lat="48.6039650" lon="2.0088470">
    <ele>109.6</ele>
    <time>2025-03-29T10:18:59Z</time>
   </trkpt>
   <trkpt lat="48.6036140" lon="2.0081190">
    <ele>109.7</ele>
    <time>2025-03-29T10:19:06Z</time>
   </trkpt>
   <trkpt lat="48.6033140" lon="2.0074450">
    <ele>110.5</ele>
    <time>2025-03-29T10:19:13Z</time>
   </trkpt>
   <trkpt lat="48.6031310" lon="2.0070750">
    <ele>111.0</ele>
    <time>2025-03-29T10:19:18Z</time>
   </trkpt>
   <trkpt lat="48.6030790" lon="2.0070300">
    <ele>111.0</ele>
    <time>2025-03-29T10:19:19Z</time>
   </trkpt>
   <trkpt lat="48.6030210" lon="2.0070130">
    <ele>110.8</ele>
    <time>2025-03-29T10:19:20Z</time>
   </trkpt>
   <trkpt lat="48.6028940" lon="2.0070290">
    <ele>110.1</ele>
    <time>2025-03-29T10:19:22Z</time>
   </trkpt>
   <trkpt lat="48.6025280" lon="2.0070680">
    <ele>108.1</ele>
    <time>2025-03-29T10:19:27Z</time>
   </trkpt>
   <trkpt lat="48.6024470" lon="2.0070760">
    <ele>107.7</ele>
    <time>2025-03-29T10:19:28Z</time>
   </trkpt>
   <trkpt lat="48.6019940" lon="2.0071140">
    <ele>105.5</ele>
    <time>2025-03-29T10:19:33Z</time>
   </trkpt>
   <trkpt lat="48.6015060" lon="2.0071970">
    <ele>103.2</ele>
    <time>2025-03-29T10:19:38Z</time>
   </trkpt>
   <trkpt lat="48.6014100" lon="2.0072290">
    <ele>102.7</ele>
    <time>2025-03-29T10:19:39Z</time>
   </trkpt>
   <trkpt lat="48.6012190" lon="2.0073140">
    <ele>101.8</ele>
    <time>2025-03-29T10:19:41Z</time>
   </trkpt>
   <trkpt lat="48.6009260" lon="2.0075000">
    <ele>100.4</ele>
    <time>2025-03-29T10:19:44Z</time>
   </trkpt>
   <trkpt lat="48.6005550" lon="2.0078780">
    <ele>98.5</ele>
    <time>2025-03-29T10:19:48Z</time>
   </trkpt>
   <trkpt lat="48.6001050" lon="2.0083960">
    <ele>96.5</ele>
    <time>2025-03-29T10:19:53Z</time>
   </trkpt>
   <trkpt lat="48.5997580" lon="2.0087720">
    <ele>94.8</ele>
    <time>2025-03-29T10:19:57Z</time>
   </trkpt>
   <trkpt lat="48.5993090" lon="2.0092550">
    <ele>92.8</ele>
    <time>2025-03-29T10:20:02Z</time>
   </trkpt>
   <trkpt lat="48.5991240" lon="2.0094590">
    <ele>92.2</ele>
    <time>2025-03-29T10:20:04Z</time>
   </trkpt>
   <trkpt lat="48.5985990" lon="2.0100170">
    <ele>91.4</ele>
    <time>2025-03-29T10:20:10Z</time>
   </trkpt>
   <trkpt lat="48.5984330" lon="2.0101920">
    <ele>91.4</ele>
    <time>2025-03-29T10:20:12Z</time>
   </trkpt>
   <trkpt lat="48.5979850" lon="2.0106650">
    <ele>92.0</ele>
    <time>2025-03-29T10:20:18Z</time>
   </trkpt>
   <trkpt lat="48.5975180" lon="2.0111560">
    <ele>93.6</ele>
    <time>2025-03-29T10:20:25Z</time>
   </trkpt>
   <trkpt lat="48.5971900" lon="2.0115110">
    <ele>95.4</ele>
    <time>2025-03-29T10:20:31Z</time>
   </trkpt>
   <trkpt lat="48.5968830" lon="2.0118320">
    <ele>96.7</ele>
    <time>2025-03-29T10:20:37Z</time>
   </trkpt>
   <trkpt lat="48.5964000" lon="2.0123260">
    <ele>97.7</ele>
    <time>2025-03-29T10:20:46Z</time>
   </trkpt>
   <trkpt lat="48.5963470" lon="2.0123790">
    <ele>97.7</ele>
    <time>2025-03-29T10:20:47Z</time>
   </trkpt>
   <trkpt lat="48.5958760" lon="2.0127620">
    <ele>97.3</ele>
    <time>2025-03-29T10:20:55Z</time>
   </trkpt>
   <trkpt lat="48.5955410" lon="2.0128020">
    <ele>96.9</ele>
    <time>2025-03-29T10:21:00Z</time>
   </trkpt>
   <trkpt lat="48.5949720" lon="2.0127880">
    <ele>95.6</ele>
    <time>2025-03-29T10:21:08Z</time>
   </trkpt>
   <trkpt lat="48.5948980" lon="2.0127910">
    <ele>95.5</ele>
    <time>2025-03-29T10:21:09Z</time>
   </trkpt>
   <trkpt lat="48.5943110" lon="2.0129170">
    <ele>94.3</ele>
    <time>2025-03-29T10:21:17Z</time>
   </trkpt>
   <trkpt lat="48.5938160" lon="2.0132210">
    <ele>93.8</ele>
    <time>2025-03-29T10:21:24Z</time>
   </trkpt>
   <trkpt lat="48.5934140" lon="2.0135630">
    <ele>93.5</ele>
    <time>2025-03-29T10:21:30Z</time>
   </trkpt>
   <trkpt lat="48.5929890" lon="2.0139530">
    <ele>93.7</ele>
    <time>2025-03-29T10:21:37Z</time>
   </trkpt>
   <trkpt lat="48.5926320" lon="2.0143290">
    <ele>94.0</ele>
    <time>2025-03-29T10:21:43Z</time>
   </trkpt>
   <trkpt lat="48.5923590" lon="2.0146870">
    <ele>94.2</ele>
    <time>2025-03-29T10:21:48Z</time>
   </trkpt>
   <trkpt lat="48.5918710" lon="2.0151830">
    <ele>94.4</ele>
    <time>2025-03-29T10:21:56Z</time>
   </trkpt>
   <trkpt lat="48.5918150" lon="2.0152450">
    <ele>94.4</ele>
    <time>2025-03-29T10:21:57Z</time>
   </trkpt>
   <trkpt lat="48.5914430" lon="2.0155500">
    <ele>94.1</ele>
    <time>2025-03-29T10:22:03Z</time>
   </trkpt>
   <trkpt lat="48.5911670" lon="2.0157210">
    <ele>94.0</ele>
    <time>2025-03-29T10:22:07Z</time>
   </trkpt>
   <trkpt lat="48.5911010" lon="2.0157610">
    <ele>94.0</ele>
    <time>2025-03-29T10:22:08Z</time>
   </trkpt>
   <trkpt lat="48.5908420" lon="2.0159060">
    <ele>93.9</ele>
    <time>2025-03-29T10:22:12Z</time>
   </trkpt>
   <trkpt lat="48.5907220" lon="2.0159360">
    <ele>93.6</ele>
    <time>2025-03-29T10:22:14Z</time>
   </trkpt>
   <trkpt lat="48.5906640" lon="2.0159220">
    <ele>93.4</ele>
    <time>2025-03-29T10:22:15Z</time>
   </trkpt>
   <trkpt lat="48.5906110" lon="2.0158800">
    <ele>93.2</ele>
    <time>2025-03-29T10:22:16Z</time>
   </trkpt>
   <trkpt lat="48.5905230" lon="2.0157280">
    <ele>92.5</ele>
    <time>2025-03-29T10:22:18Z</time>
   </trkpt>
   <trkpt lat="48.5902640" lon="2.0151230">
    <ele>89.5</ele>
    <time>2025-03-29T10:22:24Z</time>
   </trkpt>
   <trkpt lat="48.5901910" lon="2.0148820">
    <ele>88.6</ele>
    <time>2025-03-29T10:22:26Z</time>
   </trkpt>
   <trkpt lat="48.5900860" lon="2.0142140">
    <ele>87.6</ele>
    <time>2025-03-29T10:22:31Z</time>
   </trkpt>
   <trkpt lat="48.5899990" lon="2.0137600">
    <ele>87.5</ele>
    <time>2025-03-29T10:22:35Z</time>
   </trkpt>
   <trkpt lat="48.5899560" lon="2.0136600">
    <ele>87.5</ele>
    <time>2025-03-29T10:22:36Z</time>
   </trkpt>
   <trkpt lat="48.5898970" lon="2.0135850">
    <ele>87.6</ele>
    <time>2025-03-29T10:22:37Z</time>
   </trkpt>
   <trkpt lat="48.5897610" lon="2.0134840">
    <ele>87.9</ele>
    <time>2025-03-29T10:22:39Z</time>
   </trkpt>
   <trkpt lat="48.5892580" lon="2.0131340">
    <ele>89.2</ele>
    <time>2025-03-29T10:22:47Z</time>
   </trkpt>
   <trkpt lat="48.5888100" lon="2.0128080">
    <ele>90.2</ele>
    <time>2025-03-29T10:22:55Z</time>
   </trkpt>
   <trkpt lat="48.5885380" lon="2.0126090">
    <ele>90.9</ele>
    <time>2025-03-29T10:23:00Z</time>
   </trkpt>
   <trkpt lat="48.5884830" lon="2.0125680">
    <ele>91.0</ele>
    <time>2025-03-29T10:23:01Z</time>
   </trkpt>
   <trkpt lat="48.5881280" lon="2.0123180">
    <ele>91.8</ele>
    <time>2025-03-29T10:23:08Z</time>
   </trkpt>
   <trkpt lat="48.5880280" lon="2.0122450">
    <ele>92.0</ele>
    <time>2025-03-29T10:23:10Z</time>
   </trkpt>
   <trkpt lat="48.5875430" lon="2.0118820">
    <ele>93.0</ele>
    <time>2025-03-29T10:23:20Z</time>
   </trkpt>
   <trkpt lat="48.5872120" lon="2.0116510">
    <ele>93.7</ele>
    <time>2025-03-29T10:23:27Z</time>
   </trkpt>
   <trkpt lat="48.5871720" lon="2.0116130">
    <ele>93.8</ele>
    <time>2025-03-29T10:23:28Z</time>
   </trkpt>
   <trkpt lat="48.5871010" lon="2.0115510">
    <ele>93.9</ele>
    <time>2025-03-29T10:23:30Z</time>
   </trkpt>
   <trkpt lat="48.5870130" lon="2.0114620">
    <ele>94.2</ele>
    <time>2025-03-29T10:23:33Z</time>
   </trkpt>
   <trkpt lat="48.5869550" lon="2.0114020">
    <ele>94.3</ele>
    <time>2025-03-29T10:23:35Z</time>
   </trkpt>
   <trkpt lat="48.5869270" lon="2.0113720">
    <ele>94.3</ele>
    <time>2025-03-29T10:23:36Z</time>
   </trkpt>
   <trkpt lat="48.5868650" lon="2.0113130">
    <ele>94.4</ele>
    <time>2025-03-29T10:23:38Z</time>
   </trkpt>
   <trkpt lat="48.5868360" lon="2.0112880">
    <ele>94.5</ele>
    <time>2025-03-29T10:23:39Z</time>
   </trkpt>
   <trkpt lat="48.5865830" lon="2.0110150">
    <ele>95.3</ele>
    <time>2025-03-29T10:23:48Z</time>
   </trkpt>
   <trkpt lat="48.5864220" lon="2.0108290">
    <ele>95.8</ele>
    <time>2025-03-29T10:23:53Z</time>
   </trkpt>
   <trkpt lat="48.5863530" lon="2.0107490">
    <ele>96.1</ele>
    <time>2025-03-29T10:23:55Z</time>
   </trkpt>
   <trkpt lat="48.5861640" lon="2.0105420">
    <ele>96.7</ele>
    <time>2025-03-29T10:24:00Z</time>
   </trkpt>
   <trkpt lat="48.5861210" lon="2.0105000">
    <ele>96.9</ele>
    <time>2025-03-29T10:24:01Z</time>
   </trkpt>
   <trkpt lat="48.5860770" lon="2.0104550">
    <ele>97.1</ele>
    <time>2025-03-29T10:24:02Z</time>
   </trkpt>
   <trkpt lat="48.5857500" lon="2.0100860">
    <ele>98.4</ele>
    <time>2025-03-29T10:24:10Z</time>
   </trkpt>
   <trkpt lat="48.5853870" lon="2.0096610">
    <ele>99.7</ele>
    <time>2025-03-29T10:24:19Z</time>
   </trkpt>
   <trkpt lat="48.5850670" lon="2.0092820">
    <ele>100.8</ele>
    <time>2025-03-29T10:24:27Z</time>
   </trkpt>
   <trkpt lat="48.5847390" lon="2.0089260">
    <ele>102.1</ele>
    <time>2025-03-29T10:24:35Z</time>
   </trkpt>
   <trkpt lat="48.5843990" lon="2.0085070">
    <ele>103.2</ele>
    <time>2025-03-29T10:24:43Z</time>
   </trkpt>
   <trkpt lat="48.5843160" lon="2.0083920">
    <ele>103.5</ele>
    <time>2025-03-29T10:24:45Z</time>
   </trkpt>
   <trkpt lat="48.5841190" lon="2.0080580">
    <ele>104.1</ele>
    <time>2025-03-29T10:24:50Z</time>
   </trkpt>
   <trkpt lat="48.5837760" lon="2.0073850">
    <ele>104.9</ele>
    <time>2025-03-29T10:24:59Z</time>
   </trkpt>
   <trkpt lat="48.5835400" lon="2.0069630">
    <ele>105.6</ele>
    <time>2025-03-29T10:25:05Z</time>
   </trkpt>
   <trkpt lat="48.5834560" lon="2.0068330">
    <ele>105.8</ele>
    <time>2025-03-29T10:25:07Z</time>
   </trkpt>
   <trkpt lat="48.5831030" lon="2.0063210">
    <ele>106.6</ele>
    <time>2025-03-29T10:25:15Z</time>
   </trkpt>
   <trkpt lat="48.5827330" lon="2.0058020">
    <ele>107.2</ele>
    <time>2025-03-29T10:25:23Z</time>
   </trkpt>
   <trkpt lat="48.5823710" lon="2.0053110">
    <ele>108.1</ele>
    <time>2025-03-29T10:25:31Z</time>
   </trkpt>
   <trkpt lat="48.5820800" lon="2.0048990">
    <ele>109.0</ele>
    <time>2025-03-29T10:25:38Z</time>
   </trkpt>
   <trkpt lat="48.5817610" lon="2.0044710">
    <ele>110.3</ele>
    <time>2025-03-29T10:25:46Z</time>
   </trkpt>
   <trkpt lat="48.5814410" lon="2.0040440">
    <ele>111.6</ele>
    <time>2025-03-29T10:25:54Z</time>
   </trkpt>
   <trkpt lat="48.5814010" lon="2.0039950">
    <ele>111.8</ele>
    <time>2025-03-29T10:25:55Z</time>
   </trkpt>
   <trkpt lat="48.5811420" lon="2.0036090">
    <ele>112.4</ele>
    <time>2025-03-29T10:26:02Z</time>
   </trkpt>
   <trkpt lat="48.5811020" lon="2.0035510">
    <ele>112.4</ele>
    <time>2025-03-29T10:26:03Z</time>
   </trkpt>
   <trkpt lat="48.5810200" lon="2.0034230">
    <ele>112.2</ele>
    <time>2025-03-29T10:26:05Z</time>
   </trkpt>
   <trkpt lat="48.5808020" lon="2.0030120">
    <ele>110.9</ele>
    <time>2025-03-29T10:26:10Z</time>
   </trkpt>
   <trkpt lat="48.5804980" lon="2.0024360">
    <ele>108.0</ele>
    <time>2025-03-29T10:26:16Z</time>
   </trkpt>
   <trkpt lat="48.5802030" lon="2.0018970">
    <ele>105.1</ele>
    <time>2025-03-29T10:26:21Z</time>
   </trkpt>
   <trkpt lat="48.5801450" lon="2.0017820">
    <ele>104.6</ele>
    <time>2025-03-29T10:26:22Z</time>
   </trkpt>
   <trkpt lat="48.5798400" lon="2.0011920">
    <ele>101.7</ele>
    <time>2025-03-29T10:26:27Z</time>
   </trkpt>
   <trkpt lat="48.5797170" lon="2.0009590">
    <ele>100.6</ele>
    <time>2025-03-29T10:26:29Z</time>
   </trkpt>
   <trkpt lat="48.5794360" lon="2.0003520">
    <ele>98.7</ele>
    <time>2025-03-29T10:26:35Z</time>
   </trkpt>
   <trkpt lat="48.5792480" lon="1.9998210">
    <ele>97.3</ele>
    <time>2025-03-29T10:26:40Z</time>
   </trkpt>
   <trkpt lat="48.5789900" lon="1.9991400">
    <ele>96.8</ele>
    <time>2025-03-29T10:26:46Z</time>
   </trkpt>
   <trkpt lat="48.5787690" lon="1.9984610">
    <ele>97.0</ele>
    <time>2025-03-29T10:26:52Z</time>
   </trkpt>
   <trkpt lat="48.5785970" lon="1.9976930">
    <ele>97.9</ele>
    <time>2025-03-29T10:26:59Z</time>
   </trkpt>
   <trkpt lat="48.5785200" lon="1.9971370">
    <ele>98.8</ele>
    <time>2025-03-29T10:27:05Z</time>
   </trkpt>
   <trkpt lat="48.5784880" lon="1.9964090">
    <ele>99.9</ele>
    <time>2025-03-29T10:27:13Z</time>
   </trkpt>
   <trkpt lat="48.5784990" lon="1.9959150">
    <ele>100.7</ele>
    <time>2025-03-29T10:27:19Z</time>
   </trkpt>
   <trkpt lat="48.5784970" lon="1.9953610">
    <ele>101.3</ele>
    <time>2025-03-29T10:27:26Z</time>
   </trkpt>
   <trkpt lat="48.5784990" lon="1.9952120">
    <ele>101.4</ele>
    <time>2025-03-29T10:27:28Z</time>
   </trkpt>
   <trkpt lat="48.5784940" lon="1.9948740">
    <ele>101.7</ele>
    <time>2025-03-29T10:27:33Z</time>
   </trkpt>
   <trkpt lat="48.5785170" lon="1.9945920">
    <ele>101.9</ele>
    <time>2025-03-29T10:27:37Z</time>
   </trkpt>
   <trkpt lat="48.5785230" lon="1.9944400">
    <ele>102.0</ele>
    <time>2025-03-29T10:27:39Z</time>
   </trkpt>
   <trkpt lat="48.5785220" lon="1.9943650">
    <ele>102.1</ele>
    <time>2025-03-29T10:27:40Z</time>
   </trkpt>
   <trkpt lat="48.5785100" lon="1.9942220">
    <ele>102.2</ele>
    <time>2025-03-29T10:27:42Z</time>
   </trkpt>
   <trkpt lat="48.5785110" lon="1.9940930">
    <ele>102.2</ele>
    <time>2025-03-29T10:27:44Z</time>
   </trkpt>
   <trkpt lat="48.5785270" lon="1.9934970">
    <ele>102.2</ele>
    <time>2025-03-29T10:27:53Z</time>
   </trkpt>
   <trkpt lat="48.5785500" lon="1.9929240">
    <ele>102.1</ele>
    <time>2025-03-29T10:28:00Z</time>
   </trkpt>
   <trkpt lat="48.5785680" lon="1.9923060">
    <ele>101.7</ele>
    <time>2025-03-29T10:28:07Z</time>
   </trkpt>
   <trkpt lat="48.5785830" lon="1.9921200">
    <ele>101.6</ele>
    <time>2025-03-29T10:28:09Z</time>
   </trkpt>
   <trkpt lat="48.5785860" lon="1.9920280">
    <ele>101.6</ele>
    <time>2025-03-29T10:28:10Z</time>
   </trkpt>
   <trkpt lat="48.5785690" lon="1.9916180">
    <ele>101.6</ele>
    <time>2025-03-29T10:28:15Z</time>
   </trkpt>
   <trkpt lat="48.5785620" lon="1.9915530">
    <ele>101.3</ele>
    <time>2025-03-29T10:28:17Z</time>
   </trkpt>
   <trkpt lat="48.5785390" lon="1.9914870">
    <ele>101.0</ele>
    <time>2025-03-29T10:28:21Z</time>
   </trkpt>
   <trkpt lat="48.5785320" lon="1.9914510">
    <ele>101.0</ele>
    <time>2025-03-29T10:28:22Z</time>
   </trkpt>
   <trkpt lat="48.5785150" lon="1.9913520">
    <ele>101.0</ele>
    <time>2025-03-29T10:28:24Z</time>
   </trkpt>
   <trkpt lat="48.5785010" lon="1.9912930">
    <ele>100.9</ele>
    <time>2025-03-29T10:28:25Z</time>
   </trkpt>
   <trkpt lat="48.5784830" lon="1.9912300">
    <ele>100.9</ele>
    <time>2025-03-29T10:28:26Z</time>
   </trkpt>
   <trkpt lat="48.5783870" lon="1.9908720">
    <ele>101.0</ele>
    <time>2025-03-29T10:28:31Z</time>
   </trkpt>
   <trkpt lat="48.5783510" lon="1.9907120">
    <ele>101.0</ele>
    <time>2025-03-29T10:28:33Z</time>
   </trkpt>
   <trkpt lat="48.5783350" lon="1.9906310">
    <ele>101.0</ele>
    <time>2025-03-29T10:28:34Z</time>
   </trkpt>
   <trkpt lat="48.5783240" lon="1.9905500">
    <ele>101.0</ele>
    <time>2025-03-29T10:28:35Z</time>
   </trkpt>
   <trkpt lat="48.5783030" lon="1.9903890">
    <ele>101.0</ele>
    <time>2025-03-29T10:28:37Z</time>
   </trkpt>
   <trkpt lat="48.5782310" lon="1.9897570">
    <ele>100.9</ele>
    <time>2025-03-29T10:28:45Z</time>
   </trkpt>
   <trkpt lat="48.5782010" lon="1.9896580">
    <ele>100.7</ele>
    <time>2025-03-29T10:28:47Z</time>
   </trkpt>
   <trkpt lat="48.5781520" lon="1.9895630">
    <ele>100.5</ele>
    <time>2025-03-29T10:28:50Z</time>
   </trkpt>
   <trkpt lat="48.5779890" lon="1.9893960">
    <ele>99.7</ele>
    <time>2025-03-29T10:28:56Z</time>
   </trkpt>
   <trkpt lat="48.5778970" lon="1.9893450">
    <ele>99.2</ele>
    <time>2025-03-29T10:29:00Z</time>
   </trkpt>
   <trkpt lat="48.5778380" lon="1.9893110">
    <ele>98.9</ele>
    <time>2025-03-29T10:29:01Z</time>
   </trkpt>
   <trkpt lat="48.5777790" lon="1.9892740">
    <ele>98.5</ele>
    <time>2025-03-29T10:29:25Z</time>
   </trkpt>
   <trkpt lat="48.5777190" lon="1.9892380">
    <ele>98.2</ele>
    <time>2025-03-29T10:29:26Z</time>
   </trkpt>
   <trkpt lat="48.5776690" lon="1.9892070">
    <ele>97.9</ele>
    <time>2025-03-29T10:29:27Z</time>
   </trkpt>
   <trkpt lat="48.5773860" lon="1.9890000">
    <ele>96.6</ele>
    <time>2025-03-29T10:29:32Z</time>
   </trkpt>
   <trkpt lat="48.5772610" lon="1.9889220">
    <ele>96.1</ele>
    <time>2025-03-29T10:29:34Z</time>
   </trkpt>
   <trkpt lat="48.5771270" lon="1.9888780">
    <ele>95.8</ele>
    <time>2025-03-29T10:29:36Z</time>
   </trkpt>
   <trkpt lat="48.5768570" lon="1.9889050">
    <ele>95.6</ele>
    <time>2025-03-29T10:29:40Z</time>
   </trkpt>
   <trkpt lat="48.5763510" lon="1.9889770">
    <ele>95.4</ele>
    <time>2025-03-29T10:29:48Z</time>
   </trkpt>
   <trkpt lat="48.5761650" lon="1.9889920">
    <ele>95.9</ele>
    <time>2025-03-29T10:29:51Z</time>
   </trkpt>
   <trkpt lat="48.5760570" lon="1.9889590">
    <ele>96.3</ele>
    <time>2025-03-29T10:29:53Z</time>
   </trkpt>
   <trkpt lat="48.5759810" lon="1.9888720">
    <ele>96.6</ele>
    <time>2025-03-29T10:29:55Z</time>
   </trkpt>
   <trkpt lat="48.5759650" lon="1.9888010">
    <ele>96.9</ele>
    <time>2025-03-29T10:29:56Z</time>
   </trkpt>
   <trkpt lat="48.5759610" lon="1.9887230">
    <ele>97.1</ele>
    <time>2025-03-29T10:29:57Z</time>
   </trkpt>
   <trkpt lat="48.5759360" lon="1.9884050">
    <ele>98.0</ele>
    <time>2025-03-29T10:30:01Z</time>
   </trkpt>
   <trkpt lat="48.5758870" lon="1.9877370">
    <ele>100.1</ele>
    <time>2025-03-29T10:30:09Z</time>
   </trkpt>
   <trkpt lat="48.5757440" lon="1.9872360">
    <ele>101.4</ele>
    <time>2025-03-29T10:30:16Z</time>
   </trkpt>
   <trkpt lat="48.5756760" lon="1.9870970">
    <ele>101.8</ele>
    <time>2025-03-29T10:30:18Z</time>
   </trkpt>
   <trkpt lat="48.5755950" lon="1.9869700">
    <ele>102.2</ele>
    <time>2025-03-29T10:30:20Z</time>
   </trkpt>
   <trkpt lat="48.5755140" lon="1.9868470">
    <ele>102.6</ele>
    <time>2025-03-29T10:30:22Z</time>
   </trkpt>
   <trkpt lat="48.5752410" lon="1.9864530">
    <ele>104.0</ele>
    <time>2025-03-29T10:30:30Z</time>
   </trkpt>
   <trkpt lat="48.5752150" lon="1.9864150">
    <ele>104.1</ele>
    <time>2025-03-29T10:30:31Z</time>
   </trkpt>
   <trkpt lat="48.5751660" lon="1.9863550">
    <ele>104.4</ele>
    <time>2025-03-29T10:30:33Z</time>
   </trkpt>
   <trkpt lat="48.5751280" lon="1.9862940">
    <ele>104.6</ele>
    <time>2025-03-29T10:30:35Z</time>
   </trkpt>
   <trkpt lat="48.5750740" lon="1.9861750">
    <ele>104.9</ele>
    <time>2025-03-29T10:30:39Z</time>
   </trkpt>
   <trkpt lat="48.5750690" lon="1.9861530">
    <ele>105.0</ele>
    <time>2025-03-29T10:30:40Z</time>
   </trkpt>
   <trkpt lat="48.5750640" lon="1.9861300">
    <ele>105.0</ele>
    <time>2025-03-29T10:30:42Z</time>
   </trkpt>
   <trkpt lat="48.5750640" lon="1.9861300">
    <ele>105.0</ele>
    <time>2025-03-29T10:30:44Z</time>
   </trkpt>
   <trkpt lat="48.5750610" lon="1.9861330">
    <ele>105.0</ele>
    <time>2025-03-29T10:30:46Z</time>
   </trkpt>
   <trkpt lat="48.5750610" lon="1.9861330">
    <ele>105.0</ele>
    <time>2025-03-29T10:30:48Z</time>
   </trkpt>
   <trkpt lat="48.5749730" lon="1.9860340">
    <ele>105.2</ele>
    <time>2025-03-29T10:30:58Z</time>
   </trkpt>
   <trkpt lat="48.5748840" lon="1.9859740">
    <ele>105.2</ele>
    <time>2025-03-29T10:31:01Z</time>
   </trkpt>
   <trkpt lat="48.5747120" lon="1.9857560">
    <ele>105.6</ele>
    <time>2025-03-29T10:31:06Z</time>
   </trkpt>
   <trkpt lat="48.5745380" lon="1.9855180">
    <ele>106.2</ele>
    <time>2025-03-29T10:31:11Z</time>
   </trkpt>
   <trkpt lat="48.5744650" lon="1.9854190">
    <ele>106.4</ele>
    <time>2025-03-29T10:31:13Z</time>
   </trkpt>
   <trkpt lat="48.5741610" lon="1.9850010">
    <ele>107.4</ele>
    <time>2025-03-29T10:31:21Z</time>
   </trkpt>
   <trkpt lat="48.5740080" lon="1.9847810">
    <ele>107.9</ele>
    <time>2025-03-29T10:31:25Z</time>
   </trkpt>
   <trkpt lat="48.5738120" lon="1.9844890">
    <ele>108.6</ele>
    <time>2025-03-29T10:31:30Z</time>
   </trkpt>
   <trkpt lat="48.5735880" lon="1.9841630">
    <ele>109.5</ele>
    <time>2025-03-29T10:31:35Z</time>
   </trkpt>
   <trkpt lat="48.5735450" lon="1.9840950">
    <ele>109.7</ele>
    <time>2025-03-29T10:31:36Z</time>
   </trkpt>
   <trkpt lat="48.5731870" lon="1.9836000">
    <ele>111.1</ele>
    <time>2025-03-29T10:31:44Z</time>
   </trkpt>
   <trkpt lat="48.5729020" lon="1.9832010">
    <ele>112.3</ele>
    <time>2025-03-29T10:31:51Z</time>
   </trkpt>
   <trkpt lat="48.5727050" lon="1.9829260">
    <ele>113.1</ele>
    <time>2025-03-29T10:31:56Z</time>
   </trkpt>
   <trkpt lat="48.5724660" lon="1.9826000">
    <ele>114.1</ele>
    <time>2025-03-29T10:32:02Z</time>
   </trkpt>
   <trkpt lat="48.5724240" lon="1.9825480">
    <ele>114.2</ele>
    <time>2025-03-29T10:32:03Z</time>
   </trkpt>
   <trkpt lat="48.5721010" lon="1.9820890">
    <ele>115.3</ele>
    <time>2025-03-29T10:32:11Z</time>
   </trkpt>
   <trkpt lat="48.5716980" lon="1.9815170">
    <ele>116.6</ele>
    <time>2025-03-29T10:32:21Z</time>
   </trkpt>
   <trkpt lat="48.5713800" lon="1.9810280">
    <ele>117.6</ele>
    <time>2025-03-29T10:32:29Z</time>
   </trkpt>
   <trkpt lat="48.5711900" lon="1.9806970">
    <ele>118.0</ele>
    <time>2025-03-29T10:32:34Z</time>
   </trkpt>
   <trkpt lat="48.5711510" lon="1.9806300">
    <ele>118.1</ele>
    <time>2025-03-29T10:32:35Z</time>
   </trkpt>
   <trkpt lat="48.5710420" lon="1.9804150">
    <ele>118.2</ele>
    <time>2025-03-29T10:32:38Z</time>
   </trkpt>
   <trkpt lat="48.5707310" lon="1.9797430">
    <ele>118.3</ele>
    <time>2025-03-29T10:32:47Z</time>
   </trkpt>
   <trkpt lat="48.5704400" lon="1.9790500">
    <ele>117.9</ele>
    <time>2025-03-29T10:32:55Z</time>
   </trkpt>
   <trkpt lat="48.5701430" lon="1.9783260">
    <ele>117.8</ele>
    <time>2025-03-29T10:33:03Z</time>
   </trkpt>
   <trkpt lat="48.5701060" lon="1.9782360">
    <ele>117.8</ele>
    <time>2025-03-29T10:33:04Z</time>
   </trkpt>
   <trkpt lat="48.5697840" lon="1.9774730">
    <ele>118.8</ele>
    <time>2025-03-29T10:33:13Z</time>
   </trkpt>
   <trkpt lat="48.5694900" lon="1.9767550">
    <ele>120.4</ele>
    <time>2025-03-29T10:33:22Z</time>
   </trkpt>
   <trkpt lat="48.5694570" lon="1.9766780">
    <ele>120.6</ele>
    <time>2025-03-29T10:33:23Z</time>
   </trkpt>
   <trkpt lat="48.5692300" lon="1.9761420">
    <ele>122.1</ele>
    <time>2025-03-29T10:33:30Z</time>
   </trkpt>
   <trkpt lat="48.5690160" lon="1.9756240">
    <ele>123.7</ele>
    <time>2025-03-29T10:33:37Z</time>
   </trkpt>
   <trkpt lat="48.5688780" lon="1.9752990">
    <ele>124.8</ele>
    <time>2025-03-29T10:33:42Z</time>
   </trkpt>
   <trkpt lat="48.5688310" lon="1.9751650">
    <ele>125.2</ele>
    <time>2025-03-29T10:33:44Z</time>
   </trkpt>
   <trkpt lat="48.5688150" lon="1.9750920">
    <ele>125.3</ele>
    <time>2025-03-29T10:33:45Z</time>
   </trkpt>
   <trkpt lat="48.5688110" lon="1.9749340">
    <ele>125.6</ele>
    <time>2025-03-29T10:33:47Z</time>
   </trkpt>
   <trkpt lat="48.5688380" lon="1.9747720">
    <ele>125.8</ele>
    <time>2025-03-29T10:33:49Z</time>
   </trkpt>
   <trkpt lat="48.5688890" lon="1.9744530">
    <ele>125.9</ele>
    <time>2025-03-29T10:33:53Z</time>
   </trkpt>
   <trkpt lat="48.5688930" lon="1.9742010">
    <ele>125.4</ele>
    <time>2025-03-29T10:33:56Z</time>
   </trkpt>
   <trkpt lat="48.5688230" lon="1.9736490">
    <ele>123.6</ele>
    <time>2025-03-29T10:34:01Z</time>
   </trkpt>
   <trkpt lat="48.5688140" lon="1.9734110">
    <ele>122.8</ele>
    <time>2025-03-29T10:34:03Z</time>
   </trkpt>
   <trkpt lat="48.5688340" lon="1.9731810">
    <ele>122.0</ele>
    <time>2025-03-29T10:34:05Z</time>
   </trkpt>
   <trkpt lat="48.5688530" lon="1.9730740">
    <ele>121.7</ele>
    <time>2025-03-29T10:34:06Z</time>
   </trkpt>
   <trkpt lat="48.5689480" lon="1.9727610">
    <ele>120.8</ele>
    <time>2025-03-29T10:34:09Z</time>
   </trkpt>
   <trkpt lat="48.5690450" lon="1.9724370">
    <ele>119.7</ele>
    <time>2025-03-29T10:34:12Z</time>
   </trkpt>
   <trkpt lat="48.5690730" lon="1.9722020">
    <ele>119.1</ele>
    <time>2025-03-29T10:34:14Z</time>
   </trkpt>
   <trkpt lat="48.5690830" lon="1.9714230">
    <ele>118.1</ele>
    <time>2025-03-29T10:34:20Z</time>
   </trkpt>
   <trkpt lat="48.5690290" lon="1.9706840">
    <ele>118.3</ele>
    <time>2025-03-29T10:34:26Z</time>
   </trkpt>
   <trkpt lat="48.5690010" lon="1.9702320">
    <ele>118.9</ele>
    <time>2025-03-29T10:34:30Z</time>
   </trkpt>
   <trkpt lat="48.5689980" lon="1.9700190">
    <ele>119.2</ele>
    <time>2025-03-29T10:34:32Z</time>
   </trkpt>
   <trkpt lat="48.5690200" lon="1.9694450">
    <ele>120.2</ele>
    <time>2025-03-29T10:34:38Z</time>
   </trkpt>
   <trkpt lat="48.5690290" lon="1.9693530">
    <ele>120.4</ele>
    <time>2025-03-29T10:34:39Z</time>
   </trkpt>
   <trkpt lat="48.5690850" lon="1.9690960">
    <ele>120.9</ele>
    <time>2025-03-29T10:34:42Z</time>
   </trkpt>
   <trkpt lat="48.5693000" lon="1.9683770">
    <ele>122.5</ele>
    <time>2025-03-29T10:34:51Z</time>
   </trkpt>
   <trkpt lat="48.5695070" lon="1.9676780">
    <ele>123.9</ele>
    <time>2025-03-29T10:35:00Z</time>
   </trkpt>
   <trkpt lat="48.5696240" lon="1.9669970">
    <ele>124.0</ele>
    <time>2025-03-29T10:35:08Z</time>
   </trkpt>
   <trkpt lat="48.5696880" lon="1.9666320">
    <ele>123.8</ele>
    <time>2025-03-29T10:35:12Z</time>
   </trkpt>
   <trkpt lat="48.5697200" lon="1.9664410">
    <ele>123.7</ele>
    <time>2025-03-29T10:35:14Z</time>
   </trkpt>
   <trkpt lat="48.5697510" lon="1.9662530">
    <ele>123.7</ele>
    <time>2025-03-29T10:35:16Z</time>
   </trkpt>
   <trkpt lat="48.5698790" lon="1.9655020">
    <ele>123.9</ele>
    <time>2025-03-29T10:35:24Z</time>
   </trkpt>
   <trkpt lat="48.5699080" lon="1.9653210">
    <ele>123.9</ele>
    <time>2025-03-29T10:35:26Z</time>
   </trkpt>
   <trkpt lat="48.5699870" lon="1.9648690">
    <ele>123.9</ele>
    <time>2025-03-29T10:35:31Z</time>
   </trkpt>
   <trkpt lat="48.5700240" lon="1.9645920">
    <ele>123.7</ele>
    <time>2025-03-29T10:35:34Z</time>
   </trkpt>
   <trkpt lat="48.5700530" lon="1.9640170">
    <ele>123.4</ele>
    <time>2025-03-29T10:35:40Z</time>
   </trkpt>
   <trkpt lat="48.5700470" lon="1.9639230">
    <ele>123.3</ele>
    <time>2025-03-29T10:35:41Z</time>
   </trkpt>
   <trkpt lat="48.5699770" lon="1.9633760">
    <ele>122.9</ele>
    <time>2025-03-29T10:35:47Z</time>
   </trkpt>
   <trkpt lat="48.5698880" lon="1.9627980">
    <ele>123.0</ele>
    <time>2025-03-29T10:35:53Z</time>
   </trkpt>
   <trkpt lat="48.5697620" lon="1.9620430">
    <ele>123.2</ele>
    <time>2025-03-29T10:36:01Z</time>
   </trkpt>
   <trkpt lat="48.5697730" lon="1.9618500">
    <ele>123.0</ele>
    <time>2025-03-29T10:36:03Z</time>
   </trkpt>
   <trkpt lat="48.5698220" lon="1.9616640">
    <ele>122.8</ele>
    <time>2025-03-29T10:36:05Z</time>
   </trkpt>
   <trkpt lat="48.5699160" lon="1.9613810">
    <ele>122.4</ele>
    <time>2025-03-29T10:36:08Z</time>
   </trkpt>
   <trkpt lat="48.5699490" lon="1.9611700">
    <ele>122.2</ele>
    <time>2025-03-29T10:36:10Z</time>
   </trkpt>
   <trkpt lat="48.5699570" lon="1.9610610">
    <ele>122.1</ele>
    <time>2025-03-29T10:36:11Z</time>
   </trkpt>
   <trkpt lat="48.5699800" lon="1.9604470">
    <ele>121.5</ele>
    <time>2025-03-29T10:36:18Z</time>
   </trkpt>
   <trkpt lat="48.5700640" lon="1.9598150">
    <ele>121.0</ele>
    <time>2025-03-29T10:36:25Z</time>
   </trkpt>
   <trkpt lat="48.5702620" lon="1.9590900">
    <ele>121.3</ele>
    <time>2025-03-29T10:36:33Z</time>
   </trkpt>
   <trkpt lat="48.5704000" lon="1.9583660">
    <ele>121.3</ele>
    <time>2025-03-29T10:36:41Z</time>
   </trkpt>
   <trkpt lat="48.5704550" lon="1.9575480">
    <ele>120.3</ele>
    <time>2025-03-29T10:36:49Z</time>
   </trkpt>
   <trkpt lat="48.5704730" lon="1.9573220">
    <ele>119.8</ele>
    <time>2025-03-29T10:36:51Z</time>
   </trkpt>
   <trkpt lat="48.5705140" lon="1.9564770">
    <ele>118.2</ele>
    <time>2025-03-29T10:36:58Z</time>
   </trkpt>
   <trkpt lat="48.5705070" lon="1.9563520">
    <ele>117.9</ele>
    <time>2025-03-29T10:36:59Z</time>
   </trkpt>
   <trkpt lat="48.5704330" lon="1.9558660">
    <ele>117.0</ele>
    <time>2025-03-29T10:37:03Z</time>
   </trkpt>
   <trkpt lat="48.5702910" lon="1.9551860">
    <ele>116.3</ele>
    <time>2025-03-29T10:37:09Z</time>
   </trkpt>
   <trkpt lat="48.5702820" lon="1.9545580">
    <ele>115.9</ele>
    <time>2025-03-29T10:37:14Z</time>
   </trkpt>
   <trkpt lat="48.5703140" lon="1.9539270">
    <ele>116.1</ele>
    <time>2025-03-29T10:37:19Z</time>
   </trkpt>
   <trkpt lat="48.5703150" lon="1.9531100">
    <ele>116.8</ele>
    <time>2025-03-29T10:37:26Z</time>
   </trkpt>
   <trkpt lat="48.5703070" lon="1.9528810">
    <ele>116.9</ele>
    <time>2025-03-29T10:37:28Z</time>
   </trkpt>
   <trkpt lat="48.5702750" lon="1.9520160">
    <ele>117.5</ele>
    <time>2025-03-29T10:37:36Z</time>
   </trkpt>
   <trkpt lat="48.5702440" lon="1.9517060">
    <ele>117.7</ele>
    <time>2025-03-29T10:37:39Z</time>
   </trkpt>
   <trkpt lat="48.5702010" lon="1.9514120">
    <ele>117.7</ele>
    <time>2025-03-29T10:37:42Z</time>
   </trkpt>
   <trkpt lat="48.5699940" lon="1.9506310">
    <ele>117.3</ele>
    <time>2025-03-29T10:37:50Z</time>
   </trkpt>
   <trkpt lat="48.5699100" lon="1.9504560">
    <ele>117.1</ele>
    <time>2025-03-29T10:37:52Z</time>
   </trkpt>
   <trkpt lat="48.5697610" lon="1.9502160">
    <ele>116.6</ele>
    <time>2025-03-29T10:37:55Z</time>
   </trkpt>
   <trkpt lat="48.5694440" lon="1.9496950">
    <ele>115.8</ele>
    <time>2025-03-29T10:38:01Z</time>
   </trkpt>
   <trkpt lat="48.5692690" lon="1.9493360">
    <ele>115.6</ele>
    <time>2025-03-29T10:38:05Z</time>
   </trkpt>
   <trkpt lat="48.5692010" lon="1.9491440">
    <ele>115.5</ele>
    <time>2025-03-29T10:38:07Z</time>
   </trkpt>
   <trkpt lat="48.5691540" lon="1.9489480">
    <ele>115.5</ele>
    <time>2025-03-29T10:38:09Z</time>
   </trkpt>
   <trkpt lat="48.5691070" lon="1.9486520">
    <ele>115.4</ele>
    <time>2025-03-29T10:38:12Z</time>
   </trkpt>
   <trkpt lat="48.5690770" lon="1.9479890">
    <ele>114.9</ele>
    <time>2025-03-29T10:38:18Z</time>
   </trkpt>
   <trkpt lat="48.5691070" lon="1.9471590">
    <ele>114.2</ele>
    <time>2025-03-29T10:38:25Z</time>
   </trkpt>
   <trkpt lat="48.5691140" lon="1.9470400">
    <ele>114.1</ele>
    <time>2025-03-29T10:38:26Z</time>
   </trkpt>
   <trkpt lat="48.5691670" lon="1.9463410">
    <ele>113.9</ele>
    <time>2025-03-29T10:38:32Z</time>
   </trkpt>
   <trkpt lat="48.5691900" lon="1.9458910">
    <ele>113.9</ele>
    <time>2025-03-29T10:38:36Z</time>
   </trkpt>
   <trkpt lat="48.5692300" lon="1.9453230">
    <ele>113.8</ele>
    <time>2025-03-29T10:38:41Z</time>
   </trkpt>
   <trkpt lat="48.5692850" lon="1.9444540">
    <ele>114.1</ele>
    <time>2025-03-29T10:38:50Z</time>
   </trkpt>
   <trkpt lat="48.5693650" lon="1.9436450">
    <ele>114.9</ele>
    <time>2025-03-29T10:38:59Z</time>
   </trkpt>
   <trkpt lat="48.5693990" lon="1.9433820">
    <ele>115.2</ele>
    <time>2025-03-29T10:39:02Z</time>
   </trkpt>
   <trkpt lat="48.5694550" lon="1.9431330">
    <ele>115.4</ele>
    <time>2025-03-29T10:39:05Z</time>
   </trkpt>
   <trkpt lat="48.5695390" lon="1.9425230">
    <ele>115.3</ele>
    <time>2025-03-29T10:39:12Z</time>
   </trkpt>
   <trkpt lat="48.5696080" lon="1.9419560">
    <ele>114.9</ele>
    <time>2025-03-29T10:39:18Z</time>
   </trkpt>
   <trkpt lat="48.5696180" lon="1.9418650">
    <ele>114.9</ele>
    <time>2025-03-29T10:39:19Z</time>
   </trkpt>
   <trkpt lat="48.5696320" lon="1.9416280">
    <ele>115.0</ele>
    <time>2025-03-29T10:39:22Z</time>
   </trkpt>
   <trkpt lat="48.5696240" lon="1.9415780">
    <ele>115.1</ele>
    <time>2025-03-29T10:39:23Z</time>
   </trkpt>
   <trkpt lat="48.5696080" lon="1.9415350">
    <ele>115.1</ele>
    <time>2025-03-29T10:39:24Z</time>
   </trkpt>
   <trkpt lat="48.5695510" lon="1.9414660">
    <ele>115.2</ele>
    <time>2025-03-29T10:39:26Z</time>
   </trkpt>
   <trkpt lat="48.5695040" lon="1.9413610">
    <ele>115.2</ele>
    <time>2025-03-29T10:39:28Z</time>
   </trkpt>
   <trkpt lat="48.5694940" lon="1.9412900">
    <ele>115.3</ele>
    <time>2025-03-29T10:39:29Z</time>
   </trkpt>
   <trkpt lat="48.5694080" lon="1.9407320">
    <ele>115.5</ele>
    <time>2025-03-29T10:39:36Z</time>
   </trkpt>
   <trkpt lat="48.5693100" lon="1.9402100">
    <ele>115.6</ele>
    <time>2025-03-29T10:39:42Z</time>
   </trkpt>
   <trkpt lat="48.5693030" lon="1.9401210">
    <ele>115.6</ele>
    <time>2025-03-29T10:39:43Z</time>
   </trkpt>
   <trkpt lat="48.5692030" lon="1.9393960">
    <ele>115.9</ele>
    <time>2025-03-29T10:39:51Z</time>
   </trkpt>
   <trkpt lat="48.5691570" lon="1.9388920">
    <ele>116.0</ele>
    <time>2025-03-29T10:39:57Z</time>
   </trkpt>
   <trkpt lat="48.5690880" lon="1.9382050">
    <ele>116.2</ele>
    <time>2025-03-29T10:40:05Z</time>
   </trkpt>
   <trkpt lat="48.5690280" lon="1.9377450">
    <ele>116.5</ele>
    <time>2025-03-29T10:40:10Z</time>
   </trkpt>
   <trkpt lat="48.5690090" lon="1.9376560">
    <ele>116.5</ele>
    <time>2025-03-29T10:40:11Z</time>
   </trkpt>
   <trkpt lat="48.5688570" lon="1.9368880">
    <ele>117.1</ele>
    <time>2025-03-29T10:40:20Z</time>
   </trkpt>
   <trkpt lat="48.5687190" lon="1.9362290">
    <ele>117.6</ele>
    <time>2025-03-29T10:40:28Z</time>
   </trkpt>
   <trkpt lat="48.5685790" lon="1.9356780">
    <ele>118.0</ele>
    <time>2025-03-29T10:40:35Z</time>
   </trkpt>
   <trkpt lat="48.5684270" lon="1.9350530">
    <ele>117.9</ele>
    <time>2025-03-29T10:40:43Z</time>
   </trkpt>
   <trkpt lat="48.5683010" lon="1.9344220">
    <ele>117.4</ele>
    <time>2025-03-29T10:40:50Z</time>
   </trkpt>
   <trkpt lat="48.5682880" lon="1.9343230">
    <ele>117.3</ele>
    <time>2025-03-29T10:40:51Z</time>
   </trkpt>
   <trkpt lat="48.5682460" lon="1.9337780">
    <ele>116.7</ele>
    <time>2025-03-29T10:40:57Z</time>
   </trkpt>
   <trkpt lat="48.5682600" lon="1.9336960">
    <ele>116.6</ele>
    <time>2025-03-29T10:40:58Z</time>
   </trkpt>
   <trkpt lat="48.5682860" lon="1.9336180">
    <ele>116.5</ele>
    <time>2025-03-29T10:40:59Z</time>
   </trkpt>
   <trkpt lat="48.5683690" lon="1.9334820">
    <ele>116.2</ele>
    <time>2025-03-29T10:41:01Z</time>
   </trkpt>
   <trkpt lat="48.5684330" lon="1.9333860">
    <ele>116.1</ele>
    <time>2025-03-29T10:41:03Z</time>
   </trkpt>
   <trkpt lat="48.5684320" lon="1.9332820">
    <ele>116.0</ele>
    <time>2025-03-29T10:41:05Z</time>
   </trkpt>
   <trkpt lat="48.5683680" lon="1.9331690">
    <ele>116.0</ele>
    <time>2025-03-29T10:41:07Z</time>
   </trkpt>
   <trkpt lat="48.5683230" lon="1.9331150">
    <ele>116.0</ele>
    <time>2025-03-29T10:41:08Z</time>
   </trkpt>
   <trkpt lat="48.5679650" lon="1.9325880">
    <ele>116.3</ele>
    <time>2025-03-29T10:41:16Z</time>
   </trkpt>
   <trkpt lat="48.5676660" lon="1.9321120">
    <ele>116.8</ele>
    <time>2025-03-29T10:41:23Z</time>
   </trkpt>
   <trkpt lat="48.5674680" lon="1.9320600">
    <ele>117.0</ele>
    <time>2025-03-29T10:41:26Z</time>
   </trkpt>
   <trkpt lat="48.5671290" lon="1.9319680">
    <ele>117.5</ele>
    <time>2025-03-29T10:41:31Z</time>
   </trkpt>
   <trkpt lat="48.5670610" lon="1.9319520">
    <ele>117.6</ele>
    <time>2025-03-29T10:41:32Z</time>
   </trkpt>
   <trkpt lat="48.5669930" lon="1.9319290">
    <ele>117.8</ele>
    <time>2025-03-29T10:41:33Z</time>
   </trkpt>
   <trkpt lat="48.5668690" lon="1.9318420">
    <ele>118.1</ele>
    <time>2025-03-29T10:41:35Z</time>
   </trkpt>
   <trkpt lat="48.5668140" lon="1.9317870">
    <ele>118.4</ele>
    <time>2025-03-29T10:41:36Z</time>
   </trkpt>
   <trkpt lat="48.5666110" lon="1.9315770">
    <ele>119.6</ele>
    <time>2025-03-29T10:41:40Z</time>
   </trkpt>
   <trkpt lat="48.5664710" lon="1.9314270">
    <ele>120.5</ele>
    <time>2025-03-29T10:41:43Z</time>
   </trkpt>
   <trkpt lat="48.5661550" lon="1.9311220">
    <ele>122.5</ele>
    <time>2025-03-29T10:41:50Z</time>
   </trkpt>
   <trkpt lat="48.5657470" lon="1.9307380">
    <ele>125.1</ele>
    <time>2025-03-29T10:42:00Z</time>
   </trkpt>
   <trkpt lat="48.5655230" lon="1.9305780">
    <ele>126.7</ele>
    <time>2025-03-29T10:42:06Z</time>
   </trkpt>
   <trkpt lat="48.5654890" lon="1.9305490">
    <ele>126.9</ele>
    <time>2025-03-29T10:42:07Z</time>
   </trkpt>
   <trkpt lat="48.5652630" lon="1.9303160">
    <ele>128.9</ele>
    <time>2025-03-29T10:42:14Z</time>
   </trkpt>
   <trkpt lat="48.5652060" lon="1.9302530">
    <ele>129.5</ele>
    <time>2025-03-29T10:42:16Z</time>
   </trkpt>
   <trkpt lat="48.5651530" lon="1.9301410">
    <ele>129.9</ele>
    <time>2025-03-29T10:42:19Z</time>
   </trkpt>
   <trkpt lat="48.5651540" lon="1.9301000">
    <ele>130.2</ele>
    <time>2025-03-29T10:42:20Z</time>
   </trkpt>
   <trkpt lat="48.5651650" lon="1.9300240">
    <ele>130.8</ele>
    <time>2025-03-29T10:42:22Z</time>
   </trkpt>
   <trkpt lat="48.5651920" lon="1.9298240">
    <ele>132.4</ele>
    <time>2025-03-29T10:42:28Z</time>
   </trkpt>
   <trkpt lat="48.5652580" lon="1.9295960">
    <ele>134.5</ele>
    <time>2025-03-29T10:42:36Z</time>
   </trkpt>
   <trkpt lat="48.5653360" lon="1.9294070">
    <ele>136.3</ele>
    <time>2025-03-29T10:42:43Z</time>
   </trkpt>
   <trkpt lat="48.5653440" lon="1.9293780">
    <ele>136.5</ele>
    <time>2025-03-29T10:42:44Z</time>
   </trkpt>
   <trkpt lat="48.5653240" lon="1.9292890">
    <ele>137.5</ele>
    <time>2025-03-29T10:42:47Z</time>
   </trkpt>
   <trkpt lat="48.5653040" lon="1.9292690">
    <ele>137.7</ele>
    <time>2025-03-29T10:42:48Z</time>
   </trkpt>
   <trkpt lat="48.5652810" lon="1.9292510">
    <ele>137.9</ele>
    <time>2025-03-29T10:42:49Z</time>
   </trkpt>
   <trkpt lat="48.5652600" lon="1.9292310">
    <ele>138.1</ele>
    <time>2025-03-29T10:42:50Z</time>
   </trkpt>
   <trkpt lat="48.5652390" lon="1.9292110">
    <ele>138.2</ele>
    <time>2025-03-29T10:42:51Z</time>
   </trkpt>
   <trkpt lat="48.5652040" lon="1.9291570">
    <ele>138.6</ele>
    <time>2025-03-29T10:42:53Z</time>
   </trkpt>
   <trkpt lat="48.5651200" lon="1.9290330">
    <ele>139.4</ele>
    <time>2025-03-29T10:42:58Z</time>
   </trkpt>
   <trkpt lat="48.5650990" lon="1.9290220">
    <ele>139.6</ele>
    <time>2025-03-29T10:42:59Z</time>
   </trkpt>
   <trkpt lat="48.5649810" lon="1.9290410">
    <ele>140.3</ele>
    <time>2025-03-29T10:43:04Z</time>
   </trkpt>
   <trkpt lat="48.5648320" lon="1.9290050">
    <ele>141.2</ele>
    <time>2025-03-29T10:43:10Z</time>
   </trkpt>
   <trkpt lat="48.5646910" lon="1.9289070">
    <ele>142.3</ele>
    <time>2025-03-29T10:43:16Z</time>
   </trkpt>
   <trkpt lat="48.5645720" lon="1.9288340">
    <ele>143.4</ele>
    <time>2025-03-29T10:43:21Z</time>
   </trkpt>
   <trkpt lat="48.5644990" lon="1.9288100">
    <ele>144.0</ele>
    <time>2025-03-29T10:43:24Z</time>
   </trkpt>
   <trkpt lat="48.5643460" lon="1.9287060">
    <ele>145.6</ele>
    <time>2025-03-29T10:43:31Z</time>
   </trkpt>
   <trkpt lat="48.5641660" lon="1.9285360">
    <ele>147.9</ele>
    <time>2025-03-29T10:43:40Z</time>
   </trkpt>
   <trkpt lat="48.5640440" lon="1.9283840">
    <ele>149.8</ele>
    <time>2025-03-29T10:43:47Z</time>
   </trkpt>
   <trkpt lat="48.5639410" lon="1.9282660">
    <ele>151.4</ele>
    <time>2025-03-29T10:43:53Z</time>
   </trkpt>
   <trkpt lat="48.5638580" lon="1.9282590">
    <ele>152.4</ele>
    <time>2025-03-29T10:43:58Z</time>
   </trkpt>
   <trkpt lat="48.5637920" lon="1.9283110">
    <ele>152.9</ele>
    <time>2025-03-29T10:44:01Z</time>
   </trkpt>
   <trkpt lat="48.5637420" lon="1.9283120">
    <ele>153.2</ele>
    <time>2025-03-29T10:44:03Z</time>
   </trkpt>
   <trkpt lat="48.5635400" lon="1.9282290">
    <ele>154.2</ele>
    <time>2025-03-29T10:44:12Z</time>
   </trkpt>
   <trkpt lat="48.5634210" lon="1.9280280">
    <ele>155.2</ele>
    <time>2025-03-29T10:44:19Z</time>
   </trkpt>
   <trkpt lat="48.5633210" lon="1.9278180">
    <ele>156.4</ele>
    <time>2025-03-29T10:44:26Z</time>
   </trkpt>
   <trkpt lat="48.5632170" lon="1.9275600">
    <ele>158.0</ele>
    <time>2025-03-29T10:44:34Z</time>
   </trkpt>
   <trkpt lat="48.5632140" lon="1.9274910">
    <ele>158.3</ele>
    <time>2025-03-29T10:44:36Z</time>
   </trkpt>
   <trkpt lat="48.5632050" lon="1.9274610">
    <ele>158.5</ele>
    <time>2025-03-29T10:44:37Z</time>
   </trkpt>
   <trkpt lat="48.5631940" lon="1.9274310">
    <ele>158.7</ele>
    <time>2025-03-29T10:44:38Z</time>
   </trkpt>
   <trkpt lat="48.5631380" lon="1.9273010">
    <ele>159.5</ele>
    <time>2025-03-29T10:44:42Z</time>
   </trkpt>
   <trkpt lat="48.5631000" lon="1.9271860">
    <ele>159.9</ele>
    <time>2025-03-29T10:44:45Z</time>
   </trkpt>
   <trkpt lat="48.5630280" lon="1.9270700">
    <ele>160.3</ele>
    <time>2025-03-29T10:44:49Z</time>
   </trkpt>
   <trkpt lat="48.5630030" lon="1.9270430">
    <ele>160.5</ele>
    <time>2025-03-29T10:44:50Z</time>
   </trkpt>
   <trkpt lat="48.5627480" lon="1.9267780">
    <ele>161.3</ele>
    <time>2025-03-29T10:44:59Z</time>
   </trkpt>
   <trkpt lat="48.5624940" lon="1.9265140">
    <ele>162.1</ele>
    <time>2025-03-29T10:45:07Z</time>
   </trkpt>
   <trkpt lat="48.5623590" lon="1.9263680">
    <ele>162.5</ele>
    <time>2025-03-29T10:45:11Z</time>
   </trkpt>
   <trkpt lat="48.5622880" lon="1.9262960">
    <ele>162.7</ele>
    <time>2025-03-29T10:45:13Z</time>
   </trkpt>
   <trkpt lat="48.5622220" lon="1.9262220">
    <ele>162.9</ele>
    <time>2025-03-29T10:45:15Z</time>
   </trkpt>
   <trkpt lat="48.5619250" lon="1.9258910">
    <ele>163.5</ele>
    <time>2025-03-29T10:45:24Z</time>
   </trkpt>
   <trkpt lat="48.5617470" lon="1.9257050">
    <ele>163.6</ele>
    <time>2025-03-29T10:45:29Z</time>
   </trkpt>
   <trkpt lat="48.5616750" lon="1.9256190">
    <ele>163.7</ele>
    <time>2025-03-29T10:45:31Z</time>
   </trkpt>
   <trkpt lat="48.5616340" lon="1.9255780">
    <ele>163.7</ele>
    <time>2025-03-29T10:45:32Z</time>
   </trkpt>
   <trkpt lat="48.5615510" lon="1.9255010">
    <ele>163.8</ele>
    <time>2025-03-29T10:45:34Z</time>
   </trkpt>
   <trkpt lat="48.5614280" lon="1.9253650">
    <ele>163.9</ele>
    <time>2025-03-29T10:45:37Z</time>
   </trkpt>
   <trkpt lat="48.5610420" lon="1.9249560">
    <ele>164.0</ele>
    <time>2025-03-29T10:45:46Z</time>
   </trkpt>
   <trkpt lat="48.5606250" lon="1.9245210">
    <ele>164.0</ele>
    <time>2025-03-29T10:45:55Z</time>
   </trkpt>
   <trkpt lat="48.5602950" lon="1.9241650">
    <ele>163.8</ele>
    <time>2025-03-29T10:46:02Z</time>
   </trkpt>
   <trkpt lat="48.5599470" lon="1.9238280">
    <ele>163.7</ele>
    <time>2025-03-29T10:46:09Z</time>
   </trkpt>
   <trkpt lat="48.5596580" lon="1.9235120">
    <ele>163.5</ele>
    <time>2025-03-29T10:46:15Z</time>
   </trkpt>
   <trkpt lat="48.5595670" lon="1.9234090">
    <ele>163.5</ele>
    <time>2025-03-29T10:46:17Z</time>
   </trkpt>
   <trkpt lat="48.5592570" lon="1.9230730">
    <ele>163.3</ele>
    <time>2025-03-29T10:46:24Z</time>
   </trkpt>
   <trkpt lat="48.5592100" lon="1.9230250">
    <ele>163.2</ele>
    <time>2025-03-29T10:46:25Z</time>
   </trkpt>
   <trkpt lat="48.5588460" lon="1.9226310">
    <ele>162.8</ele>
    <time>2025-03-29T10:46:33Z</time>
   </trkpt>
   <trkpt lat="48.5586190" lon="1.9223850">
    <ele>162.5</ele>
    <time>2025-03-29T10:46:39Z</time>
   </trkpt>
   <trkpt lat="48.5582880" lon="1.9220250">
    <ele>162.4</ele>
    <time>2025-03-29T10:46:47Z</time>
   </trkpt>
   <trkpt lat="48.5580720" lon="1.9217860">
    <ele>162.3</ele>
    <time>2025-03-29T10:46:52Z</time>
   </trkpt>
   <trkpt lat="48.5579620" lon="1.9216510">
    <ele>162.2</ele>
    <time>2025-03-29T10:46:55Z</time>
   </trkpt>
   <trkpt lat="48.5576510" lon="1.9213280">
    <ele>162.1</ele>
    <time>2025-03-29T10:47:03Z</time>
   </trkpt>
   <trkpt lat="48.5573460" lon="1.9209840">
    <ele>161.8</ele>
    <time>2025-03-29T10:47:10Z</time>
   </trkpt>
   <trkpt lat="48.5570520" lon="1.9206610">
    <ele>161.5</ele>
    <time>2025-03-29T10:47:17Z</time>
   </trkpt>
   <trkpt lat="48.5568780" lon="1.9204590">
    <ele>161.3</ele>
    <time>2025-03-29T10:47:21Z</time>
   </trkpt>
   <trkpt lat="48.5567920" lon="1.9203680">
    <ele>161.3</ele>
    <time>2025-03-29T10:47:23Z</time>
   </trkpt>
   <trkpt lat="48.5567510" lon="1.9203220">
    <ele>161.3</ele>
    <time>2025-03-29T10:47:24Z</time>
   </trkpt>
   <trkpt lat="48.5565310" lon="1.9200980">
    <ele>161.3</ele>
    <time>2025-03-29T10:47:29Z</time>
   </trkpt>
   <trkpt lat="48.5564580" lon="1.9199950">
    <ele>161.3</ele>
    <time>2025-03-29T10:47:31Z</time>
   </trkpt>
   <trkpt lat="48.5562670" lon="1.9196480">
    <ele>161.1</ele>
    <time>2025-03-29T10:47:37Z</time>
   </trkpt>
   <trkpt lat="48.5562390" lon="1.9195900">
    <ele>161.1</ele>
    <time>2025-03-29T10:47:38Z</time>
   </trkpt>
   <trkpt lat="48.5560210" lon="1.9191180">
    <ele>160.8</ele>
    <time>2025-03-29T10:47:46Z</time>
   </trkpt>
   <trkpt lat="48.5559530" lon="1.9189990">
    <ele>160.8</ele>
    <time>2025-03-29T10:47:48Z</time>
   </trkpt>
   <trkpt lat="48.5558190" lon="1.9187640">
    <ele>160.7</ele>
    <time>2025-03-29T10:47:52Z</time>
   </trkpt>
   <trkpt lat="48.5556230" lon="1.9183870">
    <ele>160.5</ele>
    <time>2025-03-29T10:47:58Z</time>
   </trkpt>
   <trkpt lat="48.5555510" lon="1.9182730">
    <ele>160.4</ele>
    <time>2025-03-29T10:48:00Z</time>
   </trkpt>
   <trkpt lat="48.5555110" lon="1.9182170">
    <ele>160.4</ele>
    <time>2025-03-29T10:48:01Z</time>
   </trkpt>
   <trkpt lat="48.5552800" lon="1.9177860">
    <ele>160.2</ele>
    <time>2025-03-29T10:48:07Z</time>
   </trkpt>
   <trkpt lat="48.5552350" lon="1.9176070">
    <ele>160.2</ele>
    <time>2025-03-29T10:48:09Z</time>
   </trkpt>
   <trkpt lat="48.5552220" lon="1.9174170">
    <ele>160.2</ele>
    <time>2025-03-29T10:48:11Z</time>
   </trkpt>
   <trkpt lat="48.5552240" lon="1.9173190">
    <ele>160.3</ele>
    <time>2025-03-29T10:48:12Z</time>
   </trkpt>
   <trkpt lat="48.5552530" lon="1.9169420">
    <ele>160.3</ele>
    <time>2025-03-29T10:48:16Z</time>
   </trkpt>
   <trkpt lat="48.5552710" lon="1.9160980">
    <ele>160.3</ele>
    <time>2025-03-29T10:48:25Z</time>
   </trkpt>
   <trkpt lat="48.5552690" lon="1.9160020">
    <ele>160.3</ele>
    <time>2025-03-29T10:48:26Z</time>
   </trkpt>
   <trkpt lat="48.5552660" lon="1.9153250">
    <ele>160.4</ele>
    <time>2025-03-29T10:48:33Z</time>
   </trkpt>
   <trkpt lat="48.5552650" lon="1.9144970">
    <ele>160.2</ele>
    <time>2025-03-29T10:48:42Z</time>
   </trkpt>
   <trkpt lat="48.5552590" lon="1.9142000">
    <ele>160.0</ele>
    <time>2025-03-29T10:48:45Z</time>
   </trkpt>
   <trkpt lat="48.5552480" lon="1.9135940">
    <ele>159.6</ele>
    <time>2025-03-29T10:48:51Z</time>
   </trkpt>
   <trkpt lat="48.5552330" lon="1.9132960">
    <ele>159.4</ele>
    <time>2025-03-29T10:48:54Z</time>
   </trkpt>
   <trkpt lat="48.5551680" lon="1.9131250">
    <ele>159.2</ele>
    <time>2025-03-29T10:48:56Z</time>
   </trkpt>
   <trkpt lat="48.5550630" lon="1.9130000">
    <ele>159.1</ele>
    <time>2025-03-29T10:48:58Z</time>
   </trkpt>
   <trkpt lat="48.5549420" lon="1.9128920">
    <ele>159.0</ele>
    <time>2025-03-29T10:49:00Z</time>
   </trkpt>
   <trkpt lat="48.5545570" lon="1.9125810">
    <ele>158.5</ele>
    <time>2025-03-29T10:49:06Z</time>
   </trkpt>
   <trkpt lat="48.5541200" lon="1.9122060">
    <ele>157.3</ele>
    <time>2025-03-29T10:49:13Z</time>
   </trkpt>
   <trkpt lat="48.5537770" lon="1.9119350">
    <ele>156.3</ele>
    <time>2025-03-29T10:49:20Z</time>
   </trkpt>
   <trkpt lat="48.5535580" lon="1.9117550">
    <ele>155.9</ele>
    <time>2025-03-29T10:49:24Z</time>
   </trkpt>
   <trkpt lat="48.5533160" lon="1.9115600">
    <ele>155.6</ele>
    <time>2025-03-29T10:49:28Z</time>
   </trkpt>
   <trkpt lat="48.5529670" lon="1.9112290">
    <ele>155.4</ele>
    <time>2025-03-29T10:49:34Z</time>
   </trkpt>
   <trkpt lat="48.5528640" lon="1.9110940">
    <ele>155.2</ele>
    <time>2025-03-29T10:49:36Z</time>
   </trkpt>
   <trkpt lat="48.5525180" lon="1.9105950">
    <ele>154.8</ele>
    <time>2025-03-29T10:49:43Z</time>
   </trkpt>
   <trkpt lat="48.5524690" lon="1.9105280">
    <ele>154.7</ele>
    <time>2025-03-29T10:49:44Z</time>
   </trkpt>
   <trkpt lat="48.5524210" lon="1.9104590">
    <ele>154.7</ele>
    <time>2025-03-29T10:49:45Z</time>
   </trkpt>
   <trkpt lat="48.5521600" lon="1.9101680">
    <ele>154.7</ele>
    <time>2025-03-29T10:49:50Z</time>
   </trkpt>
   <trkpt lat="48.5516980" lon="1.9099330">
    <ele>155.1</ele>
    <time>2025-03-29T10:49:57Z</time>
   </trkpt>
   <trkpt lat="48.5512230" lon="1.9096560">
    <ele>155.9</ele>
    <time>2025-03-29T10:50:05Z</time>
   </trkpt>
   <trkpt lat="48.5509180" lon="1.9094820">
    <ele>156.1</ele>
    <time>2025-03-29T10:50:10Z</time>
   </trkpt>
   <trkpt lat="48.5508000" lon="1.9093950">
    <ele>156.1</ele>
    <time>2025-03-29T10:50:12Z</time>
   </trkpt>
   <trkpt lat="48.5504410" lon="1.9091480">
    <ele>156.0</ele>
    <time>2025-03-29T10:50:18Z</time>
   </trkpt>
   <trkpt lat="48.5503800" lon="1.9091000">
    <ele>155.9</ele>
    <time>2025-03-29T10:50:19Z</time>
   </trkpt>
   <trkpt lat="48.5500700" lon="1.9088380">
    <ele>155.6</ele>
    <time>2025-03-29T10:50:24Z</time>
   </trkpt>
   <trkpt lat="48.5496730" lon="1.9085560">
    <ele>155.4</ele>
    <time>2025-03-29T10:50:30Z</time>
   </trkpt>
   <trkpt lat="48.5496020" lon="1.9085220">
    <ele>155.4</ele>
    <time>2025-03-29T10:50:31Z</time>
   </trkpt>
   <trkpt lat="48.5494560" lon="1.9084610">
    <ele>155.5</ele>
    <time>2025-03-29T10:50:33Z</time>
   </trkpt>
   <trkpt lat="48.5491630" lon="1.9083480">
    <ele>155.8</ele>
    <time>2025-03-29T10:50:37Z</time>
   </trkpt>
   <trkpt lat="48.5490900" lon="1.9083240">
    <ele>155.9</ele>
    <time>2025-03-29T10:50:38Z</time>
   </trkpt>
   <trkpt lat="48.5486810" lon="1.9081430">
    <ele>156.7</ele>
    <time>2025-03-29T10:50:44Z</time>
   </trkpt>
   <trkpt lat="48.5486230" lon="1.9080990">
    <ele>156.8</ele>
    <time>2025-03-29T10:50:45Z</time>
   </trkpt>
   <trkpt lat="48.5485090" lon="1.9080150">
    <ele>157.1</ele>
    <time>2025-03-29T10:50:47Z</time>
   </trkpt>
   <trkpt lat="48.5483870" lon="1.9079870">
    <ele>157.3</ele>
    <time>2025-03-29T10:50:49Z</time>
   </trkpt>
   <trkpt lat="48.5483270" lon="1.9079700">
    <ele>157.3</ele>
    <time>2025-03-29T10:50:50Z</time>
   </trkpt>
   <trkpt lat="48.5481610" lon="1.9078630">
    <ele>157.5</ele>
    <time>2025-03-29T10:50:53Z</time>
   </trkpt>
   <trkpt lat="48.5478400" lon="1.9075580">
    <ele>157.9</ele>
    <time>2025-03-29T10:50:59Z</time>
   </trkpt>
   <trkpt lat="48.5475950" lon="1.9072690">
    <ele>158.2</ele>
    <time>2025-03-29T10:51:04Z</time>
   </trkpt>
   <trkpt lat="48.5475010" lon="1.9071470">
    <ele>158.3</ele>
    <time>2025-03-29T10:51:06Z</time>
   </trkpt>
   <trkpt lat="48.5471160" lon="1.9065620">
    <ele>158.6</ele>
    <time>2025-03-29T10:51:14Z</time>
   </trkpt>
   <trkpt lat="48.5468080" lon="1.9061090">
    <ele>158.8</ele>
    <time>2025-03-29T10:51:20Z</time>
   </trkpt>
   <trkpt lat="48.5467550" lon="1.9060330">
    <ele>158.8</ele>
    <time>2025-03-29T10:51:21Z</time>
   </trkpt>
   <trkpt lat="48.5463160" lon="1.9054470">
    <ele>159.4</ele>
    <time>2025-03-29T10:51:29Z</time>
   </trkpt>
   <trkpt lat="48.5458740" lon="1.9048960">
    <ele>159.9</ele>
    <time>2025-03-29T10:51:37Z</time>
   </trkpt>
   <trkpt lat="48.5454450" lon="1.9042900">
    <ele>160.1</ele>
    <time>2025-03-29T10:51:45Z</time>
   </trkpt>
   <trkpt lat="48.5450370" lon="1.9036010">
    <ele>160.3</ele>
    <time>2025-03-29T10:51:53Z</time>
   </trkpt>
   <trkpt lat="48.5449900" lon="1.9035150">
    <ele>160.4</ele>
    <time>2025-03-29T10:51:54Z</time>
   </trkpt>
   <trkpt lat="48.5446280" lon="1.9028040">
    <ele>160.6</ele>
    <time>2025-03-29T10:52:02Z</time>
   </trkpt>
   <trkpt lat="48.5442800" lon="1.9021290">
    <ele>160.8</ele>
    <time>2025-03-29T10:52:09Z</time>
   </trkpt>
   <trkpt lat="48.5439990" lon="1.9017250">
    <ele>160.9</ele>
    <time>2025-03-29T10:52:14Z</time>
   </trkpt>
   <trkpt lat="48.5436670" lon="1.9012670">
    <ele>161.0</ele>
    <time>2025-03-29T10:52:20Z</time>
   </trkpt>
   <trkpt lat="48.5432510" lon="1.9008040">
    <ele>161.1</ele>
    <time>2025-03-29T10:52:27Z</time>
   </trkpt>
   <trkpt lat="48.5427320" lon="1.9003470">
    <ele>161.1</ele>
    <time>2025-03-29T10:52:35Z</time>
   </trkpt>
   <trkpt lat="48.5426720" lon="1.9002760">
    <ele>161.0</ele>
    <time>2025-03-29T10:52:36Z</time>
   </trkpt>
   <trkpt lat="48.5426150" lon="1.9002010">
    <ele>161.0</ele>
    <time>2025-03-29T10:52:37Z</time>
   </trkpt>
   <trkpt lat="48.5425170" lon="1.9000280">
    <ele>161.0</ele>
    <time>2025-03-29T10:52:39Z</time>
   </trkpt>
   <trkpt lat="48.5424790" lon="1.8999300">
    <ele>161.0</ele>
    <time>2025-03-29T10:52:40Z</time>
   </trkpt>
   <trkpt lat="48.5424470" lon="1.8998260">
    <ele>161.0</ele>
    <time>2025-03-29T10:52:41Z</time>
   </trkpt>
   <trkpt lat="48.5423420" lon="1.8994100">
    <ele>161.1</ele>
    <time>2025-03-29T10:52:45Z</time>
   </trkpt>
   <trkpt lat="48.5422690" lon="1.8991180">
    <ele>161.4</ele>
    <time>2025-03-29T10:52:48Z</time>
   </trkpt>
   <trkpt lat="48.5421950" lon="1.8989500">
    <ele>161.7</ele>
    <time>2025-03-29T10:52:50Z</time>
   </trkpt>
   <trkpt lat="48.5421100" lon="1.8988050">
    <ele>162.1</ele>
    <time>2025-03-29T10:52:52Z</time>
   </trkpt>
   <trkpt lat="48.5420140" lon="1.8986920">
    <ele>162.7</ele>
    <time>2025-03-29T10:52:54Z</time>
   </trkpt>
   <trkpt lat="48.5419640" lon="1.8986440">
    <ele>163.0</ele>
    <time>2025-03-29T10:52:55Z</time>
   </trkpt>
   <trkpt lat="48.5418620" lon="1.8985600">
    <ele>163.6</ele>
    <time>2025-03-29T10:52:57Z</time>
   </trkpt>
   <trkpt lat="48.5417180" lon="1.8984600">
    <ele>164.3</ele>
    <time>2025-03-29T10:53:00Z</time>
   </trkpt>
   <trkpt lat="48.5415130" lon="1.8984420">
    <ele>164.8</ele>
    <time>2025-03-29T10:53:04Z</time>
   </trkpt>
   <trkpt lat="48.5411940" lon="1.8984820">
    <ele>165.2</ele>
    <time>2025-03-29T10:53:10Z</time>
   </trkpt>
   <trkpt lat="48.5406850" lon="1.8986250">
    <ele>164.4</ele>
    <time>2025-03-29T10:53:19Z</time>
   </trkpt>
   <trkpt lat="48.5404840" lon="1.8986280">
    <ele>163.5</ele>
    <time>2025-03-29T10:53:22Z</time>
   </trkpt>
   <trkpt lat="48.5402690" lon="1.8985640">
    <ele>162.3</ele>
    <time>2025-03-29T10:53:25Z</time>
   </trkpt>
   <trkpt lat="48.5398880" lon="1.8982960">
    <ele>160.2</ele>
    <time>2025-03-29T10:53:30Z</time>
   </trkpt>
   <trkpt lat="48.5393970" lon="1.8978790">
    <ele>159.2</ele>
    <time>2025-03-29T10:53:36Z</time>
   </trkpt>
   <trkpt lat="48.5388550" lon="1.8974140">
    <ele>159.2</ele>
    <time>2025-03-29T10:53:43Z</time>
   </trkpt>
   <trkpt lat="48.5387830" lon="1.8973510">
    <ele>159.3</ele>
    <time>2025-03-29T10:53:44Z</time>
   </trkpt>
   <trkpt lat="48.5384230" lon="1.8970600">
    <ele>159.5</ele>
    <time>2025-03-29T10:53:49Z</time>
   </trkpt>
   <trkpt lat="48.5383540" lon="1.8970040">
    <ele>159.5</ele>
    <time>2025-03-29T10:53:50Z</time>
   </trkpt>
   <trkpt lat="48.5382810" lon="1.8969420">
    <ele>159.6</ele>
    <time>2025-03-29T10:53:51Z</time>
   </trkpt>
   <trkpt lat="48.5382090" lon="1.8968820">
    <ele>159.6</ele>
    <time>2025-03-29T10:53:52Z</time>
   </trkpt>
   <trkpt lat="48.5381380" lon="1.8968250">
    <ele>159.7</ele>
    <time>2025-03-29T10:53:53Z</time>
   </trkpt>
   <trkpt lat="48.5376780" lon="1.8964090">
    <ele>159.7</ele>
    <time>2025-03-29T10:54:00Z</time>
   </trkpt>
   <trkpt lat="48.5371860" lon="1.8959180">
    <ele>159.6</ele>
    <time>2025-03-29T10:54:08Z</time>
   </trkpt>
   <trkpt lat="48.5367060" lon="1.8954350">
    <ele>159.8</ele>
    <time>2025-03-29T10:54:16Z</time>
   </trkpt>
   <trkpt lat="48.5366470" lon="1.8953780">
    <ele>159.9</ele>
    <time>2025-03-29T10:54:17Z</time>
   </trkpt>
   <trkpt lat="48.5361680" lon="1.8949190">
    <ele>160.1</ele>
    <time>2025-03-29T10:54:25Z</time>
   </trkpt>
   <trkpt lat="48.5361050" lon="1.8948640">
    <ele>160.1</ele>
    <time>2025-03-29T10:54:26Z</time>
   </trkpt>
   <trkpt lat="48.5357780" lon="1.8946050">
    <ele>160.2</ele>
    <time>2025-03-29T10:54:31Z</time>
   </trkpt>
   <trkpt lat="48.5356420" lon="1.8945140">
    <ele>160.3</ele>
    <time>2025-03-29T10:54:33Z</time>
   </trkpt>
   <trkpt lat="48.5355730" lon="1.8944700">
    <ele>160.3</ele>
    <time>2025-03-29T10:54:34Z</time>
   </trkpt>
   <trkpt lat="48.5355040" lon="1.8944300">
    <ele>160.3</ele>
    <time>2025-03-29T10:54:35Z</time>
   </trkpt>
   <trkpt lat="48.5349960" lon="1.8941550">
    <ele>160.3</ele>
    <time>2025-03-29T10:54:42Z</time>
   </trkpt>
   <trkpt lat="48.5346840" lon="1.8940030">
    <ele>160.3</ele>
    <time>2025-03-29T10:54:46Z</time>
   </trkpt>
   <trkpt lat="48.5341400" lon="1.8937380">
    <ele>160.3</ele>
    <time>2025-03-29T10:54:53Z</time>
   </trkpt>
   <trkpt lat="48.5336760" lon="1.8935070">
    <ele>160.2</ele>
    <time>2025-03-29T10:54:59Z</time>
   </trkpt>
   <trkpt lat="48.5335970" lon="1.8934660">
    <ele>160.2</ele>
    <time>2025-03-29T10:55:00Z</time>
   </trkpt>
   <trkpt lat="48.5330470" lon="1.8931760">
    <ele>160.0</ele>
    <time>2025-03-29T10:55:07Z</time>
   </trkpt>
   <trkpt lat="48.5327430" lon="1.8929750">
    <ele>159.8</ele>
    <time>2025-03-29T10:55:11Z</time>
   </trkpt>
   <trkpt lat="48.5324440" lon="1.8927280">
    <ele>159.7</ele>
    <time>2025-03-29T10:55:15Z</time>
   </trkpt>
   <trkpt lat="48.5319090" lon="1.8922450">
    <ele>159.5</ele>
    <time>2025-03-29T10:55:22Z</time>
   </trkpt>
   <trkpt lat="48.5318310" lon="1.8921750">
    <ele>159.4</ele>
    <time>2025-03-29T10:55:23Z</time>
   </trkpt>
   <trkpt lat="48.5313610" lon="1.8917660">
    <ele>159.2</ele>
    <time>2025-03-29T10:55:29Z</time>
   </trkpt>
   <trkpt lat="48.5311250" lon="1.8915440">
    <ele>159.0</ele>
    <time>2025-03-29T10:55:32Z</time>
   </trkpt>
   <trkpt lat="48.5306370" lon="1.8911280">
    <ele>158.5</ele>
    <time>2025-03-29T10:55:38Z</time>
   </trkpt>
   <trkpt lat="48.5305540" lon="1.8910630">
    <ele>158.5</ele>
    <time>2025-03-29T10:55:39Z</time>
   </trkpt>
   <trkpt lat="48.5304700" lon="1.8909990">
    <ele>158.4</ele>
    <time>2025-03-29T10:55:40Z</time>
   </trkpt>
   <trkpt lat="48.5303850" lon="1.8909380">
    <ele>158.3</ele>
    <time>2025-03-29T10:55:41Z</time>
   </trkpt>
   <trkpt lat="48.5298480" lon="1.8906130">
    <ele>157.6</ele>
    <time>2025-03-29T10:55:47Z</time>
   </trkpt>
   <trkpt lat="48.5292920" lon="1.8903210">
    <ele>156.8</ele>
    <time>2025-03-29T10:55:53Z</time>
   </trkpt>
   <trkpt lat="48.5291170" lon="1.8902230">
    <ele>156.6</ele>
    <time>2025-03-29T10:55:55Z</time>
   </trkpt>
   <trkpt lat="48.5288730" lon="1.8900980">
    <ele>156.5</ele>
    <time>2025-03-29T10:55:58Z</time>
   </trkpt>
   <trkpt lat="48.5287610" lon="1.8900520">
    <ele>156.5</ele>
    <time>2025-03-29T10:56:00Z</time>
   </trkpt>
   <trkpt lat="48.5286720" lon="1.8900650">
    <ele>156.5</ele>
    <time>2025-03-29T10:56:02Z</time>
   </trkpt>
   <trkpt lat="48.5286310" lon="1.8900980">
    <ele>156.5</ele>
    <time>2025-03-29T10:56:03Z</time>
   </trkpt>
   <trkpt lat="48.5285940" lon="1.8901410">
    <ele>156.4</ele>
    <time>2025-03-29T10:56:04Z</time>
   </trkpt>
   <trkpt lat="48.5285090" lon="1.8903100">
    <ele>156.4</ele>
    <time>2025-03-29T10:56:07Z</time>
   </trkpt>
   <trkpt lat="48.5283480" lon="1.8907680">
    <ele>156.4</ele>
    <time>2025-03-29T10:56:13Z</time>
   </trkpt>
   <trkpt lat="48.5281660" lon="1.8913820">
    <ele>156.5</ele>
    <time>2025-03-29T10:56:20Z</time>
   </trkpt>
   <trkpt lat="48.5280080" lon="1.8917660">
    <ele>156.5</ele>
    <time>2025-03-29T10:56:25Z</time>
   </trkpt>
   <trkpt lat="48.5279590" lon="1.8918230">
    <ele>156.4</ele>
    <time>2025-03-29T10:56:26Z</time>
   </trkpt>
   <trkpt lat="48.5279030" lon="1.8918640">
    <ele>156.4</ele>
    <time>2025-03-29T10:56:27Z</time>
   </trkpt>
   <trkpt lat="48.5277730" lon="1.8918830">
    <ele>156.1</ele>
    <time>2025-03-29T10:56:29Z</time>
   </trkpt>
   <trkpt lat="48.5274880" lon="1.8917620">
    <ele>155.7</ele>
    <time>2025-03-29T10:56:33Z</time>
   </trkpt>
   <trkpt lat="48.5272650" lon="1.8916600">
    <ele>155.4</ele>
    <time>2025-03-29T10:56:36Z</time>
   </trkpt>
   <trkpt lat="48.5270420" lon="1.8915920">
    <ele>155.1</ele>
    <time>2025-03-29T10:56:39Z</time>
   </trkpt>
   <trkpt lat="48.5269690" lon="1.8916020">
    <ele>155.0</ele>
    <time>2025-03-29T10:56:40Z</time>
   </trkpt>
   <trkpt lat="48.5268970" lon="1.8916370">
    <ele>154.8</ele>
    <time>2025-03-29T10:56:41Z</time>
   </trkpt>
   <trkpt lat="48.5267590" lon="1.8917450">
    <ele>154.6</ele>
    <time>2025-03-29T10:56:43Z</time>
   </trkpt>
   <trkpt lat="48.5262520" lon="1.8921550">
    <ele>153.7</ele>
    <time>2025-03-29T10:56:50Z</time>
   </trkpt>
   <trkpt lat="48.5257430" lon="1.8924760">
    <ele>153.6</ele>
    <time>2025-03-29T10:56:57Z</time>
   </trkpt>
   <trkpt lat="48.5251720" lon="1.8927730">
    <ele>154.4</ele>
    <time>2025-03-29T10:57:05Z</time>
   </trkpt>
   <trkpt lat="48.5246070" lon="1.8930630">
    <ele>155.3</ele>
    <time>2025-03-29T10:57:13Z</time>
   </trkpt>
   <trkpt lat="48.5245360" lon="1.8930960">
    <ele>155.3</ele>
    <time>2025-03-29T10:57:14Z</time>
   </trkpt>
   <trkpt lat="48.5240140" lon="1.8933000">
    <ele>155.2</ele>
    <time>2025-03-29T10:57:21Z</time>
   </trkpt>
   <trkpt lat="48.5238550" lon="1.8933510">
    <ele>155.0</ele>
    <time>2025-03-29T10:57:23Z</time>
   </trkpt>
   <trkpt lat="48.5232840" lon="1.8935390">
    <ele>154.3</ele>
    <time>2025-03-29T10:57:30Z</time>
   </trkpt>
   <trkpt lat="48.5232040" lon="1.8935610">
    <ele>154.2</ele>
    <time>2025-03-29T10:57:31Z</time>
   </trkpt>
   <trkpt lat="48.5226450" lon="1.8937430">
    <ele>154.2</ele>
    <time>2025-03-29T10:57:38Z</time>
   </trkpt>
   <trkpt lat="48.5224900" lon="1.8937910">
    <ele>154.2</ele>
    <time>2025-03-29T10:57:40Z</time>
   </trkpt>
   <trkpt lat="48.5219920" lon="1.8939490">
    <ele>154.2</ele>
    <time>2025-03-29T10:57:47Z</time>
   </trkpt>
   <trkpt lat="48.5215620" lon="1.8940840">
    <ele>154.6</ele>
    <time>2025-03-29T10:57:54Z</time>
   </trkpt>
   <trkpt lat="48.5214540" lon="1.8940960">
    <ele>154.9</ele>
    <time>2025-03-29T10:57:57Z</time>
   </trkpt>
   <trkpt lat="48.5214190" lon="1.8940550">
    <ele>154.8</ele>
    <time>2025-03-29T10:57:59Z</time>
   </trkpt>
   <trkpt lat="48.5214130" lon="1.8940210">
    <ele>154.8</ele>
    <time>2025-03-29T10:58:01Z</time>
   </trkpt>
   <trkpt lat="48.5214070" lon="1.8939860">
    <ele>154.7</ele>
    <time>2025-03-29T10:58:03Z</time>
   </trkpt>
   <trkpt lat="48.5214020" lon="1.8939510">
    <ele>154.7</ele>
    <time>2025-03-29T10:58:05Z</time>
   </trkpt>
   <trkpt lat="48.5213960" lon="1.8939160">
    <ele>154.7</ele>
    <time>2025-03-29T10:58:07Z</time>
   </trkpt>
   <trkpt lat="48.5213900" lon="1.8938820">
    <ele>154.7</ele>
    <time>2025-03-29T11:02:16Z</time>
   </trkpt>
   <trkpt lat="48.5213840" lon="1.8938470">
    <ele>154.6</ele>
    <time>2025-03-29T11:02:17Z</time>
   </trkpt>
   <trkpt lat="48.5213710" lon="1.8935730">
    <ele>154.4</ele>
    <time>2025-03-29T11:02:21Z</time>
   </trkpt>
   <trkpt lat="48.5213310" lon="1.8931700">
    <ele>154.1</ele>
    <time>2025-03-29T11:02:26Z</time>
   </trkpt>
   <trkpt lat="48.5213020" lon="1.8929190">
    <ele>154.0</ele>
    <time>2025-03-29T11:02:29Z</time>
   </trkpt>
   <trkpt lat="48.5212820" lon="1.8926540">
    <ele>153.7</ele>
    <time>2025-03-29T11:02:32Z</time>
   </trkpt>
   <trkpt lat="48.5212110" lon="1.8918880">
    <ele>153.0</ele>
    <time>2025-03-29T11:02:40Z</time>
   </trkpt>
   <trkpt lat="48.5211150" lon="1.8910710">
    <ele>152.2</ele>
    <time>2025-03-29T11:02:48Z</time>
   </trkpt>
   <trkpt lat="48.5211030" lon="1.8909650">
    <ele>152.1</ele>
    <time>2025-03-29T11:02:49Z</time>
   </trkpt>
   <trkpt lat="48.5210020" lon="1.8902090">
    <ele>151.5</ele>
    <time>2025-03-29T11:02:56Z</time>
   </trkpt>
   <trkpt lat="48.5209550" lon="1.8898820">
    <ele>151.4</ele>
    <time>2025-03-29T11:02:59Z</time>
   </trkpt>
   <trkpt lat="48.5208780" lon="1.8897170">
    <ele>151.3</ele>
    <time>2025-03-29T11:03:01Z</time>
   </trkpt>
   <trkpt lat="48.5207540" lon="1.8896470">
    <ele>150.7</ele>
    <time>2025-03-29T11:03:03Z</time>
   </trkpt>
   <trkpt lat="48.5204490" lon="1.8897060">
    <ele>149.6</ele>
    <time>2025-03-29T11:03:07Z</time>
   </trkpt>
   <trkpt lat="48.5198820" lon="1.8898620">
    <ele>148.5</ele>
    <time>2025-03-29T11:03:14Z</time>
   </trkpt>
   <trkpt lat="48.5197990" lon="1.8898870">
    <ele>148.5</ele>
    <time>2025-03-29T11:03:15Z</time>
   </trkpt>
   <trkpt lat="48.5193720" lon="1.8900020">
    <ele>148.0</ele>
    <time>2025-03-29T11:03:20Z</time>
   </trkpt>
   <trkpt lat="48.5191940" lon="1.8900540">
    <ele>147.9</ele>
    <time>2025-03-29T11:03:22Z</time>
   </trkpt>
   <trkpt lat="48.5187490" lon="1.8902620">
    <ele>148.3</ele>
    <time>2025-03-29T11:03:27Z</time>
   </trkpt>
   <trkpt lat="48.5182770" lon="1.8906460">
    <ele>150.5</ele>
    <time>2025-03-29T11:03:33Z</time>
   </trkpt>
   <trkpt lat="48.5179340" lon="1.8909500">
    <ele>151.9</ele>
    <time>2025-03-29T11:03:38Z</time>
   </trkpt>
   <trkpt lat="48.5177260" lon="1.8910930">
    <ele>152.5</ele>
    <time>2025-03-29T11:03:41Z</time>
   </trkpt>
   <trkpt lat="48.5172920" lon="1.8912150">
    <ele>153.8</ele>
    <time>2025-03-29T11:03:47Z</time>
   </trkpt>
   <trkpt lat="48.5167980" lon="1.8912010">
    <ele>154.9</ele>
    <time>2025-03-29T11:03:54Z</time>
   </trkpt>
   <trkpt lat="48.5162340" lon="1.8911870">
    <ele>155.7</ele>
    <time>2025-03-29T11:04:02Z</time>
   </trkpt>
   <trkpt lat="48.5156690" lon="1.8911660">
    <ele>156.6</ele>
    <time>2025-03-29T11:04:10Z</time>
   </trkpt>
   <trkpt lat="48.5154590" lon="1.8911600">
    <ele>156.9</ele>
    <time>2025-03-29T11:04:13Z</time>
   </trkpt>
   <trkpt lat="48.5148960" lon="1.8911450">
    <ele>157.5</ele>
    <time>2025-03-29T11:04:21Z</time>
   </trkpt>
   <trkpt lat="48.5145370" lon="1.8911320">
    <ele>157.8</ele>
    <time>2025-03-29T11:04:26Z</time>
   </trkpt>
   <trkpt lat="48.5139520" lon="1.8911120">
    <ele>158.2</ele>
    <time>2025-03-29T11:04:34Z</time>
   </trkpt>
   <trkpt lat="48.5138040" lon="1.8911260">
    <ele>158.3</ele>
    <time>2025-03-29T11:04:36Z</time>
   </trkpt>
   <trkpt lat="48.5132080" lon="1.8911730">
    <ele>158.5</ele>
    <time>2025-03-29T11:04:44Z</time>
   </trkpt>
   <trkpt lat="48.5126040" lon="1.8913300">
    <ele>158.8</ele>
    <time>2025-03-29T11:04:52Z</time>
   </trkpt>
   <trkpt lat="48.5124500" lon="1.8913820">
    <ele>158.8</ele>
    <time>2025-03-29T11:04:54Z</time>
   </trkpt>
   <trkpt lat="48.5119150" lon="1.8915240">
    <ele>158.9</ele>
    <time>2025-03-29T11:05:01Z</time>
   </trkpt>
   <trkpt lat="48.5118400" lon="1.8915380">
    <ele>158.9</ele>
    <time>2025-03-29T11:05:02Z</time>
   </trkpt>
   <trkpt lat="48.5112810" lon="1.8916260">
    <ele>158.6</ele>
    <time>2025-03-29T11:05:09Z</time>
   </trkpt>
   <trkpt lat="48.5110310" lon="1.8916600">
    <ele>158.5</ele>
    <time>2025-03-29T11:05:12Z</time>
   </trkpt>
   <trkpt lat="48.5104370" lon="1.8917450">
    <ele>158.4</ele>
    <time>2025-03-29T11:05:19Z</time>
   </trkpt>
   <trkpt lat="48.5103510" lon="1.8917590">
    <ele>158.4</ele>
    <time>2025-03-29T11:05:20Z</time>
   </trkpt>
   <trkpt lat="48.5098460" lon="1.8918560">
    <ele>158.5</ele>
    <time>2025-03-29T11:05:26Z</time>
   </trkpt>
   <trkpt lat="48.5095980" lon="1.8919160">
    <ele>158.6</ele>
    <time>2025-03-29T11:05:29Z</time>
   </trkpt>
   <trkpt lat="48.5092630" lon="1.8920090">
    <ele>158.8</ele>
    <time>2025-03-29T11:05:33Z</time>
   </trkpt>
   <trkpt lat="48.5086710" lon="1.8922010">
    <ele>159.1</ele>
    <time>2025-03-29T11:05:40Z</time>
   </trkpt>
   <trkpt lat="48.5085020" lon="1.8922610">
    <ele>159.2</ele>
    <time>2025-03-29T11:05:42Z</time>
   </trkpt>
   <trkpt lat="48.5081630" lon="1.8923800">
    <ele>159.3</ele>
    <time>2025-03-29T11:05:46Z</time>
   </trkpt>
   <trkpt lat="48.5078260" lon="1.8925020">
    <ele>159.5</ele>
    <time>2025-03-29T11:05:50Z</time>
   </trkpt>
   <trkpt lat="48.5074940" lon="1.8926110">
    <ele>159.7</ele>
    <time>2025-03-29T11:05:54Z</time>
   </trkpt>
   <trkpt lat="48.5071670" lon="1.8927700">
    <ele>159.8</ele>
    <time>2025-03-29T11:05:58Z</time>
   </trkpt>
   <trkpt lat="48.5066230" lon="1.8931150">
    <ele>159.8</ele>
    <time>2025-03-29T11:06:05Z</time>
   </trkpt>
   <trkpt lat="48.5065450" lon="1.8931610">
    <ele>159.8</ele>
    <time>2025-03-29T11:06:06Z</time>
   </trkpt>
   <trkpt lat="48.5060530" lon="1.8933600">
    <ele>159.5</ele>
    <time>2025-03-29T11:06:12Z</time>
   </trkpt>
   <trkpt lat="48.5059670" lon="1.8933680">
    <ele>159.4</ele>
    <time>2025-03-29T11:06:13Z</time>
   </trkpt>
   <trkpt lat="48.5057980" lon="1.8933440">
    <ele>159.3</ele>
    <time>2025-03-29T11:06:15Z</time>
   </trkpt>
   <trkpt lat="48.5057150" lon="1.8933150">
    <ele>159.3</ele>
    <time>2025-03-29T11:06:16Z</time>
   </trkpt>
   <trkpt lat="48.5052420" lon="1.8930640">
    <ele>158.9</ele>
    <time>2025-03-29T11:06:22Z</time>
   </trkpt>
   <trkpt lat="48.5047770" lon="1.8927600">
    <ele>158.8</ele>
    <time>2025-03-29T11:06:28Z</time>
   </trkpt>
   <trkpt lat="48.5045470" lon="1.8926210">
    <ele>158.7</ele>
    <time>2025-03-29T11:06:31Z</time>
   </trkpt>
   <trkpt lat="48.5040130" lon="1.8923050">
    <ele>158.7</ele>
    <time>2025-03-29T11:06:38Z</time>
   </trkpt>
   <trkpt lat="48.5038650" lon="1.8922160">
    <ele>158.6</ele>
    <time>2025-03-29T11:06:40Z</time>
   </trkpt>
   <trkpt lat="48.5033190" lon="1.8919110">
    <ele>158.5</ele>
    <time>2025-03-29T11:06:47Z</time>
   </trkpt>
   <trkpt lat="48.5031570" lon="1.8918350">
    <ele>158.5</ele>
    <time>2025-03-29T11:06:49Z</time>
   </trkpt>
   <trkpt lat="48.5025790" lon="1.8915890">
    <ele>158.0</ele>
    <time>2025-03-29T11:06:56Z</time>
   </trkpt>
   <trkpt lat="48.5021530" lon="1.8914330">
    <ele>157.8</ele>
    <time>2025-03-29T11:07:01Z</time>
   </trkpt>
   <trkpt lat="48.5019780" lon="1.8914300">
    <ele>157.7</ele>
    <time>2025-03-29T11:07:03Z</time>
   </trkpt>
   <trkpt lat="48.5017210" lon="1.8914810">
    <ele>157.7</ele>
    <time>2025-03-29T11:07:06Z</time>
   </trkpt>
   <trkpt lat="48.5015650" lon="1.8915670">
    <ele>157.8</ele>
    <time>2025-03-29T11:07:08Z</time>
   </trkpt>
   <trkpt lat="48.5014310" lon="1.8917060">
    <ele>157.9</ele>
    <time>2025-03-29T11:07:10Z</time>
   </trkpt>
   <trkpt lat="48.5013690" lon="1.8917900">
    <ele>157.9</ele>
    <time>2025-03-29T11:07:11Z</time>
   </trkpt>
   <trkpt lat="48.5009580" lon="1.8923390">
    <ele>158.5</ele>
    <time>2025-03-29T11:07:18Z</time>
   </trkpt>
   <trkpt lat="48.5009010" lon="1.8924140">
    <ele>158.5</ele>
    <time>2025-03-29T11:07:19Z</time>
   </trkpt>
   <trkpt lat="48.5005540" lon="1.8928590">
    <ele>158.4</ele>
    <time>2025-03-29T11:07:25Z</time>
   </trkpt>
   <trkpt lat="48.5003230" lon="1.8931700">
    <ele>158.3</ele>
    <time>2025-03-29T11:07:29Z</time>
   </trkpt>
   <trkpt lat="48.5001570" lon="1.8934180">
    <ele>158.3</ele>
    <time>2025-03-29T11:07:32Z</time>
   </trkpt>
   <trkpt lat="48.4998520" lon="1.8939480">
    <ele>158.4</ele>
    <time>2025-03-29T11:07:38Z</time>
   </trkpt>
   <trkpt lat="48.4997900" lon="1.8940100">
    <ele>158.5</ele>
    <time>2025-03-29T11:07:39Z</time>
   </trkpt>
   <trkpt lat="48.4997200" lon="1.8940460">
    <ele>158.5</ele>
    <time>2025-03-29T11:07:40Z</time>
   </trkpt>
   <trkpt lat="48.4995880" lon="1.8940660">
    <ele>158.6</ele>
    <time>2025-03-29T11:07:42Z</time>
   </trkpt>
   <trkpt lat="48.4995310" lon="1.8940740">
    <ele>158.7</ele>
    <time>2025-03-29T11:07:43Z</time>
   </trkpt>
   <trkpt lat="48.4994670" lon="1.8940970">
    <ele>158.7</ele>
    <time>2025-03-29T11:07:45Z</time>
   </trkpt>
   <trkpt lat="48.4994490" lon="1.8941170">
    <ele>158.7</ele>
    <time>2025-03-29T11:07:46Z</time>
   </trkpt>
   <trkpt lat="48.4994320" lon="1.8941900">
    <ele>158.7</ele>
    <time>2025-03-29T11:07:48Z</time>
   </trkpt>
   <trkpt lat="48.4994470" lon="1.8943880">
    <ele>158.5</ele>
    <time>2025-03-29T11:07:53Z</time>
   </trkpt>
   <trkpt lat="48.4994680" lon="1.8949070">
    <ele>158.4</ele>
    <time>2025-03-29T11:08:02Z</time>
   </trkpt>
   <trkpt lat="48.4994780" lon="1.8953580">
    <ele>158.4</ele>
    <time>2025-03-29T11:08:07Z</time>
   </trkpt>
   <trkpt lat="48.4995010" lon="1.8958320">
    <ele>158.4</ele>
    <time>2025-03-29T11:08:12Z</time>
   </trkpt>
   <trkpt lat="48.4995060" lon="1.8959290">
    <ele>158.4</ele>
    <time>2025-03-29T11:08:13Z</time>
   </trkpt>
   <trkpt lat="48.4995850" lon="1.8966280">
    <ele>158.4</ele>
    <time>2025-03-29T11:08:20Z</time>
   </trkpt>
   <trkpt lat="48.4997110" lon="1.8973430">
    <ele>158.4</ele>
    <time>2025-03-29T11:08:27Z</time>
   </trkpt>
   <trkpt lat="48.4998440" lon="1.8979040">
    <ele>158.4</ele>
    <time>2025-03-29T11:08:33Z</time>
   </trkpt>
   <trkpt lat="48.5000310" lon="1.8985310">
    <ele>158.6</ele>
    <time>2025-03-29T11:08:40Z</time>
   </trkpt>
   <trkpt lat="48.5002910" lon="1.8993250">
    <ele>158.6</ele>
    <time>2025-03-29T11:08:49Z</time>
   </trkpt>
   <trkpt lat="48.5003200" lon="1.8994140">
    <ele>158.6</ele>
    <time>2025-03-29T11:08:50Z</time>
   </trkpt>
   <trkpt lat="48.5005460" lon="1.9000600">
    <ele>158.4</ele>
    <time>2025-03-29T11:08:58Z</time>
   </trkpt>
   <trkpt lat="48.5005590" lon="1.9001300">
    <ele>158.4</ele>
    <time>2025-03-29T11:08:59Z</time>
   </trkpt>
   <trkpt lat="48.5005270" lon="1.9002410">
    <ele>158.4</ele>
    <time>2025-03-29T11:09:01Z</time>
   </trkpt>
   <trkpt lat="48.5004390" lon="1.9002040">
    <ele>157.8</ele>
    <time>2025-03-29T11:09:03Z</time>
   </trkpt>
   <trkpt lat="48.5004020" lon="1.9001360">
    <ele>157.6</ele>
    <time>2025-03-29T11:09:04Z</time>
   </trkpt>
   <trkpt lat="48.5003100" lon="1.8998850">
    <ele>157.1</ele>
    <time>2025-03-29T11:09:07Z</time>
   </trkpt>
   <trkpt lat="48.5002350" lon="1.8997270">
    <ele>156.9</ele>
    <time>2025-03-29T11:09:09Z</time>
   </trkpt>
   <trkpt lat="48.5001340" lon="1.8996030">
    <ele>156.8</ele>
    <time>2025-03-29T11:09:11Z</time>
   </trkpt>
   <trkpt lat="48.4997290" lon="1.8992250">
    <ele>156.6</ele>
    <time>2025-03-29T11:09:18Z</time>
   </trkpt>
   <trkpt lat="48.4995560" lon="1.8990620">
    <ele>156.5</ele>
    <time>2025-03-29T11:09:21Z</time>
   </trkpt>
   <trkpt lat="48.4994400" lon="1.8989540">
    <ele>156.5</ele>
    <time>2025-03-29T11:09:23Z</time>
   </trkpt>
   <trkpt lat="48.4992090" lon="1.8987340">
    <ele>156.4</ele>
    <time>2025-03-29T11:09:27Z</time>
   </trkpt>
   <trkpt lat="48.4987710" lon="1.8983200">
    <ele>156.2</ele>
    <time>2025-03-29T11:09:34Z</time>
   </trkpt>
   <trkpt lat="48.4986410" lon="1.8981980">
    <ele>156.1</ele>
    <time>2025-03-29T11:09:36Z</time>
   </trkpt>
   <trkpt lat="48.4981390" lon="1.8977050">
    <ele>156.5</ele>
    <time>2025-03-29T11:09:44Z</time>
   </trkpt>
   <trkpt lat="48.4978270" lon="1.8974040">
    <ele>156.9</ele>
    <time>2025-03-29T11:09:49Z</time>
   </trkpt>
   <trkpt lat="48.4975710" lon="1.8971560">
    <ele>157.1</ele>
    <time>2025-03-29T11:09:53Z</time>
   </trkpt>
   <trkpt lat="48.4971140" lon="1.8966790">
    <ele>157.6</ele>
    <time>2025-03-29T11:10:00Z</time>
   </trkpt>
   <trkpt lat="48.4969840" lon="1.8965410">
    <ele>157.9</ele>
    <time>2025-03-29T11:10:02Z</time>
   </trkpt>
   <trkpt lat="48.4967890" lon="1.8963630">
    <ele>158.2</ele>
    <time>2025-03-29T11:10:05Z</time>
   </trkpt>
   <trkpt lat="48.4967200" lon="1.8963470">
    <ele>158.3</ele>
    <time>2025-03-29T11:10:06Z</time>
   </trkpt>
   <trkpt lat="48.4966500" lon="1.8963720">
    <ele>158.3</ele>
    <time>2025-03-29T11:10:07Z</time>
   </trkpt>
   <trkpt lat="48.4965840" lon="1.8964280">
    <ele>158.4</ele>
    <time>2025-03-29T11:10:08Z</time>
   </trkpt>
   <trkpt lat="48.4961490" lon="1.8969340">
    <ele>158.5</ele>
    <time>2025-03-29T11:10:15Z</time>
   </trkpt>
   <trkpt lat="48.4960850" lon="1.8970100">
    <ele>158.5</ele>
    <time>2025-03-29T11:10:16Z</time>
   </trkpt>
   <trkpt lat="48.4956320" lon="1.8975250">
    <ele>158.2</ele>
    <time>2025-03-29T11:10:23Z</time>
   </trkpt>
   <trkpt lat="48.4954280" lon="1.8977560">
    <ele>158.0</ele>
    <time>2025-03-29T11:10:26Z</time>
   </trkpt>
   <trkpt lat="48.4949790" lon="1.8982180">
    <ele>157.8</ele>
    <time>2025-03-29T11:10:32Z</time>
   </trkpt>
   <trkpt lat="48.4948230" lon="1.8983560">
    <ele>157.7</ele>
    <time>2025-03-29T11:10:34Z</time>
   </trkpt>
   <trkpt lat="48.4943360" lon="1.8987390">
    <ele>157.5</ele>
    <time>2025-03-29T11:10:40Z</time>
   </trkpt>
   <trkpt lat="48.4940940" lon="1.8989260">
    <ele>157.3</ele>
    <time>2025-03-29T11:10:43Z</time>
   </trkpt>
   <trkpt lat="48.4936080" lon="1.8993160">
    <ele>157.0</ele>
    <time>2025-03-29T11:10:49Z</time>
   </trkpt>
   <trkpt lat="48.4932900" lon="1.8996270">
    <ele>156.6</ele>
    <time>2025-03-29T11:10:53Z</time>
   </trkpt>
   <trkpt lat="48.4929220" lon="1.9001320">
    <ele>156.1</ele>
    <time>2025-03-29T11:10:58Z</time>
   </trkpt>
   <trkpt lat="48.4925830" lon="1.9006600">
    <ele>155.7</ele>
    <time>2025-03-29T11:11:03Z</time>
   </trkpt>
   <trkpt lat="48.4925150" lon="1.9007640">
    <ele>155.6</ele>
    <time>2025-03-29T11:11:04Z</time>
   </trkpt>
   <trkpt lat="48.4921070" lon="1.9013690">
    <ele>155.2</ele>
    <time>2025-03-29T11:11:10Z</time>
   </trkpt>
   <trkpt lat="48.4919210" lon="1.9016540">
    <ele>155.0</ele>
    <time>2025-03-29T11:11:13Z</time>
   </trkpt>
   <trkpt lat="48.4915360" lon="1.9022540">
    <ele>154.7</ele>
    <time>2025-03-29T11:11:19Z</time>
   </trkpt>
   <trkpt lat="48.4913420" lon="1.9025510">
    <ele>154.5</ele>
    <time>2025-03-29T11:11:22Z</time>
   </trkpt>
   <trkpt lat="48.4912770" lon="1.9026460">
    <ele>154.5</ele>
    <time>2025-03-29T11:11:23Z</time>
   </trkpt>
   <trkpt lat="48.4910750" lon="1.9029150">
    <ele>154.2</ele>
    <time>2025-03-29T11:11:26Z</time>
   </trkpt>
   <trkpt lat="48.4906620" lon="1.9034400">
    <ele>153.9</ele>
    <time>2025-03-29T11:11:32Z</time>
   </trkpt>
   <trkpt lat="48.4905940" lon="1.9035160">
    <ele>153.9</ele>
    <time>2025-03-29T11:11:33Z</time>
   </trkpt>
   <trkpt lat="48.4905220" lon="1.9035810">
    <ele>153.9</ele>
    <time>2025-03-29T11:11:34Z</time>
   </trkpt>
   <trkpt lat="48.4903670" lon="1.9036660">
    <ele>153.9</ele>
    <time>2025-03-29T11:11:36Z</time>
   </trkpt>
   <trkpt lat="48.4899110" lon="1.9039400">
    <ele>154.3</ele>
    <time>2025-03-29T11:11:42Z</time>
   </trkpt>
   <trkpt lat="48.4894320" lon="1.9043400">
    <ele>154.8</ele>
    <time>2025-03-29T11:11:48Z</time>
   </trkpt>
   <trkpt lat="48.4892720" lon="1.9044720">
    <ele>154.9</ele>
    <time>2025-03-29T11:11:50Z</time>
   </trkpt>
   <trkpt lat="48.4888820" lon="1.9047830">
    <ele>155.2</ele>
    <time>2025-03-29T11:11:55Z</time>
   </trkpt>
   <trkpt lat="48.4888040" lon="1.9048310">
    <ele>155.3</ele>
    <time>2025-03-29T11:11:56Z</time>
   </trkpt>
   <trkpt lat="48.4887220" lon="1.9048660">
    <ele>155.4</ele>
    <time>2025-03-29T11:11:57Z</time>
   </trkpt>
   <trkpt lat="48.4886380" lon="1.9048830">
    <ele>155.4</ele>
    <time>2025-03-29T11:11:58Z</time>
   </trkpt>
   <trkpt lat="48.4884660" lon="1.9048640">
    <ele>155.4</ele>
    <time>2025-03-29T11:12:00Z</time>
   </trkpt>
   <trkpt lat="48.4880500" lon="1.9046800">
    <ele>155.4</ele>
    <time>2025-03-29T11:12:05Z</time>
   </trkpt>
   <trkpt lat="48.4874920" lon="1.9044390">
    <ele>155.8</ele>
    <time>2025-03-29T11:12:12Z</time>
   </trkpt>
   <trkpt lat="48.4870310" lon="1.9042050">
    <ele>156.2</ele>
    <time>2025-03-29T11:12:18Z</time>
   </trkpt>
   <trkpt lat="48.4864990" lon="1.9039430">
    <ele>156.7</ele>
    <time>2025-03-29T11:12:25Z</time>
   </trkpt>
   <trkpt lat="48.4863430" lon="1.9038830">
    <ele>156.9</ele>
    <time>2025-03-29T11:12:27Z</time>
   </trkpt>
   <trkpt lat="48.4857960" lon="1.9037780">
    <ele>157.2</ele>
    <time>2025-03-29T11:12:34Z</time>
   </trkpt>
   <trkpt lat="48.4855580" lon="1.9037760">
    <ele>157.1</ele>
    <time>2025-03-29T11:12:37Z</time>
   </trkpt>
   <trkpt lat="48.4853220" lon="1.9037180">
    <ele>157.1</ele>
    <time>2025-03-29T11:12:40Z</time>
   </trkpt>
   <trkpt lat="48.4848660" lon="1.9034170">
    <ele>157.2</ele>
    <time>2025-03-29T11:12:46Z</time>
   </trkpt>
   <trkpt lat="48.4846480" lon="1.9032600">
    <ele>157.4</ele>
    <time>2025-03-29T11:12:49Z</time>
   </trkpt>
   <trkpt lat="48.4844250" lon="1.9031600">
    <ele>157.6</ele>
    <time>2025-03-29T11:12:52Z</time>
   </trkpt>
   <trkpt lat="48.4839900" lon="1.9029850">
    <ele>158.2</ele>
    <time>2025-03-29T11:12:59Z</time>
   </trkpt>
   <trkpt lat="48.4838850" lon="1.9029580">
    <ele>158.3</ele>
    <time>2025-03-29T11:13:01Z</time>
   </trkpt>
   <trkpt lat="48.4837890" lon="1.9029570">
    <ele>158.4</ele>
    <time>2025-03-29T11:13:03Z</time>
   </trkpt>
   <trkpt lat="48.4837220" lon="1.9030310">
    <ele>158.4</ele>
    <time>2025-03-29T11:13:05Z</time>
   </trkpt>
   <trkpt lat="48.4837220" lon="1.9031860">
    <ele>158.4</ele>
    <time>2025-03-29T11:13:07Z</time>
   </trkpt>
   <trkpt lat="48.4837300" lon="1.9032740">
    <ele>158.4</ele>
    <time>2025-03-29T11:13:08Z</time>
   </trkpt>
   <trkpt lat="48.4837600" lon="1.9038650">
    <ele>158.5</ele>
    <time>2025-03-29T11:13:14Z</time>
   </trkpt>
   <trkpt lat="48.4837490" lon="1.9039610">
    <ele>158.5</ele>
    <time>2025-03-29T11:13:15Z</time>
   </trkpt>
   <trkpt lat="48.4837290" lon="1.9040520">
    <ele>158.4</ele>
    <time>2025-03-29T11:13:16Z</time>
   </trkpt>
   <trkpt lat="48.4836600" lon="1.9042140">
    <ele>158.4</ele>
    <time>2025-03-29T11:13:18Z</time>
   </trkpt>
   <trkpt lat="48.4833790" lon="1.9046560">
    <ele>158.2</ele>
    <time>2025-03-29T11:13:24Z</time>
   </trkpt>
   <trkpt lat="48.4830800" lon="1.9051380">
    <ele>157.9</ele>
    <time>2025-03-29T11:13:30Z</time>
   </trkpt>
   <trkpt lat="48.4828310" lon="1.9055940">
    <ele>157.4</ele>
    <time>2025-03-29T11:13:35Z</time>
   </trkpt>
   <trkpt lat="48.4827850" lon="1.9056920">
    <ele>157.3</ele>
    <time>2025-03-29T11:13:36Z</time>
   </trkpt>
   <trkpt lat="48.4825010" lon="1.9063880">
    <ele>156.5</ele>
    <time>2025-03-29T11:13:43Z</time>
   </trkpt>
   <trkpt lat="48.4824600" lon="1.9064920">
    <ele>156.4</ele>
    <time>2025-03-29T11:13:44Z</time>
   </trkpt>
   <trkpt lat="48.4821660" lon="1.9072720">
    <ele>155.6</ele>
    <time>2025-03-29T11:13:51Z</time>
   </trkpt>
   <trkpt lat="48.4821240" lon="1.9073860">
    <ele>155.5</ele>
    <time>2025-03-29T11:13:52Z</time>
   </trkpt>
   <trkpt lat="48.4820110" lon="1.9077400">
    <ele>155.3</ele>
    <time>2025-03-29T11:13:55Z</time>
   </trkpt>
   <trkpt lat="48.4818780" lon="1.9082350">
    <ele>155.1</ele>
    <time>2025-03-29T11:13:59Z</time>
   </trkpt>
   <trkpt lat="48.4817140" lon="1.9090130">
    <ele>154.6</ele>
    <time>2025-03-29T11:14:05Z</time>
   </trkpt>
   <trkpt lat="48.4816370" lon="1.9093950">
    <ele>154.4</ele>
    <time>2025-03-29T11:14:08Z</time>
   </trkpt>
   <trkpt lat="48.4814630" lon="1.9102660">
    <ele>154.1</ele>
    <time>2025-03-29T11:14:15Z</time>
   </trkpt>
   <trkpt lat="48.4812810" lon="1.9111210">
    <ele>154.9</ele>
    <time>2025-03-29T11:14:22Z</time>
   </trkpt>
   <trkpt lat="48.4812310" lon="1.9113590">
    <ele>155.4</ele>
    <time>2025-03-29T11:14:24Z</time>
   </trkpt>
   <trkpt lat="48.4810720" lon="1.9121260">
    <ele>157.4</ele>
    <time>2025-03-29T11:14:31Z</time>
   </trkpt>
   <trkpt lat="48.4809800" lon="1.9125300">
    <ele>158.1</ele>
    <time>2025-03-29T11:14:35Z</time>
   </trkpt>
   <trkpt lat="48.4809170" lon="1.9128290">
    <ele>158.5</ele>
    <time>2025-03-29T11:14:38Z</time>
   </trkpt>
   <trkpt lat="48.4807500" lon="1.9136520">
    <ele>158.0</ele>
    <time>2025-03-29T11:14:46Z</time>
   </trkpt>
   <trkpt lat="48.4805170" lon="1.9144530">
    <ele>155.6</ele>
    <time>2025-03-29T11:14:53Z</time>
   </trkpt>
   <trkpt lat="48.4802130" lon="1.9150320">
    <ele>153.1</ele>
    <time>2025-03-29T11:14:58Z</time>
   </trkpt>
   <trkpt lat="48.4798040" lon="1.9155190">
    <ele>151.5</ele>
    <time>2025-03-29T11:15:03Z</time>
   </trkpt>
   <trkpt lat="48.4792870" lon="1.9160150">
    <ele>151.5</ele>
    <time>2025-03-29T11:15:09Z</time>
   </trkpt>
   <trkpt lat="48.4791180" lon="1.9161760">
    <ele>151.7</ele>
    <time>2025-03-29T11:15:11Z</time>
   </trkpt>
   <trkpt lat="48.4786250" lon="1.9166390">
    <ele>152.5</ele>
    <time>2025-03-29T11:15:17Z</time>
   </trkpt>
   <trkpt lat="48.4784610" lon="1.9167860">
    <ele>152.8</ele>
    <time>2025-03-29T11:15:19Z</time>
   </trkpt>
   <trkpt lat="48.4779830" lon="1.9172380">
    <ele>153.5</ele>
    <time>2025-03-29T11:15:25Z</time>
   </trkpt>
   <trkpt lat="48.4776740" lon="1.9175360">
    <ele>154.1</ele>
    <time>2025-03-29T11:15:29Z</time>
   </trkpt>
   <trkpt lat="48.4771460" lon="1.9180260">
    <ele>155.2</ele>
    <time>2025-03-29T11:15:36Z</time>
   </trkpt>
   <trkpt lat="48.4770740" lon="1.9180940">
    <ele>155.3</ele>
    <time>2025-03-29T11:15:37Z</time>
   </trkpt>
   <trkpt lat="48.4765840" lon="1.9185530">
    <ele>156.4</ele>
    <time>2025-03-29T11:15:44Z</time>
   </trkpt>
   <trkpt lat="48.4760880" lon="1.9190170">
    <ele>156.7</ele>
    <time>2025-03-29T11:15:51Z</time>
   </trkpt>
   <trkpt lat="48.4760190" lon="1.9190860">
    <ele>156.7</ele>
    <time>2025-03-29T11:15:52Z</time>
   </trkpt>
   <trkpt lat="48.4755250" lon="1.9195530">
    <ele>156.9</ele>
    <time>2025-03-29T11:15:59Z</time>
   </trkpt>
   <trkpt lat="48.4753130" lon="1.9197570">
    <ele>156.9</ele>
    <time>2025-03-29T11:16:02Z</time>
   </trkpt>
   <trkpt lat="48.4748080" lon="1.9202370">
    <ele>156.6</ele>
    <time>2025-03-29T11:16:09Z</time>
   </trkpt>
   <trkpt lat="48.4746620" lon="1.9203750">
    <ele>156.5</ele>
    <time>2025-03-29T11:16:11Z</time>
   </trkpt>
   <trkpt lat="48.4741550" lon="1.9208600">
    <ele>156.3</ele>
    <time>2025-03-29T11:16:18Z</time>
   </trkpt>
   <trkpt lat="48.4738630" lon="1.9211350">
    <ele>156.2</ele>
    <time>2025-03-29T11:16:22Z</time>
   </trkpt>
   <trkpt lat="48.4733340" lon="1.9216400">
    <ele>155.9</ele>
    <time>2025-03-29T11:16:29Z</time>
   </trkpt>
   <trkpt lat="48.4730150" lon="1.9219400">
    <ele>155.8</ele>
    <time>2025-03-29T11:16:33Z</time>
   </trkpt>
   <trkpt lat="48.4725270" lon="1.9223980">
    <ele>155.9</ele>
    <time>2025-03-29T11:16:39Z</time>
   </trkpt>
   <trkpt lat="48.4723680" lon="1.9225560">
    <ele>156.0</ele>
    <time>2025-03-29T11:16:41Z</time>
   </trkpt>
   <trkpt lat="48.4718840" lon="1.9230570">
    <ele>156.1</ele>
    <time>2025-03-29T11:16:47Z</time>
   </trkpt>
   <trkpt lat="48.4718070" lon="1.9231470">
    <ele>156.2</ele>
    <time>2025-03-29T11:16:48Z</time>
   </trkpt>
   <trkpt lat="48.4713710" lon="1.9237450">
    <ele>156.4</ele>
    <time>2025-03-29T11:16:54Z</time>
   </trkpt>
   <trkpt lat="48.4712280" lon="1.9239610">
    <ele>156.4</ele>
    <time>2025-03-29T11:16:56Z</time>
   </trkpt>
   <trkpt lat="48.4710210" lon="1.9242920">
    <ele>156.5</ele>
    <time>2025-03-29T11:16:59Z</time>
   </trkpt>
   <trkpt lat="48.4708810" lon="1.9245060">
    <ele>156.6</ele>
    <time>2025-03-29T11:17:01Z</time>
   </trkpt>
   <trkpt lat="48.4706740" lon="1.9248390">
    <ele>156.7</ele>
    <time>2025-03-29T11:17:04Z</time>
   </trkpt>
   <trkpt lat="48.4702610" lon="1.9254910">
    <ele>156.5</ele>
    <time>2025-03-29T11:17:10Z</time>
   </trkpt>
   <trkpt lat="48.4701220" lon="1.9257090">
    <ele>156.4</ele>
    <time>2025-03-29T11:17:12Z</time>
   </trkpt>
   <trkpt lat="48.4696990" lon="1.9263760">
    <ele>156.1</ele>
    <time>2025-03-29T11:17:18Z</time>
   </trkpt>
   <trkpt lat="48.4694860" lon="1.9266880">
    <ele>156.1</ele>
    <time>2025-03-29T11:17:21Z</time>
   </trkpt>
   <trkpt lat="48.4690980" lon="1.9272760">
    <ele>155.7</ele>
    <time>2025-03-29T11:17:27Z</time>
   </trkpt>
   <trkpt lat="48.4689800" lon="1.9274660">
    <ele>155.7</ele>
    <time>2025-03-29T11:17:29Z</time>
   </trkpt>
   <trkpt lat="48.4686440" lon="1.9279870">
    <ele>155.3</ele>
    <time>2025-03-29T11:17:35Z</time>
   </trkpt>
   <trkpt lat="48.4682470" lon="1.9286140">
    <ele>154.7</ele>
    <time>2025-03-29T11:17:42Z</time>
   </trkpt>
   <trkpt lat="48.4681350" lon="1.9288150">
    <ele>154.5</ele>
    <time>2025-03-29T11:17:44Z</time>
   </trkpt>
   <trkpt lat="48.4680490" lon="1.9290450">
    <ele>154.4</ele>
    <time>2025-03-29T11:17:46Z</time>
   </trkpt>
   <trkpt lat="48.4680010" lon="1.9292860">
    <ele>154.4</ele>
    <time>2025-03-29T11:17:48Z</time>
   </trkpt>
   <trkpt lat="48.4679920" lon="1.9293930">
    <ele>154.4</ele>
    <time>2025-03-29T11:17:49Z</time>
   </trkpt>
   <trkpt lat="48.4679840" lon="1.9295680">
    <ele>154.5</ele>
    <time>2025-03-29T11:17:51Z</time>
   </trkpt>
   <trkpt lat="48.4679530" lon="1.9297000">
    <ele>154.5</ele>
    <time>2025-03-29T11:17:53Z</time>
   </trkpt>
   <trkpt lat="48.4678930" lon="1.9297610">
    <ele>154.6</ele>
    <time>2025-03-29T11:17:55Z</time>
   </trkpt>
   <trkpt lat="48.4678070" lon="1.9297560">
    <ele>154.5</ele>
    <time>2025-03-29T11:17:57Z</time>
   </trkpt>
   <trkpt lat="48.4677590" lon="1.9297400">
    <ele>154.5</ele>
    <time>2025-03-29T11:17:58Z</time>
   </trkpt>
   <trkpt lat="48.4676550" lon="1.9297070">
    <ele>154.4</ele>
    <time>2025-03-29T11:18:00Z</time>
   </trkpt>
   <trkpt lat="48.4676020" lon="1.9296970">
    <ele>154.4</ele>
    <time>2025-03-29T11:18:01Z</time>
   </trkpt>
   <trkpt lat="48.4674960" lon="1.9296870">
    <ele>154.3</ele>
    <time>2025-03-29T11:18:03Z</time>
   </trkpt>
   <trkpt lat="48.4674400" lon="1.9296940">
    <ele>154.2</ele>
    <time>2025-03-29T11:18:04Z</time>
   </trkpt>
   <trkpt lat="48.4673850" lon="1.9297130">
    <ele>154.1</ele>
    <time>2025-03-29T11:18:05Z</time>
   </trkpt>
   <trkpt lat="48.4673290" lon="1.9297410">
    <ele>154.1</ele>
    <time>2025-03-29T11:18:06Z</time>
   </trkpt>
   <trkpt lat="48.4670980" lon="1.9299030">
    <ele>153.9</ele>
    <time>2025-03-29T11:18:10Z</time>
   </trkpt>
   <trkpt lat="48.4666460" lon="1.9301660">
    <ele>153.7</ele>
    <time>2025-03-29T11:18:17Z</time>
   </trkpt>
   <trkpt lat="48.4662720" lon="1.9304270">
    <ele>153.9</ele>
    <time>2025-03-29T11:18:23Z</time>
   </trkpt>
   <trkpt lat="48.4662190" lon="1.9304940">
    <ele>153.9</ele>
    <time>2025-03-29T11:18:24Z</time>
   </trkpt>
   <trkpt lat="48.4661700" lon="1.9305680">
    <ele>153.9</ele>
    <time>2025-03-29T11:18:25Z</time>
   </trkpt>
   <trkpt lat="48.4660790" lon="1.9307240">
    <ele>154.0</ele>
    <time>2025-03-29T11:18:27Z</time>
   </trkpt>
   <trkpt lat="48.4659970" lon="1.9308810">
    <ele>154.3</ele>
    <time>2025-03-29T11:18:29Z</time>
   </trkpt>
   <trkpt lat="48.4659640" lon="1.9309630">
    <ele>154.5</ele>
    <time>2025-03-29T11:18:30Z</time>
   </trkpt>
   <trkpt lat="48.4658800" lon="1.9311640">
    <ele>154.9</ele>
    <time>2025-03-29T11:18:33Z</time>
   </trkpt>
   <trkpt lat="48.4658090" lon="1.9312220">
    <ele>154.9</ele>
    <time>2025-03-29T11:18:35Z</time>
   </trkpt>
   <trkpt lat="48.4655990" lon="1.9312180">
    <ele>154.8</ele>
    <time>2025-03-29T11:18:39Z</time>
   </trkpt>
   <trkpt lat="48.4650750" lon="1.9312090">
    <ele>154.6</ele>
    <time>2025-03-29T11:18:47Z</time>
   </trkpt>
   <trkpt lat="48.4647830" lon="1.9312010">
    <ele>154.5</ele>
    <time>2025-03-29T11:18:51Z</time>
   </trkpt>
   <trkpt lat="48.4647060" lon="1.9312180">
    <ele>154.4</ele>
    <time>2025-03-29T11:18:52Z</time>
   </trkpt>
   <trkpt lat="48.4642260" lon="1.9312290">
    <ele>154.5</ele>
    <time>2025-03-29T11:18:58Z</time>
   </trkpt>
   <trkpt lat="48.4636190" lon="1.9310990">
    <ele>154.6</ele>
    <time>2025-03-29T11:19:06Z</time>
   </trkpt>
   <trkpt lat="48.4632880" lon="1.9310130">
    <ele>154.6</ele>
    <time>2025-03-29T11:19:10Z</time>
   </trkpt>
   <trkpt lat="48.4627510" lon="1.9308930">
    <ele>154.5</ele>
    <time>2025-03-29T11:19:16Z</time>
   </trkpt>
   <trkpt lat="48.4626580" lon="1.9308690">
    <ele>154.5</ele>
    <time>2025-03-29T11:19:17Z</time>
   </trkpt>
   <trkpt lat="48.4620870" lon="1.9307290">
    <ele>154.2</ele>
    <time>2025-03-29T11:19:23Z</time>
   </trkpt>
   <trkpt lat="48.4619900" lon="1.9307060">
    <ele>154.1</ele>
    <time>2025-03-29T11:19:24Z</time>
   </trkpt>
   <trkpt lat="48.4613960" lon="1.9305740">
    <ele>153.9</ele>
    <time>2025-03-29T11:19:30Z</time>
   </trkpt>
   <trkpt lat="48.4611010" lon="1.9305050">
    <ele>153.8</ele>
    <time>2025-03-29T11:19:33Z</time>
   </trkpt>
   <trkpt lat="48.4605300" lon="1.9303720">
    <ele>153.6</ele>
    <time>2025-03-29T11:19:39Z</time>
   </trkpt>
   <trkpt lat="48.4602410" lon="1.9303040">
    <ele>153.4</ele>
    <time>2025-03-29T11:19:42Z</time>
   </trkpt>
   <trkpt lat="48.4600500" lon="1.9302570">
    <ele>153.3</ele>
    <time>2025-03-29T11:19:44Z</time>
   </trkpt>
   <trkpt lat="48.4598600" lon="1.9302130">
    <ele>153.3</ele>
    <time>2025-03-29T11:19:46Z</time>
   </trkpt>
   <trkpt lat="48.4592970" lon="1.9300850">
    <ele>153.4</ele>
    <time>2025-03-29T11:19:52Z</time>
   </trkpt>
   <trkpt lat="48.4592050" lon="1.9300610">
    <ele>153.4</ele>
    <time>2025-03-29T11:19:53Z</time>
   </trkpt>
   <trkpt lat="48.4591140" lon="1.9300390">
    <ele>153.5</ele>
    <time>2025-03-29T11:19:54Z</time>
   </trkpt>
   <trkpt lat="48.4585790" lon="1.9299150">
    <ele>153.9</ele>
    <time>2025-03-29T11:20:00Z</time>
   </trkpt>
   <trkpt lat="48.4584030" lon="1.9298700">
    <ele>154.0</ele>
    <time>2025-03-29T11:20:02Z</time>
   </trkpt>
   <trkpt lat="48.4579610" lon="1.9297660">
    <ele>154.3</ele>
    <time>2025-03-29T11:20:07Z</time>
   </trkpt>
   <trkpt lat="48.4577850" lon="1.9297210">
    <ele>154.4</ele>
    <time>2025-03-29T11:20:09Z</time>
   </trkpt>
   <trkpt lat="48.4576090" lon="1.9296730">
    <ele>154.4</ele>
    <time>2025-03-29T11:20:11Z</time>
   </trkpt>
   <trkpt lat="48.4575200" lon="1.9296430">
    <ele>154.4</ele>
    <time>2025-03-29T11:20:12Z</time>
   </trkpt>
   <trkpt lat="48.4569850" lon="1.9294270">
    <ele>154.3</ele>
    <time>2025-03-29T11:20:18Z</time>
   </trkpt>
   <trkpt lat="48.4568970" lon="1.9293870">
    <ele>154.2</ele>
    <time>2025-03-29T11:20:19Z</time>
   </trkpt>
   <trkpt lat="48.4563830" lon="1.9291210">
    <ele>154.1</ele>
    <time>2025-03-29T11:20:25Z</time>
   </trkpt>
   <trkpt lat="48.4563000" lon="1.9290720">
    <ele>154.1</ele>
    <time>2025-03-29T11:20:26Z</time>
   </trkpt>
   <trkpt lat="48.4560500" lon="1.9289300">
    <ele>154.0</ele>
    <time>2025-03-29T11:20:29Z</time>
   </trkpt>
   <trkpt lat="48.4558880" lon="1.9288060">
    <ele>154.0</ele>
    <time>2025-03-29T11:20:31Z</time>
   </trkpt>
   <trkpt lat="48.4556520" lon="1.9286130">
    <ele>154.0</ele>
    <time>2025-03-29T11:20:34Z</time>
   </trkpt>
   <trkpt lat="48.4552520" lon="1.9283000">
    <ele>153.9</ele>
    <time>2025-03-29T11:20:39Z</time>
   </trkpt>
   <trkpt lat="48.4547030" lon="1.9278570">
    <ele>153.5</ele>
    <time>2025-03-29T11:20:46Z</time>
   </trkpt>
   <trkpt lat="48.4546270" lon="1.9277920">
    <ele>153.5</ele>
    <time>2025-03-29T11:20:47Z</time>
   </trkpt>
   <trkpt lat="48.4540800" lon="1.9273280">
    <ele>153.1</ele>
    <time>2025-03-29T11:20:54Z</time>
   </trkpt>
   <trkpt lat="48.4539220" lon="1.9272020">
    <ele>153.0</ele>
    <time>2025-03-29T11:20:56Z</time>
   </trkpt>
   <trkpt lat="48.4533790" lon="1.9267570">
    <ele>152.8</ele>
    <time>2025-03-29T11:21:03Z</time>
   </trkpt>
   <trkpt lat="48.4533050" lon="1.9267080">
    <ele>152.8</ele>
    <time>2025-03-29T11:21:04Z</time>
   </trkpt>
   <trkpt lat="48.4529630" lon="1.9264480">
    <ele>152.7</ele>
    <time>2025-03-29T11:21:09Z</time>
   </trkpt>
   <trkpt lat="48.4529020" lon="1.9263840">
    <ele>152.7</ele>
    <time>2025-03-29T11:21:10Z</time>
   </trkpt>
   <trkpt lat="48.4527870" lon="1.9262320">
    <ele>152.7</ele>
    <time>2025-03-29T11:21:12Z</time>
   </trkpt>
   <trkpt lat="48.4526540" lon="1.9261530">
    <ele>152.7</ele>
    <time>2025-03-29T11:21:14Z</time>
   </trkpt>
   <trkpt lat="48.4525800" lon="1.9261490">
    <ele>152.6</ele>
    <time>2025-03-29T11:21:15Z</time>
   </trkpt>
   <trkpt lat="48.4525020" lon="1.9261510">
    <ele>152.6</ele>
    <time>2025-03-29T11:21:16Z</time>
   </trkpt>
   <trkpt lat="48.4524200" lon="1.9261400">
    <ele>152.5</ele>
    <time>2025-03-29T11:21:17Z</time>
   </trkpt>
   <trkpt lat="48.4523390" lon="1.9261140">
    <ele>152.4</ele>
    <time>2025-03-29T11:21:18Z</time>
   </trkpt>
   <trkpt lat="48.4519410" lon="1.9258830">
    <ele>152.0</ele>
    <time>2025-03-29T11:21:23Z</time>
   </trkpt>
   <trkpt lat="48.4513650" lon="1.9255760">
    <ele>152.0</ele>
    <time>2025-03-29T11:21:30Z</time>
   </trkpt>
   <trkpt lat="48.4512030" lon="1.9254830">
    <ele>152.1</ele>
    <time>2025-03-29T11:21:32Z</time>
   </trkpt>
   <trkpt lat="48.4506830" lon="1.9251810">
    <ele>152.3</ele>
    <time>2025-03-29T11:21:39Z</time>
   </trkpt>
   <trkpt lat="48.4505420" lon="1.9251080">
    <ele>152.4</ele>
    <time>2025-03-29T11:21:41Z</time>
   </trkpt>
   <trkpt lat="48.4500110" lon="1.9248980">
    <ele>152.7</ele>
    <time>2025-03-29T11:21:48Z</time>
   </trkpt>
   <trkpt lat="48.4499360" lon="1.9248750">
    <ele>152.7</ele>
    <time>2025-03-29T11:21:49Z</time>
   </trkpt>
   <trkpt lat="48.4497810" lon="1.9248270">
    <ele>152.8</ele>
    <time>2025-03-29T11:21:51Z</time>
   </trkpt>
   <trkpt lat="48.4492300" lon="1.9246620">
    <ele>152.9</ele>
    <time>2025-03-29T11:21:58Z</time>
   </trkpt>
   <trkpt lat="48.4491530" lon="1.9246400">
    <ele>152.9</ele>
    <time>2025-03-29T11:21:59Z</time>
   </trkpt>
   <trkpt lat="48.4486150" lon="1.9245140">
    <ele>153.0</ele>
    <time>2025-03-29T11:22:06Z</time>
   </trkpt>
   <trkpt lat="48.4483780" lon="1.9244630">
    <ele>153.1</ele>
    <time>2025-03-29T11:22:09Z</time>
   </trkpt>
   <trkpt lat="48.4482160" lon="1.9244270">
    <ele>153.1</ele>
    <time>2025-03-29T11:22:11Z</time>
   </trkpt>
   <trkpt lat="48.4480540" lon="1.9243910">
    <ele>153.2</ele>
    <time>2025-03-29T11:22:13Z</time>
   </trkpt>
   <trkpt lat="48.4474900" lon="1.9242630">
    <ele>153.1</ele>
    <time>2025-03-29T11:22:20Z</time>
   </trkpt>
   <trkpt lat="48.4471610" lon="1.9241870">
    <ele>153.1</ele>
    <time>2025-03-29T11:22:24Z</time>
   </trkpt>
   <trkpt lat="48.4470790" lon="1.9241720">
    <ele>153.0</ele>
    <time>2025-03-29T11:22:25Z</time>
   </trkpt>
   <trkpt lat="48.4468380" lon="1.9241210">
    <ele>153.0</ele>
    <time>2025-03-29T11:22:28Z</time>
   </trkpt>
   <trkpt lat="48.4462690" lon="1.9239880">
    <ele>153.2</ele>
    <time>2025-03-29T11:22:35Z</time>
   </trkpt>
   <trkpt lat="48.4457030" lon="1.9238260">
    <ele>153.3</ele>
    <time>2025-03-29T11:22:42Z</time>
   </trkpt>
   <trkpt lat="48.4455490" lon="1.9237430">
    <ele>153.3</ele>
    <time>2025-03-29T11:22:44Z</time>
   </trkpt>
   <trkpt lat="48.4453980" lon="1.9236460">
    <ele>153.4</ele>
    <time>2025-03-29T11:22:46Z</time>
   </trkpt>
   <trkpt lat="48.4453250" lon="1.9235890">
    <ele>153.4</ele>
    <time>2025-03-29T11:22:47Z</time>
   </trkpt>
   <trkpt lat="48.4452540" lon="1.9235260">
    <ele>153.4</ele>
    <time>2025-03-29T11:22:48Z</time>
   </trkpt>
   <trkpt lat="48.4451830" lon="1.9234670">
    <ele>153.5</ele>
    <time>2025-03-29T11:22:49Z</time>
   </trkpt>
   <trkpt lat="48.4450440" lon="1.9233530">
    <ele>153.5</ele>
    <time>2025-03-29T11:22:51Z</time>
   </trkpt>
   <trkpt lat="48.4445630" lon="1.9229420">
    <ele>153.7</ele>
    <time>2025-03-29T11:22:58Z</time>
   </trkpt>
   <trkpt lat="48.4442890" lon="1.9227170">
    <ele>153.7</ele>
    <time>2025-03-29T11:23:02Z</time>
   </trkpt>
   <trkpt lat="48.4438090" lon="1.9223240">
    <ele>153.6</ele>
    <time>2025-03-29T11:23:09Z</time>
   </trkpt>
   <trkpt lat="48.4436760" lon="1.9222180">
    <ele>153.6</ele>
    <time>2025-03-29T11:23:11Z</time>
   </trkpt>
   <trkpt lat="48.4431200" lon="1.9218540">
    <ele>153.3</ele>
    <time>2025-03-29T11:23:19Z</time>
   </trkpt>
   <trkpt lat="48.4430470" lon="1.9218160">
    <ele>153.2</ele>
    <time>2025-03-29T11:23:20Z</time>
   </trkpt>
   <trkpt lat="48.4425190" lon="1.9215850">
    <ele>152.8</ele>
    <time>2025-03-29T11:23:27Z</time>
   </trkpt>
   <trkpt lat="48.4423630" lon="1.9215240">
    <ele>152.6</ele>
    <time>2025-03-29T11:23:29Z</time>
   </trkpt>
   <trkpt lat="48.4418050" lon="1.9213550">
    <ele>152.1</ele>
    <time>2025-03-29T11:23:36Z</time>
   </trkpt>
   <trkpt lat="48.4415620" lon="1.9212930">
    <ele>151.9</ele>
    <time>2025-03-29T11:23:39Z</time>
   </trkpt>
   <trkpt lat="48.4414810" lon="1.9212720">
    <ele>151.9</ele>
    <time>2025-03-29T11:23:40Z</time>
   </trkpt>
   <trkpt lat="48.4413990" lon="1.9212510">
    <ele>151.8</ele>
    <time>2025-03-29T11:23:41Z</time>
   </trkpt>
   <trkpt lat="48.4408100" lon="1.9211460">
    <ele>151.3</ele>
    <time>2025-03-29T11:23:48Z</time>
   </trkpt>
   <trkpt lat="48.4406370" lon="1.9211240">
    <ele>151.3</ele>
    <time>2025-03-29T11:23:50Z</time>
   </trkpt>
   <trkpt lat="48.4401180" lon="1.9210500">
    <ele>151.1</ele>
    <time>2025-03-29T11:23:56Z</time>
   </trkpt>
   <trkpt lat="48.4399460" lon="1.9210310">
    <ele>151.0</ele>
    <time>2025-03-29T11:23:58Z</time>
   </trkpt>
   <trkpt lat="48.4395200" lon="1.9209700">
    <ele>150.8</ele>
    <time>2025-03-29T11:24:03Z</time>
   </trkpt>
   <trkpt lat="48.4393470" lon="1.9209470">
    <ele>150.8</ele>
    <time>2025-03-29T11:24:05Z</time>
   </trkpt>
   <trkpt lat="48.4387520" lon="1.9208490">
    <ele>150.8</ele>
    <time>2025-03-29T11:24:12Z</time>
   </trkpt>
   <trkpt lat="48.4385860" lon="1.9208250">
    <ele>150.7</ele>
    <time>2025-03-29T11:24:14Z</time>
   </trkpt>
   <trkpt lat="48.4380040" lon="1.9207320">
    <ele>150.7</ele>
    <time>2025-03-29T11:24:21Z</time>
   </trkpt>
   <trkpt lat="48.4378500" lon="1.9206970">
    <ele>150.6</ele>
    <time>2025-03-29T11:24:23Z</time>
   </trkpt>
   <trkpt lat="48.4376200" lon="1.9206150">
    <ele>150.4</ele>
    <time>2025-03-29T11:24:26Z</time>
   </trkpt>
   <trkpt lat="48.4374730" lon="1.9205190">
    <ele>150.2</ele>
    <time>2025-03-29T11:24:28Z</time>
   </trkpt>
   <trkpt lat="48.4370750" lon="1.9202040">
    <ele>150.1</ele>
    <time>2025-03-29T11:24:34Z</time>
   </trkpt>
   <trkpt lat="48.4366430" lon="1.9200270">
    <ele>150.0</ele>
    <time>2025-03-29T11:24:40Z</time>
   </trkpt>
   <trkpt lat="48.4363410" lon="1.9199280">
    <ele>150.2</ele>
    <time>2025-03-29T11:24:44Z</time>
   </trkpt>
   <trkpt lat="48.4360500" lon="1.9198460">
    <ele>150.5</ele>
    <time>2025-03-29T11:24:48Z</time>
   </trkpt>
   <trkpt lat="48.4359810" lon="1.9198240">
    <ele>150.6</ele>
    <time>2025-03-29T11:24:49Z</time>
   </trkpt>
   <trkpt lat="48.4357240" lon="1.9197670">
    <ele>150.7</ele>
    <time>2025-03-29T11:24:53Z</time>
   </trkpt>
   <trkpt lat="48.4356590" lon="1.9197570">
    <ele>150.7</ele>
    <time>2025-03-29T11:24:54Z</time>
   </trkpt>
   <trkpt lat="48.4355950" lon="1.9197550">
    <ele>150.7</ele>
    <time>2025-03-29T11:24:55Z</time>
   </trkpt>
   <trkpt lat="48.4355320" lon="1.9197610">
    <ele>150.8</ele>
    <time>2025-03-29T11:24:56Z</time>
   </trkpt>
   <trkpt lat="48.4352980" lon="1.9198030">
    <ele>151.0</ele>
    <time>2025-03-29T11:25:00Z</time>
   </trkpt>
   <trkpt lat="48.4352430" lon="1.9198370">
    <ele>151.1</ele>
    <time>2025-03-29T11:25:01Z</time>
   </trkpt>
   <trkpt lat="48.4351920" lon="1.9198920">
    <ele>151.2</ele>
    <time>2025-03-29T11:25:02Z</time>
   </trkpt>
   <trkpt lat="48.4350480" lon="1.9200820">
    <ele>151.1</ele>
    <time>2025-03-29T11:25:05Z</time>
   </trkpt>
   <trkpt lat="48.4348040" lon="1.9202300">
    <ele>151.1</ele>
    <time>2025-03-29T11:25:09Z</time>
   </trkpt>
   <trkpt lat="48.4343160" lon="1.9205950">
    <ele>151.2</ele>
    <time>2025-03-29T11:25:17Z</time>
   </trkpt>
   <trkpt lat="48.4340050" lon="1.9208770">
    <ele>151.3</ele>
    <time>2025-03-29T11:25:22Z</time>
   </trkpt>
   <trkpt lat="48.4339360" lon="1.9209100">
    <ele>151.3</ele>
    <time>2025-03-29T11:25:23Z</time>
   </trkpt>
   <trkpt lat="48.4338630" lon="1.9209260">
    <ele>151.4</ele>
    <time>2025-03-29T11:25:24Z</time>
   </trkpt>
   <trkpt lat="48.4336430" lon="1.9209120">
    <ele>151.4</ele>
    <time>2025-03-29T11:25:27Z</time>
   </trkpt>
   <trkpt lat="48.4334300" lon="1.9208540">
    <ele>151.3</ele>
    <time>2025-03-29T11:25:30Z</time>
   </trkpt>
   <trkpt lat="48.4332240" lon="1.9207640">
    <ele>151.3</ele>
    <time>2025-03-29T11:25:33Z</time>
   </trkpt>
   <trkpt lat="48.4326670" lon="1.9205740">
    <ele>151.5</ele>
    <time>2025-03-29T11:25:41Z</time>
   </trkpt>
   <trkpt lat="48.4321630" lon="1.9205240">
    <ele>152.0</ele>
    <time>2025-03-29T11:25:48Z</time>
   </trkpt>
   <trkpt lat="48.4316710" lon="1.9205300">
    <ele>152.4</ele>
    <time>2025-03-29T11:25:55Z</time>
   </trkpt>
   <trkpt lat="48.4315280" lon="1.9205290">
    <ele>152.4</ele>
    <time>2025-03-29T11:25:57Z</time>
   </trkpt>
   <trkpt lat="48.4309540" lon="1.9205340">
    <ele>152.4</ele>
    <time>2025-03-29T11:26:05Z</time>
   </trkpt>
   <trkpt lat="48.4308840" lon="1.9205380">
    <ele>152.4</ele>
    <time>2025-03-29T11:26:06Z</time>
   </trkpt>
   <trkpt lat="48.4304760" lon="1.9206290">
    <ele>152.5</ele>
    <time>2025-03-29T11:26:12Z</time>
   </trkpt>
   <trkpt lat="48.4302150" lon="1.9207380">
    <ele>152.5</ele>
    <time>2025-03-29T11:26:16Z</time>
   </trkpt>
   <trkpt lat="48.4301470" lon="1.9207630">
    <ele>152.5</ele>
    <time>2025-03-29T11:26:17Z</time>
   </trkpt>
   <trkpt lat="48.4299390" lon="1.9208410">
    <ele>152.5</ele>
    <time>2025-03-29T11:26:20Z</time>
   </trkpt>
   <trkpt lat="48.4295790" lon="1.9209770">
    <ele>152.4</ele>
    <time>2025-03-29T11:26:25Z</time>
   </trkpt>
   <trkpt lat="48.4294290" lon="1.9210220">
    <ele>152.4</ele>
    <time>2025-03-29T11:26:27Z</time>
   </trkpt>
   <trkpt lat="48.4292780" lon="1.9210640">
    <ele>152.3</ele>
    <time>2025-03-29T11:26:29Z</time>
   </trkpt>
   <trkpt lat="48.4287400" lon="1.9211910">
    <ele>152.1</ele>
    <time>2025-03-29T11:26:36Z</time>
   </trkpt>
   <trkpt lat="48.4281700" lon="1.9212810">
    <ele>151.9</ele>
    <time>2025-03-29T11:26:43Z</time>
   </trkpt>
   <trkpt lat="48.4276680" lon="1.9211960">
    <ele>151.8</ele>
    <time>2025-03-29T11:26:49Z</time>
   </trkpt>
   <trkpt lat="48.4270920" lon="1.9210170">
    <ele>152.2</ele>
    <time>2025-03-29T11:26:56Z</time>
   </trkpt>
   <trkpt lat="48.4269280" lon="1.9209770">
    <ele>152.3</ele>
    <time>2025-03-29T11:26:58Z</time>
   </trkpt>
   <trkpt lat="48.4265180" lon="1.9208920">
    <ele>152.4</ele>
    <time>2025-03-29T11:27:03Z</time>
   </trkpt>
   <trkpt lat="48.4262720" lon="1.9208470">
    <ele>152.5</ele>
    <time>2025-03-29T11:27:06Z</time>
   </trkpt>
   <trkpt lat="48.4257900" lon="1.9207550">
    <ele>152.8</ele>
    <time>2025-03-29T11:27:12Z</time>
   </trkpt>
   <trkpt lat="48.4253920" lon="1.9206930">
    <ele>153.0</ele>
    <time>2025-03-29T11:27:17Z</time>
   </trkpt>
   <trkpt lat="48.4253120" lon="1.9206810">
    <ele>153.0</ele>
    <time>2025-03-29T11:27:18Z</time>
   </trkpt>
   <trkpt lat="48.4247580" lon="1.9206010">
    <ele>153.4</ele>
    <time>2025-03-29T11:27:25Z</time>
   </trkpt>
   <trkpt lat="48.4244520" lon="1.9205610">
    <ele>153.6</ele>
    <time>2025-03-29T11:27:29Z</time>
   </trkpt>
   <trkpt lat="48.4238660" lon="1.9204480">
    <ele>153.8</ele>
    <time>2025-03-29T11:27:37Z</time>
   </trkpt>
   <trkpt lat="48.4233110" lon="1.9202760">
    <ele>153.3</ele>
    <time>2025-03-29T11:27:44Z</time>
   </trkpt>
   <trkpt lat="48.4231530" lon="1.9202180">
    <ele>153.1</ele>
    <time>2025-03-29T11:27:46Z</time>
   </trkpt>
   <trkpt lat="48.4230750" lon="1.9201860">
    <ele>153.0</ele>
    <time>2025-03-29T11:27:47Z</time>
   </trkpt>
   <trkpt lat="48.4225320" lon="1.9199080">
    <ele>152.2</ele>
    <time>2025-03-29T11:27:54Z</time>
   </trkpt>
   <trkpt lat="48.4224530" lon="1.9198590">
    <ele>152.0</ele>
    <time>2025-03-29T11:27:55Z</time>
   </trkpt>
   <trkpt lat="48.4221430" lon="1.9196350">
    <ele>151.5</ele>
    <time>2025-03-29T11:27:59Z</time>
   </trkpt>
   <trkpt lat="48.4219900" lon="1.9195080">
    <ele>151.2</ele>
    <time>2025-03-29T11:28:01Z</time>
   </trkpt>
   <trkpt lat="48.4215270" lon="1.9191000">
    <ele>150.5</ele>
    <time>2025-03-29T11:28:07Z</time>
   </trkpt>
   <trkpt lat="48.4214500" lon="1.9190320">
    <ele>150.4</ele>
    <time>2025-03-29T11:28:08Z</time>
   </trkpt>
   <trkpt lat="48.4209620" lon="1.9186740">
    <ele>149.7</ele>
    <time>2025-03-29T11:28:14Z</time>
   </trkpt>
   <trkpt lat="48.4208780" lon="1.9186260">
    <ele>149.6</ele>
    <time>2025-03-29T11:28:15Z</time>
   </trkpt>
   <trkpt lat="48.4203580" lon="1.9183530">
    <ele>149.0</ele>
    <time>2025-03-29T11:28:21Z</time>
   </trkpt>
   <trkpt lat="48.4201000" lon="1.9182220">
    <ele>148.8</ele>
    <time>2025-03-29T11:28:24Z</time>
   </trkpt>
   <trkpt lat="48.4195910" lon="1.9179430">
    <ele>148.5</ele>
    <time>2025-03-29T11:28:30Z</time>
   </trkpt>
   <trkpt lat="48.4193400" lon="1.9178010">
    <ele>148.5</ele>
    <time>2025-03-29T11:28:33Z</time>
   </trkpt>
   <trkpt lat="48.4187650" lon="1.9174650">
    <ele>148.8</ele>
    <time>2025-03-29T11:28:40Z</time>
   </trkpt>
   <trkpt lat="48.4186010" lon="1.9173730">
    <ele>149.0</ele>
    <time>2025-03-29T11:28:42Z</time>
   </trkpt>
   <trkpt lat="48.4180400" lon="1.9170440">
    <ele>149.5</ele>
    <time>2025-03-29T11:28:49Z</time>
   </trkpt>
   <trkpt lat="48.4179630" lon="1.9169960">
    <ele>149.6</ele>
    <time>2025-03-29T11:28:50Z</time>
   </trkpt>
   <trkpt lat="48.4174490" lon="1.9166880">
    <ele>150.0</ele>
    <time>2025-03-29T11:28:57Z</time>
   </trkpt>
   <trkpt lat="48.4173120" lon="1.9166060">
    <ele>150.2</ele>
    <time>2025-03-29T11:28:59Z</time>
   </trkpt>
   <trkpt lat="48.4167900" lon="1.9163400">
    <ele>150.7</ele>
    <time>2025-03-29T11:29:07Z</time>
   </trkpt>
   <trkpt lat="48.4165640" lon="1.9162610">
    <ele>150.5</ele>
    <time>2025-03-29T11:29:10Z</time>
   </trkpt>
   <trkpt lat="48.4164880" lon="1.9162330">
    <ele>150.4</ele>
    <time>2025-03-29T11:29:11Z</time>
   </trkpt>
   <trkpt lat="48.4162540" lon="1.9161520">
    <ele>150.4</ele>
    <time>2025-03-29T11:29:14Z</time>
   </trkpt>
   <trkpt lat="48.4160980" lon="1.9160960">
    <ele>150.5</ele>
    <time>2025-03-29T11:29:16Z</time>
   </trkpt>
   <trkpt lat="48.4155620" lon="1.9159130">
    <ele>150.6</ele>
    <time>2025-03-29T11:29:23Z</time>
   </trkpt>
   <trkpt lat="48.4154850" lon="1.9158850">
    <ele>150.7</ele>
    <time>2025-03-29T11:29:24Z</time>
   </trkpt>
   <trkpt lat="48.4152520" lon="1.9158100">
    <ele>150.8</ele>
    <time>2025-03-29T11:29:27Z</time>
   </trkpt>
   <trkpt lat="48.4148500" lon="1.9156690">
    <ele>150.8</ele>
    <time>2025-03-29T11:29:32Z</time>
   </trkpt>
   <trkpt lat="48.4146000" lon="1.9155840">
    <ele>150.9</ele>
    <time>2025-03-29T11:29:35Z</time>
   </trkpt>
   <trkpt lat="48.4143520" lon="1.9154990">
    <ele>151.0</ele>
    <time>2025-03-29T11:29:38Z</time>
   </trkpt>
   <trkpt lat="48.4141890" lon="1.9154450">
    <ele>151.1</ele>
    <time>2025-03-29T11:29:40Z</time>
   </trkpt>
   <trkpt lat="48.4140250" lon="1.9153950">
    <ele>151.1</ele>
    <time>2025-03-29T11:29:42Z</time>
   </trkpt>
   <trkpt lat="48.4137800" lon="1.9153200">
    <ele>151.2</ele>
    <time>2025-03-29T11:29:45Z</time>
   </trkpt>
   <trkpt lat="48.4132030" lon="1.9151680">
    <ele>151.4</ele>
    <time>2025-03-29T11:29:52Z</time>
   </trkpt>
   <trkpt lat="48.4130390" lon="1.9151260">
    <ele>151.5</ele>
    <time>2025-03-29T11:29:54Z</time>
   </trkpt>
   <trkpt lat="48.4125440" lon="1.9150090">
    <ele>151.5</ele>
    <time>2025-03-29T11:30:00Z</time>
   </trkpt>
   <trkpt lat="48.4122110" lon="1.9149440">
    <ele>151.6</ele>
    <time>2025-03-29T11:30:04Z</time>
   </trkpt>
   <trkpt lat="48.4119650" lon="1.9149380">
    <ele>151.7</ele>
    <time>2025-03-29T11:30:07Z</time>
   </trkpt>
   <trkpt lat="48.4118850" lon="1.9149570">
    <ele>151.8</ele>
    <time>2025-03-29T11:30:08Z</time>
   </trkpt>
   <trkpt lat="48.4113180" lon="1.9151320">
    <ele>152.0</ele>
    <time>2025-03-29T11:30:15Z</time>
   </trkpt>
   <trkpt lat="48.4111560" lon="1.9151800">
    <ele>152.0</ele>
    <time>2025-03-29T11:30:17Z</time>
   </trkpt>
   <trkpt lat="48.4110750" lon="1.9152050">
    <ele>152.0</ele>
    <time>2025-03-29T11:30:18Z</time>
   </trkpt>
   <trkpt lat="48.4109120" lon="1.9152530">
    <ele>152.1</ele>
    <time>2025-03-29T11:30:20Z</time>
   </trkpt>
   <trkpt lat="48.4106670" lon="1.9153290">
    <ele>152.0</ele>
    <time>2025-03-29T11:30:23Z</time>
   </trkpt>
   <trkpt lat="48.4101720" lon="1.9154770">
    <ele>151.9</ele>
    <time>2025-03-29T11:30:29Z</time>
   </trkpt>
   <trkpt lat="48.4100910" lon="1.9155020">
    <ele>151.9</ele>
    <time>2025-03-29T11:30:30Z</time>
   </trkpt>
   <trkpt lat="48.4098420" lon="1.9155710">
    <ele>151.9</ele>
    <time>2025-03-29T11:30:33Z</time>
   </trkpt>
   <trkpt lat="48.4092600" lon="1.9157420">
    <ele>151.8</ele>
    <time>2025-03-29T11:30:40Z</time>
   </trkpt>
   <trkpt lat="48.4089260" lon="1.9158330">
    <ele>151.7</ele>
    <time>2025-03-29T11:30:44Z</time>
   </trkpt>
   <trkpt lat="48.4085930" lon="1.9159300">
    <ele>151.7</ele>
    <time>2025-03-29T11:30:48Z</time>
   </trkpt>
   <trkpt lat="48.4081780" lon="1.9160530">
    <ele>151.6</ele>
    <time>2025-03-29T11:30:53Z</time>
   </trkpt>
   <trkpt lat="48.4080940" lon="1.9160790">
    <ele>151.6</ele>
    <time>2025-03-29T11:30:54Z</time>
   </trkpt>
   <trkpt lat="48.4080100" lon="1.9161030">
    <ele>151.6</ele>
    <time>2025-03-29T11:30:55Z</time>
   </trkpt>
   <trkpt lat="48.4075930" lon="1.9162210">
    <ele>151.6</ele>
    <time>2025-03-29T11:31:00Z</time>
   </trkpt>
   <trkpt lat="48.4070210" lon="1.9162600">
    <ele>151.9</ele>
    <time>2025-03-29T11:31:07Z</time>
   </trkpt>
   <trkpt lat="48.4064480" lon="1.9161930">
    <ele>151.8</ele>
    <time>2025-03-29T11:31:14Z</time>
   </trkpt>
   <trkpt lat="48.4061990" lon="1.9161730">
    <ele>151.9</ele>
    <time>2025-03-29T11:31:17Z</time>
   </trkpt>
   <trkpt lat="48.4056240" lon="1.9161250">
    <ele>151.9</ele>
    <time>2025-03-29T11:31:24Z</time>
   </trkpt>
   <trkpt lat="48.4052060" lon="1.9161050">
    <ele>151.9</ele>
    <time>2025-03-29T11:31:29Z</time>
   </trkpt>
   <trkpt lat="48.4046150" lon="1.9161070">
    <ele>151.9</ele>
    <time>2025-03-29T11:31:36Z</time>
   </trkpt>
   <trkpt lat="48.4043570" lon="1.9161310">
    <ele>152.0</ele>
    <time>2025-03-29T11:31:39Z</time>
   </trkpt>
   <trkpt lat="48.4037640" lon="1.9162040">
    <ele>152.2</ele>
    <time>2025-03-29T11:31:46Z</time>
   </trkpt>
   <trkpt lat="48.4034200" lon="1.9162610">
    <ele>152.2</ele>
    <time>2025-03-29T11:31:50Z</time>
   </trkpt>
   <trkpt lat="48.4030810" lon="1.9163280">
    <ele>152.3</ele>
    <time>2025-03-29T11:31:54Z</time>
   </trkpt>
   <trkpt lat="48.4024840" lon="1.9164180">
    <ele>152.0</ele>
    <time>2025-03-29T11:32:01Z</time>
   </trkpt>
   <trkpt lat="48.4018680" lon="1.9164450">
    <ele>151.7</ele>
    <time>2025-03-29T11:32:08Z</time>
   </trkpt>
   <trkpt lat="48.4014320" lon="1.9164640">
    <ele>151.7</ele>
    <time>2025-03-29T11:32:13Z</time>
   </trkpt>
   <trkpt lat="48.4010770" lon="1.9164830">
    <ele>151.9</ele>
    <time>2025-03-29T11:32:18Z</time>
   </trkpt>
   <trkpt lat="48.4009440" lon="1.9164830">
    <ele>152.0</ele>
    <time>2025-03-29T11:32:20Z</time>
   </trkpt>
   <trkpt lat="48.4004790" lon="1.9164750">
    <ele>151.8</ele>
    <time>2025-03-29T11:32:26Z</time>
   </trkpt>
   <trkpt lat="48.3998730" lon="1.9164150">
    <ele>151.5</ele>
    <time>2025-03-29T11:32:33Z</time>
   </trkpt>
   <trkpt lat="48.3994630" lon="1.9163670">
    <ele>151.6</ele>
    <time>2025-03-29T11:32:38Z</time>
   </trkpt>
   <trkpt lat="48.3993810" lon="1.9163590">
    <ele>151.6</ele>
    <time>2025-03-29T11:32:39Z</time>
   </trkpt>
   <trkpt lat="48.3992990" lon="1.9163520">
    <ele>151.6</ele>
    <time>2025-03-29T11:32:40Z</time>
   </trkpt>
   <trkpt lat="48.3992170" lon="1.9163430">
    <ele>151.6</ele>
    <time>2025-03-29T11:32:41Z</time>
   </trkpt>
   <trkpt lat="48.3990530" lon="1.9163270">
    <ele>151.6</ele>
    <time>2025-03-29T11:32:43Z</time>
   </trkpt>
   <trkpt lat="48.3988880" lon="1.9163130">
    <ele>151.7</ele>
    <time>2025-03-29T11:32:45Z</time>
   </trkpt>
   <trkpt lat="48.3984670" lon="1.9162640">
    <ele>151.7</ele>
    <time>2025-03-29T11:32:50Z</time>
   </trkpt>
   <trkpt lat="48.3978780" lon="1.9161600">
    <ele>151.7</ele>
    <time>2025-03-29T11:32:57Z</time>
   </trkpt>
   <trkpt lat="48.3975440" lon="1.9160830">
    <ele>151.7</ele>
    <time>2025-03-29T11:33:01Z</time>
   </trkpt>
   <trkpt lat="48.3971270" lon="1.9159820">
    <ele>151.6</ele>
    <time>2025-03-29T11:33:06Z</time>
   </trkpt>
   <trkpt lat="48.3966180" lon="1.9158510">
    <ele>151.4</ele>
    <time>2025-03-29T11:33:12Z</time>
   </trkpt>
   <trkpt lat="48.3960090" lon="1.9157560">
    <ele>151.2</ele>
    <time>2025-03-29T11:33:19Z</time>
   </trkpt>
   <trkpt lat="48.3957420" lon="1.9157310">
    <ele>151.1</ele>
    <time>2025-03-29T11:33:22Z</time>
   </trkpt>
   <trkpt lat="48.3951910" lon="1.9157100">
    <ele>150.5</ele>
    <time>2025-03-29T11:33:28Z</time>
   </trkpt>
   <trkpt lat="48.3949060" lon="1.9157190">
    <ele>150.3</ele>
    <time>2025-03-29T11:33:31Z</time>
   </trkpt>
   <trkpt lat="48.3943140" lon="1.9157430">
    <ele>149.5</ele>
    <time>2025-03-29T11:33:37Z</time>
   </trkpt>
   <trkpt lat="48.3941120" lon="1.9157480">
    <ele>149.4</ele>
    <time>2025-03-29T11:33:39Z</time>
   </trkpt>
   <trkpt lat="48.3937130" lon="1.9157790">
    <ele>149.4</ele>
    <time>2025-03-29T11:33:43Z</time>
   </trkpt>
   <trkpt lat="48.3936150" lon="1.9157890">
    <ele>149.5</ele>
    <time>2025-03-29T11:33:44Z</time>
   </trkpt>
   <trkpt lat="48.3935180" lon="1.9158010">
    <ele>149.5</ele>
    <time>2025-03-29T11:33:45Z</time>
   </trkpt>
   <trkpt lat="48.3931410" lon="1.9158580">
    <ele>149.7</ele>
    <time>2025-03-29T11:33:49Z</time>
   </trkpt>
   <trkpt lat="48.3927730" lon="1.9159280">
    <ele>150.0</ele>
    <time>2025-03-29T11:33:53Z</time>
   </trkpt>
   <trkpt lat="48.3924080" lon="1.9159670">
    <ele>150.1</ele>
    <time>2025-03-29T11:33:57Z</time>
   </trkpt>
   <trkpt lat="48.3923170" lon="1.9159710">
    <ele>150.1</ele>
    <time>2025-03-29T11:33:58Z</time>
   </trkpt>
   <trkpt lat="48.3919540" lon="1.9159720">
    <ele>150.4</ele>
    <time>2025-03-29T11:34:02Z</time>
   </trkpt>
   <trkpt lat="48.3915980" lon="1.9159840">
    <ele>150.6</ele>
    <time>2025-03-29T11:34:06Z</time>
   </trkpt>
   <trkpt lat="48.3915090" lon="1.9159960">
    <ele>150.6</ele>
    <time>2025-03-29T11:34:07Z</time>
   </trkpt>
   <trkpt lat="48.3911640" lon="1.9160940">
    <ele>150.7</ele>
    <time>2025-03-29T11:34:11Z</time>
   </trkpt>
   <trkpt lat="48.3910810" lon="1.9161300">
    <ele>150.7</ele>
    <time>2025-03-29T11:34:12Z</time>
   </trkpt>
   <trkpt lat="48.3905960" lon="1.9164370">
    <ele>150.4</ele>
    <time>2025-03-29T11:34:18Z</time>
   </trkpt>
   <trkpt lat="48.3900410" lon="1.9167910">
    <ele>150.3</ele>
    <time>2025-03-29T11:34:25Z</time>
   </trkpt>
   <trkpt lat="48.3897990" lon="1.9169340">
    <ele>150.3</ele>
    <time>2025-03-29T11:34:28Z</time>
   </trkpt>
   <trkpt lat="48.3895410" lon="1.9170440">
    <ele>150.2</ele>
    <time>2025-03-29T11:34:31Z</time>
   </trkpt>
   <trkpt lat="48.3892730" lon="1.9170980">
    <ele>150.1</ele>
    <time>2025-03-29T11:34:34Z</time>
   </trkpt>
   <trkpt lat="48.3890930" lon="1.9171120">
    <ele>150.0</ele>
    <time>2025-03-29T11:34:36Z</time>
   </trkpt>
   <trkpt lat="48.3885530" lon="1.9171420">
    <ele>149.9</ele>
    <time>2025-03-29T11:34:42Z</time>
   </trkpt>
   <trkpt lat="48.3884650" lon="1.9171430">
    <ele>149.9</ele>
    <time>2025-03-29T11:34:43Z</time>
   </trkpt>
   <trkpt lat="48.3878450" lon="1.9171050">
    <ele>149.4</ele>
    <time>2025-03-29T11:34:50Z</time>
   </trkpt>
   <trkpt lat="48.3875030" lon="1.9170010">
    <ele>149.3</ele>
    <time>2025-03-29T11:34:54Z</time>
   </trkpt>
   <trkpt lat="48.3873360" lon="1.9169490">
    <ele>149.2</ele>
    <time>2025-03-29T11:34:56Z</time>
   </trkpt>
   <trkpt lat="48.3872530" lon="1.9169230">
    <ele>149.2</ele>
    <time>2025-03-29T11:34:57Z</time>
   </trkpt>
   <trkpt lat="48.3870870" lon="1.9168690">
    <ele>149.2</ele>
    <time>2025-03-29T11:34:59Z</time>
   </trkpt>
   <trkpt lat="48.3867600" lon="1.9167590">
    <ele>149.2</ele>
    <time>2025-03-29T11:35:03Z</time>
   </trkpt>
   <trkpt lat="48.3864570" lon="1.9166300">
    <ele>149.2</ele>
    <time>2025-03-29T11:35:07Z</time>
   </trkpt>
   <trkpt lat="48.3860590" lon="1.9163310">
    <ele>149.1</ele>
    <time>2025-03-29T11:35:13Z</time>
   </trkpt>
   <trkpt lat="48.3857240" lon="1.9159740">
    <ele>148.9</ele>
    <time>2025-03-29T11:35:19Z</time>
   </trkpt>
   <trkpt lat="48.3854380" lon="1.9156310">
    <ele>148.7</ele>
    <time>2025-03-29T11:35:25Z</time>
   </trkpt>
   <trkpt lat="48.3852740" lon="1.9154790">
    <ele>148.6</ele>
    <time>2025-03-29T11:35:28Z</time>
   </trkpt>
   <trkpt lat="48.3852120" lon="1.9154560">
    <ele>148.5</ele>
    <time>2025-03-29T11:35:29Z</time>
   </trkpt>
   <trkpt lat="48.3847880" lon="1.9154430">
    <ele>148.1</ele>
    <time>2025-03-29T11:35:35Z</time>
   </trkpt>
   <trkpt lat="48.3846540" lon="1.9154560">
    <ele>148.0</ele>
    <time>2025-03-29T11:35:37Z</time>
   </trkpt>
   <trkpt lat="48.3844760" lon="1.9155390">
    <ele>148.0</ele>
    <time>2025-03-29T11:35:40Z</time>
   </trkpt>
   <trkpt lat="48.3841880" lon="1.9156670">
    <ele>147.9</ele>
    <time>2025-03-29T11:35:45Z</time>
   </trkpt>
   <trkpt lat="48.3841300" lon="1.9156680">
    <ele>147.9</ele>
    <time>2025-03-29T11:35:46Z</time>
   </trkpt>
   <trkpt lat="48.3839390" lon="1.9156820">
    <ele>147.9</ele>
    <time>2025-03-29T11:35:49Z</time>
   </trkpt>
   <trkpt lat="48.3837380" lon="1.9157510">
    <ele>147.8</ele>
    <time>2025-03-29T11:35:52Z</time>
   </trkpt>
   <trkpt lat="48.3834010" lon="1.9158210">
    <ele>147.7</ele>
    <time>2025-03-29T11:35:57Z</time>
   </trkpt>
   <trkpt lat="48.3833320" lon="1.9158130">
    <ele>147.7</ele>
    <time>2025-03-29T11:35:58Z</time>
   </trkpt>
   <trkpt lat="48.3827780" lon="1.9156310">
    <ele>147.8</ele>
    <time>2025-03-29T11:36:06Z</time>
   </trkpt>
   <trkpt lat="48.3822000" lon="1.9154000">
    <ele>147.8</ele>
    <time>2025-03-29T11:36:14Z</time>
   </trkpt>
   <trkpt lat="48.3816610" lon="1.9152120">
    <ele>147.6</ele>
    <time>2025-03-29T11:36:21Z</time>
   </trkpt>
   <trkpt lat="48.3815820" lon="1.9151890">
    <ele>147.5</ele>
    <time>2025-03-29T11:36:22Z</time>
   </trkpt>
   <trkpt lat="48.3809960" lon="1.9150590">
    <ele>146.8</ele>
    <time>2025-03-29T11:36:29Z</time>
   </trkpt>
   <trkpt lat="48.3808190" lon="1.9150340">
    <ele>146.5</ele>
    <time>2025-03-29T11:36:31Z</time>
   </trkpt>
   <trkpt lat="48.3802600" lon="1.9149600">
    <ele>145.1</ele>
    <time>2025-03-29T11:36:37Z</time>
   </trkpt>
   <trkpt lat="48.3800570" lon="1.9149330">
    <ele>144.5</ele>
    <time>2025-03-29T11:36:39Z</time>
   </trkpt>
   <trkpt lat="48.3795130" lon="1.9148660">
    <ele>143.2</ele>
    <time>2025-03-29T11:36:44Z</time>
   </trkpt>
   <trkpt lat="48.3794010" lon="1.9148500">
    <ele>143.1</ele>
    <time>2025-03-29T11:36:45Z</time>
   </trkpt>
   <trkpt lat="48.3790670" lon="1.9148070">
    <ele>143.0</ele>
    <time>2025-03-29T11:36:48Z</time>
   </trkpt>
   <trkpt lat="48.3789560" lon="1.9147940">
    <ele>143.1</ele>
    <time>2025-03-29T11:36:49Z</time>
   </trkpt>
   <trkpt lat="48.3788490" lon="1.9147870">
    <ele>143.1</ele>
    <time>2025-03-29T11:36:50Z</time>
   </trkpt>
   <trkpt lat="48.3787410" lon="1.9147800">
    <ele>143.2</ele>
    <time>2025-03-29T11:36:51Z</time>
   </trkpt>
   <trkpt lat="48.3786350" lon="1.9147670">
    <ele>143.3</ele>
    <time>2025-03-29T11:36:52Z</time>
   </trkpt>
   <trkpt lat="48.3780370" lon="1.9147440">
    <ele>144.1</ele>
    <time>2025-03-29T11:36:58Z</time>
   </trkpt>
   <trkpt lat="48.3775630" lon="1.9148380">
    <ele>144.2</ele>
    <time>2025-03-29T11:37:03Z</time>
   </trkpt>
   <trkpt lat="48.3774690" lon="1.9148640">
    <ele>144.2</ele>
    <time>2025-03-29T11:37:04Z</time>
   </trkpt>
   <trkpt lat="48.3768930" lon="1.9150380">
    <ele>143.9</ele>
    <time>2025-03-29T11:37:10Z</time>
   </trkpt>
   <trkpt lat="48.3766980" lon="1.9150940">
    <ele>143.9</ele>
    <time>2025-03-29T11:37:12Z</time>
   </trkpt>
   <trkpt lat="48.3764080" lon="1.9151810">
    <ele>143.9</ele>
    <time>2025-03-29T11:37:15Z</time>
   </trkpt>
   <trkpt lat="48.3758330" lon="1.9153470">
    <ele>144.2</ele>
    <time>2025-03-29T11:37:21Z</time>
   </trkpt>
   <trkpt lat="48.3754590" lon="1.9154620">
    <ele>144.2</ele>
    <time>2025-03-29T11:37:25Z</time>
   </trkpt>
   <trkpt lat="48.3748880" lon="1.9155630">
    <ele>143.4</ele>
    <time>2025-03-29T11:37:31Z</time>
   </trkpt>
   <trkpt lat="48.3747880" lon="1.9155700">
    <ele>143.2</ele>
    <time>2025-03-29T11:37:32Z</time>
   </trkpt>
   <trkpt lat="48.3741710" lon="1.9155520">
    <ele>142.9</ele>
    <time>2025-03-29T11:37:38Z</time>
   </trkpt>
   <trkpt lat="48.3735910" lon="1.9155000">
    <ele>143.8</ele>
    <time>2025-03-29T11:37:44Z</time>
   </trkpt>
   <trkpt lat="48.3734130" lon="1.9154850">
    <ele>144.4</ele>
    <time>2025-03-29T11:37:46Z</time>
   </trkpt>
   <trkpt lat="48.3729090" lon="1.9154720">
    <ele>145.5</ele>
    <time>2025-03-29T11:37:52Z</time>
   </trkpt>
   <trkpt lat="48.3728320" lon="1.9154770">
    <ele>145.6</ele>
    <time>2025-03-29T11:37:53Z</time>
   </trkpt>
   <trkpt lat="48.3722800" lon="1.9155100">
    <ele>146.2</ele>
    <time>2025-03-29T11:38:00Z</time>
   </trkpt>
   <trkpt lat="48.3720370" lon="1.9155260">
    <ele>146.2</ele>
    <time>2025-03-29T11:38:03Z</time>
   </trkpt>
   <trkpt lat="48.3717050" lon="1.9155510">
    <ele>146.2</ele>
    <time>2025-03-29T11:38:07Z</time>
   </trkpt>
   <trkpt lat="48.3715400" lon="1.9155580">
    <ele>146.3</ele>
    <time>2025-03-29T11:38:09Z</time>
   </trkpt>
   <trkpt lat="48.3709670" lon="1.9156190">
    <ele>146.7</ele>
    <time>2025-03-29T11:38:16Z</time>
   </trkpt>
   <trkpt lat="48.3704070" lon="1.9157830">
    <ele>147.0</ele>
    <time>2025-03-29T11:38:23Z</time>
   </trkpt>
   <trkpt lat="48.3698880" lon="1.9160420">
    <ele>147.2</ele>
    <time>2025-03-29T11:38:30Z</time>
   </trkpt>
   <trkpt lat="48.3698220" lon="1.9160930">
    <ele>147.3</ele>
    <time>2025-03-29T11:38:31Z</time>
   </trkpt>
   <trkpt lat="48.3695220" lon="1.9163790">
    <ele>147.3</ele>
    <time>2025-03-29T11:38:37Z</time>
   </trkpt>
   <trkpt lat="48.3694110" lon="1.9164590">
    <ele>147.3</ele>
    <time>2025-03-29T11:38:39Z</time>
   </trkpt>
   <trkpt lat="48.3692800" lon="1.9164870">
    <ele>147.2</ele>
    <time>2025-03-29T11:38:41Z</time>
   </trkpt>
   <trkpt lat="48.3691380" lon="1.9164570">
    <ele>147.1</ele>
    <time>2025-03-29T11:38:43Z</time>
   </trkpt>
   <trkpt lat="48.3689920" lon="1.9163890">
    <ele>147.0</ele>
    <time>2025-03-29T11:38:45Z</time>
   </trkpt>
   <trkpt lat="48.3684350" lon="1.9161230">
    <ele>146.2</ele>
    <time>2025-03-29T11:38:52Z</time>
   </trkpt>
   <trkpt lat="48.3682680" lon="1.9160410">
    <ele>146.0</ele>
    <time>2025-03-29T11:38:54Z</time>
   </trkpt>
   <trkpt lat="48.3681840" lon="1.9160000">
    <ele>145.9</ele>
    <time>2025-03-29T11:38:55Z</time>
   </trkpt>
   <trkpt lat="48.3681000" lon="1.9159610">
    <ele>145.8</ele>
    <time>2025-03-29T11:38:56Z</time>
   </trkpt>
   <trkpt lat="48.3680170" lon="1.9159240">
    <ele>145.8</ele>
    <time>2025-03-29T11:38:57Z</time>
   </trkpt>
   <trkpt lat="48.3678500" lon="1.9158540">
    <ele>145.7</ele>
    <time>2025-03-29T11:38:59Z</time>
   </trkpt>
   <trkpt lat="48.3676810" lon="1.9157900">
    <ele>145.7</ele>
    <time>2025-03-29T11:39:01Z</time>
   </trkpt>
   <trkpt lat="48.3670860" lon="1.9155810">
    <ele>146.0</ele>
    <time>2025-03-29T11:39:08Z</time>
   </trkpt>
   <trkpt lat="48.3669190" lon="1.9155210">
    <ele>146.0</ele>
    <time>2025-03-29T11:39:10Z</time>
   </trkpt>
   <trkpt lat="48.3663500" lon="1.9153210">
    <ele>146.1</ele>
    <time>2025-03-29T11:39:17Z</time>
   </trkpt>
   <trkpt lat="48.3662650" lon="1.9152880">
    <ele>146.1</ele>
    <time>2025-03-29T11:39:18Z</time>
   </trkpt>
   <trkpt lat="48.3659260" lon="1.9151400">
    <ele>146.3</ele>
    <time>2025-03-29T11:39:22Z</time>
   </trkpt>
   <trkpt lat="48.3655920" lon="1.9149830">
    <ele>146.7</ele>
    <time>2025-03-29T11:39:26Z</time>
   </trkpt>
   <trkpt lat="48.3655100" lon="1.9149420">
    <ele>146.8</ele>
    <time>2025-03-29T11:39:27Z</time>
   </trkpt>
   <trkpt lat="48.3654300" lon="1.9148970">
    <ele>146.9</ele>
    <time>2025-03-29T11:39:28Z</time>
   </trkpt>
   <trkpt lat="48.3651390" lon="1.9146810">
    <ele>146.8</ele>
    <time>2025-03-29T11:39:32Z</time>
   </trkpt>
   <trkpt lat="48.3650660" lon="1.9146240">
    <ele>146.8</ele>
    <time>2025-03-29T11:39:33Z</time>
   </trkpt>
   <trkpt lat="48.3646210" lon="1.9142410">
    <ele>146.5</ele>
    <time>2025-03-29T11:39:39Z</time>
   </trkpt>
   <trkpt lat="48.3644690" lon="1.9141110">
    <ele>146.3</ele>
    <time>2025-03-29T11:39:41Z</time>
   </trkpt>
   <trkpt lat="48.3640810" lon="1.9137910">
    <ele>145.8</ele>
    <time>2025-03-29T11:39:46Z</time>
   </trkpt>
   <trkpt lat="48.3637440" lon="1.9135750">
    <ele>145.4</ele>
    <time>2025-03-29T11:39:50Z</time>
   </trkpt>
   <trkpt lat="48.3632160" lon="1.9133170">
    <ele>144.8</ele>
    <time>2025-03-29T11:39:56Z</time>
   </trkpt>
   <trkpt lat="48.3629430" lon="1.9131980">
    <ele>144.6</ele>
    <time>2025-03-29T11:39:59Z</time>
   </trkpt>
   <trkpt lat="48.3627600" lon="1.9131190">
    <ele>144.5</ele>
    <time>2025-03-29T11:40:01Z</time>
   </trkpt>
   <trkpt lat="48.3623080" lon="1.9129160">
    <ele>144.2</ele>
    <time>2025-03-29T11:40:06Z</time>
   </trkpt>
   <trkpt lat="48.3621340" lon="1.9128250">
    <ele>144.1</ele>
    <time>2025-03-29T11:40:08Z</time>
   </trkpt>
   <trkpt lat="48.3616280" lon="1.9125110">
    <ele>144.0</ele>
    <time>2025-03-29T11:40:14Z</time>
   </trkpt>
   <trkpt lat="48.3615430" lon="1.9124570">
    <ele>144.0</ele>
    <time>2025-03-29T11:40:15Z</time>
   </trkpt>
   <trkpt lat="48.3612820" lon="1.9122990">
    <ele>144.1</ele>
    <time>2025-03-29T11:40:18Z</time>
   </trkpt>
   <trkpt lat="48.3611950" lon="1.9122460">
    <ele>144.1</ele>
    <time>2025-03-29T11:40:19Z</time>
   </trkpt>
   <trkpt lat="48.3606690" lon="1.9119580">
    <ele>144.5</ele>
    <time>2025-03-29T11:40:25Z</time>
   </trkpt>
   <trkpt lat="48.3604090" lon="1.9118260">
    <ele>144.8</ele>
    <time>2025-03-29T11:40:28Z</time>
   </trkpt>
   <trkpt lat="48.3602370" lon="1.9117540">
    <ele>145.0</ele>
    <time>2025-03-29T11:40:30Z</time>
   </trkpt>
   <trkpt lat="48.3600610" lon="1.9116920">
    <ele>145.1</ele>
    <time>2025-03-29T11:40:32Z</time>
   </trkpt>
   <trkpt lat="48.3599720" lon="1.9116630">
    <ele>145.1</ele>
    <time>2025-03-29T11:40:33Z</time>
   </trkpt>
   <trkpt lat="48.3593590" lon="1.9114920">
    <ele>145.4</ele>
    <time>2025-03-29T11:40:40Z</time>
   </trkpt>
   <trkpt lat="48.3590980" lon="1.9114250">
    <ele>145.5</ele>
    <time>2025-03-29T11:40:43Z</time>
   </trkpt>
   <trkpt lat="48.3584970" lon="1.9113160">
    <ele>145.8</ele>
    <time>2025-03-29T11:40:50Z</time>
   </trkpt>
   <trkpt lat="48.3583220" lon="1.9113030">
    <ele>145.7</ele>
    <time>2025-03-29T11:40:52Z</time>
   </trkpt>
   <trkpt lat="48.3576960" lon="1.9113070">
    <ele>145.0</ele>
    <time>2025-03-29T11:40:59Z</time>
   </trkpt>
   <trkpt lat="48.3571240" lon="1.9113280">
    <ele>144.1</ele>
    <time>2025-03-29T11:41:05Z</time>
   </trkpt>
   <trkpt lat="48.3567220" lon="1.9113490">
    <ele>143.6</ele>
    <time>2025-03-29T11:41:09Z</time>
   </trkpt>
   <trkpt lat="48.3561130" lon="1.9113660">
    <ele>143.0</ele>
    <time>2025-03-29T11:41:15Z</time>
   </trkpt>
   <trkpt lat="48.3559110" lon="1.9113590">
    <ele>143.0</ele>
    <time>2025-03-29T11:41:17Z</time>
   </trkpt>
   <trkpt lat="48.3553300" lon="1.9112560">
    <ele>143.2</ele>
    <time>2025-03-29T11:41:23Z</time>
   </trkpt>
   <trkpt lat="48.3552390" lon="1.9112330">
    <ele>143.3</ele>
    <time>2025-03-29T11:41:24Z</time>
   </trkpt>
   <trkpt lat="48.3546490" lon="1.9110580">
    <ele>144.4</ele>
    <time>2025-03-29T11:41:31Z</time>
   </trkpt>
   <trkpt lat="48.3540970" lon="1.9109220">
    <ele>145.6</ele>
    <time>2025-03-29T11:41:38Z</time>
   </trkpt>
   <trkpt lat="48.3535410" lon="1.9107900">
    <ele>146.0</ele>
    <time>2025-03-29T11:41:46Z</time>
   </trkpt>
   <trkpt lat="48.3533530" lon="1.9107170">
    <ele>145.8</ele>
    <time>2025-03-29T11:41:51Z</time>
   </trkpt>
   <trkpt lat="48.3532780" lon="1.9106870">
    <ele>145.8</ele>
    <time>2025-03-29T11:41:53Z</time>
   </trkpt>
   <trkpt lat="48.3531890" lon="1.9105990">
    <ele>145.7</ele>
    <time>2025-03-29T11:41:56Z</time>
   </trkpt>
   <trkpt lat="48.3531480" lon="1.9105460">
    <ele>145.7</ele>
    <time>2025-03-29T11:41:58Z</time>
   </trkpt>
   <trkpt lat="48.3531090" lon="1.9105470">
    <ele>145.7</ele>
    <time>2025-03-29T11:42:00Z</time>
   </trkpt>
   <trkpt lat="48.3530960" lon="1.9105660">
    <ele>145.7</ele>
    <time>2025-03-29T11:42:01Z</time>
   </trkpt>
   <trkpt lat="48.3530660" lon="1.9106310">
    <ele>145.7</ele>
    <time>2025-03-29T11:42:04Z</time>
   </trkpt>
   <trkpt lat="48.3530530" lon="1.9106710">
    <ele>145.7</ele>
    <time>2025-03-29T11:42:06Z</time>
   </trkpt>
   <trkpt lat="48.3530580" lon="1.9106760">
    <ele>145.7</ele>
    <time>2025-03-29T11:42:08Z</time>
   </trkpt>
   <trkpt lat="48.3530590" lon="1.9106760">
    <ele>145.7</ele>
    <time>2025-03-29T11:42:09Z</time>
   </trkpt>
   <trkpt lat="48.3530600" lon="1.9106740">
    <ele>145.7</ele>
    <time>2025-03-29T11:42:10Z</time>
   </trkpt>
   <trkpt lat="48.3530580" lon="1.9106790">
    <ele>145.7</ele>
    <time>2025-03-29T11:42:12Z</time>
   </trkpt>
   <trkpt lat="48.3532000" lon="1.9106950">
    <ele>145.7</ele>
    <time>2025-03-29T11:49:32Z</time>
   </trkpt>
   <trkpt lat="48.3532080" lon="1.9106670">
    <ele>145.7</ele>
    <time>2025-03-29T11:49:33Z</time>
   </trkpt>
   <trkpt lat="48.3532090" lon="1.9106330">
    <ele>145.7</ele>
    <time>2025-03-29T11:49:34Z</time>
   </trkpt>
   <trkpt lat="48.3531740" lon="1.9105310">
    <ele>145.7</ele>
    <time>2025-03-29T11:49:37Z</time>
   </trkpt>
   <trkpt lat="48.3530820" lon="1.9103580">
    <ele>145.6</ele>
    <time>2025-03-29T11:49:43Z</time>
   </trkpt>
   <trkpt lat="48.3529690" lon="1.9102810">
    <ele>145.6</ele>
    <time>2025-03-29T11:49:48Z</time>
   </trkpt>
   <trkpt lat="48.3529450" lon="1.9102740">
    <ele>145.5</ele>
    <time>2025-03-29T11:49:49Z</time>
   </trkpt>
   <trkpt lat="48.3527460" lon="1.9102000">
    <ele>145.4</ele>
    <time>2025-03-29T11:49:55Z</time>
   </trkpt>
   <trkpt lat="48.3527010" lon="1.9101870">
    <ele>145.4</ele>
    <time>2025-03-29T11:49:56Z</time>
   </trkpt>
   <trkpt lat="48.3526560" lon="1.9101700">
    <ele>145.3</ele>
    <time>2025-03-29T11:49:57Z</time>
   </trkpt>
   <trkpt lat="48.3524150" lon="1.9100640">
    <ele>145.2</ele>
    <time>2025-03-29T11:50:02Z</time>
   </trkpt>
   <trkpt lat="48.3520340" lon="1.9099960">
    <ele>144.9</ele>
    <time>2025-03-29T11:50:09Z</time>
   </trkpt>
   <trkpt lat="48.3514810" lon="1.9099520">
    <ele>144.1</ele>
    <time>2025-03-29T11:50:18Z</time>
   </trkpt>
   <trkpt lat="48.3510520" lon="1.9098380">
    <ele>143.6</ele>
    <time>2025-03-29T11:50:25Z</time>
   </trkpt>
   <trkpt lat="48.3506310" lon="1.9096510">
    <ele>143.2</ele>
    <time>2025-03-29T11:50:32Z</time>
   </trkpt>
   <trkpt lat="48.3504090" lon="1.9095520">
    <ele>143.3</ele>
    <time>2025-03-29T11:50:36Z</time>
   </trkpt>
   <trkpt lat="48.3503000" lon="1.9095060">
    <ele>143.4</ele>
    <time>2025-03-29T11:50:38Z</time>
   </trkpt>
   <trkpt lat="48.3501970" lon="1.9094730">
    <ele>143.6</ele>
    <time>2025-03-29T11:50:40Z</time>
   </trkpt>
   <trkpt lat="48.3498750" lon="1.9093910">
    <ele>144.0</ele>
    <time>2025-03-29T11:50:47Z</time>
   </trkpt>
   <trkpt lat="48.3494570" lon="1.9093700">
    <ele>144.4</ele>
    <time>2025-03-29T11:50:55Z</time>
   </trkpt>
   <trkpt lat="48.3489180" lon="1.9093910">
    <ele>144.6</ele>
    <time>2025-03-29T11:51:04Z</time>
   </trkpt>
   <trkpt lat="48.3483500" lon="1.9093940">
    <ele>145.2</ele>
    <time>2025-03-29T11:51:13Z</time>
   </trkpt>
   <trkpt lat="48.3482870" lon="1.9093890">
    <ele>145.2</ele>
    <time>2025-03-29T11:51:14Z</time>
   </trkpt>
   <trkpt lat="48.3477470" lon="1.9093330">
    <ele>145.8</ele>
    <time>2025-03-29T11:51:23Z</time>
   </trkpt>
   <trkpt lat="48.3476880" lon="1.9093260">
    <ele>145.9</ele>
    <time>2025-03-29T11:51:24Z</time>
   </trkpt>
   <trkpt lat="48.3472120" lon="1.9092550">
    <ele>146.5</ele>
    <time>2025-03-29T11:51:33Z</time>
   </trkpt>
   <trkpt lat="48.3467070" lon="1.9091530">
    <ele>146.9</ele>
    <time>2025-03-29T11:51:42Z</time>
   </trkpt>
   <trkpt lat="48.3462480" lon="1.9090340">
    <ele>147.2</ele>
    <time>2025-03-29T11:51:50Z</time>
   </trkpt>
   <trkpt lat="48.3461210" lon="1.9090080">
    <ele>147.2</ele>
    <time>2025-03-29T11:51:52Z</time>
   </trkpt>
   <trkpt lat="48.3456140" lon="1.9088820">
    <ele>147.0</ele>
    <time>2025-03-29T11:52:00Z</time>
   </trkpt>
   <trkpt lat="48.3451450" lon="1.9087930">
    <ele>146.6</ele>
    <time>2025-03-29T11:52:07Z</time>
   </trkpt>
   <trkpt lat="48.3445500" lon="1.9086830">
    <ele>145.5</ele>
    <time>2025-03-29T11:52:16Z</time>
   </trkpt>
   <trkpt lat="48.3444840" lon="1.9086700">
    <ele>145.3</ele>
    <time>2025-03-29T11:52:17Z</time>
   </trkpt>
   <trkpt lat="48.3439710" lon="1.9085170">
    <ele>144.4</ele>
    <time>2025-03-29T11:52:24Z</time>
   </trkpt>
   <trkpt lat="48.3438930" lon="1.9084910">
    <ele>144.3</ele>
    <time>2025-03-29T11:52:25Z</time>
   </trkpt>
   <trkpt lat="48.3438140" lon="1.9084660">
    <ele>144.3</ele>
    <time>2025-03-29T11:52:26Z</time>
   </trkpt>
   <trkpt lat="48.3437360" lon="1.9084400">
    <ele>144.2</ele>
    <time>2025-03-29T11:52:27Z</time>
   </trkpt>
   <trkpt lat="48.3436570" lon="1.9084130">
    <ele>144.2</ele>
    <time>2025-03-29T11:52:28Z</time>
   </trkpt>
   <trkpt lat="48.3435780" lon="1.9083850">
    <ele>144.2</ele>
    <time>2025-03-29T11:52:29Z</time>
   </trkpt>
   <trkpt lat="48.3432600" lon="1.9082760">
    <ele>144.4</ele>
    <time>2025-03-29T11:52:33Z</time>
   </trkpt>
   <trkpt lat="48.3426970" lon="1.9080800">
    <ele>144.6</ele>
    <time>2025-03-29T11:52:40Z</time>
   </trkpt>
   <trkpt lat="48.3424540" lon="1.9079970">
    <ele>144.7</ele>
    <time>2025-03-29T11:52:43Z</time>
   </trkpt>
   <trkpt lat="48.3418570" lon="1.9077930">
    <ele>143.9</ele>
    <time>2025-03-29T11:52:50Z</time>
   </trkpt>
   <trkpt lat="48.3416750" lon="1.9077340">
    <ele>143.7</ele>
    <time>2025-03-29T11:52:52Z</time>
   </trkpt>
   <trkpt lat="48.3411260" lon="1.9075440">
    <ele>143.6</ele>
    <time>2025-03-29T11:52:58Z</time>
   </trkpt>
   <trkpt lat="48.3407730" lon="1.9074180">
    <ele>143.9</ele>
    <time>2025-03-29T11:53:02Z</time>
   </trkpt>
   <trkpt lat="48.3401690" lon="1.9072190">
    <ele>144.6</ele>
    <time>2025-03-29T11:53:09Z</time>
   </trkpt>
   <trkpt lat="48.3399140" lon="1.9071350">
    <ele>144.9</ele>
    <time>2025-03-29T11:53:12Z</time>
   </trkpt>
   <trkpt lat="48.3393240" lon="1.9069360">
    <ele>145.6</ele>
    <time>2025-03-29T11:53:19Z</time>
   </trkpt>
   <trkpt lat="48.3388100" lon="1.9067670">
    <ele>145.6</ele>
    <time>2025-03-29T11:53:25Z</time>
   </trkpt>
   <trkpt lat="48.3382050" lon="1.9065640">
    <ele>145.4</ele>
    <time>2025-03-29T11:53:32Z</time>
   </trkpt>
   <trkpt lat="48.3379440" lon="1.9064780">
    <ele>145.3</ele>
    <time>2025-03-29T11:53:35Z</time>
   </trkpt>
   <trkpt lat="48.3373380" lon="1.9062780">
    <ele>145.1</ele>
    <time>2025-03-29T11:53:42Z</time>
   </trkpt>
   <trkpt lat="48.3372510" lon="1.9062490">
    <ele>145.2</ele>
    <time>2025-03-29T11:53:43Z</time>
   </trkpt>
   <trkpt lat="48.3367440" lon="1.9060810">
    <ele>145.4</ele>
    <time>2025-03-29T11:53:49Z</time>
   </trkpt>
   <trkpt lat="48.3365740" lon="1.9060250">
    <ele>145.4</ele>
    <time>2025-03-29T11:53:51Z</time>
   </trkpt>
   <trkpt lat="48.3359960" lon="1.9058280">
    <ele>145.4</ele>
    <time>2025-03-29T11:53:58Z</time>
   </trkpt>
   <trkpt lat="48.3356030" lon="1.9056970">
    <ele>145.7</ele>
    <time>2025-03-29T11:54:03Z</time>
   </trkpt>
   <trkpt lat="48.3355250" lon="1.9056730">
    <ele>145.8</ele>
    <time>2025-03-29T11:54:04Z</time>
   </trkpt>
   <trkpt lat="48.3354460" lon="1.9056500">
    <ele>145.8</ele>
    <time>2025-03-29T11:54:05Z</time>
   </trkpt>
   <trkpt lat="48.3349110" lon="1.9054760">
    <ele>146.2</ele>
    <time>2025-03-29T11:54:12Z</time>
   </trkpt>
   <trkpt lat="48.3347610" lon="1.9054310">
    <ele>146.3</ele>
    <time>2025-03-29T11:54:14Z</time>
   </trkpt>
   <trkpt lat="48.3342290" lon="1.9052490">
    <ele>146.4</ele>
    <time>2025-03-29T11:54:22Z</time>
   </trkpt>
   <trkpt lat="48.3339080" lon="1.9051480">
    <ele>146.6</ele>
    <time>2025-03-29T11:54:28Z</time>
   </trkpt>
   <trkpt lat="48.3337320" lon="1.9051380">
    <ele>146.3</ele>
    <time>2025-03-29T11:54:32Z</time>
   </trkpt>
   <trkpt lat="48.3336800" lon="1.9051460">
    <ele>146.1</ele>
    <time>2025-03-29T11:54:33Z</time>
   </trkpt>
   <trkpt lat="48.3335090" lon="1.9051910">
    <ele>145.6</ele>
    <time>2025-03-29T11:54:36Z</time>
   </trkpt>
   <trkpt lat="48.3331790" lon="1.9053160">
    <ele>145.2</ele>
    <time>2025-03-29T11:54:41Z</time>
   </trkpt>
   <trkpt lat="48.3328900" lon="1.9054420">
    <ele>145.0</ele>
    <time>2025-03-29T11:54:45Z</time>
   </trkpt>
   <trkpt lat="48.3327620" lon="1.9055460">
    <ele>145.0</ele>
    <time>2025-03-29T11:54:47Z</time>
   </trkpt>
   <trkpt lat="48.3324450" lon="1.9057930">
    <ele>145.1</ele>
    <time>2025-03-29T11:54:52Z</time>
   </trkpt>
   <trkpt lat="48.3322330" lon="1.9058470">
    <ele>145.1</ele>
    <time>2025-03-29T11:54:55Z</time>
   </trkpt>
   <trkpt lat="48.3321620" lon="1.9058450">
    <ele>145.1</ele>
    <time>2025-03-29T11:54:56Z</time>
   </trkpt>
   <trkpt lat="48.3316590" lon="1.9057620">
    <ele>145.0</ele>
    <time>2025-03-29T11:55:03Z</time>
   </trkpt>
   <trkpt lat="48.3315890" lon="1.9057310">
    <ele>145.0</ele>
    <time>2025-03-29T11:55:04Z</time>
   </trkpt>
   <trkpt lat="48.3314500" lon="1.9056900">
    <ele>145.0</ele>
    <time>2025-03-29T11:55:06Z</time>
   </trkpt>
   <trkpt lat="48.3313130" lon="1.9057150">
    <ele>144.9</ele>
    <time>2025-03-29T11:55:08Z</time>
   </trkpt>
   <trkpt lat="48.3310510" lon="1.9059250">
    <ele>144.9</ele>
    <time>2025-03-29T11:55:12Z</time>
   </trkpt>
   <trkpt lat="48.3309150" lon="1.9060400">
    <ele>145.0</ele>
    <time>2025-03-29T11:55:14Z</time>
   </trkpt>
   <trkpt lat="48.3307650" lon="1.9061210">
    <ele>144.9</ele>
    <time>2025-03-29T11:55:16Z</time>
   </trkpt>
   <trkpt lat="48.3306860" lon="1.9061480">
    <ele>144.9</ele>
    <time>2025-03-29T11:55:17Z</time>
   </trkpt>
   <trkpt lat="48.3303600" lon="1.9062110">
    <ele>145.0</ele>
    <time>2025-03-29T11:55:21Z</time>
   </trkpt>
   <trkpt lat="48.3301180" lon="1.9062410">
    <ele>144.9</ele>
    <time>2025-03-29T11:55:24Z</time>
   </trkpt>
   <trkpt lat="48.3295340" lon="1.9062960">
    <ele>144.9</ele>
    <time>2025-03-29T11:55:31Z</time>
   </trkpt>
   <trkpt lat="48.3292090" lon="1.9063440">
    <ele>145.2</ele>
    <time>2025-03-29T11:55:35Z</time>
   </trkpt>
   <trkpt lat="48.3288180" lon="1.9064580">
    <ele>145.4</ele>
    <time>2025-03-29T11:55:40Z</time>
   </trkpt>
   <trkpt lat="48.3285840" lon="1.9065340">
    <ele>145.4</ele>
    <time>2025-03-29T11:55:43Z</time>
   </trkpt>
   <trkpt lat="48.3285050" lon="1.9065610">
    <ele>145.4</ele>
    <time>2025-03-29T11:55:44Z</time>
   </trkpt>
   <trkpt lat="48.3280340" lon="1.9067280">
    <ele>145.2</ele>
    <time>2025-03-29T11:55:50Z</time>
   </trkpt>
   <trkpt lat="48.3278770" lon="1.9067730">
    <ele>144.9</ele>
    <time>2025-03-29T11:55:52Z</time>
   </trkpt>
   <trkpt lat="48.3273050" lon="1.9069260">
    <ele>144.0</ele>
    <time>2025-03-29T11:55:59Z</time>
   </trkpt>
   <trkpt lat="48.3271360" lon="1.9069660">
    <ele>143.8</ele>
    <time>2025-03-29T11:56:01Z</time>
   </trkpt>
   <trkpt lat="48.3267990" lon="1.9070560">
    <ele>143.6</ele>
    <time>2025-03-29T11:56:05Z</time>
   </trkpt>
   <trkpt lat="48.3265530" lon="1.9071160">
    <ele>143.5</ele>
    <time>2025-03-29T11:56:08Z</time>
   </trkpt>
   <trkpt lat="48.3263100" lon="1.9071800">
    <ele>143.6</ele>
    <time>2025-03-29T11:56:11Z</time>
   </trkpt>
   <trkpt lat="48.3260780" lon="1.9072430">
    <ele>143.8</ele>
    <time>2025-03-29T11:56:14Z</time>
   </trkpt>
   <trkpt lat="48.3258510" lon="1.9073040">
    <ele>144.2</ele>
    <time>2025-03-29T11:56:17Z</time>
   </trkpt>
   <trkpt lat="48.3256260" lon="1.9073580">
    <ele>144.5</ele>
    <time>2025-03-29T11:56:20Z</time>
   </trkpt>
   <trkpt lat="48.3255510" lon="1.9073760">
    <ele>144.5</ele>
    <time>2025-03-29T11:56:21Z</time>
   </trkpt>
   <trkpt lat="48.3250180" lon="1.9075040">
    <ele>145.0</ele>
    <time>2025-03-29T11:56:28Z</time>
   </trkpt>
   <trkpt lat="48.3247210" lon="1.9075830">
    <ele>145.3</ele>
    <time>2025-03-29T11:56:32Z</time>
   </trkpt>
   <trkpt lat="48.3246480" lon="1.9076040">
    <ele>145.4</ele>
    <time>2025-03-29T11:56:33Z</time>
   </trkpt>
   <trkpt lat="48.3245740" lon="1.9076270">
    <ele>145.4</ele>
    <time>2025-03-29T11:56:34Z</time>
   </trkpt>
   <trkpt lat="48.3240520" lon="1.9077680">
    <ele>145.9</ele>
    <time>2025-03-29T11:56:41Z</time>
   </trkpt>
   <trkpt lat="48.3239070" lon="1.9078010">
    <ele>146.1</ele>
    <time>2025-03-29T11:56:43Z</time>
   </trkpt>
   <trkpt lat="48.3235450" lon="1.9079000">
    <ele>146.3</ele>
    <time>2025-03-29T11:56:48Z</time>
   </trkpt>
   <trkpt lat="48.3233200" lon="1.9079620">
    <ele>146.3</ele>
    <time>2025-03-29T11:56:51Z</time>
   </trkpt>
   <trkpt lat="48.3232460" lon="1.9079840">
    <ele>146.3</ele>
    <time>2025-03-29T11:56:52Z</time>
   </trkpt>
   <trkpt lat="48.3226390" lon="1.9081420">
    <ele>145.9</ele>
    <time>2025-03-29T11:57:00Z</time>
   </trkpt>
   <trkpt lat="48.3225610" lon="1.9081620">
    <ele>145.8</ele>
    <time>2025-03-29T11:57:01Z</time>
   </trkpt>
   <trkpt lat="48.3220020" lon="1.9082960">
    <ele>145.3</ele>
    <time>2025-03-29T11:57:08Z</time>
   </trkpt>
   <trkpt lat="48.3217480" lon="1.9083610">
    <ele>144.9</ele>
    <time>2025-03-29T11:57:11Z</time>
   </trkpt>
   <trkpt lat="48.3211600" lon="1.9085030">
    <ele>143.9</ele>
    <time>2025-03-29T11:57:18Z</time>
   </trkpt>
   <trkpt lat="48.3209020" lon="1.9085590">
    <ele>143.4</ele>
    <time>2025-03-29T11:57:21Z</time>
   </trkpt>
   <trkpt lat="48.3204690" lon="1.9086470">
    <ele>142.9</ele>
    <time>2025-03-29T11:57:26Z</time>
   </trkpt>
   <trkpt lat="48.3202960" lon="1.9086830">
    <ele>142.8</ele>
    <time>2025-03-29T11:57:28Z</time>
   </trkpt>
   <trkpt lat="48.3202090" lon="1.9087010">
    <ele>142.8</ele>
    <time>2025-03-29T11:57:29Z</time>
   </trkpt>
   <trkpt lat="48.3200360" lon="1.9087330">
    <ele>142.9</ele>
    <time>2025-03-29T11:57:31Z</time>
   </trkpt>
   <trkpt lat="48.3194570" lon="1.9088430">
    <ele>144.0</ele>
    <time>2025-03-29T11:57:38Z</time>
   </trkpt>
   <trkpt lat="48.3192170" lon="1.9088640">
    <ele>144.3</ele>
    <time>2025-03-29T11:57:41Z</time>
   </trkpt>
   <trkpt lat="48.3186440" lon="1.9088120">
    <ele>144.9</ele>
    <time>2025-03-29T11:57:48Z</time>
   </trkpt>
   <trkpt lat="48.3180970" lon="1.9085930">
    <ele>144.8</ele>
    <time>2025-03-29T11:57:55Z</time>
   </trkpt>
   <trkpt lat="48.3175470" lon="1.9083770">
    <ele>145.0</ele>
    <time>2025-03-29T11:58:02Z</time>
   </trkpt>
   <trkpt lat="48.3173900" lon="1.9083310">
    <ele>145.0</ele>
    <time>2025-03-29T11:58:04Z</time>
   </trkpt>
   <trkpt lat="48.3171490" lon="1.9082780">
    <ele>145.1</ele>
    <time>2025-03-29T11:58:07Z</time>
   </trkpt>
   <trkpt lat="48.3170700" lon="1.9082610">
    <ele>145.1</ele>
    <time>2025-03-29T11:58:08Z</time>
   </trkpt>
   <trkpt lat="48.3169900" lon="1.9082460">
    <ele>145.2</ele>
    <time>2025-03-29T11:58:09Z</time>
   </trkpt>
   <trkpt lat="48.3167500" lon="1.9082090">
    <ele>145.3</ele>
    <time>2025-03-29T11:58:12Z</time>
   </trkpt>
   <trkpt lat="48.3161950" lon="1.9081680">
    <ele>145.3</ele>
    <time>2025-03-29T11:58:19Z</time>
   </trkpt>
   <trkpt lat="48.3159540" lon="1.9081640">
    <ele>145.1</ele>
    <time>2025-03-29T11:58:22Z</time>
   </trkpt>
   <trkpt lat="48.3153690" lon="1.9081920">
    <ele>144.2</ele>
    <time>2025-03-29T11:58:29Z</time>
   </trkpt>
   <trkpt lat="48.3152000" lon="1.9082060">
    <ele>143.9</ele>
    <time>2025-03-29T11:58:31Z</time>
   </trkpt>
   <trkpt lat="48.3148580" lon="1.9082350">
    <ele>143.3</ele>
    <time>2025-03-29T11:58:35Z</time>
   </trkpt>
   <trkpt lat="48.3143400" lon="1.9082110">
    <ele>143.0</ele>
    <time>2025-03-29T11:58:41Z</time>
   </trkpt>
   <trkpt lat="48.3141680" lon="1.9081590">
    <ele>143.0</ele>
    <time>2025-03-29T11:58:43Z</time>
   </trkpt>
   <trkpt lat="48.3140000" lon="1.9080790">
    <ele>143.0</ele>
    <time>2025-03-29T11:58:45Z</time>
   </trkpt>
   <trkpt lat="48.3139180" lon="1.9080370">
    <ele>143.0</ele>
    <time>2025-03-29T11:58:46Z</time>
   </trkpt>
   <trkpt lat="48.3137550" lon="1.9079440">
    <ele>143.1</ele>
    <time>2025-03-29T11:58:48Z</time>
   </trkpt>
   <trkpt lat="48.3132790" lon="1.9076710">
    <ele>143.7</ele>
    <time>2025-03-29T11:58:54Z</time>
   </trkpt>
   <trkpt lat="48.3127420" lon="1.9073660">
    <ele>144.3</ele>
    <time>2025-03-29T11:59:01Z</time>
   </trkpt>
   <trkpt lat="48.3125930" lon="1.9072840">
    <ele>144.6</ele>
    <time>2025-03-29T11:59:03Z</time>
   </trkpt>
   <trkpt lat="48.3120300" lon="1.9069640">
    <ele>145.4</ele>
    <time>2025-03-29T11:59:11Z</time>
   </trkpt>
   <trkpt lat="48.3114670" lon="1.9066410">
    <ele>145.5</ele>
    <time>2025-03-29T11:59:19Z</time>
   </trkpt>
   <trkpt lat="48.3108810" lon="1.9063500">
    <ele>145.4</ele>
    <time>2025-03-29T11:59:27Z</time>
   </trkpt>
   <trkpt lat="48.3106540" lon="1.9062500">
    <ele>145.2</ele>
    <time>2025-03-29T11:59:30Z</time>
   </trkpt>
   <trkpt lat="48.3101840" lon="1.9060640">
    <ele>144.7</ele>
    <time>2025-03-29T11:59:36Z</time>
   </trkpt>
   <trkpt lat="48.3095990" lon="1.9058690">
    <ele>144.1</ele>
    <time>2025-03-29T11:59:43Z</time>
   </trkpt>
   <trkpt lat="48.3095120" lon="1.9058450">
    <ele>144.0</ele>
    <time>2025-03-29T11:59:44Z</time>
   </trkpt>
   <trkpt lat="48.3089220" lon="1.9056740">
    <ele>143.8</ele>
    <time>2025-03-29T11:59:51Z</time>
   </trkpt>
   <trkpt lat="48.3087540" lon="1.9056290">
    <ele>143.7</ele>
    <time>2025-03-29T11:59:53Z</time>
   </trkpt>
   <trkpt lat="48.3085880" lon="1.9055840">
    <ele>143.7</ele>
    <time>2025-03-29T11:59:55Z</time>
   </trkpt>
   <trkpt lat="48.3080090" lon="1.9054480">
    <ele>143.0</ele>
    <time>2025-03-29T12:00:02Z</time>
   </trkpt>
   <trkpt lat="48.3079260" lon="1.9054310">
    <ele>142.8</ele>
    <time>2025-03-29T12:00:03Z</time>
   </trkpt>
   <trkpt lat="48.3074040" lon="1.9053120">
    <ele>141.6</ele>
    <time>2025-03-29T12:00:09Z</time>
   </trkpt>
   <trkpt lat="48.3073170" lon="1.9052930">
    <ele>141.5</ele>
    <time>2025-03-29T12:00:10Z</time>
   </trkpt>
   <trkpt lat="48.3072310" lon="1.9052750">
    <ele>141.4</ele>
    <time>2025-03-29T12:00:11Z</time>
   </trkpt>
   <trkpt lat="48.3071450" lon="1.9052560">
    <ele>141.4</ele>
    <time>2025-03-29T12:00:12Z</time>
   </trkpt>
   <trkpt lat="48.3066260" lon="1.9051700">
    <ele>141.3</ele>
    <time>2025-03-29T12:00:18Z</time>
   </trkpt>
   <trkpt lat="48.3065430" lon="1.9051610">
    <ele>141.3</ele>
    <time>2025-03-29T12:00:19Z</time>
   </trkpt>
   <trkpt lat="48.3064600" lon="1.9051480">
    <ele>141.3</ele>
    <time>2025-03-29T12:00:20Z</time>
   </trkpt>
   <trkpt lat="48.3058660" lon="1.9049720">
    <ele>141.2</ele>
    <time>2025-03-29T12:00:27Z</time>
   </trkpt>
   <trkpt lat="48.3054350" lon="1.9048170">
    <ele>141.2</ele>
    <time>2025-03-29T12:00:32Z</time>
   </trkpt>
   <trkpt lat="48.3051800" lon="1.9047200">
    <ele>141.2</ele>
    <time>2025-03-29T12:00:35Z</time>
   </trkpt>
   <trkpt lat="48.3048390" lon="1.9045860">
    <ele>141.3</ele>
    <time>2025-03-29T12:00:39Z</time>
   </trkpt>
   <trkpt lat="48.3045900" lon="1.9044570">
    <ele>141.5</ele>
    <time>2025-03-29T12:00:42Z</time>
   </trkpt>
   <trkpt lat="48.3045120" lon="1.9044010">
    <ele>141.5</ele>
    <time>2025-03-29T12:00:43Z</time>
   </trkpt>
   <trkpt lat="48.3041370" lon="1.9040940">
    <ele>141.4</ele>
    <time>2025-03-29T12:00:48Z</time>
   </trkpt>
   <trkpt lat="48.3036860" lon="1.9037140">
    <ele>141.2</ele>
    <time>2025-03-29T12:00:54Z</time>
   </trkpt>
   <trkpt lat="48.3033190" lon="1.9033980">
    <ele>141.1</ele>
    <time>2025-03-29T12:00:59Z</time>
   </trkpt>
   <trkpt lat="48.3030320" lon="1.9031360">
    <ele>141.1</ele>
    <time>2025-03-29T12:01:03Z</time>
   </trkpt>
   <trkpt lat="48.3029590" lon="1.9030730">
    <ele>141.0</ele>
    <time>2025-03-29T12:01:04Z</time>
   </trkpt>
   <trkpt lat="48.3026730" lon="1.9028130">
    <ele>140.9</ele>
    <time>2025-03-29T12:01:08Z</time>
   </trkpt>
   <trkpt lat="48.3023920" lon="1.9025430">
    <ele>140.8</ele>
    <time>2025-03-29T12:01:12Z</time>
   </trkpt>
   <trkpt lat="48.3019050" lon="1.9020710">
    <ele>140.5</ele>
    <time>2025-03-29T12:01:19Z</time>
   </trkpt>
   <trkpt lat="48.3016960" lon="1.9018610">
    <ele>140.4</ele>
    <time>2025-03-29T12:01:22Z</time>
   </trkpt>
   <trkpt lat="48.3011890" lon="1.9013790">
    <ele>140.3</ele>
    <time>2025-03-29T12:01:29Z</time>
   </trkpt>
   <trkpt lat="48.3011150" lon="1.9013120">
    <ele>140.3</ele>
    <time>2025-03-29T12:01:30Z</time>
   </trkpt>
   <trkpt lat="48.3006030" lon="1.9008230">
    <ele>140.2</ele>
    <time>2025-03-29T12:01:37Z</time>
   </trkpt>
   <trkpt lat="48.3004610" lon="1.9006850">
    <ele>140.2</ele>
    <time>2025-03-29T12:01:39Z</time>
   </trkpt>
   <trkpt lat="48.2999820" lon="1.9002220">
    <ele>140.2</ele>
    <time>2025-03-29T12:01:46Z</time>
   </trkpt>
   <trkpt lat="48.2997110" lon="1.8999640">
    <ele>140.1</ele>
    <time>2025-03-29T12:01:50Z</time>
   </trkpt>
   <trkpt lat="48.2992520" lon="1.8995230">
    <ele>139.8</ele>
    <time>2025-03-29T12:01:57Z</time>
   </trkpt>
   <trkpt lat="48.2989370" lon="1.8992170">
    <ele>139.5</ele>
    <time>2025-03-29T12:02:02Z</time>
   </trkpt>
   <trkpt lat="48.2986740" lon="1.8989590">
    <ele>139.2</ele>
    <time>2025-03-29T12:02:06Z</time>
   </trkpt>
   <trkpt lat="48.2984400" lon="1.8987270">
    <ele>138.9</ele>
    <time>2025-03-29T12:02:09Z</time>
   </trkpt>
   <trkpt lat="48.2980320" lon="1.8983360">
    <ele>138.4</ele>
    <time>2025-03-29T12:02:14Z</time>
   </trkpt>
   <trkpt lat="48.2979590" lon="1.8982630">
    <ele>138.3</ele>
    <time>2025-03-29T12:02:15Z</time>
   </trkpt>
   <trkpt lat="48.2975040" lon="1.8978660">
    <ele>137.9</ele>
    <time>2025-03-29T12:02:22Z</time>
   </trkpt>
   <trkpt lat="48.2972080" lon="1.8976380">
    <ele>137.7</ele>
    <time>2025-03-29T12:02:27Z</time>
   </trkpt>
   <trkpt lat="48.2970940" lon="1.8975470">
    <ele>137.7</ele>
    <time>2025-03-29T12:02:29Z</time>
   </trkpt>
   <trkpt lat="48.2968470" lon="1.8972450">
    <ele>137.5</ele>
    <time>2025-03-29T12:02:34Z</time>
   </trkpt>
   <trkpt lat="48.2965190" lon="1.8966760">
    <ele>137.6</ele>
    <time>2025-03-29T12:02:42Z</time>
   </trkpt>
   <trkpt lat="48.2964330" lon="1.8965590">
    <ele>137.7</ele>
    <time>2025-03-29T12:02:44Z</time>
   </trkpt>
   <trkpt lat="48.2963400" lon="1.8964640">
    <ele>137.7</ele>
    <time>2025-03-29T12:02:46Z</time>
   </trkpt>
   <trkpt lat="48.2962890" lon="1.8964290">
    <ele>137.7</ele>
    <time>2025-03-29T12:02:47Z</time>
   </trkpt>
   <trkpt lat="48.2962350" lon="1.8964040">
    <ele>137.8</ele>
    <time>2025-03-29T12:02:48Z</time>
   </trkpt>
   <trkpt lat="48.2960040" lon="1.8963300">
    <ele>137.8</ele>
    <time>2025-03-29T12:02:52Z</time>
   </trkpt>
   <trkpt lat="48.2956260" lon="1.8961720">
    <ele>137.7</ele>
    <time>2025-03-29T12:02:58Z</time>
   </trkpt>
   <trkpt lat="48.2955100" lon="1.8961120">
    <ele>137.7</ele>
    <time>2025-03-29T12:03:00Z</time>
   </trkpt>
   <trkpt lat="48.2954520" lon="1.8960880">
    <ele>137.7</ele>
    <time>2025-03-29T12:03:01Z</time>
   </trkpt>
   <trkpt lat="48.2953380" lon="1.8960890">
    <ele>137.7</ele>
    <time>2025-03-29T12:03:03Z</time>
   </trkpt>
   <trkpt lat="48.2952890" lon="1.8961290">
    <ele>137.6</ele>
    <time>2025-03-29T12:03:04Z</time>
   </trkpt>
   <trkpt lat="48.2952500" lon="1.8961960">
    <ele>137.5</ele>
    <time>2025-03-29T12:03:05Z</time>
   </trkpt>
   <trkpt lat="48.2951890" lon="1.8963690">
    <ele>137.4</ele>
    <time>2025-03-29T12:03:07Z</time>
   </trkpt>
   <trkpt lat="48.2949270" lon="1.8969910">
    <ele>137.1</ele>
    <time>2025-03-29T12:03:14Z</time>
   </trkpt>
   <trkpt lat="48.2946200" lon="1.8975870">
    <ele>137.3</ele>
    <time>2025-03-29T12:03:21Z</time>
   </trkpt>
   <trkpt lat="48.2944820" lon="1.8978090">
    <ele>137.4</ele>
    <time>2025-03-29T12:03:24Z</time>
   </trkpt>
   <trkpt lat="48.2943420" lon="1.8980150">
    <ele>137.6</ele>
    <time>2025-03-29T12:03:27Z</time>
   </trkpt>
   <trkpt lat="48.2942960" lon="1.8980790">
    <ele>137.7</ele>
    <time>2025-03-29T12:03:28Z</time>
   </trkpt>
   <trkpt lat="48.2941970" lon="1.8981950">
    <ele>137.8</ele>
    <time>2025-03-29T12:03:30Z</time>
   </trkpt>
   <trkpt lat="48.2941400" lon="1.8982340">
    <ele>137.9</ele>
    <time>2025-03-29T12:03:31Z</time>
   </trkpt>
   <trkpt lat="48.2940760" lon="1.8982500">
    <ele>137.8</ele>
    <time>2025-03-29T12:03:32Z</time>
   </trkpt>
   <trkpt lat="48.2939420" lon="1.8982280">
    <ele>137.6</ele>
    <time>2025-03-29T12:03:34Z</time>
   </trkpt>
   <trkpt lat="48.2938040" lon="1.8981660">
    <ele>137.4</ele>
    <time>2025-03-29T12:03:36Z</time>
   </trkpt>
   <trkpt lat="48.2936660" lon="1.8980950">
    <ele>137.2</ele>
    <time>2025-03-29T12:03:38Z</time>
   </trkpt>
   <trkpt lat="48.2935250" lon="1.8980210">
    <ele>137.1</ele>
    <time>2025-03-29T12:03:40Z</time>
   </trkpt>
   <trkpt lat="48.2932390" lon="1.8978570">
    <ele>137.2</ele>
    <time>2025-03-29T12:03:44Z</time>
   </trkpt>
   <trkpt lat="48.2927190" lon="1.8975420">
    <ele>137.2</ele>
    <time>2025-03-29T12:03:51Z</time>
   </trkpt>
   <trkpt lat="48.2925660" lon="1.8974470">
    <ele>137.2</ele>
    <time>2025-03-29T12:03:53Z</time>
   </trkpt>
   <trkpt lat="48.2922660" lon="1.8972560">
    <ele>137.5</ele>
    <time>2025-03-29T12:03:57Z</time>
   </trkpt>
   <trkpt lat="48.2919840" lon="1.8970690">
    <ele>137.9</ele>
    <time>2025-03-29T12:04:01Z</time>
   </trkpt>
   <trkpt lat="48.2918450" lon="1.8969800">
    <ele>138.1</ele>
    <time>2025-03-29T12:04:03Z</time>
   </trkpt>
   <trkpt lat="48.2917040" lon="1.8969000">
    <ele>138.3</ele>
    <time>2025-03-29T12:04:05Z</time>
   </trkpt>
   <trkpt lat="48.2914040" lon="1.8968030">
    <ele>138.6</ele>
    <time>2025-03-29T12:04:09Z</time>
   </trkpt>
   <trkpt lat="48.2908580" lon="1.8967030">
    <ele>138.7</ele>
    <time>2025-03-29T12:04:16Z</time>
   </trkpt>
   <trkpt lat="48.2906140" lon="1.8966680">
    <ele>138.5</ele>
    <time>2025-03-29T12:04:19Z</time>
   </trkpt>
   <trkpt lat="48.2900110" lon="1.8966230">
    <ele>138.5</ele>
    <time>2025-03-29T12:04:26Z</time>
   </trkpt>
   <trkpt lat="48.2898430" lon="1.8966150">
    <ele>138.6</ele>
    <time>2025-03-29T12:04:28Z</time>
   </trkpt>
   <trkpt lat="48.2894260" lon="1.8966350">
    <ele>139.0</ele>
    <time>2025-03-29T12:04:33Z</time>
   </trkpt>
   <trkpt lat="48.2892600" lon="1.8966580">
    <ele>139.1</ele>
    <time>2025-03-29T12:04:35Z</time>
   </trkpt>
   <trkpt lat="48.2889310" lon="1.8966960">
    <ele>139.1</ele>
    <time>2025-03-29T12:04:39Z</time>
   </trkpt>
   <trkpt lat="48.2887650" lon="1.8966480">
    <ele>139.1</ele>
    <time>2025-03-29T12:04:41Z</time>
   </trkpt>
   <trkpt lat="48.2884590" lon="1.8964120">
    <ele>139.2</ele>
    <time>2025-03-29T12:04:45Z</time>
   </trkpt>
   <trkpt lat="48.2883860" lon="1.8963480">
    <ele>139.2</ele>
    <time>2025-03-29T12:04:46Z</time>
   </trkpt>
   <trkpt lat="48.2878750" lon="1.8959070">
    <ele>139.0</ele>
    <time>2025-03-29T12:04:53Z</time>
   </trkpt>
   <trkpt lat="48.2876560" lon="1.8957230">
    <ele>139.0</ele>
    <time>2025-03-29T12:04:56Z</time>
   </trkpt>
   <trkpt lat="48.2871490" lon="1.8953010">
    <ele>139.0</ele>
    <time>2025-03-29T12:05:03Z</time>
   </trkpt>
   <trkpt lat="48.2870030" lon="1.8951790">
    <ele>139.1</ele>
    <time>2025-03-29T12:05:05Z</time>
   </trkpt>
   <trkpt lat="48.2864790" lon="1.8947670">
    <ele>139.3</ele>
    <time>2025-03-29T12:05:12Z</time>
   </trkpt>
   <trkpt lat="48.2863290" lon="1.8946590">
    <ele>139.3</ele>
    <time>2025-03-29T12:05:14Z</time>
   </trkpt>
   <trkpt lat="48.2861790" lon="1.8945530">
    <ele>139.3</ele>
    <time>2025-03-29T12:05:16Z</time>
   </trkpt>
   <trkpt lat="48.2861040" lon="1.8944980">
    <ele>139.2</ele>
    <time>2025-03-29T12:05:17Z</time>
   </trkpt>
   <trkpt lat="48.2855740" lon="1.8940970">
    <ele>139.1</ele>
    <time>2025-03-29T12:05:24Z</time>
   </trkpt>
   <trkpt lat="48.2854990" lon="1.8940380">
    <ele>139.0</ele>
    <time>2025-03-29T12:05:25Z</time>
   </trkpt>
   <trkpt lat="48.2849700" lon="1.8936030">
    <ele>138.5</ele>
    <time>2025-03-29T12:05:32Z</time>
   </trkpt>
   <trkpt lat="48.2847420" lon="1.8934110">
    <ele>138.4</ele>
    <time>2025-03-29T12:05:35Z</time>
   </trkpt>
   <trkpt lat="48.2846670" lon="1.8933470">
    <ele>138.3</ele>
    <time>2025-03-29T12:05:36Z</time>
   </trkpt>
   <trkpt lat="48.2841680" lon="1.8928870">
    <ele>137.7</ele>
    <time>2025-03-29T12:05:43Z</time>
   </trkpt>
   <trkpt lat="48.2840250" lon="1.8927530">
    <ele>137.5</ele>
    <time>2025-03-29T12:05:45Z</time>
   </trkpt>
   <trkpt lat="48.2835170" lon="1.8922770">
    <ele>136.2</ele>
    <time>2025-03-29T12:05:52Z</time>
   </trkpt>
   <trkpt lat="48.2834410" lon="1.8922060">
    <ele>136.0</ele>
    <time>2025-03-29T12:05:53Z</time>
   </trkpt>
   <trkpt lat="48.2829680" lon="1.8917700">
    <ele>135.1</ele>
    <time>2025-03-29T12:05:59Z</time>
   </trkpt>
   <trkpt lat="48.2827340" lon="1.8915590">
    <ele>134.8</ele>
    <time>2025-03-29T12:06:02Z</time>
   </trkpt>
   <trkpt lat="48.2822660" lon="1.8911390">
    <ele>134.6</ele>
    <time>2025-03-29T12:06:08Z</time>
   </trkpt>
   <trkpt lat="48.2817350" lon="1.8906560">
    <ele>135.2</ele>
    <time>2025-03-29T12:06:15Z</time>
   </trkpt>
   <trkpt lat="48.2812350" lon="1.8902140">
    <ele>135.6</ele>
    <time>2025-03-29T12:06:22Z</time>
   </trkpt>
   <trkpt lat="48.2811650" lon="1.8901510">
    <ele>135.6</ele>
    <time>2025-03-29T12:06:23Z</time>
   </trkpt>
   <trkpt lat="48.2808160" lon="1.8898300">
    <ele>135.7</ele>
    <time>2025-03-29T12:06:28Z</time>
   </trkpt>
   <trkpt lat="48.2806700" lon="1.8897000">
    <ele>135.8</ele>
    <time>2025-03-29T12:06:30Z</time>
   </trkpt>
   <trkpt lat="48.2803690" lon="1.8894580">
    <ele>136.1</ele>
    <time>2025-03-29T12:06:34Z</time>
   </trkpt>
   <trkpt lat="48.2800720" lon="1.8892070">
    <ele>136.4</ele>
    <time>2025-03-29T12:06:38Z</time>
   </trkpt>
   <trkpt lat="48.2799250" lon="1.8890770">
    <ele>136.6</ele>
    <time>2025-03-29T12:06:40Z</time>
   </trkpt>
   <trkpt lat="48.2794290" lon="1.8886570">
    <ele>137.1</ele>
    <time>2025-03-29T12:06:47Z</time>
   </trkpt>
   <trkpt lat="48.2793590" lon="1.8886010">
    <ele>137.2</ele>
    <time>2025-03-29T12:06:48Z</time>
   </trkpt>
   <trkpt lat="48.2791490" lon="1.8884340">
    <ele>137.5</ele>
    <time>2025-03-29T12:06:51Z</time>
   </trkpt>
   <trkpt lat="48.2790810" lon="1.8883780">
    <ele>137.6</ele>
    <time>2025-03-29T12:06:52Z</time>
   </trkpt>
   <trkpt lat="48.2790120" lon="1.8883230">
    <ele>137.7</ele>
    <time>2025-03-29T12:06:53Z</time>
   </trkpt>
   <trkpt lat="48.2789420" lon="1.8882690">
    <ele>137.8</ele>
    <time>2025-03-29T12:06:54Z</time>
   </trkpt>
   <trkpt lat="48.2788010" lon="1.8881670">
    <ele>138.0</ele>
    <time>2025-03-29T12:06:56Z</time>
   </trkpt>
   <trkpt lat="48.2787320" lon="1.8881140">
    <ele>138.0</ele>
    <time>2025-03-29T12:06:57Z</time>
   </trkpt>
   <trkpt lat="48.2782340" lon="1.8877420">
    <ele>138.1</ele>
    <time>2025-03-29T12:07:04Z</time>
   </trkpt>
   <trkpt lat="48.2780860" lon="1.8876300">
    <ele>138.1</ele>
    <time>2025-03-29T12:07:06Z</time>
   </trkpt>
   <trkpt lat="48.2775640" lon="1.8872520">
    <ele>137.6</ele>
    <time>2025-03-29T12:07:13Z</time>
   </trkpt>
   <trkpt lat="48.2773320" lon="1.8870940">
    <ele>137.1</ele>
    <time>2025-03-29T12:07:16Z</time>
   </trkpt>
   <trkpt lat="48.2767790" lon="1.8867230">
    <ele>136.4</ele>
    <time>2025-03-29T12:07:23Z</time>
   </trkpt>
   <trkpt lat="48.2765430" lon="1.8865570">
    <ele>136.5</ele>
    <time>2025-03-29T12:07:26Z</time>
   </trkpt>
   <trkpt lat="48.2760100" lon="1.8861980">
    <ele>137.2</ele>
    <time>2025-03-29T12:07:33Z</time>
   </trkpt>
   <trkpt lat="48.2757880" lon="1.8860670">
    <ele>137.6</ele>
    <time>2025-03-29T12:07:36Z</time>
   </trkpt>
   <trkpt lat="48.2752780" lon="1.8857450">
    <ele>138.0</ele>
    <time>2025-03-29T12:07:43Z</time>
   </trkpt>
   <trkpt lat="48.2747400" lon="1.8853450">
    <ele>138.5</ele>
    <time>2025-03-29T12:07:51Z</time>
   </trkpt>
   <trkpt lat="48.2746070" lon="1.8852500">
    <ele>138.5</ele>
    <time>2025-03-29T12:07:53Z</time>
   </trkpt>
   <trkpt lat="48.2740740" lon="1.8848310">
    <ele>138.8</ele>
    <time>2025-03-29T12:08:01Z</time>
   </trkpt>
   <trkpt lat="48.2739370" lon="1.8847300">
    <ele>138.7</ele>
    <time>2025-03-29T12:08:03Z</time>
   </trkpt>
   <trkpt lat="48.2734450" lon="1.8843960">
    <ele>138.7</ele>
    <time>2025-03-29T12:08:10Z</time>
   </trkpt>
   <trkpt lat="48.2732310" lon="1.8842660">
    <ele>138.8</ele>
    <time>2025-03-29T12:08:13Z</time>
   </trkpt>
   <trkpt lat="48.2727070" lon="1.8839720">
    <ele>139.0</ele>
    <time>2025-03-29T12:08:20Z</time>
   </trkpt>
   <trkpt lat="48.2723440" lon="1.8837640">
    <ele>139.3</ele>
    <time>2025-03-29T12:08:25Z</time>
   </trkpt>
   <trkpt lat="48.2718400" lon="1.8834030">
    <ele>139.4</ele>
    <time>2025-03-29T12:08:32Z</time>
   </trkpt>
   <trkpt lat="48.2717030" lon="1.8832760">
    <ele>139.6</ele>
    <time>2025-03-29T12:08:34Z</time>
   </trkpt>
   <trkpt lat="48.2712700" lon="1.8828210">
    <ele>140.0</ele>
    <time>2025-03-29T12:08:41Z</time>
   </trkpt>
   <trkpt lat="48.2707490" lon="1.8823410">
    <ele>140.2</ele>
    <time>2025-03-29T12:08:49Z</time>
   </trkpt>
   <trkpt lat="48.2702860" lon="1.8819520">
    <ele>140.4</ele>
    <time>2025-03-29T12:08:56Z</time>
   </trkpt>
   <trkpt lat="48.2701480" lon="1.8818520">
    <ele>140.5</ele>
    <time>2025-03-29T12:08:58Z</time>
   </trkpt>
   <trkpt lat="48.2699280" lon="1.8817130">
    <ele>140.7</ele>
    <time>2025-03-29T12:09:01Z</time>
   </trkpt>
   <trkpt lat="48.2694250" lon="1.8814130">
    <ele>140.8</ele>
    <time>2025-03-29T12:09:08Z</time>
   </trkpt>
   <trkpt lat="48.2692100" lon="1.8812840">
    <ele>140.8</ele>
    <time>2025-03-29T12:09:11Z</time>
   </trkpt>
   <trkpt lat="48.2686500" lon="1.8809460">
    <ele>141.3</ele>
    <time>2025-03-29T12:09:19Z</time>
   </trkpt>
   <trkpt lat="48.2685130" lon="1.8808610">
    <ele>141.4</ele>
    <time>2025-03-29T12:09:21Z</time>
   </trkpt>
   <trkpt lat="48.2683800" lon="1.8807650">
    <ele>141.4</ele>
    <time>2025-03-29T12:09:23Z</time>
   </trkpt>
   <trkpt lat="48.2681850" lon="1.8806380">
    <ele>141.5</ele>
    <time>2025-03-29T12:09:26Z</time>
   </trkpt>
   <trkpt lat="48.2680040" lon="1.8805190">
    <ele>141.5</ele>
    <time>2025-03-29T12:09:29Z</time>
   </trkpt>
   <trkpt lat="48.2677160" lon="1.8803190">
    <ele>141.2</ele>
    <time>2025-03-29T12:09:34Z</time>
   </trkpt>
   <trkpt lat="48.2675940" lon="1.8802540">
    <ele>141.1</ele>
    <time>2025-03-29T12:09:36Z</time>
   </trkpt>
   <trkpt lat="48.2673640" lon="1.8801700">
    <ele>141.1</ele>
    <time>2025-03-29T12:09:40Z</time>
   </trkpt>
   <trkpt lat="48.2671470" lon="1.8800390">
    <ele>141.1</ele>
    <time>2025-03-29T12:09:44Z</time>
   </trkpt>
   <trkpt lat="48.2670890" lon="1.8800020">
    <ele>141.1</ele>
    <time>2025-03-29T12:09:45Z</time>
   </trkpt>
   <trkpt lat="48.2670300" lon="1.8799520">
    <ele>141.1</ele>
    <time>2025-03-29T12:09:46Z</time>
   </trkpt>
   <trkpt lat="48.2667930" lon="1.8797020">
    <ele>141.0</ele>
    <time>2025-03-29T12:09:50Z</time>
   </trkpt>
   <trkpt lat="48.2663540" lon="1.8792480">
    <ele>140.5</ele>
    <time>2025-03-29T12:09:57Z</time>
   </trkpt>
   <trkpt lat="48.2660520" lon="1.8789180">
    <ele>140.1</ele>
    <time>2025-03-29T12:10:02Z</time>
   </trkpt>
   <trkpt lat="48.2658660" lon="1.8787280">
    <ele>139.9</ele>
    <time>2025-03-29T12:10:05Z</time>
   </trkpt>
   <trkpt lat="48.2655280" lon="1.8783430">
    <ele>139.3</ele>
    <time>2025-03-29T12:10:11Z</time>
   </trkpt>
   <trkpt lat="48.2651920" lon="1.8779980">
    <ele>139.2</ele>
    <time>2025-03-29T12:10:17Z</time>
   </trkpt>
   <trkpt lat="48.2651440" lon="1.8779650">
    <ele>139.2</ele>
    <time>2025-03-29T12:10:18Z</time>
   </trkpt>
   <trkpt lat="48.2651010" lon="1.8779440">
    <ele>139.2</ele>
    <time>2025-03-29T12:10:19Z</time>
   </trkpt>
   <trkpt lat="48.2650050" lon="1.8779330">
    <ele>139.2</ele>
    <time>2025-03-29T12:10:21Z</time>
   </trkpt>
   <trkpt lat="48.2646460" lon="1.8780530">
    <ele>139.1</ele>
    <time>2025-03-29T12:10:27Z</time>
   </trkpt>
   <trkpt lat="48.2642400" lon="1.8782510">
    <ele>139.1</ele>
    <time>2025-03-29T12:10:33Z</time>
   </trkpt>
   <trkpt lat="48.2637140" lon="1.8785430">
    <ele>138.9</ele>
    <time>2025-03-29T12:10:40Z</time>
   </trkpt>
   <trkpt lat="48.2636350" lon="1.8785860">
    <ele>138.8</ele>
    <time>2025-03-29T12:10:41Z</time>
   </trkpt>
   <trkpt lat="48.2630690" lon="1.8789060">
    <ele>138.5</ele>
    <time>2025-03-29T12:10:48Z</time>
   </trkpt>
   <trkpt lat="48.2629060" lon="1.8790020">
    <ele>138.4</ele>
    <time>2025-03-29T12:10:50Z</time>
   </trkpt>
   <trkpt lat="48.2624990" lon="1.8792830">
    <ele>138.0</ele>
    <time>2025-03-29T12:10:55Z</time>
   </trkpt>
   <trkpt lat="48.2624240" lon="1.8793630">
    <ele>137.9</ele>
    <time>2025-03-29T12:10:56Z</time>
   </trkpt>
   <trkpt lat="48.2620240" lon="1.8799350">
    <ele>137.4</ele>
    <time>2025-03-29T12:11:02Z</time>
   </trkpt>
   <trkpt lat="48.2616640" lon="1.8805740">
    <ele>136.4</ele>
    <time>2025-03-29T12:11:08Z</time>
   </trkpt>
   <trkpt lat="48.2615440" lon="1.8807910">
    <ele>136.1</ele>
    <time>2025-03-29T12:11:10Z</time>
   </trkpt>
   <trkpt lat="48.2611660" lon="1.8814470">
    <ele>135.3</ele>
    <time>2025-03-29T12:11:16Z</time>
   </trkpt>
   <trkpt lat="48.2610380" lon="1.8816720">
    <ele>135.0</ele>
    <time>2025-03-29T12:11:18Z</time>
   </trkpt>
   <trkpt lat="48.2608470" lon="1.8820060">
    <ele>134.7</ele>
    <time>2025-03-29T12:11:21Z</time>
   </trkpt>
   <trkpt lat="48.2606470" lon="1.8823400">
    <ele>134.4</ele>
    <time>2025-03-29T12:11:24Z</time>
   </trkpt>
   <trkpt lat="48.2605750" lon="1.8824480">
    <ele>134.2</ele>
    <time>2025-03-29T12:11:25Z</time>
   </trkpt>
   <trkpt lat="48.2602340" lon="1.8828140">
    <ele>133.6</ele>
    <time>2025-03-29T12:11:29Z</time>
   </trkpt>
   <trkpt lat="48.2596660" lon="1.8832510">
    <ele>133.0</ele>
    <time>2025-03-29T12:11:35Z</time>
   </trkpt>
   <trkpt lat="48.2590970" lon="1.8836890">
    <ele>132.5</ele>
    <time>2025-03-29T12:11:41Z</time>
   </trkpt>
   <trkpt lat="48.2585250" lon="1.8841350">
    <ele>131.9</ele>
    <time>2025-03-29T12:11:47Z</time>
   </trkpt>
   <trkpt lat="48.2581350" lon="1.8844390">
    <ele>131.7</ele>
    <time>2025-03-29T12:11:51Z</time>
   </trkpt>
   <trkpt lat="48.2579420" lon="1.8845870">
    <ele>131.8</ele>
    <time>2025-03-29T12:11:53Z</time>
   </trkpt>
   <trkpt lat="48.2578480" lon="1.8846600">
    <ele>131.9</ele>
    <time>2025-03-29T12:11:54Z</time>
   </trkpt>
   <trkpt lat="48.2577540" lon="1.8847330">
    <ele>132.1</ele>
    <time>2025-03-29T12:11:55Z</time>
   </trkpt>
   <trkpt lat="48.2574780" lon="1.8849500">
    <ele>132.6</ele>
    <time>2025-03-29T12:11:58Z</time>
   </trkpt>
   <trkpt lat="48.2572970" lon="1.8850880">
    <ele>133.0</ele>
    <time>2025-03-29T12:12:00Z</time>
   </trkpt>
   <trkpt lat="48.2567780" lon="1.8855140">
    <ele>134.0</ele>
    <time>2025-03-29T12:12:06Z</time>
   </trkpt>
   <trkpt lat="48.2566070" lon="1.8856550">
    <ele>134.2</ele>
    <time>2025-03-29T12:12:08Z</time>
   </trkpt>
   <trkpt lat="48.2565200" lon="1.8857250">
    <ele>134.3</ele>
    <time>2025-03-29T12:12:09Z</time>
   </trkpt>
   <trkpt lat="48.2560180" lon="1.8861730">
    <ele>134.8</ele>
    <time>2025-03-29T12:12:15Z</time>
   </trkpt>
   <trkpt lat="48.2558590" lon="1.8863370">
    <ele>135.0</ele>
    <time>2025-03-29T12:12:17Z</time>
   </trkpt>
   <trkpt lat="48.2553980" lon="1.8868730">
    <ele>134.9</ele>
    <time>2025-03-29T12:12:23Z</time>
   </trkpt>
   <trkpt lat="48.2553260" lon="1.8869680">
    <ele>135.0</ele>
    <time>2025-03-29T12:12:24Z</time>
   </trkpt>
   <trkpt lat="48.2549230" lon="1.8875630">
    <ele>135.3</ele>
    <time>2025-03-29T12:12:30Z</time>
   </trkpt>
   <trkpt lat="48.2547340" lon="1.8878580">
    <ele>135.5</ele>
    <time>2025-03-29T12:12:33Z</time>
   </trkpt>
   <trkpt lat="48.2543420" lon="1.8884270">
    <ele>135.6</ele>
    <time>2025-03-29T12:12:39Z</time>
   </trkpt>
   <trkpt lat="48.2541400" lon="1.8887060">
    <ele>135.4</ele>
    <time>2025-03-29T12:12:42Z</time>
   </trkpt>
   <trkpt lat="48.2536780" lon="1.8891800">
    <ele>135.3</ele>
    <time>2025-03-29T12:12:48Z</time>
   </trkpt>
   <trkpt lat="48.2535070" lon="1.8893140">
    <ele>135.2</ele>
    <time>2025-03-29T12:12:50Z</time>
   </trkpt>
   <trkpt lat="48.2533300" lon="1.8894340">
    <ele>135.1</ele>
    <time>2025-03-29T12:12:52Z</time>
   </trkpt>
   <trkpt lat="48.2531500" lon="1.8895360">
    <ele>135.1</ele>
    <time>2025-03-29T12:12:54Z</time>
   </trkpt>
   <trkpt lat="48.2530600" lon="1.8895820">
    <ele>135.1</ele>
    <time>2025-03-29T12:12:55Z</time>
   </trkpt>
   <trkpt lat="48.2526970" lon="1.8897470">
    <ele>135.3</ele>
    <time>2025-03-29T12:12:59Z</time>
   </trkpt>
   <trkpt lat="48.2523400" lon="1.8898800">
    <ele>135.4</ele>
    <time>2025-03-29T12:13:03Z</time>
   </trkpt>
   <trkpt lat="48.2517940" lon="1.8900580">
    <ele>135.9</ele>
    <time>2025-03-29T12:13:09Z</time>
   </trkpt>
   <trkpt lat="48.2515330" lon="1.8901930">
    <ele>136.0</ele>
    <time>2025-03-29T12:13:12Z</time>
   </trkpt>
   <trkpt lat="48.2511420" lon="1.8905730">
    <ele>136.3</ele>
    <time>2025-03-29T12:13:17Z</time>
   </trkpt>
   <trkpt lat="48.2507460" lon="1.8911780">
    <ele>136.8</ele>
    <time>2025-03-29T12:13:23Z</time>
   </trkpt>
   <trkpt lat="48.2504070" lon="1.8918240">
    <ele>137.2</ele>
    <time>2025-03-29T12:13:29Z</time>
   </trkpt>
   <trkpt lat="48.2502440" lon="1.8921540">
    <ele>137.3</ele>
    <time>2025-03-29T12:13:32Z</time>
   </trkpt>
   <trkpt lat="48.2501890" lon="1.8922620">
    <ele>137.4</ele>
    <time>2025-03-29T12:13:33Z</time>
   </trkpt>
   <trkpt lat="48.2500330" lon="1.8925860">
    <ele>137.5</ele>
    <time>2025-03-29T12:13:36Z</time>
   </trkpt>
   <trkpt lat="48.2497310" lon="1.8932540">
    <ele>137.8</ele>
    <time>2025-03-29T12:13:42Z</time>
   </trkpt>
   <trkpt lat="48.2494120" lon="1.8940390">
    <ele>138.0</ele>
    <time>2025-03-29T12:13:49Z</time>
   </trkpt>
   <trkpt lat="48.2491090" lon="1.8947810">
    <ele>138.3</ele>
    <time>2025-03-29T12:13:56Z</time>
   </trkpt>
   <trkpt lat="48.2489840" lon="1.8950820">
    <ele>138.3</ele>
    <time>2025-03-29T12:13:59Z</time>
   </trkpt>
   <trkpt lat="48.2487470" lon="1.8956050">
    <ele>138.1</ele>
    <time>2025-03-29T12:14:04Z</time>
   </trkpt>
   <trkpt lat="48.2485450" lon="1.8960490">
    <ele>137.9</ele>
    <time>2025-03-29T12:14:08Z</time>
   </trkpt>
   <trkpt lat="48.2482730" lon="1.8965970">
    <ele>137.7</ele>
    <time>2025-03-29T12:14:13Z</time>
   </trkpt>
   <trkpt lat="48.2479530" lon="1.8972800">
    <ele>137.7</ele>
    <time>2025-03-29T12:14:19Z</time>
   </trkpt>
   <trkpt lat="48.2477390" lon="1.8977270">
    <ele>137.9</ele>
    <time>2025-03-29T12:14:23Z</time>
   </trkpt>
   <trkpt lat="48.2473710" lon="1.8984870">
    <ele>138.2</ele>
    <time>2025-03-29T12:14:30Z</time>
   </trkpt>
   <trkpt lat="48.2471150" lon="1.8990090">
    <ele>138.6</ele>
    <time>2025-03-29T12:14:35Z</time>
   </trkpt>
   <trkpt lat="48.2468990" lon="1.8994190">
    <ele>138.9</ele>
    <time>2025-03-29T12:14:39Z</time>
   </trkpt>
   <trkpt lat="48.2466650" lon="1.8998250">
    <ele>138.6</ele>
    <time>2025-03-29T12:14:43Z</time>
   </trkpt>
   <trkpt lat="48.2464260" lon="1.9002240">
    <ele>138.6</ele>
    <time>2025-03-29T12:14:47Z</time>
   </trkpt>
   <trkpt lat="48.2460120" lon="1.9009170">
    <ele>138.4</ele>
    <time>2025-03-29T12:14:54Z</time>
   </trkpt>
   <trkpt lat="48.2455960" lon="1.9016150">
    <ele>138.7</ele>
    <time>2025-03-29T12:15:01Z</time>
   </trkpt>
   <trkpt lat="48.2454740" lon="1.9018060">
    <ele>138.8</ele>
    <time>2025-03-29T12:15:03Z</time>
   </trkpt>
   <trkpt lat="48.2451210" lon="1.9021820">
    <ele>138.8</ele>
    <time>2025-03-29T12:15:08Z</time>
   </trkpt>
   <trkpt lat="48.2448140" lon="1.9024430">
    <ele>138.7</ele>
    <time>2025-03-29T12:15:12Z</time>
   </trkpt>
   <trkpt lat="48.2444300" lon="1.9027780">
    <ele>138.5</ele>
    <time>2025-03-29T12:15:17Z</time>
   </trkpt>
   <trkpt lat="48.2439750" lon="1.9031840">
    <ele>138.5</ele>
    <time>2025-03-29T12:15:23Z</time>
   </trkpt>
   <trkpt lat="48.2439080" lon="1.9032690">
    <ele>138.5</ele>
    <time>2025-03-29T12:15:24Z</time>
   </trkpt>
   <trkpt lat="48.2436990" lon="1.9037090">
    <ele>138.1</ele>
    <time>2025-03-29T12:15:28Z</time>
   </trkpt>
   <trkpt lat="48.2434380" lon="1.9044310">
    <ele>138.1</ele>
    <time>2025-03-29T12:15:34Z</time>
   </trkpt>
   <trkpt lat="48.2434000" lon="1.9045490">
    <ele>138.1</ele>
    <time>2025-03-29T12:15:35Z</time>
   </trkpt>
   <trkpt lat="48.2432320" lon="1.9052910">
    <ele>138.2</ele>
    <time>2025-03-29T12:15:41Z</time>
   </trkpt>
   <trkpt lat="48.2430450" lon="1.9061680">
    <ele>138.2</ele>
    <time>2025-03-29T12:15:48Z</time>
   </trkpt>
   <trkpt lat="48.2429670" lon="1.9065360">
    <ele>138.3</ele>
    <time>2025-03-29T12:15:51Z</time>
   </trkpt>
   <trkpt lat="48.2428100" lon="1.9073990">
    <ele>138.5</ele>
    <time>2025-03-29T12:15:58Z</time>
   </trkpt>
   <trkpt lat="48.2426750" lon="1.9082550">
    <ele>138.6</ele>
    <time>2025-03-29T12:16:05Z</time>
   </trkpt>
   <trkpt lat="48.2426250" lon="1.9085930">
    <ele>138.4</ele>
    <time>2025-03-29T12:16:08Z</time>
   </trkpt>
   <trkpt lat="48.2425340" lon="1.9094770">
    <ele>137.8</ele>
    <time>2025-03-29T12:16:16Z</time>
   </trkpt>
   <trkpt lat="48.2424610" lon="1.9100750">
    <ele>137.6</ele>
    <time>2025-03-29T12:16:21Z</time>
   </trkpt>
   <trkpt lat="48.2424020" lon="1.9102870">
    <ele>137.7</ele>
    <time>2025-03-29T12:16:23Z</time>
   </trkpt>
   <trkpt lat="48.2423110" lon="1.9104520">
    <ele>137.8</ele>
    <time>2025-03-29T12:16:25Z</time>
   </trkpt>
   <trkpt lat="48.2422520" lon="1.9105080">
    <ele>137.9</ele>
    <time>2025-03-29T12:16:26Z</time>
   </trkpt>
   <trkpt lat="48.2421860" lon="1.9105410">
    <ele>137.9</ele>
    <time>2025-03-29T12:16:27Z</time>
   </trkpt>
   <trkpt lat="48.2420450" lon="1.9105650">
    <ele>137.9</ele>
    <time>2025-03-29T12:16:29Z</time>
   </trkpt>
   <trkpt lat="48.2414620" lon="1.9106990">
    <ele>138.2</ele>
    <time>2025-03-29T12:16:37Z</time>
   </trkpt>
   <trkpt lat="48.2413880" lon="1.9107300">
    <ele>138.3</ele>
    <time>2025-03-29T12:16:38Z</time>
   </trkpt>
   <trkpt lat="48.2412500" lon="1.9108100">
    <ele>138.5</ele>
    <time>2025-03-29T12:16:40Z</time>
   </trkpt>
   <trkpt lat="48.2410640" lon="1.9109830">
    <ele>138.7</ele>
    <time>2025-03-29T12:16:43Z</time>
   </trkpt>
   <trkpt lat="48.2407340" lon="1.9114020">
    <ele>139.0</ele>
    <time>2025-03-29T12:16:49Z</time>
   </trkpt>
   <trkpt lat="48.2404750" lon="1.9119370">
    <ele>139.3</ele>
    <time>2025-03-29T12:16:55Z</time>
   </trkpt>
   <trkpt lat="48.2402260" lon="1.9123510">
    <ele>139.2</ele>
    <time>2025-03-29T12:17:00Z</time>
   </trkpt>
   <trkpt lat="48.2397800" lon="1.9128590">
    <ele>139.3</ele>
    <time>2025-03-29T12:17:07Z</time>
   </trkpt>
   <trkpt lat="48.2396480" lon="1.9130050">
    <ele>139.3</ele>
    <time>2025-03-29T12:17:09Z</time>
   </trkpt>
   <trkpt lat="48.2391910" lon="1.9135230">
    <ele>139.6</ele>
    <time>2025-03-29T12:17:16Z</time>
   </trkpt>
   <trkpt lat="48.2390540" lon="1.9136530">
    <ele>139.7</ele>
    <time>2025-03-29T12:17:18Z</time>
   </trkpt>
   <trkpt lat="48.2387450" lon="1.9138250">
    <ele>139.6</ele>
    <time>2025-03-29T12:17:22Z</time>
   </trkpt>
   <trkpt lat="48.2381440" lon="1.9140110">
    <ele>139.1</ele>
    <time>2025-03-29T12:17:29Z</time>
   </trkpt>
   <trkpt lat="48.2380560" lon="1.9140370">
    <ele>139.0</ele>
    <time>2025-03-29T12:17:30Z</time>
   </trkpt>
   <trkpt lat="48.2375330" lon="1.9141960">
    <ele>138.7</ele>
    <time>2025-03-29T12:17:36Z</time>
   </trkpt>
   <trkpt lat="48.2369480" lon="1.9143740">
    <ele>138.5</ele>
    <time>2025-03-29T12:17:43Z</time>
   </trkpt>
   <trkpt lat="48.2367870" lon="1.9144280">
    <ele>138.4</ele>
    <time>2025-03-29T12:17:45Z</time>
   </trkpt>
   <trkpt lat="48.2365440" lon="1.9145040">
    <ele>138.1</ele>
    <time>2025-03-29T12:17:48Z</time>
   </trkpt>
   <trkpt lat="48.2362950" lon="1.9145840">
    <ele>137.8</ele>
    <time>2025-03-29T12:17:51Z</time>
   </trkpt>
   <trkpt lat="48.2357010" lon="1.9147300">
    <ele>137.2</ele>
    <time>2025-03-29T12:17:58Z</time>
   </trkpt>
   <trkpt lat="48.2356140" lon="1.9147460">
    <ele>137.1</ele>
    <time>2025-03-29T12:17:59Z</time>
   </trkpt>
   <trkpt lat="48.2353580" lon="1.9147870">
    <ele>137.0</ele>
    <time>2025-03-29T12:18:02Z</time>
   </trkpt>
   <trkpt lat="48.2351180" lon="1.9148230">
    <ele>136.8</ele>
    <time>2025-03-29T12:18:05Z</time>
   </trkpt>
   <trkpt lat="48.2350360" lon="1.9148370">
    <ele>136.8</ele>
    <time>2025-03-29T12:18:06Z</time>
   </trkpt>
   <trkpt lat="48.2349590" lon="1.9148520">
    <ele>136.9</ele>
    <time>2025-03-29T12:18:07Z</time>
   </trkpt>
   <trkpt lat="48.2345830" lon="1.9149580">
    <ele>137.3</ele>
    <time>2025-03-29T12:18:12Z</time>
   </trkpt>
   <trkpt lat="48.2345150" lon="1.9149960">
    <ele>137.4</ele>
    <time>2025-03-29T12:18:13Z</time>
   </trkpt>
   <trkpt lat="48.2343400" lon="1.9151110">
    <ele>137.5</ele>
    <time>2025-03-29T12:18:16Z</time>
   </trkpt>
   <trkpt lat="48.2342420" lon="1.9152070">
    <ele>137.6</ele>
    <time>2025-03-29T12:18:18Z</time>
   </trkpt>
   <trkpt lat="48.2341690" lon="1.9153450">
    <ele>137.7</ele>
    <time>2025-03-29T12:18:20Z</time>
   </trkpt>
   <trkpt lat="48.2341450" lon="1.9154290">
    <ele>137.7</ele>
    <time>2025-03-29T12:18:21Z</time>
   </trkpt>
   <trkpt lat="48.2341300" lon="1.9155190">
    <ele>137.7</ele>
    <time>2025-03-29T12:18:22Z</time>
   </trkpt>
   <trkpt lat="48.2340630" lon="1.9159810">
    <ele>137.7</ele>
    <time>2025-03-29T12:18:27Z</time>
   </trkpt>
   <trkpt lat="48.2339940" lon="1.9165590">
    <ele>137.7</ele>
    <time>2025-03-29T12:18:33Z</time>
   </trkpt>
   <trkpt lat="48.2339480" lon="1.9167490">
    <ele>137.7</ele>
    <time>2025-03-29T12:18:35Z</time>
   </trkpt>
   <trkpt lat="48.2338730" lon="1.9170140">
    <ele>137.7</ele>
    <time>2025-03-29T12:18:38Z</time>
   </trkpt>
   <trkpt lat="48.2338430" lon="1.9170960">
    <ele>137.7</ele>
    <time>2025-03-29T12:18:39Z</time>
   </trkpt>
   <trkpt lat="48.2337580" lon="1.9172290">
    <ele>137.7</ele>
    <time>2025-03-29T12:18:41Z</time>
   </trkpt>
   <trkpt lat="48.2335850" lon="1.9173510">
    <ele>137.7</ele>
    <time>2025-03-29T12:18:44Z</time>
   </trkpt>
   <trkpt lat="48.2335220" lon="1.9173850">
    <ele>137.7</ele>
    <time>2025-03-29T12:18:45Z</time>
   </trkpt>
   <trkpt lat="48.2333890" lon="1.9174430">
    <ele>137.7</ele>
    <time>2025-03-29T12:18:47Z</time>
   </trkpt>
   <trkpt lat="48.2331680" lon="1.9174410">
    <ele>137.7</ele>
    <time>2025-03-29T12:18:50Z</time>
   </trkpt>
   <trkpt lat="48.2326210" lon="1.9174420">
    <ele>137.9</ele>
    <time>2025-03-29T12:18:57Z</time>
   </trkpt>
   <trkpt lat="48.2320790" lon="1.9175920">
    <ele>138.3</ele>
    <time>2025-03-29T12:19:04Z</time>
   </trkpt>
   <trkpt lat="48.2314980" lon="1.9177230">
    <ele>138.6</ele>
    <time>2025-03-29T12:19:12Z</time>
   </trkpt>
   <trkpt lat="48.2309840" lon="1.9177750">
    <ele>138.8</ele>
    <time>2025-03-29T12:19:19Z</time>
   </trkpt>
   <trkpt lat="48.2308350" lon="1.9177890">
    <ele>138.8</ele>
    <time>2025-03-29T12:19:21Z</time>
   </trkpt>
   <trkpt lat="48.2303730" lon="1.9178320">
    <ele>138.8</ele>
    <time>2025-03-29T12:19:27Z</time>
   </trkpt>
   <trkpt lat="48.2301330" lon="1.9178690">
    <ele>138.9</ele>
    <time>2025-03-29T12:19:30Z</time>
   </trkpt>
   <trkpt lat="48.2295840" lon="1.9179870">
    <ele>138.7</ele>
    <time>2025-03-29T12:19:37Z</time>
   </trkpt>
   <trkpt lat="48.2294170" lon="1.9180290">
    <ele>138.5</ele>
    <time>2025-03-29T12:19:39Z</time>
   </trkpt>
   <trkpt lat="48.2288120" lon="1.9181780">
    <ele>137.8</ele>
    <time>2025-03-29T12:19:46Z</time>
   </trkpt>
   <trkpt lat="48.2282830" lon="1.9183110">
    <ele>136.9</ele>
    <time>2025-03-29T12:19:52Z</time>
   </trkpt>
   <trkpt lat="48.2279980" lon="1.9183840">
    <ele>136.6</ele>
    <time>2025-03-29T12:19:55Z</time>
   </trkpt>
   <trkpt lat="48.2274350" lon="1.9185310">
    <ele>136.6</ele>
    <time>2025-03-29T12:20:01Z</time>
   </trkpt>
   <trkpt lat="48.2270720" lon="1.9186270">
    <ele>136.7</ele>
    <time>2025-03-29T12:20:05Z</time>
   </trkpt>
   <trkpt lat="48.2265140" lon="1.9187520">
    <ele>136.8</ele>
    <time>2025-03-29T12:20:11Z</time>
   </trkpt>
   <trkpt lat="48.2259660" lon="1.9188910">
    <ele>137.3</ele>
    <time>2025-03-29T12:20:17Z</time>
   </trkpt>
   <trkpt lat="48.2254340" lon="1.9190180">
    <ele>137.7</ele>
    <time>2025-03-29T12:20:23Z</time>
   </trkpt>
   <trkpt lat="48.2251630" lon="1.9190810">
    <ele>137.5</ele>
    <time>2025-03-29T12:20:26Z</time>
   </trkpt>
   <trkpt lat="48.2247010" lon="1.9191890">
    <ele>137.4</ele>
    <time>2025-03-29T12:20:31Z</time>
   </trkpt>
   <trkpt lat="48.2245110" lon="1.9192320">
    <ele>137.3</ele>
    <time>2025-03-29T12:20:33Z</time>
   </trkpt>
   <trkpt lat="48.2243200" lon="1.9192640">
    <ele>137.2</ele>
    <time>2025-03-29T12:20:35Z</time>
   </trkpt>
   <trkpt lat="48.2241330" lon="1.9192760">
    <ele>137.1</ele>
    <time>2025-03-29T12:20:37Z</time>
   </trkpt>
   <trkpt lat="48.2240410" lon="1.9192790">
    <ele>137.0</ele>
    <time>2025-03-29T12:20:38Z</time>
   </trkpt>
   <trkpt lat="48.2239510" lon="1.9192800">
    <ele>137.0</ele>
    <time>2025-03-29T12:20:39Z</time>
   </trkpt>
   <trkpt lat="48.2235080" lon="1.9193110">
    <ele>137.0</ele>
    <time>2025-03-29T12:20:44Z</time>
   </trkpt>
   <trkpt lat="48.2234250" lon="1.9193440">
    <ele>137.0</ele>
    <time>2025-03-29T12:20:45Z</time>
   </trkpt>
   <trkpt lat="48.2233440" lon="1.9193960">
    <ele>136.9</ele>
    <time>2025-03-29T12:20:46Z</time>
   </trkpt>
   <trkpt lat="48.2231950" lon="1.9195460">
    <ele>136.9</ele>
    <time>2025-03-29T12:20:48Z</time>
   </trkpt>
   <trkpt lat="48.2227940" lon="1.9201110">
    <ele>136.6</ele>
    <time>2025-03-29T12:20:54Z</time>
   </trkpt>
   <trkpt lat="48.2227280" lon="1.9202020">
    <ele>136.6</ele>
    <time>2025-03-29T12:20:55Z</time>
   </trkpt>
   <trkpt lat="48.2223270" lon="1.9207610">
    <ele>136.4</ele>
    <time>2025-03-29T12:21:01Z</time>
   </trkpt>
   <trkpt lat="48.2219230" lon="1.9213260">
    <ele>136.2</ele>
    <time>2025-03-29T12:21:07Z</time>
   </trkpt>
   <trkpt lat="48.2218540" lon="1.9214200">
    <ele>136.2</ele>
    <time>2025-03-29T12:21:08Z</time>
   </trkpt>
   <trkpt lat="48.2214290" lon="1.9219770">
    <ele>135.7</ele>
    <time>2025-03-29T12:21:14Z</time>
   </trkpt>
   <trkpt lat="48.2211950" lon="1.9222340">
    <ele>135.5</ele>
    <time>2025-03-29T12:21:17Z</time>
   </trkpt>
   <trkpt lat="48.2207010" lon="1.9226760">
    <ele>135.3</ele>
    <time>2025-03-29T12:21:23Z</time>
   </trkpt>
   <trkpt lat="48.2206150" lon="1.9227420">
    <ele>135.3</ele>
    <time>2025-03-29T12:21:24Z</time>
   </trkpt>
   <trkpt lat="48.2201840" lon="1.9230410">
    <ele>135.3</ele>
    <time>2025-03-29T12:21:29Z</time>
   </trkpt>
   <trkpt lat="48.2199190" lon="1.9232000">
    <ele>135.2</ele>
    <time>2025-03-29T12:21:32Z</time>
   </trkpt>
   <trkpt lat="48.2193920" lon="1.9235290">
    <ele>135.2</ele>
    <time>2025-03-29T12:21:38Z</time>
   </trkpt>
   <trkpt lat="48.2191290" lon="1.9236940">
    <ele>135.1</ele>
    <time>2025-03-29T12:21:41Z</time>
   </trkpt>
   <trkpt lat="48.2188620" lon="1.9238610">
    <ele>134.9</ele>
    <time>2025-03-29T12:21:44Z</time>
   </trkpt>
   <trkpt lat="48.2183230" lon="1.9242030">
    <ele>134.4</ele>
    <time>2025-03-29T12:21:50Z</time>
   </trkpt>
   <trkpt lat="48.2181410" lon="1.9243100">
    <ele>134.3</ele>
    <time>2025-03-29T12:21:52Z</time>
   </trkpt>
   <trkpt lat="48.2175900" lon="1.9246640">
    <ele>134.0</ele>
    <time>2025-03-29T12:21:58Z</time>
   </trkpt>
   <trkpt lat="48.2172270" lon="1.9249010">
    <ele>134.1</ele>
    <time>2025-03-29T12:22:02Z</time>
   </trkpt>
   <trkpt lat="48.2169560" lon="1.9250700">
    <ele>134.3</ele>
    <time>2025-03-29T12:22:05Z</time>
   </trkpt>
   <trkpt lat="48.2168680" lon="1.9251270">
    <ele>134.3</ele>
    <time>2025-03-29T12:22:06Z</time>
   </trkpt>
   <trkpt lat="48.2167790" lon="1.9251830">
    <ele>134.3</ele>
    <time>2025-03-29T12:22:07Z</time>
   </trkpt>
   <trkpt lat="48.2166900" lon="1.9252380">
    <ele>134.4</ele>
    <time>2025-03-29T12:22:08Z</time>
   </trkpt>
   <trkpt lat="48.2166010" lon="1.9252930">
    <ele>134.4</ele>
    <time>2025-03-29T12:22:09Z</time>
   </trkpt>
   <trkpt lat="48.2165120" lon="1.9253480">
    <ele>134.5</ele>
    <time>2025-03-29T12:22:10Z</time>
   </trkpt>
   <trkpt lat="48.2164240" lon="1.9254030">
    <ele>134.5</ele>
    <time>2025-03-29T12:22:11Z</time>
   </trkpt>
   <trkpt lat="48.2158860" lon="1.9257400">
    <ele>134.4</ele>
    <time>2025-03-29T12:22:17Z</time>
   </trkpt>
   <trkpt lat="48.2154310" lon="1.9260270">
    <ele>134.3</ele>
    <time>2025-03-29T12:22:22Z</time>
   </trkpt>
   <trkpt lat="48.2148890" lon="1.9263700">
    <ele>134.2</ele>
    <time>2025-03-29T12:22:28Z</time>
   </trkpt>
   <trkpt lat="48.2144360" lon="1.9266530">
    <ele>133.8</ele>
    <time>2025-03-29T12:22:33Z</time>
   </trkpt>
   <trkpt lat="48.2138840" lon="1.9270010">
    <ele>133.1</ele>
    <time>2025-03-29T12:22:39Z</time>
   </trkpt>
   <trkpt lat="48.2134240" lon="1.9272810">
    <ele>132.3</ele>
    <time>2025-03-29T12:22:44Z</time>
   </trkpt>
   <trkpt lat="48.2133300" lon="1.9273380">
    <ele>132.2</ele>
    <time>2025-03-29T12:22:45Z</time>
   </trkpt>
   <trkpt lat="48.2128690" lon="1.9276280">
    <ele>131.9</ele>
    <time>2025-03-29T12:22:50Z</time>
   </trkpt>
   <trkpt lat="48.2125880" lon="1.9278000">
    <ele>131.7</ele>
    <time>2025-03-29T12:22:53Z</time>
   </trkpt>
   <trkpt lat="48.2120270" lon="1.9281580">
    <ele>131.7</ele>
    <time>2025-03-29T12:22:59Z</time>
   </trkpt>
   <trkpt lat="48.2117430" lon="1.9283300">
    <ele>132.0</ele>
    <time>2025-03-29T12:23:02Z</time>
   </trkpt>
   <trkpt lat="48.2116490" lon="1.9283890">
    <ele>132.1</ele>
    <time>2025-03-29T12:23:03Z</time>
   </trkpt>
   <trkpt lat="48.2111010" lon="1.9287450">
    <ele>133.3</ele>
    <time>2025-03-29T12:23:09Z</time>
   </trkpt>
   <trkpt lat="48.2107620" lon="1.9289990">
    <ele>133.9</ele>
    <time>2025-03-29T12:23:13Z</time>
   </trkpt>
   <trkpt lat="48.2103110" lon="1.9294560">
    <ele>134.1</ele>
    <time>2025-03-29T12:23:19Z</time>
   </trkpt>
   <trkpt lat="48.2102400" lon="1.9295280">
    <ele>134.1</ele>
    <time>2025-03-29T12:23:20Z</time>
   </trkpt>
   <trkpt lat="48.2097680" lon="1.9300220">
    <ele>133.8</ele>
    <time>2025-03-29T12:23:27Z</time>
   </trkpt>
   <trkpt lat="48.2096280" lon="1.9301590">
    <ele>133.6</ele>
    <time>2025-03-29T12:23:29Z</time>
   </trkpt>
   <trkpt lat="48.2091440" lon="1.9306460">
    <ele>133.0</ele>
    <time>2025-03-29T12:23:36Z</time>
   </trkpt>
   <trkpt lat="48.2090090" lon="1.9307790">
    <ele>133.0</ele>
    <time>2025-03-29T12:23:38Z</time>
   </trkpt>
   <trkpt lat="48.2088070" lon="1.9309820">
    <ele>133.0</ele>
    <time>2025-03-29T12:23:41Z</time>
   </trkpt>
   <trkpt lat="48.2084110" lon="1.9313760">
    <ele>133.4</ele>
    <time>2025-03-29T12:23:47Z</time>
   </trkpt>
   <trkpt lat="48.2080230" lon="1.9317620">
    <ele>133.8</ele>
    <time>2025-03-29T12:23:53Z</time>
   </trkpt>
   <trkpt lat="48.2078910" lon="1.9318930">
    <ele>134.0</ele>
    <time>2025-03-29T12:23:55Z</time>
   </trkpt>
   <trkpt lat="48.2078240" lon="1.9319560">
    <ele>134.0</ele>
    <time>2025-03-29T12:23:56Z</time>
   </trkpt>
   <trkpt lat="48.2073460" lon="1.9324040">
    <ele>134.5</ele>
    <time>2025-03-29T12:24:03Z</time>
   </trkpt>
   <trkpt lat="48.2071990" lon="1.9325040">
    <ele>134.5</ele>
    <time>2025-03-29T12:24:05Z</time>
   </trkpt>
   <trkpt lat="48.2067060" lon="1.9327000">
    <ele>134.4</ele>
    <time>2025-03-29T12:24:11Z</time>
   </trkpt>
   <trkpt lat="48.2061100" lon="1.9328840">
    <ele>134.4</ele>
    <time>2025-03-29T12:24:18Z</time>
   </trkpt>
   <trkpt lat="48.2057670" lon="1.9329900">
    <ele>134.3</ele>
    <time>2025-03-29T12:24:22Z</time>
   </trkpt>
   <trkpt lat="48.2051810" lon="1.9331700">
    <ele>134.4</ele>
    <time>2025-03-29T12:24:29Z</time>
   </trkpt>
   <trkpt lat="48.2050960" lon="1.9331980">
    <ele>134.4</ele>
    <time>2025-03-29T12:24:30Z</time>
   </trkpt>
   <trkpt lat="48.2044850" lon="1.9334050">
    <ele>134.6</ele>
    <time>2025-03-29T12:24:37Z</time>
   </trkpt>
   <trkpt lat="48.2042190" lon="1.9334970">
    <ele>134.7</ele>
    <time>2025-03-29T12:24:40Z</time>
   </trkpt>
   <trkpt lat="48.2036860" lon="1.9336660">
    <ele>134.8</ele>
    <time>2025-03-29T12:24:46Z</time>
   </trkpt>
   <trkpt lat="48.2034250" lon="1.9337640">
    <ele>134.9</ele>
    <time>2025-03-29T12:24:49Z</time>
   </trkpt>
   <trkpt lat="48.2028650" lon="1.9339500">
    <ele>135.3</ele>
    <time>2025-03-29T12:24:56Z</time>
   </trkpt>
   <trkpt lat="48.2027900" lon="1.9339760">
    <ele>135.3</ele>
    <time>2025-03-29T12:24:57Z</time>
   </trkpt>
   <trkpt lat="48.2027160" lon="1.9340010">
    <ele>135.3</ele>
    <time>2025-03-29T12:24:58Z</time>
   </trkpt>
   <trkpt lat="48.2026430" lon="1.9340270">
    <ele>135.3</ele>
    <time>2025-03-29T12:24:59Z</time>
   </trkpt>
   <trkpt lat="48.2024300" lon="1.9341020">
    <ele>135.3</ele>
    <time>2025-03-29T12:25:02Z</time>
   </trkpt>
   <trkpt lat="48.2022300" lon="1.9341680">
    <ele>135.3</ele>
    <time>2025-03-29T12:25:05Z</time>
   </trkpt>
   <trkpt lat="48.2020980" lon="1.9342100">
    <ele>135.3</ele>
    <time>2025-03-29T12:25:07Z</time>
   </trkpt>
   <trkpt lat="48.2015840" lon="1.9343290">
    <ele>135.4</ele>
    <time>2025-03-29T12:25:15Z</time>
   </trkpt>
   <trkpt lat="48.2015210" lon="1.9343250">
    <ele>135.4</ele>
    <time>2025-03-29T12:25:16Z</time>
   </trkpt>
   <trkpt lat="48.2012150" lon="1.9342620">
    <ele>135.4</ele>
    <time>2025-03-29T12:25:21Z</time>
   </trkpt>
   <trkpt lat="48.2011020" lon="1.9342660">
    <ele>135.4</ele>
    <time>2025-03-29T12:25:23Z</time>
   </trkpt>
   <trkpt lat="48.2009990" lon="1.9343150">
    <ele>135.4</ele>
    <time>2025-03-29T12:25:25Z</time>
   </trkpt>
   <trkpt lat="48.2008800" lon="1.9343900">
    <ele>135.5</ele>
    <time>2025-03-29T12:25:29Z</time>
   </trkpt>
   <trkpt lat="48.2008800" lon="1.9343880">
    <ele>135.5</ele>
    <time>2025-03-29T12:25:30Z</time>
   </trkpt>
   <trkpt lat="48.2007700" lon="1.9344360">
    <ele>135.5</ele>
    <time>2025-03-29T12:26:05Z</time>
   </trkpt>
   <trkpt lat="48.2007410" lon="1.9344650">
    <ele>135.5</ele>
    <time>2025-03-29T12:26:06Z</time>
   </trkpt>
   <trkpt lat="48.2007070" lon="1.9345000">
    <ele>135.4</ele>
    <time>2025-03-29T12:26:07Z</time>
   </trkpt>
   <trkpt lat="48.2004740" lon="1.9346980">
    <ele>135.3</ele>
    <time>2025-03-29T12:26:12Z</time>
   </trkpt>
   <trkpt lat="48.2002960" lon="1.9347820">
    <ele>135.3</ele>
    <time>2025-03-29T12:26:15Z</time>
   </trkpt>
   <trkpt lat="48.2001250" lon="1.9348680">
    <ele>135.3</ele>
    <time>2025-03-29T12:26:18Z</time>
   </trkpt>
   <trkpt lat="48.2000730" lon="1.9349070">
    <ele>135.3</ele>
    <time>2025-03-29T12:26:19Z</time>
   </trkpt>
   <trkpt lat="48.1999750" lon="1.9350020">
    <ele>135.2</ele>
    <time>2025-03-29T12:26:21Z</time>
   </trkpt>
   <trkpt lat="48.1999310" lon="1.9350640">
    <ele>135.1</ele>
    <time>2025-03-29T12:26:22Z</time>
   </trkpt>
   <trkpt lat="48.1998930" lon="1.9351370">
    <ele>135.0</ele>
    <time>2025-03-29T12:26:23Z</time>
   </trkpt>
   <trkpt lat="48.1996840" lon="1.9357200">
    <ele>134.6</ele>
    <time>2025-03-29T12:26:30Z</time>
   </trkpt>
   <trkpt lat="48.1996390" lon="1.9358860">
    <ele>134.5</ele>
    <time>2025-03-29T12:26:32Z</time>
   </trkpt>
   <trkpt lat="48.1995350" lon="1.9362060">
    <ele>134.3</ele>
    <time>2025-03-29T12:26:36Z</time>
   </trkpt>
   <trkpt lat="48.1993210" lon="1.9369740">
    <ele>133.9</ele>
    <time>2025-03-29T12:26:45Z</time>
   </trkpt>
   <trkpt lat="48.1992530" lon="1.9372400">
    <ele>133.9</ele>
    <time>2025-03-29T12:26:48Z</time>
   </trkpt>
   <trkpt lat="48.1991420" lon="1.9377710">
    <ele>134.2</ele>
    <time>2025-03-29T12:26:55Z</time>
   </trkpt>
   <trkpt lat="48.1991210" lon="1.9378520">
    <ele>134.2</ele>
    <time>2025-03-29T12:26:57Z</time>
   </trkpt>
   <trkpt lat="48.1990740" lon="1.9378930">
    <ele>134.3</ele>
    <time>2025-03-29T12:26:59Z</time>
   </trkpt>
   <trkpt lat="48.1989280" lon="1.9378570">
    <ele>134.2</ele>
    <time>2025-03-29T12:27:03Z</time>
   </trkpt>
   <trkpt lat="48.1987300" lon="1.9378260">
    <ele>134.2</ele>
    <time>2025-03-29T12:27:07Z</time>
   </trkpt>
   <trkpt lat="48.1985640" lon="1.9377930">
    <ele>134.3</ele>
    <time>2025-03-29T12:27:10Z</time>
   </trkpt>
   <trkpt lat="48.1984470" lon="1.9377750">
    <ele>134.4</ele>
    <time>2025-03-29T12:27:12Z</time>
   </trkpt>
   <trkpt lat="48.1981600" lon="1.9377070">
    <ele>134.5</ele>
    <time>2025-03-29T12:27:17Z</time>
   </trkpt>
   <trkpt lat="48.1975920" lon="1.9375580">
    <ele>134.9</ele>
    <time>2025-03-29T12:27:27Z</time>
   </trkpt>
   <trkpt lat="48.1971190" lon="1.9374220">
    <ele>135.3</ele>
    <time>2025-03-29T12:27:36Z</time>
   </trkpt>
   <trkpt lat="48.1968610" lon="1.9374340">
    <ele>135.3</ele>
    <time>2025-03-29T12:27:42Z</time>
   </trkpt>
   <trkpt lat="48.1968240" lon="1.9374450">
    <ele>135.4</ele>
    <time>2025-03-29T12:27:43Z</time>
   </trkpt>
   <trkpt lat="48.1966270" lon="1.9375220">
    <ele>135.4</ele>
    <time>2025-03-29T12:27:48Z</time>
   </trkpt>
   <trkpt lat="48.1964000" lon="1.9375570">
    <ele>135.5</ele>
    <time>2025-03-29T12:27:53Z</time>
   </trkpt>
   <trkpt lat="48.1963580" lon="1.9375470">
    <ele>135.5</ele>
    <time>2025-03-29T12:27:54Z</time>
   </trkpt>
   <trkpt lat="48.1961670" lon="1.9374760">
    <ele>135.7</ele>
    <time>2025-03-29T12:27:59Z</time>
   </trkpt>
   <trkpt lat="48.1961100" lon="1.9374500">
    <ele>135.8</ele>
    <time>2025-03-29T12:28:01Z</time>
   </trkpt>
   <trkpt lat="48.1959900" lon="1.9373690">
    <ele>135.7</ele>
    <time>2025-03-29T12:28:06Z</time>
   </trkpt>
   <trkpt lat="48.1957960" lon="1.9372960">
    <ele>135.6</ele>
    <time>2025-03-29T12:28:13Z</time>
   </trkpt>
   <trkpt lat="48.1955590" lon="1.9370790">
    <ele>135.3</ele>
    <time>2025-03-29T12:28:21Z</time>
   </trkpt>
   <trkpt lat="48.1953380" lon="1.9368580">
    <ele>134.9</ele>
    <time>2025-03-29T12:28:29Z</time>
   </trkpt>
   <trkpt lat="48.1953190" lon="1.9368380">
    <ele>134.9</ele>
    <time>2025-03-29T12:28:30Z</time>
   </trkpt>
   <trkpt lat="48.1952820" lon="1.9367810">
    <ele>134.9</ele>
    <time>2025-03-29T12:28:33Z</time>
   </trkpt>
   <trkpt lat="48.1952540" lon="1.9367540">
    <ele>134.9</ele>
    <time>2025-03-29T12:28:35Z</time>
   </trkpt>
   <trkpt lat="48.1951510" lon="1.9366400">
    <ele>134.9</ele>
    <time>2025-03-29T12:28:41Z</time>
   </trkpt>
   <trkpt lat="48.1951050" lon="1.9365580">
    <ele>134.9</ele>
    <time>2025-03-29T12:28:45Z</time>
   </trkpt>
   <trkpt lat="48.1951080" lon="1.9365590">
    <ele>134.9</ele>
    <time>2025-03-29T12:28:46Z</time>
   </trkpt>
   <trkpt lat="48.1951130" lon="1.9365620">
    <ele>134.9</ele>
    <time>2025-03-29T12:28:48Z</time>
   </trkpt>
   <trkpt lat="48.1951140" lon="1.9365610">
    <ele>134.9</ele>
    <time>2025-03-29T12:28:51Z</time>
   </trkpt>
   <trkpt lat="48.1951140" lon="1.9365600">
    <ele>134.9</ele>
    <time>2025-03-29T12:28:52Z</time>
   </trkpt>
   <trkpt lat="48.1952270" lon="1.9366940">
    <ele>134.9</ele>
    <time>2025-03-29T12:29:46Z</time>
   </trkpt>
   <trkpt lat="48.1952660" lon="1.9367400">
    <ele>134.9</ele>
    <time>2025-03-29T12:29:48Z</time>
   </trkpt>
   <trkpt lat="48.1953900" lon="1.9368940">
    <ele>135.0</ele>
    <time>2025-03-29T12:29:55Z</time>
   </trkpt>
   <trkpt lat="48.1953880" lon="1.9368940">
    <ele>135.0</ele>
    <time>2025-03-29T12:29:57Z</time>
   </trkpt>
   <trkpt lat="48.1953880" lon="1.9368970">
    <ele>135.0</ele>
    <time>2025-03-29T12:29:59Z</time>
   </trkpt>
   <trkpt lat="48.1953890" lon="1.9369000">
    <ele>135.0</ele>
    <time>2025-03-29T12:30:00Z</time>
   </trkpt>
   <trkpt lat="48.1953860" lon="1.9369030">
    <ele>135.0</ele>
    <time>2025-03-29T12:30:02Z</time>
   </trkpt>
   <trkpt lat="48.1955030" lon="1.9369740">
    <ele>135.1</ele>
    <time>2025-03-29T12:30:52Z</time>
   </trkpt>
   <trkpt lat="48.1955570" lon="1.9370250">
    <ele>135.2</ele>
    <time>2025-03-29T12:30:54Z</time>
   </trkpt>
   <trkpt lat="48.1957050" lon="1.9371700">
    <ele>135.4</ele>
    <time>2025-03-29T12:30:59Z</time>
   </trkpt>
   <trkpt lat="48.1957560" lon="1.9372260">
    <ele>135.5</ele>
    <time>2025-03-29T12:31:01Z</time>
   </trkpt>
   <trkpt lat="48.1959120" lon="1.9373250">
    <ele>135.7</ele>
    <time>2025-03-29T12:31:07Z</time>
   </trkpt>
   <trkpt lat="48.1960440" lon="1.9374100">
    <ele>135.8</ele>
    <time>2025-03-29T12:31:13Z</time>
   </trkpt>
   <trkpt lat="48.1961930" lon="1.9374840">
    <ele>135.8</ele>
    <time>2025-03-29T12:31:21Z</time>
   </trkpt>
   <trkpt lat="48.1962030" lon="1.9374850">
    <ele>135.8</ele>
    <time>2025-03-29T12:31:23Z</time>
   </trkpt>
   <trkpt lat="48.1962040" lon="1.9374820">
    <ele>135.8</ele>
    <time>2025-03-29T12:31:25Z</time>
   </trkpt>
   <trkpt lat="48.1962020" lon="1.9374810">
    <ele>135.8</ele>
    <time>2025-03-29T12:31:28Z</time>
   </trkpt>
   <trkpt lat="48.1960420" lon="1.9374080">
    <ele>135.8</ele>
    <time>2025-03-29T12:33:05Z</time>
   </trkpt>
   <trkpt lat="48.1960310" lon="1.9374080">
    <ele>135.8</ele>
    <time>2025-03-29T12:33:06Z</time>
   </trkpt>
   <trkpt lat="48.1959740" lon="1.9373900">
    <ele>135.7</ele>
    <time>2025-03-29T12:33:13Z</time>
   </trkpt>
   <trkpt lat="48.1959730" lon="1.9373880">
    <ele>135.7</ele>
    <time>2025-03-29T12:33:15Z</time>
   </trkpt>
   <trkpt lat="48.1952710" lon="1.9370090">
    <ele>134.9</ele>
    <time>2025-03-29T13:39:02Z</time>
   </trkpt>
   <trkpt lat="48.1952710" lon="1.9370090">
    <ele>136.1</ele>
    <time>2025-03-29T13:39:04Z</time>
   </trkpt>
   <trkpt lat="48.1952710" lon="1.9370090">
    <ele>136.1</ele>
    <time>2025-03-29T13:39:06Z</time>
   </trkpt>
   <trkpt lat="48.1876660" lon="1.9190020">
    <ele>132.7</ele>
    <time>2025-03-29T13:50:29Z</time>
   </trkpt>
   <trkpt lat="48.1876680" lon="1.9190030">
    <ele>132.7</ele>
    <time>2025-03-29T13:50:30Z</time>
   </trkpt>
   <trkpt lat="48.1876530" lon="1.9189930">
    <ele>132.7</ele>
    <time>2025-03-29T13:50:34Z</time>
   </trkpt>
   <trkpt lat="48.1876130" lon="1.9189720">
    <ele>132.6</ele>
    <time>2025-03-29T13:50:36Z</time>
   </trkpt>
   <trkpt lat="48.1874720" lon="1.9188770">
    <ele>132.2</ele>
    <time>2025-03-29T13:50:40Z</time>
   </trkpt>
   <trkpt lat="48.1873740" lon="1.9188100">
    <ele>132.1</ele>
    <time>2025-03-29T13:50:42Z</time>
   </trkpt>
   <trkpt lat="48.1872110" lon="1.9186970">
    <ele>131.8</ele>
    <time>2025-03-29T13:50:45Z</time>
   </trkpt>
   <trkpt lat="48.1869810" lon="1.9185000">
    <ele>131.7</ele>
    <time>2025-03-29T13:50:49Z</time>
   </trkpt>
   <trkpt lat="48.1869290" lon="1.9184370">
    <ele>131.7</ele>
    <time>2025-03-29T13:50:50Z</time>
   </trkpt>
   <trkpt lat="48.1868410" lon="1.9182940">
    <ele>131.8</ele>
    <time>2025-03-29T13:50:52Z</time>
   </trkpt>
   <trkpt lat="48.1867430" lon="1.9180580">
    <ele>131.8</ele>
    <time>2025-03-29T13:50:55Z</time>
   </trkpt>
   <trkpt lat="48.1865260" lon="1.9175210">
    <ele>132.1</ele>
    <time>2025-03-29T13:51:02Z</time>
   </trkpt>
   <trkpt lat="48.1863720" lon="1.9171570">
    <ele>132.5</ele>
    <time>2025-03-29T13:51:07Z</time>
   </trkpt>
   <trkpt lat="48.1863080" lon="1.9170150">
    <ele>132.6</ele>
    <time>2025-03-29T13:51:09Z</time>
   </trkpt>
   <trkpt lat="48.1861500" lon="1.9166310">
    <ele>132.9</ele>
    <time>2025-03-29T13:51:14Z</time>
   </trkpt>
   <trkpt lat="48.1861190" lon="1.9165510">
    <ele>132.9</ele>
    <time>2025-03-29T13:51:15Z</time>
   </trkpt>
   <trkpt lat="48.1860870" lon="1.9164720">
    <ele>133.0</ele>
    <time>2025-03-29T13:51:16Z</time>
   </trkpt>
   <trkpt lat="48.1860540" lon="1.9163930">
    <ele>133.0</ele>
    <time>2025-03-29T13:51:17Z</time>
   </trkpt>
   <trkpt lat="48.1858210" lon="1.9158440">
    <ele>133.3</ele>
    <time>2025-03-29T13:51:24Z</time>
   </trkpt>
   <trkpt lat="48.1857900" lon="1.9157660">
    <ele>133.3</ele>
    <time>2025-03-29T13:51:25Z</time>
   </trkpt>
   <trkpt lat="48.1857570" lon="1.9156900">
    <ele>133.4</ele>
    <time>2025-03-29T13:51:26Z</time>
   </trkpt>
   <trkpt lat="48.1857230" lon="1.9156130">
    <ele>133.4</ele>
    <time>2025-03-29T13:51:27Z</time>
   </trkpt>
   <trkpt lat="48.1856580" lon="1.9154570">
    <ele>133.5</ele>
    <time>2025-03-29T13:51:29Z</time>
   </trkpt>
   <trkpt lat="48.1856250" lon="1.9153800">
    <ele>133.6</ele>
    <time>2025-03-29T13:51:30Z</time>
   </trkpt>
   <trkpt lat="48.1855920" lon="1.9153040">
    <ele>133.6</ele>
    <time>2025-03-29T13:51:31Z</time>
   </trkpt>
   <trkpt lat="48.1855260" lon="1.9151580">
    <ele>133.7</ele>
    <time>2025-03-29T13:51:33Z</time>
   </trkpt>
   <trkpt lat="48.1854590" lon="1.9150070">
    <ele>133.7</ele>
    <time>2025-03-29T13:51:35Z</time>
   </trkpt>
   <trkpt lat="48.1852800" lon="1.9146270">
    <ele>133.3</ele>
    <time>2025-03-29T13:51:40Z</time>
   </trkpt>
   <trkpt lat="48.1849370" lon="1.9139020">
    <ele>133.0</ele>
    <time>2025-03-29T13:51:49Z</time>
   </trkpt>
   <trkpt lat="48.1848980" lon="1.9138200">
    <ele>133.0</ele>
    <time>2025-03-29T13:51:50Z</time>
   </trkpt>
   <trkpt lat="48.1845860" lon="1.9131530">
    <ele>133.2</ele>
    <time>2025-03-29T13:51:58Z</time>
   </trkpt>
   <trkpt lat="48.1845090" lon="1.9129860">
    <ele>133.3</ele>
    <time>2025-03-29T13:52:00Z</time>
   </trkpt>
   <trkpt lat="48.1841970" lon="1.9123250">
    <ele>133.7</ele>
    <time>2025-03-29T13:52:08Z</time>
   </trkpt>
   <trkpt lat="48.1840440" lon="1.9119990">
    <ele>133.8</ele>
    <time>2025-03-29T13:52:12Z</time>
   </trkpt>
   <trkpt lat="48.1836970" lon="1.9112640">
    <ele>133.9</ele>
    <time>2025-03-29T13:52:21Z</time>
   </trkpt>
   <trkpt lat="48.1836600" lon="1.9111820">
    <ele>133.9</ele>
    <time>2025-03-29T13:52:22Z</time>
   </trkpt>
   <trkpt lat="48.1833150" lon="1.9104480">
    <ele>133.9</ele>
    <time>2025-03-29T13:52:31Z</time>
   </trkpt>
   <trkpt lat="48.1831640" lon="1.9101220">
    <ele>134.0</ele>
    <time>2025-03-29T13:52:35Z</time>
   </trkpt>
   <trkpt lat="48.1830160" lon="1.9098020">
    <ele>134.1</ele>
    <time>2025-03-29T13:52:39Z</time>
   </trkpt>
   <trkpt lat="48.1827870" lon="1.9093200">
    <ele>134.1</ele>
    <time>2025-03-29T13:52:45Z</time>
   </trkpt>
   <trkpt lat="48.1824890" lon="1.9086780">
    <ele>134.1</ele>
    <time>2025-03-29T13:52:53Z</time>
   </trkpt>
   <trkpt lat="48.1824160" lon="1.9085160">
    <ele>134.1</ele>
    <time>2025-03-29T13:52:55Z</time>
   </trkpt>
   <trkpt lat="48.1823020" lon="1.9082760">
    <ele>134.2</ele>
    <time>2025-03-29T13:52:58Z</time>
   </trkpt>
   <trkpt lat="48.1819880" lon="1.9075860">
    <ele>134.1</ele>
    <time>2025-03-29T13:53:06Z</time>
   </trkpt>
   <trkpt lat="48.1819070" lon="1.9074050">
    <ele>134.0</ele>
    <time>2025-03-29T13:53:08Z</time>
   </trkpt>
   <trkpt lat="48.1815730" lon="1.9067120">
    <ele>133.8</ele>
    <time>2025-03-29T13:53:16Z</time>
   </trkpt>
   <trkpt lat="48.1814550" lon="1.9064660">
    <ele>133.8</ele>
    <time>2025-03-29T13:53:19Z</time>
   </trkpt>
   <trkpt lat="48.1811410" lon="1.9057750">
    <ele>133.7</ele>
    <time>2025-03-29T13:53:27Z</time>
   </trkpt>
   <trkpt lat="48.1809830" lon="1.9054330">
    <ele>133.6</ele>
    <time>2025-03-29T13:53:31Z</time>
   </trkpt>
   <trkpt lat="48.1806650" lon="1.9047540">
    <ele>133.7</ele>
    <time>2025-03-29T13:53:39Z</time>
   </trkpt>
   <trkpt lat="48.1805440" lon="1.9044960">
    <ele>133.8</ele>
    <time>2025-03-29T13:53:42Z</time>
   </trkpt>
   <trkpt lat="48.1802120" lon="1.9038370">
    <ele>134.1</ele>
    <time>2025-03-29T13:53:50Z</time>
   </trkpt>
   <trkpt lat="48.1801620" lon="1.9037700">
    <ele>134.1</ele>
    <time>2025-03-29T13:53:51Z</time>
   </trkpt>
   <trkpt lat="48.1797250" lon="1.9033110">
    <ele>134.0</ele>
    <time>2025-03-29T13:53:59Z</time>
   </trkpt>
   <trkpt lat="48.1792400" lon="1.9029050">
    <ele>133.6</ele>
    <time>2025-03-29T13:54:07Z</time>
   </trkpt>
   <trkpt lat="48.1791740" lon="1.9028650">
    <ele>133.5</ele>
    <time>2025-03-29T13:54:08Z</time>
   </trkpt>
   <trkpt lat="48.1787630" lon="1.9026970">
    <ele>133.2</ele>
    <time>2025-03-29T13:54:14Z</time>
   </trkpt>
   <trkpt lat="48.1784890" lon="1.9025310">
    <ele>133.0</ele>
    <time>2025-03-29T13:54:18Z</time>
   </trkpt>
   <trkpt lat="48.1783630" lon="1.9024390">
    <ele>132.9</ele>
    <time>2025-03-29T13:54:20Z</time>
   </trkpt>
   <trkpt lat="48.1779830" lon="1.9021650">
    <ele>132.7</ele>
    <time>2025-03-29T13:54:26Z</time>
   </trkpt>
   <trkpt lat="48.1777100" lon="1.9020050">
    <ele>132.4</ele>
    <time>2025-03-29T13:54:30Z</time>
   </trkpt>
   <trkpt lat="48.1771780" lon="1.9016820">
    <ele>132.2</ele>
    <time>2025-03-29T13:54:38Z</time>
   </trkpt>
   <trkpt lat="48.1771160" lon="1.9016330">
    <ele>132.2</ele>
    <time>2025-03-29T13:54:39Z</time>
   </trkpt>
   <trkpt lat="48.1768290" lon="1.9013710">
    <ele>132.7</ele>
    <time>2025-03-29T13:54:44Z</time>
   </trkpt>
   <trkpt lat="48.1767420" lon="1.9012210">
    <ele>133.0</ele>
    <time>2025-03-29T13:54:46Z</time>
   </trkpt>
   <trkpt lat="48.1767060" lon="1.9011410">
    <ele>133.1</ele>
    <time>2025-03-29T13:54:47Z</time>
   </trkpt>
   <trkpt lat="48.1765340" lon="1.9007220">
    <ele>133.4</ele>
    <time>2025-03-29T13:54:52Z</time>
   </trkpt>
   <trkpt lat="48.1763430" lon="1.9002500">
    <ele>133.6</ele>
    <time>2025-03-29T13:54:58Z</time>
   </trkpt>
   <trkpt lat="48.1763080" lon="1.9001700">
    <ele>133.6</ele>
    <time>2025-03-29T13:54:59Z</time>
   </trkpt>
   <trkpt lat="48.1762070" lon="1.8999300">
    <ele>133.5</ele>
    <time>2025-03-29T13:55:02Z</time>
   </trkpt>
   <trkpt lat="48.1759020" lon="1.8992790">
    <ele>132.8</ele>
    <time>2025-03-29T13:55:10Z</time>
   </trkpt>
   <trkpt lat="48.1755760" lon="1.8987160">
    <ele>132.1</ele>
    <time>2025-03-29T13:55:17Z</time>
   </trkpt>
   <trkpt lat="48.1755180" lon="1.8986540">
    <ele>132.1</ele>
    <time>2025-03-29T13:55:18Z</time>
   </trkpt>
   <trkpt lat="48.1754560" lon="1.8985990">
    <ele>132.0</ele>
    <time>2025-03-29T13:55:19Z</time>
   </trkpt>
   <trkpt lat="48.1752510" lon="1.8984780">
    <ele>131.8</ele>
    <time>2025-03-29T13:55:22Z</time>
   </trkpt>
   <trkpt lat="48.1747040" lon="1.8981910">
    <ele>131.5</ele>
    <time>2025-03-29T13:55:30Z</time>
   </trkpt>
   <trkpt lat="48.1744490" lon="1.8980470">
    <ele>131.4</ele>
    <time>2025-03-29T13:55:34Z</time>
   </trkpt>
   <trkpt lat="48.1743300" lon="1.8979740">
    <ele>131.3</ele>
    <time>2025-03-29T13:55:36Z</time>
   </trkpt>
   <trkpt lat="48.1742260" lon="1.8978560">
    <ele>131.1</ele>
    <time>2025-03-29T13:55:38Z</time>
   </trkpt>
   <trkpt lat="48.1740780" lon="1.8975110">
    <ele>130.8</ele>
    <time>2025-03-29T13:55:42Z</time>
   </trkpt>
   <trkpt lat="48.1739300" lon="1.8972930">
    <ele>130.7</ele>
    <time>2025-03-29T13:55:45Z</time>
   </trkpt>
   <trkpt lat="48.1738720" lon="1.8972350">
    <ele>130.6</ele>
    <time>2025-03-29T13:55:46Z</time>
   </trkpt>
   <trkpt lat="48.1735540" lon="1.8970210">
    <ele>130.4</ele>
    <time>2025-03-29T13:55:51Z</time>
   </trkpt>
   <trkpt lat="48.1731470" lon="1.8968780">
    <ele>130.4</ele>
    <time>2025-03-29T13:55:57Z</time>
   </trkpt>
   <trkpt lat="48.1725980" lon="1.8966830">
    <ele>130.0</ele>
    <time>2025-03-29T13:56:05Z</time>
   </trkpt>
   <trkpt lat="48.1724620" lon="1.8966080">
    <ele>129.9</ele>
    <time>2025-03-29T13:56:07Z</time>
   </trkpt>
   <trkpt lat="48.1723980" lon="1.8965620">
    <ele>129.9</ele>
    <time>2025-03-29T13:56:08Z</time>
   </trkpt>
   <trkpt lat="48.1722240" lon="1.8963800">
    <ele>129.6</ele>
    <time>2025-03-29T13:56:11Z</time>
   </trkpt>
   <trkpt lat="48.1717680" lon="1.8959100">
    <ele>128.7</ele>
    <time>2025-03-29T13:56:19Z</time>
   </trkpt>
   <trkpt lat="48.1717100" lon="1.8958470">
    <ele>128.6</ele>
    <time>2025-03-29T13:56:20Z</time>
   </trkpt>
   <trkpt lat="48.1716030" lon="1.8957050">
    <ele>128.4</ele>
    <time>2025-03-29T13:56:22Z</time>
   </trkpt>
   <trkpt lat="48.1715160" lon="1.8955400">
    <ele>128.2</ele>
    <time>2025-03-29T13:56:24Z</time>
   </trkpt>
   <trkpt lat="48.1711870" lon="1.8948560">
    <ele>127.6</ele>
    <time>2025-03-29T13:56:32Z</time>
   </trkpt>
   <trkpt lat="48.1709840" lon="1.8944220">
    <ele>127.4</ele>
    <time>2025-03-29T13:56:37Z</time>
   </trkpt>
   <trkpt lat="48.1707810" lon="1.8939920">
    <ele>127.4</ele>
    <time>2025-03-29T13:56:42Z</time>
   </trkpt>
   <trkpt lat="48.1704980" lon="1.8933970">
    <ele>127.4</ele>
    <time>2025-03-29T13:56:49Z</time>
   </trkpt>
   <trkpt lat="48.1701750" lon="1.8927450">
    <ele>127.8</ele>
    <time>2025-03-29T13:56:57Z</time>
   </trkpt>
   <trkpt lat="48.1700870" lon="1.8926030">
    <ele>128.1</ele>
    <time>2025-03-29T13:56:59Z</time>
   </trkpt>
   <trkpt lat="48.1698270" lon="1.8923290">
    <ele>128.6</ele>
    <time>2025-03-29T13:57:04Z</time>
   </trkpt>
   <trkpt lat="48.1693020" lon="1.8919420">
    <ele>129.1</ele>
    <time>2025-03-29T13:57:13Z</time>
   </trkpt>
   <trkpt lat="48.1688980" lon="1.8916210">
    <ele>129.3</ele>
    <time>2025-03-29T13:57:20Z</time>
   </trkpt>
   <trkpt lat="48.1687890" lon="1.8915110">
    <ele>129.2</ele>
    <time>2025-03-29T13:57:22Z</time>
   </trkpt>
   <trkpt lat="48.1684430" lon="1.8909830">
    <ele>128.1</ele>
    <time>2025-03-29T13:57:29Z</time>
   </trkpt>
   <trkpt lat="48.1680750" lon="1.8902740">
    <ele>127.1</ele>
    <time>2025-03-29T13:57:37Z</time>
   </trkpt>
   <trkpt lat="48.1678370" lon="1.8898620">
    <ele>126.6</ele>
    <time>2025-03-29T13:57:42Z</time>
   </trkpt>
   <trkpt lat="48.1677160" lon="1.8897330">
    <ele>126.5</ele>
    <time>2025-03-29T13:57:44Z</time>
   </trkpt>
   <trkpt lat="48.1673610" lon="1.8895350">
    <ele>126.4</ele>
    <time>2025-03-29T13:57:49Z</time>
   </trkpt>
   <trkpt lat="48.1667930" lon="1.8892920">
    <ele>126.8</ele>
    <time>2025-03-29T13:57:57Z</time>
   </trkpt>
   <trkpt lat="48.1662300" lon="1.8891060">
    <ele>127.2</ele>
    <time>2025-03-29T13:58:05Z</time>
   </trkpt>
   <trkpt lat="48.1661580" lon="1.8890880">
    <ele>127.2</ele>
    <time>2025-03-29T13:58:06Z</time>
   </trkpt>
   <trkpt lat="48.1655660" lon="1.8889510">
    <ele>127.3</ele>
    <time>2025-03-29T13:58:14Z</time>
   </trkpt>
   <trkpt lat="48.1654900" lon="1.8889280">
    <ele>127.2</ele>
    <time>2025-03-29T13:58:15Z</time>
   </trkpt>
   <trkpt lat="48.1649730" lon="1.8886640">
    <ele>126.8</ele>
    <time>2025-03-29T13:58:22Z</time>
   </trkpt>
   <trkpt lat="48.1647590" lon="1.8885090">
    <ele>126.4</ele>
    <time>2025-03-29T13:58:25Z</time>
   </trkpt>
   <trkpt lat="48.1643950" lon="1.8882130">
    <ele>125.5</ele>
    <time>2025-03-29T13:58:30Z</time>
   </trkpt>
   <trkpt lat="48.1641640" lon="1.8880530">
    <ele>124.6</ele>
    <time>2025-03-29T13:58:33Z</time>
   </trkpt>
   <trkpt lat="48.1639970" lon="1.8879580">
    <ele>124.2</ele>
    <time>2025-03-29T13:58:35Z</time>
   </trkpt>
   <trkpt lat="48.1639130" lon="1.8879090">
    <ele>124.1</ele>
    <time>2025-03-29T13:58:36Z</time>
   </trkpt>
   <trkpt lat="48.1637400" lon="1.8878090">
    <ele>124.0</ele>
    <time>2025-03-29T13:58:38Z</time>
   </trkpt>
   <trkpt lat="48.1634960" lon="1.8876460">
    <ele>124.1</ele>
    <time>2025-03-29T13:58:41Z</time>
   </trkpt>
   <trkpt lat="48.1633480" lon="1.8875280">
    <ele>124.2</ele>
    <time>2025-03-29T13:58:43Z</time>
   </trkpt>
   <trkpt lat="48.1628520" lon="1.8871060">
    <ele>124.7</ele>
    <time>2025-03-29T13:58:50Z</time>
   </trkpt>
   <trkpt lat="48.1624300" lon="1.8867360">
    <ele>124.3</ele>
    <time>2025-03-29T13:58:56Z</time>
   </trkpt>
   <trkpt lat="48.1621360" lon="1.8864860">
    <ele>123.9</ele>
    <time>2025-03-29T13:59:00Z</time>
   </trkpt>
   <trkpt lat="48.1616270" lon="1.8860340">
    <ele>123.8</ele>
    <time>2025-03-29T13:59:07Z</time>
   </trkpt>
   <trkpt lat="48.1614860" lon="1.8859090">
    <ele>123.8</ele>
    <time>2025-03-29T13:59:09Z</time>
   </trkpt>
   <trkpt lat="48.1610050" lon="1.8854310">
    <ele>123.8</ele>
    <time>2025-03-29T13:59:16Z</time>
   </trkpt>
   <trkpt lat="48.1609390" lon="1.8853610">
    <ele>123.8</ele>
    <time>2025-03-29T13:59:17Z</time>
   </trkpt>
   <trkpt lat="48.1604820" lon="1.8848970">
    <ele>124.3</ele>
    <time>2025-03-29T13:59:24Z</time>
   </trkpt>
   <trkpt lat="48.1602260" lon="1.8846270">
    <ele>124.3</ele>
    <time>2025-03-29T13:59:28Z</time>
   </trkpt>
   <trkpt lat="48.1597830" lon="1.8841620">
    <ele>124.4</ele>
    <time>2025-03-29T13:59:35Z</time>
   </trkpt>
   <trkpt lat="48.1594550" lon="1.8838240">
    <ele>124.1</ele>
    <time>2025-03-29T13:59:40Z</time>
   </trkpt>
   <trkpt lat="48.1589820" lon="1.8833310">
    <ele>123.9</ele>
    <time>2025-03-29T13:59:47Z</time>
   </trkpt>
   <trkpt lat="48.1587140" lon="1.8830530">
    <ele>124.1</ele>
    <time>2025-03-29T13:59:51Z</time>
   </trkpt>
   <trkpt lat="48.1582620" lon="1.8825850">
    <ele>125.0</ele>
    <time>2025-03-29T13:59:58Z</time>
   </trkpt>
   <trkpt lat="48.1581390" lon="1.8824570">
    <ele>125.2</ele>
    <time>2025-03-29T14:00:00Z</time>
   </trkpt>
   <trkpt lat="48.1576600" lon="1.8819580">
    <ele>126.2</ele>
    <time>2025-03-29T14:00:08Z</time>
   </trkpt>
   <trkpt lat="48.1576030" lon="1.8818990">
    <ele>126.3</ele>
    <time>2025-03-29T14:00:09Z</time>
   </trkpt>
   <trkpt lat="48.1573210" lon="1.8816080">
    <ele>127.0</ele>
    <time>2025-03-29T14:00:14Z</time>
   </trkpt>
   <trkpt lat="48.1570370" lon="1.8813200">
    <ele>127.8</ele>
    <time>2025-03-29T14:00:19Z</time>
   </trkpt>
   <trkpt lat="48.1565550" lon="1.8809030">
    <ele>128.7</ele>
    <time>2025-03-29T14:00:27Z</time>
   </trkpt>
   <trkpt lat="48.1564350" lon="1.8807780">
    <ele>128.7</ele>
    <time>2025-03-29T14:00:29Z</time>
   </trkpt>
   <trkpt lat="48.1560570" lon="1.8802480">
    <ele>128.8</ele>
    <time>2025-03-29T14:00:36Z</time>
   </trkpt>
   <trkpt lat="48.1556800" lon="1.8798590">
    <ele>128.6</ele>
    <time>2025-03-29T14:00:42Z</time>
   </trkpt>
   <trkpt lat="48.1551570" lon="1.8796010">
    <ele>129.0</ele>
    <time>2025-03-29T14:00:49Z</time>
   </trkpt>
   <trkpt lat="48.1545880" lon="1.8793200">
    <ele>129.5</ele>
    <time>2025-03-29T14:00:57Z</time>
   </trkpt>
   <trkpt lat="48.1543770" lon="1.8792110">
    <ele>129.7</ele>
    <time>2025-03-29T14:01:00Z</time>
   </trkpt>
   <trkpt lat="48.1541060" lon="1.8790630">
    <ele>130.1</ele>
    <time>2025-03-29T14:01:04Z</time>
   </trkpt>
   <trkpt lat="48.1539110" lon="1.8789320">
    <ele>130.2</ele>
    <time>2025-03-29T14:01:07Z</time>
   </trkpt>
   <trkpt lat="48.1538490" lon="1.8788870">
    <ele>130.2</ele>
    <time>2025-03-29T14:01:08Z</time>
   </trkpt>
   <trkpt lat="48.1533530" lon="1.8784660">
    <ele>130.9</ele>
    <time>2025-03-29T14:01:16Z</time>
   </trkpt>
   <trkpt lat="48.1532930" lon="1.8784060">
    <ele>130.9</ele>
    <time>2025-03-29T14:01:17Z</time>
   </trkpt>
   <trkpt lat="48.1528270" lon="1.8778680">
    <ele>131.4</ele>
    <time>2025-03-29T14:01:25Z</time>
   </trkpt>
   <trkpt lat="48.1523790" lon="1.8772750">
    <ele>131.3</ele>
    <time>2025-03-29T14:01:33Z</time>
   </trkpt>
   <trkpt lat="48.1522070" lon="1.8770560">
    <ele>131.3</ele>
    <time>2025-03-29T14:01:36Z</time>
   </trkpt>
   <trkpt lat="48.1517510" lon="1.8765370">
    <ele>131.4</ele>
    <time>2025-03-29T14:01:44Z</time>
   </trkpt>
   <trkpt lat="48.1512870" lon="1.8760340">
    <ele>131.7</ele>
    <time>2025-03-29T14:01:52Z</time>
   </trkpt>
   <trkpt lat="48.1512300" lon="1.8759700">
    <ele>131.8</ele>
    <time>2025-03-29T14:01:53Z</time>
   </trkpt>
   <trkpt lat="48.1507420" lon="1.8754680">
    <ele>131.8</ele>
    <time>2025-03-29T14:02:01Z</time>
   </trkpt>
   <trkpt lat="48.1506080" lon="1.8753440">
    <ele>131.7</ele>
    <time>2025-03-29T14:02:03Z</time>
   </trkpt>
   <trkpt lat="48.1501030" lon="1.8750050">
    <ele>130.9</ele>
    <time>2025-03-29T14:02:10Z</time>
   </trkpt>
   <trkpt lat="48.1495800" lon="1.8747120">
    <ele>130.2</ele>
    <time>2025-03-29T14:02:17Z</time>
   </trkpt>
   <trkpt lat="48.1494350" lon="1.8745990">
    <ele>130.1</ele>
    <time>2025-03-29T14:02:19Z</time>
   </trkpt>
   <trkpt lat="48.1491570" lon="1.8743560">
    <ele>130.1</ele>
    <time>2025-03-29T14:02:23Z</time>
   </trkpt>
   <trkpt lat="48.1490890" lon="1.8742950">
    <ele>130.2</ele>
    <time>2025-03-29T14:02:24Z</time>
   </trkpt>
   <trkpt lat="48.1490210" lon="1.8742330">
    <ele>130.2</ele>
    <time>2025-03-29T14:02:25Z</time>
   </trkpt>
   <trkpt lat="48.1489550" lon="1.8741710">
    <ele>130.2</ele>
    <time>2025-03-29T14:02:26Z</time>
   </trkpt>
   <trkpt lat="48.1486850" lon="1.8739240">
    <ele>130.3</ele>
    <time>2025-03-29T14:02:30Z</time>
   </trkpt>
   <trkpt lat="48.1482400" lon="1.8735280">
    <ele>130.9</ele>
    <time>2025-03-29T14:02:37Z</time>
   </trkpt>
   <trkpt lat="48.1479970" lon="1.8733050">
    <ele>131.2</ele>
    <time>2025-03-29T14:02:41Z</time>
   </trkpt>
   <trkpt lat="48.1476350" lon="1.8729540">
    <ele>131.8</ele>
    <time>2025-03-29T14:02:47Z</time>
   </trkpt>
   <trkpt lat="48.1472970" lon="1.8725860">
    <ele>132.2</ele>
    <time>2025-03-29T14:02:53Z</time>
   </trkpt>
   <trkpt lat="48.1471980" lon="1.8724410">
    <ele>132.2</ele>
    <time>2025-03-29T14:02:55Z</time>
   </trkpt>
   <trkpt lat="48.1471020" lon="1.8722920">
    <ele>132.2</ele>
    <time>2025-03-29T14:02:57Z</time>
   </trkpt>
   <trkpt lat="48.1468860" lon="1.8719750">
    <ele>132.2</ele>
    <time>2025-03-29T14:03:02Z</time>
   </trkpt>
   <trkpt lat="48.1468390" lon="1.8719230">
    <ele>132.2</ele>
    <time>2025-03-29T14:03:03Z</time>
   </trkpt>
   <trkpt lat="48.1467870" lon="1.8718780">
    <ele>132.2</ele>
    <time>2025-03-29T14:03:04Z</time>
   </trkpt>
   <trkpt lat="48.1465640" lon="1.8717370">
    <ele>132.4</ele>
    <time>2025-03-29T14:03:08Z</time>
   </trkpt>
   <trkpt lat="48.1461720" lon="1.8714090">
    <ele>132.8</ele>
    <time>2025-03-29T14:03:16Z</time>
   </trkpt>
   <trkpt lat="48.1461420" lon="1.8713690">
    <ele>132.8</ele>
    <time>2025-03-29T14:03:17Z</time>
   </trkpt>
   <trkpt lat="48.1461010" lon="1.8712900">
    <ele>132.8</ele>
    <time>2025-03-29T14:03:19Z</time>
   </trkpt>
   <trkpt lat="48.1460880" lon="1.8712410">
    <ele>132.8</ele>
    <time>2025-03-29T14:03:20Z</time>
   </trkpt>
   <trkpt lat="48.1460800" lon="1.8711830">
    <ele>132.8</ele>
    <time>2025-03-29T14:03:21Z</time>
   </trkpt>
   <trkpt lat="48.1460170" lon="1.8709370">
    <ele>132.9</ele>
    <time>2025-03-29T14:03:25Z</time>
   </trkpt>
   <trkpt lat="48.1459010" lon="1.8706820">
    <ele>133.1</ele>
    <time>2025-03-29T14:03:30Z</time>
   </trkpt>
   <trkpt lat="48.1458680" lon="1.8706700">
    <ele>133.1</ele>
    <time>2025-03-29T14:03:31Z</time>
   </trkpt>
   <trkpt lat="48.1458280" lon="1.8706810">
    <ele>133.1</ele>
    <time>2025-03-29T14:03:32Z</time>
   </trkpt>
   <trkpt lat="48.1457430" lon="1.8707500">
    <ele>133.1</ele>
    <time>2025-03-29T14:03:34Z</time>
   </trkpt>
   <trkpt lat="48.1454990" lon="1.8709380">
    <ele>133.2</ele>
    <time>2025-03-29T14:03:39Z</time>
   </trkpt>
   <trkpt lat="48.1453900" lon="1.8709680">
    <ele>133.2</ele>
    <time>2025-03-29T14:03:41Z</time>
   </trkpt>
   <trkpt lat="48.1452810" lon="1.8709500">
    <ele>133.1</ele>
    <time>2025-03-29T14:03:43Z</time>
   </trkpt>
   <trkpt lat="48.1451730" lon="1.8708890">
    <ele>133.0</ele>
    <time>2025-03-29T14:03:45Z</time>
   </trkpt>
   <trkpt lat="48.1451150" lon="1.8708560">
    <ele>133.0</ele>
    <time>2025-03-29T14:03:46Z</time>
   </trkpt>
   <trkpt lat="48.1449990" lon="1.8707790">
    <ele>133.0</ele>
    <time>2025-03-29T14:03:48Z</time>
   </trkpt>
   <trkpt lat="48.1447440" lon="1.8706190">
    <ele>132.8</ele>
    <time>2025-03-29T14:03:52Z</time>
   </trkpt>
   <trkpt lat="48.1442640" lon="1.8703230">
    <ele>132.9</ele>
    <time>2025-03-29T14:03:59Z</time>
   </trkpt>
   <trkpt lat="48.1437500" lon="1.8699030">
    <ele>133.1</ele>
    <time>2025-03-29T14:04:07Z</time>
   </trkpt>
   <trkpt lat="48.1435600" lon="1.8697540">
    <ele>133.2</ele>
    <time>2025-03-29T14:04:10Z</time>
   </trkpt>
   <trkpt lat="48.1430840" lon="1.8694950">
    <ele>133.4</ele>
    <time>2025-03-29T14:04:17Z</time>
   </trkpt>
   <trkpt lat="48.1425030" lon="1.8692430">
    <ele>133.0</ele>
    <time>2025-03-29T14:04:25Z</time>
   </trkpt>
   <trkpt lat="48.1423560" lon="1.8691760">
    <ele>132.8</ele>
    <time>2025-03-29T14:04:27Z</time>
   </trkpt>
   <trkpt lat="48.1422830" lon="1.8691430">
    <ele>132.7</ele>
    <time>2025-03-29T14:04:28Z</time>
   </trkpt>
   <trkpt lat="48.1422100" lon="1.8691110">
    <ele>132.6</ele>
    <time>2025-03-29T14:04:29Z</time>
   </trkpt>
   <trkpt lat="48.1420630" lon="1.8690480">
    <ele>132.4</ele>
    <time>2025-03-29T14:04:31Z</time>
   </trkpt>
   <trkpt lat="48.1418420" lon="1.8689530">
    <ele>132.1</ele>
    <time>2025-03-29T14:04:34Z</time>
   </trkpt>
   <trkpt lat="48.1414520" lon="1.8687810">
    <ele>131.4</ele>
    <time>2025-03-29T14:04:39Z</time>
   </trkpt>
   <trkpt lat="48.1409120" lon="1.8685030">
    <ele>130.0</ele>
    <time>2025-03-29T14:04:46Z</time>
   </trkpt>
   <trkpt lat="48.1407550" lon="1.8684060">
    <ele>129.6</ele>
    <time>2025-03-29T14:04:48Z</time>
   </trkpt>
   <trkpt lat="48.1405980" lon="1.8682970">
    <ele>129.2</ele>
    <time>2025-03-29T14:04:50Z</time>
   </trkpt>
   <trkpt lat="48.1401370" lon="1.8679580">
    <ele>128.6</ele>
    <time>2025-03-29T14:04:56Z</time>
   </trkpt>
   <trkpt lat="48.1397610" lon="1.8676830">
    <ele>128.3</ele>
    <time>2025-03-29T14:05:01Z</time>
   </trkpt>
   <trkpt lat="48.1395410" lon="1.8675190">
    <ele>128.2</ele>
    <time>2025-03-29T14:05:04Z</time>
   </trkpt>
   <trkpt lat="48.1393950" lon="1.8674110">
    <ele>128.1</ele>
    <time>2025-03-29T14:05:06Z</time>
   </trkpt>
   <trkpt lat="48.1392490" lon="1.8673100">
    <ele>127.9</ele>
    <time>2025-03-29T14:05:08Z</time>
   </trkpt>
   <trkpt lat="48.1387280" lon="1.8670140">
    <ele>127.2</ele>
    <time>2025-03-29T14:05:15Z</time>
   </trkpt>
   <trkpt lat="48.1381890" lon="1.8667550">
    <ele>126.3</ele>
    <time>2025-03-29T14:05:22Z</time>
   </trkpt>
   <trkpt lat="48.1378840" lon="1.8666080">
    <ele>126.0</ele>
    <time>2025-03-29T14:05:26Z</time>
   </trkpt>
   <trkpt lat="48.1373650" lon="1.8663450">
    <ele>125.8</ele>
    <time>2025-03-29T14:05:33Z</time>
   </trkpt>
   <trkpt lat="48.1370890" lon="1.8661710">
    <ele>126.1</ele>
    <time>2025-03-29T14:05:37Z</time>
   </trkpt>
   <trkpt lat="48.1365660" lon="1.8657520">
    <ele>126.8</ele>
    <time>2025-03-29T14:05:45Z</time>
   </trkpt>
   <trkpt lat="48.1363660" lon="1.8655930">
    <ele>127.2</ele>
    <time>2025-03-29T14:05:48Z</time>
   </trkpt>
   <trkpt lat="48.1358350" lon="1.8652740">
    <ele>128.3</ele>
    <time>2025-03-29T14:05:56Z</time>
   </trkpt>
   <trkpt lat="48.1353200" lon="1.8650070">
    <ele>129.1</ele>
    <time>2025-03-29T14:06:04Z</time>
   </trkpt>
   <trkpt lat="48.1351250" lon="1.8649240">
    <ele>129.2</ele>
    <time>2025-03-29T14:06:07Z</time>
   </trkpt>
   <trkpt lat="48.1345690" lon="1.8647630">
    <ele>129.1</ele>
    <time>2025-03-29T14:06:15Z</time>
   </trkpt>
   <trkpt lat="48.1339610" lon="1.8646290">
    <ele>127.8</ele>
    <time>2025-03-29T14:06:23Z</time>
   </trkpt>
   <trkpt lat="48.1337970" lon="1.8645950">
    <ele>127.4</ele>
    <time>2025-03-29T14:06:25Z</time>
   </trkpt>
   <trkpt lat="48.1332140" lon="1.8644600">
    <ele>126.1</ele>
    <time>2025-03-29T14:06:32Z</time>
   </trkpt>
   <trkpt lat="48.1330500" lon="1.8644200">
    <ele>125.9</ele>
    <time>2025-03-29T14:06:34Z</time>
   </trkpt>
   <trkpt lat="48.1324770" lon="1.8642950">
    <ele>125.7</ele>
    <time>2025-03-29T14:06:41Z</time>
   </trkpt>
   <trkpt lat="48.1321530" lon="1.8642200">
    <ele>126.0</ele>
    <time>2025-03-29T14:06:45Z</time>
   </trkpt>
   <trkpt lat="48.1316050" lon="1.8640920">
    <ele>126.4</ele>
    <time>2025-03-29T14:06:52Z</time>
   </trkpt>
   <trkpt lat="48.1313740" lon="1.8640400">
    <ele>126.7</ele>
    <time>2025-03-29T14:06:55Z</time>
   </trkpt>
   <trkpt lat="48.1308480" lon="1.8639190">
    <ele>127.4</ele>
    <time>2025-03-29T14:07:02Z</time>
   </trkpt>
   <trkpt lat="48.1306250" lon="1.8638670">
    <ele>127.5</ele>
    <time>2025-03-29T14:07:05Z</time>
   </trkpt>
   <trkpt lat="48.1304040" lon="1.8638210">
    <ele>127.5</ele>
    <time>2025-03-29T14:07:08Z</time>
   </trkpt>
   <trkpt lat="48.1299780" lon="1.8637270">
    <ele>127.6</ele>
    <time>2025-03-29T14:07:14Z</time>
   </trkpt>
   <trkpt lat="48.1296340" lon="1.8636570">
    <ele>127.5</ele>
    <time>2025-03-29T14:07:19Z</time>
   </trkpt>
   <trkpt lat="48.1294960" lon="1.8636290">
    <ele>127.4</ele>
    <time>2025-03-29T14:07:21Z</time>
   </trkpt>
   <trkpt lat="48.1294280" lon="1.8636150">
    <ele>127.3</ele>
    <time>2025-03-29T14:07:22Z</time>
   </trkpt>
   <trkpt lat="48.1292280" lon="1.8635980">
    <ele>127.0</ele>
    <time>2025-03-29T14:07:25Z</time>
   </trkpt>
   <trkpt lat="48.1290940" lon="1.8636370">
    <ele>126.8</ele>
    <time>2025-03-29T14:07:27Z</time>
   </trkpt>
   <trkpt lat="48.1285320" lon="1.8639090">
    <ele>125.7</ele>
    <time>2025-03-29T14:07:35Z</time>
   </trkpt>
   <trkpt lat="48.1284600" lon="1.8639400">
    <ele>125.6</ele>
    <time>2025-03-29T14:07:36Z</time>
   </trkpt>
   <trkpt lat="48.1279480" lon="1.8641680">
    <ele>125.0</ele>
    <time>2025-03-29T14:07:43Z</time>
   </trkpt>
   <trkpt lat="48.1278710" lon="1.8642040">
    <ele>124.8</ele>
    <time>2025-03-29T14:07:44Z</time>
   </trkpt>
   <trkpt lat="48.1275650" lon="1.8643440">
    <ele>124.3</ele>
    <time>2025-03-29T14:07:48Z</time>
   </trkpt>
   <trkpt lat="48.1270280" lon="1.8645790">
    <ele>123.7</ele>
    <time>2025-03-29T14:07:55Z</time>
   </trkpt>
   <trkpt lat="48.1266430" lon="1.8647500">
    <ele>123.2</ele>
    <time>2025-03-29T14:08:00Z</time>
   </trkpt>
   <trkpt lat="48.1264820" lon="1.8648220">
    <ele>123.2</ele>
    <time>2025-03-29T14:08:02Z</time>
   </trkpt>
   <trkpt lat="48.1259300" lon="1.8650670">
    <ele>123.1</ele>
    <time>2025-03-29T14:08:09Z</time>
   </trkpt>
   <trkpt lat="48.1257710" lon="1.8651390">
    <ele>123.0</ele>
    <time>2025-03-29T14:08:11Z</time>
   </trkpt>
   <trkpt lat="48.1255350" lon="1.8652460">
    <ele>122.9</ele>
    <time>2025-03-29T14:08:14Z</time>
   </trkpt>
   <trkpt lat="48.1249780" lon="1.8654900">
    <ele>122.3</ele>
    <time>2025-03-29T14:08:21Z</time>
   </trkpt>
   <trkpt lat="48.1249000" lon="1.8655250">
    <ele>122.2</ele>
    <time>2025-03-29T14:08:22Z</time>
   </trkpt>
   <trkpt lat="48.1243490" lon="1.8657600">
    <ele>122.2</ele>
    <time>2025-03-29T14:08:29Z</time>
   </trkpt>
   <trkpt lat="48.1241140" lon="1.8658610">
    <ele>122.5</ele>
    <time>2025-03-29T14:08:32Z</time>
   </trkpt>
   <trkpt lat="48.1235760" lon="1.8661020">
    <ele>123.7</ele>
    <time>2025-03-29T14:08:39Z</time>
   </trkpt>
   <trkpt lat="48.1234250" lon="1.8661690">
    <ele>124.0</ele>
    <time>2025-03-29T14:08:41Z</time>
   </trkpt>
   <trkpt lat="48.1232050" lon="1.8662660">
    <ele>124.4</ele>
    <time>2025-03-29T14:08:44Z</time>
   </trkpt>
   <trkpt lat="48.1229880" lon="1.8663590">
    <ele>124.7</ele>
    <time>2025-03-29T14:08:47Z</time>
   </trkpt>
   <trkpt lat="48.1226910" lon="1.8664910">
    <ele>125.0</ele>
    <time>2025-03-29T14:08:51Z</time>
   </trkpt>
   <trkpt lat="48.1223920" lon="1.8666240">
    <ele>125.1</ele>
    <time>2025-03-29T14:08:55Z</time>
   </trkpt>
   <trkpt lat="48.1218910" lon="1.8668450">
    <ele>125.2</ele>
    <time>2025-03-29T14:09:02Z</time>
   </trkpt>
   <trkpt lat="48.1216790" lon="1.8669340">
    <ele>125.2</ele>
    <time>2025-03-29T14:09:05Z</time>
   </trkpt>
   <trkpt lat="48.1216060" lon="1.8669640">
    <ele>125.2</ele>
    <time>2025-03-29T14:09:06Z</time>
   </trkpt>
   <trkpt lat="48.1214570" lon="1.8670290">
    <ele>125.2</ele>
    <time>2025-03-29T14:09:08Z</time>
   </trkpt>
   <trkpt lat="48.1210130" lon="1.8672470">
    <ele>125.2</ele>
    <time>2025-03-29T14:09:14Z</time>
   </trkpt>
   <trkpt lat="48.1208700" lon="1.8673440">
    <ele>125.0</ele>
    <time>2025-03-29T14:09:16Z</time>
   </trkpt>
   <trkpt lat="48.1207990" lon="1.8673970">
    <ele>124.9</ele>
    <time>2025-03-29T14:09:17Z</time>
   </trkpt>
   <trkpt lat="48.1204620" lon="1.8676690">
    <ele>124.6</ele>
    <time>2025-03-29T14:09:22Z</time>
   </trkpt>
   <trkpt lat="48.1199260" lon="1.8681150">
    <ele>123.7</ele>
    <time>2025-03-29T14:09:30Z</time>
   </trkpt>
   <trkpt lat="48.1195780" lon="1.8684090">
    <ele>123.6</ele>
    <time>2025-03-29T14:09:35Z</time>
   </trkpt>
   <trkpt lat="48.1192620" lon="1.8687880">
    <ele>123.9</ele>
    <time>2025-03-29T14:09:40Z</time>
   </trkpt>
   <trkpt lat="48.1188760" lon="1.8693680">
    <ele>124.1</ele>
    <time>2025-03-29T14:09:47Z</time>
   </trkpt>
   <trkpt lat="48.1187600" lon="1.8695200">
    <ele>124.0</ele>
    <time>2025-03-29T14:09:49Z</time>
   </trkpt>
   <trkpt lat="48.1182850" lon="1.8700610">
    <ele>123.5</ele>
    <time>2025-03-29T14:09:56Z</time>
   </trkpt>
   <trkpt lat="48.1181460" lon="1.8702300">
    <ele>123.4</ele>
    <time>2025-03-29T14:09:58Z</time>
   </trkpt>
   <trkpt lat="48.1179490" lon="1.8705120">
    <ele>123.2</ele>
    <time>2025-03-29T14:10:01Z</time>
   </trkpt>
   <trkpt lat="48.1177600" lon="1.8708060">
    <ele>123.1</ele>
    <time>2025-03-29T14:10:04Z</time>
   </trkpt>
   <trkpt lat="48.1176360" lon="1.8710050">
    <ele>123.1</ele>
    <time>2025-03-29T14:10:06Z</time>
   </trkpt>
   <trkpt lat="48.1172170" lon="1.8717000">
    <ele>123.9</ele>
    <time>2025-03-29T14:10:13Z</time>
   </trkpt>
   <trkpt lat="48.1170370" lon="1.8719940">
    <ele>124.2</ele>
    <time>2025-03-29T14:10:16Z</time>
   </trkpt>
   <trkpt lat="48.1168360" lon="1.8722660">
    <ele>124.2</ele>
    <time>2025-03-29T14:10:19Z</time>
   </trkpt>
   <trkpt lat="48.1167600" lon="1.8723390">
    <ele>124.1</ele>
    <time>2025-03-29T14:10:20Z</time>
   </trkpt>
   <trkpt lat="48.1165120" lon="1.8724930">
    <ele>124.1</ele>
    <time>2025-03-29T14:10:23Z</time>
   </trkpt>
   <trkpt lat="48.1159450" lon="1.8727540">
    <ele>124.2</ele>
    <time>2025-03-29T14:10:30Z</time>
   </trkpt>
   <trkpt lat="48.1158740" lon="1.8727740">
    <ele>124.2</ele>
    <time>2025-03-29T14:10:31Z</time>
   </trkpt>
   <trkpt lat="48.1154700" lon="1.8728100">
    <ele>124.4</ele>
    <time>2025-03-29T14:10:37Z</time>
   </trkpt>
   <trkpt lat="48.1151270" lon="1.8727160">
    <ele>124.2</ele>
    <time>2025-03-29T14:10:42Z</time>
   </trkpt>
   <trkpt lat="48.1150570" lon="1.8726870">
    <ele>124.2</ele>
    <time>2025-03-29T14:10:43Z</time>
   </trkpt>
   <trkpt lat="48.1146690" lon="1.8724310">
    <ele>124.0</ele>
    <time>2025-03-29T14:10:49Z</time>
   </trkpt>
   <trkpt lat="48.1143730" lon="1.8721990">
    <ele>123.7</ele>
    <time>2025-03-29T14:10:54Z</time>
   </trkpt>
   <trkpt lat="48.1142390" lon="1.8721490">
    <ele>123.6</ele>
    <time>2025-03-29T14:10:56Z</time>
   </trkpt>
   <trkpt lat="48.1141060" lon="1.8721450">
    <ele>123.5</ele>
    <time>2025-03-29T14:10:58Z</time>
   </trkpt>
   <trkpt lat="48.1139880" lon="1.8721710">
    <ele>123.4</ele>
    <time>2025-03-29T14:11:00Z</time>
   </trkpt>
   <trkpt lat="48.1139350" lon="1.8721780">
    <ele>123.4</ele>
    <time>2025-03-29T14:11:01Z</time>
   </trkpt>
   <trkpt lat="48.1138370" lon="1.8721470">
    <ele>123.3</ele>
    <time>2025-03-29T14:11:03Z</time>
   </trkpt>
   <trkpt lat="48.1137750" lon="1.8720290">
    <ele>123.2</ele>
    <time>2025-03-29T14:11:05Z</time>
   </trkpt>
   <trkpt lat="48.1137640" lon="1.8719500">
    <ele>123.2</ele>
    <time>2025-03-29T14:11:06Z</time>
   </trkpt>
   <trkpt lat="48.1137600" lon="1.8718700">
    <ele>123.2</ele>
    <time>2025-03-29T14:11:07Z</time>
   </trkpt>
   <trkpt lat="48.1137730" lon="1.8716100">
    <ele>123.0</ele>
    <time>2025-03-29T14:11:10Z</time>
   </trkpt>
   <trkpt lat="48.1137740" lon="1.8715200">
    <ele>123.0</ele>
    <time>2025-03-29T14:11:11Z</time>
   </trkpt>
   <trkpt lat="48.1137640" lon="1.8712570">
    <ele>122.9</ele>
    <time>2025-03-29T14:11:14Z</time>
   </trkpt>
   <trkpt lat="48.1137330" lon="1.8710820">
    <ele>122.8</ele>
    <time>2025-03-29T14:11:16Z</time>
   </trkpt>
   <trkpt lat="48.1137040" lon="1.8709980">
    <ele>122.8</ele>
    <time>2025-03-29T14:11:17Z</time>
   </trkpt>
   <trkpt lat="48.1136650" lon="1.8709180">
    <ele>122.8</ele>
    <time>2025-03-29T14:11:18Z</time>
   </trkpt>
   <trkpt lat="48.1134740" lon="1.8706230">
    <ele>122.6</ele>
    <time>2025-03-29T14:11:22Z</time>
   </trkpt>
   <trkpt lat="48.1132310" lon="1.8702670">
    <ele>122.4</ele>
    <time>2025-03-29T14:11:27Z</time>
   </trkpt>
   <trkpt lat="48.1130590" lon="1.8700020">
    <ele>122.2</ele>
    <time>2025-03-29T14:11:31Z</time>
   </trkpt>
   <trkpt lat="48.1128330" lon="1.8697150">
    <ele>122.0</ele>
    <time>2025-03-29T14:11:36Z</time>
   </trkpt>
   <trkpt lat="48.1127890" lon="1.8696900">
    <ele>122.0</ele>
    <time>2025-03-29T14:11:37Z</time>
   </trkpt>
   <trkpt lat="48.1127460" lon="1.8696900">
    <ele>121.9</ele>
    <time>2025-03-29T14:11:38Z</time>
   </trkpt>
   <trkpt lat="48.1127060" lon="1.8697220">
    <ele>121.9</ele>
    <time>2025-03-29T14:11:39Z</time>
   </trkpt>
   <trkpt lat="48.1126660" lon="1.8697740">
    <ele>121.8</ele>
    <time>2025-03-29T14:11:40Z</time>
   </trkpt>
   <trkpt lat="48.1125510" lon="1.8699760">
    <ele>121.6</ele>
    <time>2025-03-29T14:11:43Z</time>
   </trkpt>
   <trkpt lat="48.1122460" lon="1.8704690">
    <ele>121.5</ele>
    <time>2025-03-29T14:11:50Z</time>
   </trkpt>
   <trkpt lat="48.1121590" lon="1.8706100">
    <ele>121.5</ele>
    <time>2025-03-29T14:11:52Z</time>
   </trkpt>
   <trkpt lat="48.1117690" lon="1.8712280">
    <ele>122.2</ele>
    <time>2025-03-29T14:12:00Z</time>
   </trkpt>
   <trkpt lat="48.1116550" lon="1.8713530">
    <ele>122.4</ele>
    <time>2025-03-29T14:12:02Z</time>
   </trkpt>
   <trkpt lat="48.1113280" lon="1.8715100">
    <ele>122.3</ele>
    <time>2025-03-29T14:12:07Z</time>
   </trkpt>
   <trkpt lat="48.1107770" lon="1.8717680">
    <ele>122.4</ele>
    <time>2025-03-29T14:12:15Z</time>
   </trkpt>
   <trkpt lat="48.1107020" lon="1.8718000">
    <ele>122.4</ele>
    <time>2025-03-29T14:12:16Z</time>
   </trkpt>
   <trkpt lat="48.1101450" lon="1.8720490">
    <ele>122.3</ele>
    <time>2025-03-29T14:12:23Z</time>
   </trkpt>
   <trkpt lat="48.1096280" lon="1.8722870">
    <ele>122.1</ele>
    <time>2025-03-29T14:12:29Z</time>
   </trkpt>
   <trkpt lat="48.1093560" lon="1.8724160">
    <ele>122.0</ele>
    <time>2025-03-29T14:12:32Z</time>
   </trkpt>
   <trkpt lat="48.1088800" lon="1.8726410">
    <ele>122.0</ele>
    <time>2025-03-29T14:12:37Z</time>
   </trkpt>
   <trkpt lat="48.1086840" lon="1.8727300">
    <ele>122.2</ele>
    <time>2025-03-29T14:12:39Z</time>
   </trkpt>
   <trkpt lat="48.1080970" lon="1.8729910">
    <ele>122.9</ele>
    <time>2025-03-29T14:12:45Z</time>
   </trkpt>
   <trkpt lat="48.1077160" lon="1.8731650">
    <ele>123.4</ele>
    <time>2025-03-29T14:12:49Z</time>
   </trkpt>
   <trkpt lat="48.1071460" lon="1.8734060">
    <ele>123.7</ele>
    <time>2025-03-29T14:12:55Z</time>
   </trkpt>
   <trkpt lat="48.1070480" lon="1.8734460">
    <ele>123.6</ele>
    <time>2025-03-29T14:12:56Z</time>
   </trkpt>
   <trkpt lat="48.1064350" lon="1.8736630">
    <ele>122.9</ele>
    <time>2025-03-29T14:13:02Z</time>
   </trkpt>
   <trkpt lat="48.1062210" lon="1.8737390">
    <ele>122.6</ele>
    <time>2025-03-29T14:13:04Z</time>
   </trkpt>
   <trkpt lat="48.1056680" lon="1.8739460">
    <ele>121.8</ele>
    <time>2025-03-29T14:13:09Z</time>
   </trkpt>
   <trkpt lat="48.1053240" lon="1.8740770">
    <ele>121.3</ele>
    <time>2025-03-29T14:13:12Z</time>
   </trkpt>
   <trkpt lat="48.1047550" lon="1.8742850">
    <ele>120.9</ele>
    <time>2025-03-29T14:13:17Z</time>
   </trkpt>
   <trkpt lat="48.1042110" lon="1.8744880">
    <ele>121.0</ele>
    <time>2025-03-29T14:13:22Z</time>
   </trkpt>
   <trkpt lat="48.1035950" lon="1.8747230">
    <ele>121.3</ele>
    <time>2025-03-29T14:13:28Z</time>
   </trkpt>
   <trkpt lat="48.1033980" lon="1.8747960">
    <ele>121.5</ele>
    <time>2025-03-29T14:13:30Z</time>
   </trkpt>
   <trkpt lat="48.1030210" lon="1.8749330">
    <ele>122.2</ele>
    <time>2025-03-29T14:13:34Z</time>
   </trkpt>
   <trkpt lat="48.1026680" lon="1.8750650">
    <ele>123.0</ele>
    <time>2025-03-29T14:13:38Z</time>
   </trkpt>
   <trkpt lat="48.1024970" lon="1.8751280">
    <ele>123.3</ele>
    <time>2025-03-29T14:13:40Z</time>
   </trkpt>
   <trkpt lat="48.1023260" lon="1.8751960">
    <ele>123.5</ele>
    <time>2025-03-29T14:13:42Z</time>
   </trkpt>
   <trkpt lat="48.1022390" lon="1.8752270">
    <ele>123.7</ele>
    <time>2025-03-29T14:13:43Z</time>
   </trkpt>
   <trkpt lat="48.1019790" lon="1.8753270">
    <ele>123.8</ele>
    <time>2025-03-29T14:13:46Z</time>
   </trkpt>
   <trkpt lat="48.1013730" lon="1.8755410">
    <ele>123.7</ele>
    <time>2025-03-29T14:13:53Z</time>
   </trkpt>
   <trkpt lat="48.1008480" lon="1.8757320">
    <ele>123.2</ele>
    <time>2025-03-29T14:13:59Z</time>
   </trkpt>
   <trkpt lat="48.1003080" lon="1.8759290">
    <ele>122.9</ele>
    <time>2025-03-29T14:14:05Z</time>
   </trkpt>
   <trkpt lat="48.1000430" lon="1.8760330">
    <ele>122.8</ele>
    <time>2025-03-29T14:14:08Z</time>
   </trkpt>
   <trkpt lat="48.0999550" lon="1.8760680">
    <ele>122.8</ele>
    <time>2025-03-29T14:14:09Z</time>
   </trkpt>
   <trkpt lat="48.0998670" lon="1.8761010">
    <ele>122.7</ele>
    <time>2025-03-29T14:14:10Z</time>
   </trkpt>
   <trkpt lat="48.0997770" lon="1.8761350">
    <ele>122.7</ele>
    <time>2025-03-29T14:14:11Z</time>
   </trkpt>
   <trkpt lat="48.0996870" lon="1.8761680">
    <ele>122.7</ele>
    <time>2025-03-29T14:14:12Z</time>
   </trkpt>
   <trkpt lat="48.0995970" lon="1.8762010">
    <ele>122.6</ele>
    <time>2025-03-29T14:14:13Z</time>
   </trkpt>
   <trkpt lat="48.0992360" lon="1.8763360">
    <ele>122.1</ele>
    <time>2025-03-29T14:14:17Z</time>
   </trkpt>
   <trkpt lat="48.0987010" lon="1.8765140">
    <ele>122.0</ele>
    <time>2025-03-29T14:14:23Z</time>
   </trkpt>
   <trkpt lat="48.0980910" lon="1.8766740">
    <ele>122.2</ele>
    <time>2025-03-29T14:14:30Z</time>
   </trkpt>
   <trkpt lat="48.0978330" lon="1.8767250">
    <ele>122.3</ele>
    <time>2025-03-29T14:14:33Z</time>
   </trkpt>
   <trkpt lat="48.0972410" lon="1.8768520">
    <ele>122.8</ele>
    <time>2025-03-29T14:14:40Z</time>
   </trkpt>
   <trkpt lat="48.0970760" lon="1.8768930">
    <ele>122.8</ele>
    <time>2025-03-29T14:14:42Z</time>
   </trkpt>
   <trkpt lat="48.0964900" lon="1.8770240">
    <ele>122.4</ele>
    <time>2025-03-29T14:14:49Z</time>
   </trkpt>
   <trkpt lat="48.0962280" lon="1.8770850">
    <ele>121.9</ele>
    <time>2025-03-29T14:14:52Z</time>
   </trkpt>
   <trkpt lat="48.0956890" lon="1.8772030">
    <ele>120.8</ele>
    <time>2025-03-29T14:14:58Z</time>
   </trkpt>
   <trkpt lat="48.0953220" lon="1.8772830">
    <ele>120.3</ele>
    <time>2025-03-29T14:15:02Z</time>
   </trkpt>
   <trkpt lat="48.0952300" lon="1.8773030">
    <ele>120.2</ele>
    <time>2025-03-29T14:15:03Z</time>
   </trkpt>
   <trkpt lat="48.0950450" lon="1.8773460">
    <ele>120.1</ele>
    <time>2025-03-29T14:15:05Z</time>
   </trkpt>
   <trkpt lat="48.0946790" lon="1.8774270">
    <ele>119.9</ele>
    <time>2025-03-29T14:15:09Z</time>
   </trkpt>
   <trkpt lat="48.0945880" lon="1.8774490">
    <ele>119.9</ele>
    <time>2025-03-29T14:15:10Z</time>
   </trkpt>
   <trkpt lat="48.0944960" lon="1.8774690">
    <ele>119.9</ele>
    <time>2025-03-29T14:15:11Z</time>
   </trkpt>
   <trkpt lat="48.0944030" lon="1.8774900">
    <ele>119.9</ele>
    <time>2025-03-29T14:15:12Z</time>
   </trkpt>
   <trkpt lat="48.0938500" lon="1.8776080">
    <ele>119.9</ele>
    <time>2025-03-29T14:15:18Z</time>
   </trkpt>
   <trkpt lat="48.0935750" lon="1.8776740">
    <ele>119.9</ele>
    <time>2025-03-29T14:15:21Z</time>
   </trkpt>
   <trkpt lat="48.0930290" lon="1.8777930">
    <ele>119.8</ele>
    <time>2025-03-29T14:15:27Z</time>
   </trkpt>
   <trkpt lat="48.0926700" lon="1.8778580">
    <ele>119.8</ele>
    <time>2025-03-29T14:15:31Z</time>
   </trkpt>
   <trkpt lat="48.0921280" lon="1.8778910">
    <ele>119.8</ele>
    <time>2025-03-29T14:15:37Z</time>
   </trkpt>
   <trkpt lat="48.0917690" lon="1.8778950">
    <ele>119.8</ele>
    <time>2025-03-29T14:15:41Z</time>
   </trkpt>
   <trkpt lat="48.0913420" lon="1.8779030">
    <ele>119.8</ele>
    <time>2025-03-29T14:15:46Z</time>
   </trkpt>
   <trkpt lat="48.0911780" lon="1.8779090">
    <ele>119.9</ele>
    <time>2025-03-29T14:15:48Z</time>
   </trkpt>
   <trkpt lat="48.0910960" lon="1.8779160">
    <ele>119.9</ele>
    <time>2025-03-29T14:15:49Z</time>
   </trkpt>
   <trkpt lat="48.0906270" lon="1.8779440">
    <ele>120.4</ele>
    <time>2025-03-29T14:15:55Z</time>
   </trkpt>
   <trkpt lat="48.0904790" lon="1.8779900">
    <ele>120.6</ele>
    <time>2025-03-29T14:15:57Z</time>
   </trkpt>
   <trkpt lat="48.0902800" lon="1.8781070">
    <ele>121.0</ele>
    <time>2025-03-29T14:16:00Z</time>
   </trkpt>
   <trkpt lat="48.0899860" lon="1.8783030">
    <ele>121.2</ele>
    <time>2025-03-29T14:16:05Z</time>
   </trkpt>
   <trkpt lat="48.0899050" lon="1.8783480">
    <ele>121.3</ele>
    <time>2025-03-29T14:16:07Z</time>
   </trkpt>
   <trkpt lat="48.0898150" lon="1.8783330">
    <ele>121.4</ele>
    <time>2025-03-29T14:16:09Z</time>
   </trkpt>
   <trkpt lat="48.0897670" lon="1.8783010">
    <ele>121.5</ele>
    <time>2025-03-29T14:16:10Z</time>
   </trkpt>
   <trkpt lat="48.0896050" lon="1.8781940">
    <ele>121.6</ele>
    <time>2025-03-29T14:16:13Z</time>
   </trkpt>
   <trkpt lat="48.0894780" lon="1.8781970">
    <ele>121.6</ele>
    <time>2025-03-29T14:16:15Z</time>
   </trkpt>
   <trkpt lat="48.0893530" lon="1.8782500">
    <ele>121.7</ele>
    <time>2025-03-29T14:16:17Z</time>
   </trkpt>
   <trkpt lat="48.0892180" lon="1.8782360">
    <ele>121.7</ele>
    <time>2025-03-29T14:16:19Z</time>
   </trkpt>
   <trkpt lat="48.0889580" lon="1.8780590">
    <ele>121.5</ele>
    <time>2025-03-29T14:16:23Z</time>
   </trkpt>
   <trkpt lat="48.0887630" lon="1.8779110">
    <ele>121.3</ele>
    <time>2025-03-29T14:16:26Z</time>
   </trkpt>
   <trkpt lat="48.0886960" lon="1.8778570">
    <ele>121.2</ele>
    <time>2025-03-29T14:16:27Z</time>
   </trkpt>
   <trkpt lat="48.0884170" lon="1.8776460">
    <ele>121.0</ele>
    <time>2025-03-29T14:16:31Z</time>
   </trkpt>
   <trkpt lat="48.0879100" lon="1.8772710">
    <ele>121.0</ele>
    <time>2025-03-29T14:16:38Z</time>
   </trkpt>
   <trkpt lat="48.0878360" lon="1.8772190">
    <ele>120.9</ele>
    <time>2025-03-29T14:16:39Z</time>
   </trkpt>
   <trkpt lat="48.0873100" lon="1.8768430">
    <ele>121.2</ele>
    <time>2025-03-29T14:16:46Z</time>
   </trkpt>
   <trkpt lat="48.0871590" lon="1.8767350">
    <ele>121.3</ele>
    <time>2025-03-29T14:16:48Z</time>
   </trkpt>
   <trkpt lat="48.0866070" lon="1.8763420">
    <ele>122.0</ele>
    <time>2025-03-29T14:16:55Z</time>
   </trkpt>
   <trkpt lat="48.0860560" lon="1.8759490">
    <ele>122.3</ele>
    <time>2025-03-29T14:17:02Z</time>
   </trkpt>
   <trkpt lat="48.0859010" lon="1.8758360">
    <ele>122.3</ele>
    <time>2025-03-29T14:17:04Z</time>
   </trkpt>
   <trkpt lat="48.0853450" lon="1.8754420">
    <ele>122.4</ele>
    <time>2025-03-29T14:17:11Z</time>
   </trkpt>
   <trkpt lat="48.0851840" lon="1.8753380">
    <ele>122.4</ele>
    <time>2025-03-29T14:17:13Z</time>
   </trkpt>
   <trkpt lat="48.0847790" lon="1.8750750">
    <ele>122.3</ele>
    <time>2025-03-29T14:17:18Z</time>
   </trkpt>
   <trkpt lat="48.0843800" lon="1.8748050">
    <ele>121.9</ele>
    <time>2025-03-29T14:17:23Z</time>
   </trkpt>
   <trkpt lat="48.0838340" lon="1.8745220">
    <ele>121.4</ele>
    <time>2025-03-29T14:17:30Z</time>
   </trkpt>
   <trkpt lat="48.0837050" lon="1.8743930">
    <ele>121.3</ele>
    <time>2025-03-29T14:17:32Z</time>
   </trkpt>
   <trkpt lat="48.0836520" lon="1.8743110">
    <ele>121.2</ele>
    <time>2025-03-29T14:17:33Z</time>
   </trkpt>
   <trkpt lat="48.0836080" lon="1.8742250">
    <ele>121.2</ele>
    <time>2025-03-29T14:17:34Z</time>
   </trkpt>
   <trkpt lat="48.0835220" lon="1.8740350">
    <ele>121.3</ele>
    <time>2025-03-29T14:17:36Z</time>
   </trkpt>
   <trkpt lat="48.0834670" lon="1.8739670">
    <ele>121.3</ele>
    <time>2025-03-29T14:17:37Z</time>
   </trkpt>
   <trkpt lat="48.0834020" lon="1.8739330">
    <ele>121.3</ele>
    <time>2025-03-29T14:17:38Z</time>
   </trkpt>
   <trkpt lat="48.0833330" lon="1.8739390">
    <ele>121.2</ele>
    <time>2025-03-29T14:17:39Z</time>
   </trkpt>
   <trkpt lat="48.0832670" lon="1.8739740">
    <ele>121.1</ele>
    <time>2025-03-29T14:17:40Z</time>
   </trkpt>
   <trkpt lat="48.0831340" lon="1.8740790">
    <ele>121.1</ele>
    <time>2025-03-29T14:17:42Z</time>
   </trkpt>
   <trkpt lat="48.0830620" lon="1.8741180">
    <ele>121.0</ele>
    <time>2025-03-29T14:17:43Z</time>
   </trkpt>
   <trkpt lat="48.0829120" lon="1.8741190">
    <ele>121.1</ele>
    <time>2025-03-29T14:17:45Z</time>
   </trkpt>
   <trkpt lat="48.0824690" lon="1.8739690">
    <ele>121.4</ele>
    <time>2025-03-29T14:17:51Z</time>
   </trkpt>
   <trkpt lat="48.0818800" lon="1.8737390">
    <ele>121.5</ele>
    <time>2025-03-29T14:17:59Z</time>
   </trkpt>
   <trkpt lat="48.0816530" lon="1.8736490">
    <ele>121.5</ele>
    <time>2025-03-29T14:18:02Z</time>
   </trkpt>
   <trkpt lat="48.0813460" lon="1.8735410">
    <ele>121.4</ele>
    <time>2025-03-29T14:18:06Z</time>
   </trkpt>
   <trkpt lat="48.0809470" lon="1.8734370">
    <ele>121.0</ele>
    <time>2025-03-29T14:18:11Z</time>
   </trkpt>
   <trkpt lat="48.0803830" lon="1.8733270">
    <ele>120.9</ele>
    <time>2025-03-29T14:18:18Z</time>
   </trkpt>
   <trkpt lat="48.0803000" lon="1.8733180">
    <ele>120.9</ele>
    <time>2025-03-29T14:18:19Z</time>
   </trkpt>
   <trkpt lat="48.0798900" lon="1.8732660">
    <ele>120.7</ele>
    <time>2025-03-29T14:18:24Z</time>
   </trkpt>
   <trkpt lat="48.0798090" lon="1.8732610">
    <ele>120.7</ele>
    <time>2025-03-29T14:18:25Z</time>
   </trkpt>
   <trkpt lat="48.0797270" lon="1.8732590">
    <ele>120.6</ele>
    <time>2025-03-29T14:18:26Z</time>
   </trkpt>
   <trkpt lat="48.0792300" lon="1.8732600">
    <ele>120.2</ele>
    <time>2025-03-29T14:18:32Z</time>
   </trkpt>
   <trkpt lat="48.0786840" lon="1.8733120">
    <ele>119.8</ele>
    <time>2025-03-29T14:18:39Z</time>
   </trkpt>
   <trkpt lat="48.0785380" lon="1.8733340">
    <ele>119.8</ele>
    <time>2025-03-29T14:18:41Z</time>
   </trkpt>
   <trkpt lat="48.0781190" lon="1.8734080">
    <ele>119.5</ele>
    <time>2025-03-29T14:18:47Z</time>
   </trkpt>
   <trkpt lat="48.0779870" lon="1.8734420">
    <ele>119.4</ele>
    <time>2025-03-29T14:18:49Z</time>
   </trkpt>
   <trkpt lat="48.0779280" lon="1.8734500">
    <ele>119.2</ele>
    <time>2025-03-29T14:18:50Z</time>
   </trkpt>
   <trkpt lat="48.0778520" lon="1.8734440">
    <ele>118.8</ele>
    <time>2025-03-29T14:18:52Z</time>
   </trkpt>
   <trkpt lat="48.0778440" lon="1.8734410">
    <ele>118.7</ele>
    <time>2025-03-29T14:18:54Z</time>
   </trkpt>
   <trkpt lat="48.0777610" lon="1.8732230">
    <ele>118.3</ele>
    <time>2025-03-29T14:21:20Z</time>
   </trkpt>
   <trkpt lat="48.0777340" lon="1.8731870">
    <ele>118.3</ele>
    <time>2025-03-29T14:21:21Z</time>
   </trkpt>
   <trkpt lat="48.0776020" lon="1.8729960">
    <ele>118.3</ele>
    <time>2025-03-29T14:21:25Z</time>
   </trkpt>
   <trkpt lat="48.0774900" lon="1.8728050">
    <ele>118.4</ele>
    <time>2025-03-29T14:21:28Z</time>
   </trkpt>
   <trkpt lat="48.0773980" lon="1.8726730">
    <ele>118.4</ele>
    <time>2025-03-29T14:21:30Z</time>
   </trkpt>
   <trkpt lat="48.0772130" lon="1.8724110">
    <ele>118.5</ele>
    <time>2025-03-29T14:21:34Z</time>
   </trkpt>
   <trkpt lat="48.0771350" lon="1.8722800">
    <ele>118.6</ele>
    <time>2025-03-29T14:21:36Z</time>
   </trkpt>
   <trkpt lat="48.0768460" lon="1.8718550">
    <ele>118.7</ele>
    <time>2025-03-29T14:21:44Z</time>
   </trkpt>
   <trkpt lat="48.0765890" lon="1.8714890">
    <ele>118.7</ele>
    <time>2025-03-29T14:21:51Z</time>
   </trkpt>
   <trkpt lat="48.0764260" lon="1.8712730">
    <ele>118.7</ele>
    <time>2025-03-29T14:21:55Z</time>
   </trkpt>
   <trkpt lat="48.0760780" lon="1.8708140">
    <ele>118.7</ele>
    <time>2025-03-29T14:22:03Z</time>
   </trkpt>
   <trkpt lat="48.0756730" lon="1.8702960">
    <ele>118.6</ele>
    <time>2025-03-29T14:22:12Z</time>
   </trkpt>
   <trkpt lat="48.0752870" lon="1.8698090">
    <ele>118.5</ele>
    <time>2025-03-29T14:22:20Z</time>
   </trkpt>
   <trkpt lat="48.0752390" lon="1.8697470">
    <ele>118.5</ele>
    <time>2025-03-29T14:22:21Z</time>
   </trkpt>
   <trkpt lat="48.0751430" lon="1.8696250">
    <ele>118.4</ele>
    <time>2025-03-29T14:22:23Z</time>
   </trkpt>
   <trkpt lat="48.0747460" lon="1.8691320">
    <ele>118.4</ele>
    <time>2025-03-29T14:22:31Z</time>
   </trkpt>
   <trkpt lat="48.0742860" lon="1.8685510">
    <ele>118.5</ele>
    <time>2025-03-29T14:22:40Z</time>
   </trkpt>
   <trkpt lat="48.0741330" lon="1.8683480">
    <ele>118.6</ele>
    <time>2025-03-29T14:22:43Z</time>
   </trkpt>
   <trkpt lat="48.0736760" lon="1.8677630">
    <ele>118.9</ele>
    <time>2025-03-29T14:22:52Z</time>
   </trkpt>
   <trkpt lat="48.0734880" lon="1.8675010">
    <ele>118.6</ele>
    <time>2025-03-29T14:22:56Z</time>
   </trkpt>
   <trkpt lat="48.0730700" lon="1.8669180">
    <ele>117.7</ele>
    <time>2025-03-29T14:23:04Z</time>
   </trkpt>
   <trkpt lat="48.0730160" lon="1.8668440">
    <ele>117.7</ele>
    <time>2025-03-29T14:23:05Z</time>
   </trkpt>
   <trkpt lat="48.0726010" lon="1.8662620">
    <ele>117.6</ele>
    <time>2025-03-29T14:23:13Z</time>
   </trkpt>
   <trkpt lat="48.0722890" lon="1.8658320">
    <ele>117.6</ele>
    <time>2025-03-29T14:23:19Z</time>
   </trkpt>
   <trkpt lat="48.0718880" lon="1.8652730">
    <ele>117.8</ele>
    <time>2025-03-29T14:23:27Z</time>
   </trkpt>
   <trkpt lat="48.0717900" lon="1.8651360">
    <ele>118.0</ele>
    <time>2025-03-29T14:23:29Z</time>
   </trkpt>
   <trkpt lat="48.0715930" lon="1.8648690">
    <ele>118.3</ele>
    <time>2025-03-29T14:23:33Z</time>
   </trkpt>
   <trkpt lat="48.0711620" lon="1.8642760">
    <ele>118.8</ele>
    <time>2025-03-29T14:23:42Z</time>
   </trkpt>
   <trkpt lat="48.0711140" lon="1.8642100">
    <ele>118.8</ele>
    <time>2025-03-29T14:23:43Z</time>
   </trkpt>
   <trkpt lat="48.0707060" lon="1.8636400">
    <ele>119.2</ele>
    <time>2025-03-29T14:23:52Z</time>
   </trkpt>
   <trkpt lat="48.0706650" lon="1.8635830">
    <ele>119.2</ele>
    <time>2025-03-29T14:23:53Z</time>
   </trkpt>
   <trkpt lat="48.0704650" lon="1.8633090">
    <ele>119.3</ele>
    <time>2025-03-29T14:23:59Z</time>
   </trkpt>
   <trkpt lat="48.0704300" lon="1.8632620">
    <ele>119.3</ele>
    <time>2025-03-29T14:24:00Z</time>
   </trkpt>
   <trkpt lat="48.0704060" lon="1.8632270">
    <ele>119.3</ele>
    <time>2025-03-29T14:24:01Z</time>
   </trkpt>
   <trkpt lat="48.0703830" lon="1.8631920">
    <ele>119.3</ele>
    <time>2025-03-29T14:24:02Z</time>
   </trkpt>
   <trkpt lat="48.0703590" lon="1.8631570">
    <ele>119.3</ele>
    <time>2025-03-29T14:25:25Z</time>
   </trkpt>
   <trkpt lat="48.0703360" lon="1.8631220">
    <ele>119.3</ele>
    <time>2025-03-29T14:25:26Z</time>
   </trkpt>
   <trkpt lat="48.0701680" lon="1.8628760">
    <ele>119.4</ele>
    <time>2025-03-29T14:25:31Z</time>
   </trkpt>
   <trkpt lat="48.0698950" lon="1.8625040">
    <ele>119.5</ele>
    <time>2025-03-29T14:25:39Z</time>
   </trkpt>
   <trkpt lat="48.0698150" lon="1.8623930">
    <ele>119.6</ele>
    <time>2025-03-29T14:25:41Z</time>
   </trkpt>
   <trkpt lat="48.0695500" lon="1.8619620">
    <ele>119.9</ele>
    <time>2025-03-29T14:25:48Z</time>
   </trkpt>
   <trkpt lat="48.0693940" lon="1.8616730">
    <ele>119.9</ele>
    <time>2025-03-29T14:25:52Z</time>
   </trkpt>
   <trkpt lat="48.0691990" lon="1.8612990">
    <ele>120.1</ele>
    <time>2025-03-29T14:25:57Z</time>
   </trkpt>
   <trkpt lat="48.0688870" lon="1.8607080">
    <ele>120.3</ele>
    <time>2025-03-29T14:26:05Z</time>
   </trkpt>
   <trkpt lat="48.0685850" lon="1.8601340">
    <ele>120.7</ele>
    <time>2025-03-29T14:26:13Z</time>
   </trkpt>
   <trkpt lat="48.0685110" lon="1.8599980">
    <ele>120.8</ele>
    <time>2025-03-29T14:26:15Z</time>
   </trkpt>
   <trkpt lat="48.0683980" lon="1.8598010">
    <ele>120.9</ele>
    <time>2025-03-29T14:26:18Z</time>
   </trkpt>
   <trkpt lat="48.0683600" lon="1.8597360">
    <ele>120.9</ele>
    <time>2025-03-29T14:26:19Z</time>
   </trkpt>
   <trkpt lat="48.0680220" lon="1.8591780">
    <ele>120.6</ele>
    <time>2025-03-29T14:26:27Z</time>
   </trkpt>
   <trkpt lat="48.0679790" lon="1.8591100">
    <ele>120.6</ele>
    <time>2025-03-29T14:26:28Z</time>
   </trkpt>
   <trkpt lat="48.0679360" lon="1.8590420">
    <ele>120.6</ele>
    <time>2025-03-29T14:26:29Z</time>
   </trkpt>
   <trkpt lat="48.0678500" lon="1.8589040">
    <ele>120.7</ele>
    <time>2025-03-29T14:26:31Z</time>
   </trkpt>
   <trkpt lat="48.0675750" lon="1.8584700">
    <ele>120.7</ele>
    <time>2025-03-29T14:26:37Z</time>
   </trkpt>
   <trkpt lat="48.0674830" lon="1.8583120">
    <ele>120.6</ele>
    <time>2025-03-29T14:26:39Z</time>
   </trkpt>
   <trkpt lat="48.0671240" lon="1.8578080">
    <ele>120.9</ele>
    <time>2025-03-29T14:26:46Z</time>
   </trkpt>
   <trkpt lat="48.0667630" lon="1.8575330">
    <ele>121.4</ele>
    <time>2025-03-29T14:26:52Z</time>
   </trkpt>
   <trkpt lat="48.0667000" lon="1.8575070">
    <ele>121.5</ele>
    <time>2025-03-29T14:26:53Z</time>
   </trkpt>
   <trkpt lat="48.0665700" lon="1.8574930">
    <ele>121.6</ele>
    <time>2025-03-29T14:26:55Z</time>
   </trkpt>
   <trkpt lat="48.0665050" lon="1.8575030">
    <ele>121.7</ele>
    <time>2025-03-29T14:26:56Z</time>
   </trkpt>
   <trkpt lat="48.0659870" lon="1.8576670">
    <ele>122.4</ele>
    <time>2025-03-29T14:27:04Z</time>
   </trkpt>
   <trkpt lat="48.0657450" lon="1.8577320">
    <ele>122.8</ele>
    <time>2025-03-29T14:27:08Z</time>
   </trkpt>
   <trkpt lat="48.0655340" lon="1.8578050">
    <ele>123.1</ele>
    <time>2025-03-29T14:27:12Z</time>
   </trkpt>
   <trkpt lat="48.0654820" lon="1.8578240">
    <ele>123.2</ele>
    <time>2025-03-29T14:27:13Z</time>
   </trkpt>
   <trkpt lat="48.0652580" lon="1.8578910">
    <ele>123.5</ele>
    <time>2025-03-29T14:27:17Z</time>
   </trkpt>
   <trkpt lat="48.0650890" lon="1.8579560">
    <ele>123.9</ele>
    <time>2025-03-29T14:27:20Z</time>
   </trkpt>
   <trkpt lat="48.0650400" lon="1.8579930">
    <ele>123.9</ele>
    <time>2025-03-29T14:27:21Z</time>
   </trkpt>
   <trkpt lat="48.0649510" lon="1.8581080">
    <ele>124.1</ele>
    <time>2025-03-29T14:27:23Z</time>
   </trkpt>
   <trkpt lat="48.0648700" lon="1.8582500">
    <ele>124.2</ele>
    <time>2025-03-29T14:27:25Z</time>
   </trkpt>
   <trkpt lat="48.0645670" lon="1.8586490">
    <ele>124.3</ele>
    <time>2025-03-29T14:27:32Z</time>
   </trkpt>
   <trkpt lat="48.0644730" lon="1.8588280">
    <ele>124.4</ele>
    <time>2025-03-29T14:27:35Z</time>
   </trkpt>
   <trkpt lat="48.0644460" lon="1.8589390">
    <ele>124.5</ele>
    <time>2025-03-29T14:27:37Z</time>
   </trkpt>
   <trkpt lat="48.0644500" lon="1.8590800">
    <ele>124.5</ele>
    <time>2025-03-29T14:27:39Z</time>
   </trkpt>
   <trkpt lat="48.0644680" lon="1.8592290">
    <ele>124.5</ele>
    <time>2025-03-29T14:27:41Z</time>
   </trkpt>
   <trkpt lat="48.0644740" lon="1.8593020">
    <ele>124.5</ele>
    <time>2025-03-29T14:27:42Z</time>
   </trkpt>
   <trkpt lat="48.0644460" lon="1.8594330">
    <ele>124.5</ele>
    <time>2025-03-29T14:27:44Z</time>
   </trkpt>
   <trkpt lat="48.0643920" lon="1.8594930">
    <ele>124.4</ele>
    <time>2025-03-29T14:27:46Z</time>
   </trkpt>
   <trkpt lat="48.0643730" lon="1.8595030">
    <ele>124.4</ele>
    <time>2025-03-29T14:27:47Z</time>
   </trkpt>
   <trkpt lat="48.0643510" lon="1.8595070">
    <ele>124.3</ele>
    <time>2025-03-29T14:27:49Z</time>
   </trkpt>
   <trkpt lat="48.0643500" lon="1.8595050">
    <ele>124.3</ele>
    <time>2025-03-29T14:27:50Z</time>
   </trkpt>
   <trkpt lat="48.0643510" lon="1.8595060">
    <ele>124.3</ele>
    <time>2025-03-29T14:27:51Z</time>
   </trkpt>
   <trkpt lat="48.0643520" lon="1.8595080">
    <ele>124.3</ele>
    <time>2025-03-29T14:27:52Z</time>
   </trkpt>
   <trkpt lat="48.0643520" lon="1.8595100">
    <ele>124.3</ele>
    <time>2025-03-29T14:27:53Z</time>
   </trkpt>
   <trkpt lat="48.0643520" lon="1.8595100">
    <ele>124.3</ele>
    <time>2025-03-29T14:27:54Z</time>
   </trkpt>
   <trkpt lat="48.0643520" lon="1.8595100">
    <ele>124.3</ele>
    <time>2025-03-29T14:27:56Z</time>
   </trkpt>
   <trkpt lat="48.0642000" lon="1.8596450">
    <ele>124.1</ele>
    <time>2025-03-29T14:31:16Z</time>
   </trkpt>
   <trkpt lat="48.0641680" lon="1.8596590">
    <ele>124.1</ele>
    <time>2025-03-29T14:31:17Z</time>
   </trkpt>
   <trkpt lat="48.0640160" lon="1.8597460">
    <ele>123.9</ele>
    <time>2025-03-29T14:31:22Z</time>
   </trkpt>
   <trkpt lat="48.0637810" lon="1.8599340">
    <ele>123.6</ele>
    <time>2025-03-29T14:31:30Z</time>
   </trkpt>
   <trkpt lat="48.0635490" lon="1.8601020">
    <ele>123.3</ele>
    <time>2025-03-29T14:31:38Z</time>
   </trkpt>
   <trkpt lat="48.0634050" lon="1.8602390">
    <ele>123.1</ele>
    <time>2025-03-29T14:31:46Z</time>
   </trkpt>
   <trkpt lat="48.0634060" lon="1.8602340">
    <ele>123.1</ele>
    <time>2025-03-29T14:31:49Z</time>
   </trkpt>
   <trkpt lat="48.0634060" lon="1.8602340">
    <ele>123.1</ele>
    <time>2025-03-29T14:31:50Z</time>
   </trkpt>
   <trkpt lat="48.0634060" lon="1.8602350">
    <ele>123.1</ele>
    <time>2025-03-29T14:31:52Z</time>
   </trkpt>
   <trkpt lat="48.0635150" lon="1.8601070">
    <ele>123.3</ele>
    <time>2025-03-29T14:32:27Z</time>
   </trkpt>
   <trkpt lat="48.0635380" lon="1.8600850">
    <ele>123.3</ele>
    <time>2025-03-29T14:32:28Z</time>
   </trkpt>
   <trkpt lat="48.0636730" lon="1.8599810">
    <ele>123.5</ele>
    <time>2025-03-29T14:32:33Z</time>
   </trkpt>
   <trkpt lat="48.0639320" lon="1.8598170">
    <ele>123.8</ele>
    <time>2025-03-29T14:32:40Z</time>
   </trkpt>
   <trkpt lat="48.0641670" lon="1.8596330">
    <ele>124.1</ele>
    <time>2025-03-29T14:32:47Z</time>
   </trkpt>
   <trkpt lat="48.0642250" lon="1.8595900">
    <ele>124.2</ele>
    <time>2025-03-29T14:32:49Z</time>
   </trkpt>
   <trkpt lat="48.0643060" lon="1.8595440">
    <ele>124.3</ele>
    <time>2025-03-29T14:32:53Z</time>
   </trkpt>
   <trkpt lat="48.0643060" lon="1.8595450">
    <ele>124.3</ele>
    <time>2025-03-29T14:32:54Z</time>
   </trkpt>
   <trkpt lat="48.0643020" lon="1.8595510">
    <ele>124.3</ele>
    <time>2025-03-29T14:32:56Z</time>
   </trkpt>
   <trkpt lat="48.0643010" lon="1.8595540">
    <ele>124.3</ele>
    <time>2025-03-29T14:32:58Z</time>
   </trkpt>
   <trkpt lat="48.0642990" lon="1.8595550">
    <ele>124.3</ele>
    <time>2025-03-29T14:33:00Z</time>
   </trkpt>
   <trkpt lat="48.0644010" lon="1.8594300">
    <ele>124.4</ele>
    <time>2025-03-29T14:34:15Z</time>
   </trkpt>
   <trkpt lat="48.0644220" lon="1.8594080">
    <ele>124.4</ele>
    <time>2025-03-29T14:34:16Z</time>
   </trkpt>
   <trkpt lat="48.0644900" lon="1.8592830">
    <ele>124.5</ele>
    <time>2025-03-29T14:34:20Z</time>
   </trkpt>
   <trkpt lat="48.0644880" lon="1.8592380">
    <ele>124.5</ele>
    <time>2025-03-29T14:34:21Z</time>
   </trkpt>
   <trkpt lat="48.0644560" lon="1.8589200">
    <ele>124.5</ele>
    <time>2025-03-29T14:34:28Z</time>
   </trkpt>
   <trkpt lat="48.0645200" lon="1.8587170">
    <ele>124.3</ele>
    <time>2025-03-29T14:34:33Z</time>
   </trkpt>
   <trkpt lat="48.0646580" lon="1.8585250">
    <ele>124.4</ele>
    <time>2025-03-29T14:34:39Z</time>
   </trkpt>
   <trkpt lat="48.0648740" lon="1.8582590">
    <ele>124.2</ele>
    <time>2025-03-29T14:34:46Z</time>
   </trkpt>
   <trkpt lat="48.0650490" lon="1.8580050">
    <ele>123.9</ele>
    <time>2025-03-29T14:34:51Z</time>
   </trkpt>
   <trkpt lat="48.0650870" lon="1.8579670">
    <ele>123.9</ele>
    <time>2025-03-29T14:34:52Z</time>
   </trkpt>
   <trkpt lat="48.0651280" lon="1.8579360">
    <ele>123.8</ele>
    <time>2025-03-29T14:34:53Z</time>
   </trkpt>
   <trkpt lat="48.0653180" lon="1.8578550">
    <ele>123.4</ele>
    <time>2025-03-29T14:34:57Z</time>
   </trkpt>
   <trkpt lat="48.0657180" lon="1.8577430">
    <ele>122.8</ele>
    <time>2025-03-29T14:35:05Z</time>
   </trkpt>
   <trkpt lat="48.0658630" lon="1.8577050">
    <ele>122.6</ele>
    <time>2025-03-29T14:35:08Z</time>
   </trkpt>
   <trkpt lat="48.0662250" lon="1.8576030">
    <ele>122.1</ele>
    <time>2025-03-29T14:35:16Z</time>
   </trkpt>
   <trkpt lat="48.0666630" lon="1.8575260">
    <ele>121.5</ele>
    <time>2025-03-29T14:35:25Z</time>
   </trkpt>
   <trkpt lat="48.0667760" lon="1.8575600">
    <ele>121.3</ele>
    <time>2025-03-29T14:35:27Z</time>
   </trkpt>
   <trkpt lat="48.0668930" lon="1.8576240">
    <ele>121.1</ele>
    <time>2025-03-29T14:35:29Z</time>
   </trkpt>
   <trkpt lat="48.0669520" lon="1.8576650">
    <ele>121.0</ele>
    <time>2025-03-29T14:35:30Z</time>
   </trkpt>
   <trkpt lat="48.0672670" lon="1.8579850">
    <ele>120.8</ele>
    <time>2025-03-29T14:35:36Z</time>
   </trkpt>
   <trkpt lat="48.0675760" lon="1.8584690">
    <ele>120.7</ele>
    <time>2025-03-29T14:35:43Z</time>
   </trkpt>
   <trkpt lat="48.0679750" lon="1.8591080">
    <ele>120.6</ele>
    <time>2025-03-29T14:35:52Z</time>
   </trkpt>
   <trkpt lat="48.0682740" lon="1.8596000">
    <ele>120.8</ele>
    <time>2025-03-29T14:35:59Z</time>
   </trkpt>
   <trkpt lat="48.0683520" lon="1.8597280">
    <ele>120.9</ele>
    <time>2025-03-29T14:36:01Z</time>
   </trkpt>
   <trkpt lat="48.0685560" lon="1.8601030">
    <ele>120.8</ele>
    <time>2025-03-29T14:36:07Z</time>
   </trkpt>
   <trkpt lat="48.0688970" lon="1.8607490">
    <ele>120.2</ele>
    <time>2025-03-29T14:36:16Z</time>
   </trkpt>
   <trkpt lat="48.0692640" lon="1.8614370">
    <ele>120.1</ele>
    <time>2025-03-29T14:36:25Z</time>
   </trkpt>
   <trkpt lat="48.0693470" lon="1.8615870">
    <ele>120.0</ele>
    <time>2025-03-29T14:36:27Z</time>
   </trkpt>
   <trkpt lat="48.0697100" lon="1.8622490">
    <ele>119.8</ele>
    <time>2025-03-29T14:36:36Z</time>
   </trkpt>
   <trkpt lat="48.0697530" lon="1.8623190">
    <ele>119.7</ele>
    <time>2025-03-29T14:36:37Z</time>
   </trkpt>
   <trkpt lat="48.0699440" lon="1.8625920">
    <ele>119.5</ele>
    <time>2025-03-29T14:36:41Z</time>
   </trkpt>
   <trkpt lat="48.0701860" lon="1.8629240">
    <ele>119.4</ele>
    <time>2025-03-29T14:36:46Z</time>
   </trkpt>
   <trkpt lat="48.0705940" lon="1.8634950">
    <ele>119.3</ele>
    <time>2025-03-29T14:36:54Z</time>
   </trkpt>
   <trkpt lat="48.0707450" lon="1.8637060">
    <ele>119.2</ele>
    <time>2025-03-29T14:36:57Z</time>
   </trkpt>
   <trkpt lat="48.0711210" lon="1.8642270">
    <ele>118.8</ele>
    <time>2025-03-29T14:37:05Z</time>
   </trkpt>
   <trkpt lat="48.0714720" lon="1.8647030">
    <ele>118.4</ele>
    <time>2025-03-29T14:37:13Z</time>
   </trkpt>
   <trkpt lat="48.0716520" lon="1.8649420">
    <ele>118.2</ele>
    <time>2025-03-29T14:37:17Z</time>
   </trkpt>
   <trkpt lat="48.0717380" lon="1.8650750">
    <ele>118.1</ele>
    <time>2025-03-29T14:37:19Z</time>
   </trkpt>
   <trkpt lat="48.0721470" lon="1.8656510">
    <ele>117.7</ele>
    <time>2025-03-29T14:37:28Z</time>
   </trkpt>
   <trkpt lat="48.0722400" lon="1.8657840">
    <ele>117.6</ele>
    <time>2025-03-29T14:37:30Z</time>
   </trkpt>
   <trkpt lat="48.0726040" lon="1.8662830">
    <ele>117.6</ele>
    <time>2025-03-29T14:37:38Z</time>
   </trkpt>
   <trkpt lat="48.0728260" lon="1.8665960">
    <ele>117.6</ele>
    <time>2025-03-29T14:37:43Z</time>
   </trkpt>
   <trkpt lat="48.0730500" lon="1.8669070">
    <ele>117.7</ele>
    <time>2025-03-29T14:37:48Z</time>
   </trkpt>
   <trkpt lat="48.0734000" lon="1.8673970">
    <ele>118.4</ele>
    <time>2025-03-29T14:37:56Z</time>
   </trkpt>
   <trkpt lat="48.0737260" lon="1.8678420">
    <ele>119.0</ele>
    <time>2025-03-29T14:38:04Z</time>
   </trkpt>
   <trkpt lat="48.0741610" lon="1.8684100">
    <ele>118.5</ele>
    <time>2025-03-29T14:38:14Z</time>
   </trkpt>
   <trkpt lat="48.0745470" lon="1.8689030">
    <ele>118.4</ele>
    <time>2025-03-29T14:38:23Z</time>
   </trkpt>
   <trkpt lat="48.0749620" lon="1.8694270">
    <ele>118.4</ele>
    <time>2025-03-29T14:38:33Z</time>
   </trkpt>
   <trkpt lat="48.0754080" lon="1.8699850">
    <ele>118.5</ele>
    <time>2025-03-29T14:38:44Z</time>
   </trkpt>
   <trkpt lat="48.0756460" lon="1.8702930">
    <ele>118.6</ele>
    <time>2025-03-29T14:38:50Z</time>
   </trkpt>
   <trkpt lat="48.0757240" lon="1.8703940">
    <ele>118.6</ele>
    <time>2025-03-29T14:38:52Z</time>
   </trkpt>
   <trkpt lat="48.0759270" lon="1.8706510">
    <ele>118.7</ele>
    <time>2025-03-29T14:38:57Z</time>
   </trkpt>
   <trkpt lat="48.0760090" lon="1.8707600">
    <ele>118.7</ele>
    <time>2025-03-29T14:38:59Z</time>
   </trkpt>
   <trkpt lat="48.0764190" lon="1.8712800">
    <ele>118.7</ele>
    <time>2025-03-29T14:39:09Z</time>
   </trkpt>
   <trkpt lat="48.0764600" lon="1.8713350">
    <ele>118.7</ele>
    <time>2025-03-29T14:39:10Z</time>
   </trkpt>
   <trkpt lat="48.0765020" lon="1.8713910">
    <ele>118.7</ele>
    <time>2025-03-29T14:39:11Z</time>
   </trkpt>
   <trkpt lat="48.0765440" lon="1.8714480">
    <ele>118.7</ele>
    <time>2025-03-29T14:39:12Z</time>
   </trkpt>
   <trkpt lat="48.0765860" lon="1.8715020">
    <ele>118.7</ele>
    <time>2025-03-29T14:39:13Z</time>
   </trkpt>
   <trkpt lat="48.0766280" lon="1.8715550">
    <ele>118.8</ele>
    <time>2025-03-29T14:39:14Z</time>
   </trkpt>
   <trkpt lat="48.0766680" lon="1.8716120">
    <ele>118.8</ele>
    <time>2025-03-29T14:39:15Z</time>
   </trkpt>
   <trkpt lat="48.0768330" lon="1.8718350">
    <ele>118.7</ele>
    <time>2025-03-29T14:39:19Z</time>
   </trkpt>
   <trkpt lat="48.0771040" lon="1.8722520">
    <ele>118.6</ele>
    <time>2025-03-29T14:39:26Z</time>
   </trkpt>
   <trkpt lat="48.0773340" lon="1.8725920">
    <ele>118.5</ele>
    <time>2025-03-29T14:39:32Z</time>
   </trkpt>
   <trkpt lat="48.0776120" lon="1.8730110">
    <ele>118.3</ele>
    <time>2025-03-29T14:39:40Z</time>
   </trkpt>
   <trkpt lat="48.0778070" lon="1.8733090">
    <ele>118.3</ele>
    <time>2025-03-29T14:39:46Z</time>
   </trkpt>
   <trkpt lat="48.0778570" lon="1.8733890">
    <ele>118.5</ele>
    <time>2025-03-29T14:39:48Z</time>
   </trkpt>
   <trkpt lat="48.0778720" lon="1.8734760">
    <ele>118.9</ele>
    <time>2025-03-29T14:39:51Z</time>
   </trkpt>
   <trkpt lat="48.0778360" lon="1.8734880">
    <ele>119.1</ele>
    <time>2025-03-29T14:39:53Z</time>
   </trkpt>
   <trkpt lat="48.0778080" lon="1.8734960">
    <ele>119.1</ele>
    <time>2025-03-29T14:39:55Z</time>
   </trkpt>
   <trkpt lat="48.0777800" lon="1.8735050">
    <ele>119.1</ele>
    <time>2025-03-29T14:39:56Z</time>
   </trkpt>
   <trkpt lat="48.0777510" lon="1.8735130">
    <ele>119.1</ele>
    <time>2025-03-29T14:39:59Z</time>
   </trkpt>
   <trkpt lat="48.0777230" lon="1.8735220">
    <ele>119.0</ele>
    <time>2025-03-29T14:41:23Z</time>
   </trkpt>
   <trkpt lat="48.0776950" lon="1.8735300">
    <ele>119.0</ele>
    <time>2025-03-29T14:41:24Z</time>
   </trkpt>
   <trkpt lat="48.0775200" lon="1.8735870">
    <ele>119.0</ele>
    <time>2025-03-29T14:41:28Z</time>
   </trkpt>
   <trkpt lat="48.0774710" lon="1.8736030">
    <ele>119.0</ele>
    <time>2025-03-29T14:41:29Z</time>
   </trkpt>
   <trkpt lat="48.0771980" lon="1.8737020">
    <ele>119.3</ele>
    <time>2025-03-29T14:41:34Z</time>
   </trkpt>
   <trkpt lat="48.0767080" lon="1.8739080">
    <ele>119.6</ele>
    <time>2025-03-29T14:41:42Z</time>
   </trkpt>
   <trkpt lat="48.0764390" lon="1.8740460">
    <ele>119.8</ele>
    <time>2025-03-29T14:41:46Z</time>
   </trkpt>
   <trkpt lat="48.0761710" lon="1.8742050">
    <ele>120.1</ele>
    <time>2025-03-29T14:41:50Z</time>
   </trkpt>
   <trkpt lat="48.0756690" lon="1.8745170">
    <ele>120.4</ele>
    <time>2025-03-29T14:41:57Z</time>
   </trkpt>
   <trkpt lat="48.0751480" lon="1.8749160">
    <ele>120.9</ele>
    <time>2025-03-29T14:42:04Z</time>
   </trkpt>
   <trkpt lat="48.0749990" lon="1.8750400">
    <ele>121.0</ele>
    <time>2025-03-29T14:42:06Z</time>
   </trkpt>
   <trkpt lat="48.0744830" lon="1.8754950">
    <ele>121.1</ele>
    <time>2025-03-29T14:42:13Z</time>
   </trkpt>
   <trkpt lat="48.0743330" lon="1.8756270">
    <ele>121.1</ele>
    <time>2025-03-29T14:42:15Z</time>
   </trkpt>
   <trkpt lat="48.0742580" lon="1.8756910">
    <ele>121.2</ele>
    <time>2025-03-29T14:42:16Z</time>
   </trkpt>
   <trkpt lat="48.0738060" lon="1.8760830">
    <ele>121.5</ele>
    <time>2025-03-29T14:42:22Z</time>
   </trkpt>
   <trkpt lat="48.0735720" lon="1.8762620">
    <ele>121.6</ele>
    <time>2025-03-29T14:42:25Z</time>
   </trkpt>
   <trkpt lat="48.0734940" lon="1.8763210">
    <ele>121.6</ele>
    <time>2025-03-29T14:42:26Z</time>
   </trkpt>
   <trkpt lat="48.0732590" lon="1.8764820">
    <ele>121.7</ele>
    <time>2025-03-29T14:42:29Z</time>
   </trkpt>
   <trkpt lat="48.0727820" lon="1.8767660">
    <ele>122.0</ele>
    <time>2025-03-29T14:42:35Z</time>
   </trkpt>
   <trkpt lat="48.0721960" lon="1.8770670">
    <ele>122.1</ele>
    <time>2025-03-29T14:42:42Z</time>
   </trkpt>
   <trkpt lat="48.0720260" lon="1.8771370">
    <ele>122.0</ele>
    <time>2025-03-29T14:42:44Z</time>
   </trkpt>
   <trkpt lat="48.0714340" lon="1.8773520">
    <ele>121.8</ele>
    <time>2025-03-29T14:42:51Z</time>
   </trkpt>
   <trkpt lat="48.0711770" lon="1.8774310">
    <ele>121.7</ele>
    <time>2025-03-29T14:42:54Z</time>
   </trkpt>
   <trkpt lat="48.0708290" lon="1.8775170">
    <ele>121.4</ele>
    <time>2025-03-29T14:42:58Z</time>
   </trkpt>
   <trkpt lat="48.0703000" lon="1.8776020">
    <ele>121.3</ele>
    <time>2025-03-29T14:43:04Z</time>
   </trkpt>
   <trkpt lat="48.0696760" lon="1.8776370">
    <ele>120.4</ele>
    <time>2025-03-29T14:43:11Z</time>
   </trkpt>
   <trkpt lat="48.0694960" lon="1.8776290">
    <ele>120.3</ele>
    <time>2025-03-29T14:43:13Z</time>
   </trkpt>
   <trkpt lat="48.0689490" lon="1.8775830">
    <ele>120.2</ele>
    <time>2025-03-29T14:43:19Z</time>
   </trkpt>
   <trkpt lat="48.0685070" lon="1.8775270">
    <ele>120.0</ele>
    <time>2025-03-29T14:43:24Z</time>
   </trkpt>
   <trkpt lat="48.0678990" lon="1.8774410">
    <ele>119.8</ele>
    <time>2025-03-29T14:43:31Z</time>
   </trkpt>
   <trkpt lat="48.0674720" lon="1.8773860">
    <ele>119.8</ele>
    <time>2025-03-29T14:43:36Z</time>
   </trkpt>
   <trkpt lat="48.0668890" lon="1.8773030">
    <ele>120.0</ele>
    <time>2025-03-29T14:43:43Z</time>
   </trkpt>
   <trkpt lat="48.0666450" lon="1.8772670">
    <ele>120.0</ele>
    <time>2025-03-29T14:43:46Z</time>
   </trkpt>
   <trkpt lat="48.0662400" lon="1.8772120">
    <ele>120.0</ele>
    <time>2025-03-29T14:43:51Z</time>
   </trkpt>
   <trkpt lat="48.0656900" lon="1.8771360">
    <ele>120.0</ele>
    <time>2025-03-29T14:43:58Z</time>
   </trkpt>
   <trkpt lat="48.0651330" lon="1.8770610">
    <ele>120.5</ele>
    <time>2025-03-29T14:44:05Z</time>
   </trkpt>
   <trkpt lat="48.0649750" lon="1.8770400">
    <ele>120.4</ele>
    <time>2025-03-29T14:44:07Z</time>
   </trkpt>
   <trkpt lat="48.0644260" lon="1.8769600">
    <ele>120.5</ele>
    <time>2025-03-29T14:44:14Z</time>
   </trkpt>
   <trkpt lat="48.0640320" lon="1.8769070">
    <ele>120.6</ele>
    <time>2025-03-29T14:44:19Z</time>
   </trkpt>
   <trkpt lat="48.0634850" lon="1.8768330">
    <ele>120.7</ele>
    <time>2025-03-29T14:44:26Z</time>
   </trkpt>
   <trkpt lat="48.0629380" lon="1.8767570">
    <ele>120.8</ele>
    <time>2025-03-29T14:44:33Z</time>
   </trkpt>
   <trkpt lat="48.0628590" lon="1.8767460">
    <ele>120.9</ele>
    <time>2025-03-29T14:44:34Z</time>
   </trkpt>
   <trkpt lat="48.0622980" lon="1.8766700">
    <ele>120.9</ele>
    <time>2025-03-29T14:44:41Z</time>
   </trkpt>
   <trkpt lat="48.0621380" lon="1.8766460">
    <ele>121.0</ele>
    <time>2025-03-29T14:44:43Z</time>
   </trkpt>
   <trkpt lat="48.0615640" lon="1.8765720">
    <ele>120.9</ele>
    <time>2025-03-29T14:44:50Z</time>
   </trkpt>
   <trkpt lat="48.0614820" lon="1.8765620">
    <ele>120.9</ele>
    <time>2025-03-29T14:44:51Z</time>
   </trkpt>
   <trkpt lat="48.0610000" lon="1.8764910">
    <ele>120.7</ele>
    <time>2025-03-29T14:44:57Z</time>
   </trkpt>
   <trkpt lat="48.0605930" lon="1.8764310">
    <ele>120.6</ele>
    <time>2025-03-29T14:45:02Z</time>
   </trkpt>
   <trkpt lat="48.0601910" lon="1.8763720">
    <ele>120.6</ele>
    <time>2025-03-29T14:45:07Z</time>
   </trkpt>
   <trkpt lat="48.0599500" lon="1.8763370">
    <ele>120.5</ele>
    <time>2025-03-29T14:45:10Z</time>
   </trkpt>
   <trkpt lat="48.0595430" lon="1.8762810">
    <ele>120.4</ele>
    <time>2025-03-29T14:45:15Z</time>
   </trkpt>
   <trkpt lat="48.0589590" lon="1.8762040">
    <ele>120.2</ele>
    <time>2025-03-29T14:45:22Z</time>
   </trkpt>
   <trkpt lat="48.0587930" lon="1.8761800">
    <ele>120.2</ele>
    <time>2025-03-29T14:45:24Z</time>
   </trkpt>
   <trkpt lat="48.0582190" lon="1.8761070">
    <ele>120.3</ele>
    <time>2025-03-29T14:45:31Z</time>
   </trkpt>
   <trkpt lat="48.0578950" lon="1.8760580">
    <ele>120.4</ele>
    <time>2025-03-29T14:45:35Z</time>
   </trkpt>
   <trkpt lat="48.0574900" lon="1.8760050">
    <ele>120.4</ele>
    <time>2025-03-29T14:45:40Z</time>
   </trkpt>
   <trkpt lat="48.0569970" lon="1.8759410">
    <ele>120.3</ele>
    <time>2025-03-29T14:45:46Z</time>
   </trkpt>
   <trkpt lat="48.0569140" lon="1.8759280">
    <ele>120.3</ele>
    <time>2025-03-29T14:45:47Z</time>
   </trkpt>
   <trkpt lat="48.0563430" lon="1.8758450">
    <ele>120.3</ele>
    <time>2025-03-29T14:45:54Z</time>
   </trkpt>
   <trkpt lat="48.0560260" lon="1.8757980">
    <ele>120.2</ele>
    <time>2025-03-29T14:45:58Z</time>
   </trkpt>
   <trkpt lat="48.0554810" lon="1.8757310">
    <ele>120.7</ele>
    <time>2025-03-29T14:46:05Z</time>
   </trkpt>
   <trkpt lat="48.0550830" lon="1.8756770">
    <ele>120.4</ele>
    <time>2025-03-29T14:46:10Z</time>
   </trkpt>
   <trkpt lat="48.0545220" lon="1.8755990">
    <ele>120.4</ele>
    <time>2025-03-29T14:46:17Z</time>
   </trkpt>
   <trkpt lat="48.0541230" lon="1.8755410">
    <ele>120.6</ele>
    <time>2025-03-29T14:46:22Z</time>
   </trkpt>
   <trkpt lat="48.0535590" lon="1.8754700">
    <ele>120.6</ele>
    <time>2025-03-29T14:46:29Z</time>
   </trkpt>
   <trkpt lat="48.0534000" lon="1.8754460">
    <ele>120.6</ele>
    <time>2025-03-29T14:46:31Z</time>
   </trkpt>
   <trkpt lat="48.0530100" lon="1.8754060">
    <ele>120.9</ele>
    <time>2025-03-29T14:46:36Z</time>
   </trkpt>
   <trkpt lat="48.0527050" lon="1.8753920">
    <ele>121.1</ele>
    <time>2025-03-29T14:46:40Z</time>
   </trkpt>
   <trkpt lat="48.0520990" lon="1.8754240">
    <ele>121.6</ele>
    <time>2025-03-29T14:46:48Z</time>
   </trkpt>
   <trkpt lat="48.0515530" lon="1.8754830">
    <ele>121.5</ele>
    <time>2025-03-29T14:46:55Z</time>
   </trkpt>
   <trkpt lat="48.0513190" lon="1.8755140">
    <ele>121.6</ele>
    <time>2025-03-29T14:46:58Z</time>
   </trkpt>
   <trkpt lat="48.0510070" lon="1.8755590">
    <ele>121.8</ele>
    <time>2025-03-29T14:47:02Z</time>
   </trkpt>
   <trkpt lat="48.0504640" lon="1.8755930">
    <ele>122.3</ele>
    <time>2025-03-29T14:47:09Z</time>
   </trkpt>
   <trkpt lat="48.0499220" lon="1.8755830">
    <ele>122.6</ele>
    <time>2025-03-29T14:47:16Z</time>
   </trkpt>
   <trkpt lat="48.0496230" lon="1.8755560">
    <ele>122.9</ele>
    <time>2025-03-29T14:47:20Z</time>
   </trkpt>
   <trkpt lat="48.0490140" lon="1.8754560">
    <ele>123.2</ele>
    <time>2025-03-29T14:47:28Z</time>
   </trkpt>
   <trkpt lat="48.0488580" lon="1.8754190">
    <ele>123.3</ele>
    <time>2025-03-29T14:47:30Z</time>
   </trkpt>
   <trkpt lat="48.0484670" lon="1.8753050">
    <ele>123.7</ele>
    <time>2025-03-29T14:47:35Z</time>
   </trkpt>
   <trkpt lat="48.0480780" lon="1.8751610">
    <ele>123.7</ele>
    <time>2025-03-29T14:47:40Z</time>
   </trkpt>
   <trkpt lat="48.0475510" lon="1.8749320">
    <ele>123.8</ele>
    <time>2025-03-29T14:47:47Z</time>
   </trkpt>
   <trkpt lat="48.0473200" lon="1.8748320">
    <ele>123.9</ele>
    <time>2025-03-29T14:47:50Z</time>
   </trkpt>
   <trkpt lat="48.0468600" lon="1.8746430">
    <ele>123.8</ele>
    <time>2025-03-29T14:47:56Z</time>
   </trkpt>
   <trkpt lat="48.0467100" lon="1.8745870">
    <ele>123.8</ele>
    <time>2025-03-29T14:47:58Z</time>
   </trkpt>
   <trkpt lat="48.0461780" lon="1.8744220">
    <ele>123.6</ele>
    <time>2025-03-29T14:48:05Z</time>
   </trkpt>
   <trkpt lat="48.0460190" lon="1.8743810">
    <ele>123.3</ele>
    <time>2025-03-29T14:48:07Z</time>
   </trkpt>
   <trkpt lat="48.0454450" lon="1.8742810">
    <ele>122.8</ele>
    <time>2025-03-29T14:48:14Z</time>
   </trkpt>
   <trkpt lat="48.0453620" lon="1.8742720">
    <ele>122.7</ele>
    <time>2025-03-29T14:48:15Z</time>
   </trkpt>
   <trkpt lat="48.0447710" lon="1.8742290">
    <ele>122.5</ele>
    <time>2025-03-29T14:48:22Z</time>
   </trkpt>
   <trkpt lat="48.0445110" lon="1.8742290">
    <ele>122.4</ele>
    <time>2025-03-29T14:48:25Z</time>
   </trkpt>
   <trkpt lat="48.0439190" lon="1.8742200">
    <ele>122.0</ele>
    <time>2025-03-29T14:48:32Z</time>
   </trkpt>
   <trkpt lat="48.0437540" lon="1.8742150">
    <ele>122.0</ele>
    <time>2025-03-29T14:48:34Z</time>
   </trkpt>
   <trkpt lat="48.0433320" lon="1.8742030">
    <ele>122.0</ele>
    <time>2025-03-29T14:48:39Z</time>
   </trkpt>
   <trkpt lat="48.0427310" lon="1.8741900">
    <ele>121.7</ele>
    <time>2025-03-29T14:48:46Z</time>
   </trkpt>
   <trkpt lat="48.0424740" lon="1.8741810">
    <ele>121.7</ele>
    <time>2025-03-29T14:48:49Z</time>
   </trkpt>
   <trkpt lat="48.0418750" lon="1.8741700">
    <ele>121.2</ele>
    <time>2025-03-29T14:48:56Z</time>
   </trkpt>
   <trkpt lat="48.0416210" lon="1.8741660">
    <ele>121.0</ele>
    <time>2025-03-29T14:48:59Z</time>
   </trkpt>
   <trkpt lat="48.0410270" lon="1.8741530">
    <ele>120.5</ele>
    <time>2025-03-29T14:49:06Z</time>
   </trkpt>
   <trkpt lat="48.0407660" lon="1.8741470">
    <ele>120.3</ele>
    <time>2025-03-29T14:49:09Z</time>
   </trkpt>
   <trkpt lat="48.0405880" lon="1.8741450">
    <ele>120.1</ele>
    <time>2025-03-29T14:49:11Z</time>
   </trkpt>
   <trkpt lat="48.0400590" lon="1.8741420">
    <ele>120.0</ele>
    <time>2025-03-29T14:49:17Z</time>
   </trkpt>
   <trkpt lat="48.0397980" lon="1.8741370">
    <ele>120.1</ele>
    <time>2025-03-29T14:49:20Z</time>
   </trkpt>
   <trkpt lat="48.0392080" lon="1.8741500">
    <ele>120.3</ele>
    <time>2025-03-29T14:49:27Z</time>
   </trkpt>
   <trkpt lat="48.0391250" lon="1.8741520">
    <ele>120.3</ele>
    <time>2025-03-29T14:49:28Z</time>
   </trkpt>
   <trkpt lat="48.0385600" lon="1.8741710">
    <ele>120.5</ele>
    <time>2025-03-29T14:49:35Z</time>
   </trkpt>
   <trkpt lat="48.0383160" lon="1.8741800">
    <ele>120.6</ele>
    <time>2025-03-29T14:49:38Z</time>
   </trkpt>
   <trkpt lat="48.0377380" lon="1.8741900">
    <ele>121.1</ele>
    <time>2025-03-29T14:49:45Z</time>
   </trkpt>
   <trkpt lat="48.0374160" lon="1.8741910">
    <ele>121.4</ele>
    <time>2025-03-29T14:49:49Z</time>
   </trkpt>
   <trkpt lat="48.0368590" lon="1.8741970">
    <ele>121.7</ele>
    <time>2025-03-29T14:49:56Z</time>
   </trkpt>
   <trkpt lat="48.0365380" lon="1.8741960">
    <ele>121.9</ele>
    <time>2025-03-29T14:50:00Z</time>
   </trkpt>
   <trkpt lat="48.0359770" lon="1.8742030">
    <ele>122.2</ele>
    <time>2025-03-29T14:50:07Z</time>
   </trkpt>
   <trkpt lat="48.0358160" lon="1.8742040">
    <ele>122.2</ele>
    <time>2025-03-29T14:50:09Z</time>
   </trkpt>
   <trkpt lat="48.0352700" lon="1.8742030">
    <ele>122.7</ele>
    <time>2025-03-29T14:50:16Z</time>
   </trkpt>
   <trkpt lat="48.0351170" lon="1.8742040">
    <ele>122.8</ele>
    <time>2025-03-29T14:50:18Z</time>
   </trkpt>
   <trkpt lat="48.0349660" lon="1.8742050">
    <ele>122.9</ele>
    <time>2025-03-29T14:50:20Z</time>
   </trkpt>
   <trkpt lat="48.0344190" lon="1.8742250">
    <ele>123.1</ele>
    <time>2025-03-29T14:50:27Z</time>
   </trkpt>
   <trkpt lat="48.0338570" lon="1.8742440">
    <ele>123.4</ele>
    <time>2025-03-29T14:50:34Z</time>
   </trkpt>
   <trkpt lat="48.0336930" lon="1.8742470">
    <ele>123.4</ele>
    <time>2025-03-29T14:50:36Z</time>
   </trkpt>
   <trkpt lat="48.0336100" lon="1.8742500">
    <ele>123.4</ele>
    <time>2025-03-29T14:50:37Z</time>
   </trkpt>
   <trkpt lat="48.0334460" lon="1.8742510">
    <ele>123.4</ele>
    <time>2025-03-29T14:50:39Z</time>
   </trkpt>
   <trkpt lat="48.0328790" lon="1.8742540">
    <ele>123.4</ele>
    <time>2025-03-29T14:50:46Z</time>
   </trkpt>
   <trkpt lat="48.0325540" lon="1.8742660">
    <ele>123.3</ele>
    <time>2025-03-29T14:50:50Z</time>
   </trkpt>
   <trkpt lat="48.0319920" lon="1.8742770">
    <ele>123.3</ele>
    <time>2025-03-29T14:50:57Z</time>
   </trkpt>
   <trkpt lat="48.0316690" lon="1.8742780">
    <ele>123.3</ele>
    <time>2025-03-29T14:51:01Z</time>
   </trkpt>
   <trkpt lat="48.0310940" lon="1.8742910">
    <ele>123.3</ele>
    <time>2025-03-29T14:51:08Z</time>
   </trkpt>
   <trkpt lat="48.0309330" lon="1.8742940">
    <ele>123.3</ele>
    <time>2025-03-29T14:51:10Z</time>
   </trkpt>
   <trkpt lat="48.0303700" lon="1.8743140">
    <ele>123.2</ele>
    <time>2025-03-29T14:51:17Z</time>
   </trkpt>
   <trkpt lat="48.0301300" lon="1.8743210">
    <ele>123.3</ele>
    <time>2025-03-29T14:51:20Z</time>
   </trkpt>
   <trkpt lat="48.0298150" lon="1.8743390">
    <ele>123.4</ele>
    <time>2025-03-29T14:51:24Z</time>
   </trkpt>
   <trkpt lat="48.0293510" lon="1.8743640">
    <ele>123.5</ele>
    <time>2025-03-29T14:51:30Z</time>
   </trkpt>
   <trkpt lat="48.0290430" lon="1.8743670">
    <ele>123.7</ele>
    <time>2025-03-29T14:51:34Z</time>
   </trkpt>
   <trkpt lat="48.0284670" lon="1.8743690">
    <ele>124.2</ele>
    <time>2025-03-29T14:51:42Z</time>
   </trkpt>
   <trkpt lat="48.0278950" lon="1.8743770">
    <ele>124.5</ele>
    <time>2025-03-29T14:51:50Z</time>
   </trkpt>
   <trkpt lat="48.0277520" lon="1.8743800">
    <ele>124.5</ele>
    <time>2025-03-29T14:51:52Z</time>
   </trkpt>
   <trkpt lat="48.0274050" lon="1.8743880">
    <ele>124.7</ele>
    <time>2025-03-29T14:51:57Z</time>
   </trkpt>
   <trkpt lat="48.0272650" lon="1.8743900">
    <ele>124.7</ele>
    <time>2025-03-29T14:51:59Z</time>
   </trkpt>
   <trkpt lat="48.0271950" lon="1.8743920">
    <ele>124.7</ele>
    <time>2025-03-29T14:52:00Z</time>
   </trkpt>
   <trkpt lat="48.0271250" lon="1.8743930">
    <ele>124.8</ele>
    <time>2025-03-29T14:52:01Z</time>
   </trkpt>
   <trkpt lat="48.0269180" lon="1.8743990">
    <ele>124.9</ele>
    <time>2025-03-29T14:52:04Z</time>
   </trkpt>
   <trkpt lat="48.0265000" lon="1.8744090">
    <ele>125.0</ele>
    <time>2025-03-29T14:52:10Z</time>
   </trkpt>
   <trkpt lat="48.0262170" lon="1.8744110">
    <ele>125.0</ele>
    <time>2025-03-29T14:52:14Z</time>
   </trkpt>
   <trkpt lat="48.0256480" lon="1.8744070">
    <ele>125.2</ele>
    <time>2025-03-29T14:52:22Z</time>
   </trkpt>
   <trkpt lat="48.0255030" lon="1.8744090">
    <ele>125.3</ele>
    <time>2025-03-29T14:52:24Z</time>
   </trkpt>
   <trkpt lat="48.0252840" lon="1.8744190">
    <ele>125.3</ele>
    <time>2025-03-29T14:52:27Z</time>
   </trkpt>
   <trkpt lat="48.0246800" lon="1.8744620">
    <ele>125.4</ele>
    <time>2025-03-29T14:52:35Z</time>
   </trkpt>
   <trkpt lat="48.0243840" lon="1.8744860">
    <ele>125.5</ele>
    <time>2025-03-29T14:52:39Z</time>
   </trkpt>
   <trkpt lat="48.0241700" lon="1.8745190">
    <ele>125.6</ele>
    <time>2025-03-29T14:52:42Z</time>
   </trkpt>
   <trkpt lat="48.0240260" lon="1.8745500">
    <ele>125.6</ele>
    <time>2025-03-29T14:52:44Z</time>
   </trkpt>
   <trkpt lat="48.0238090" lon="1.8746020">
    <ele>125.6</ele>
    <time>2025-03-29T14:52:47Z</time>
   </trkpt>
   <trkpt lat="48.0236600" lon="1.8746510">
    <ele>125.6</ele>
    <time>2025-03-29T14:52:49Z</time>
   </trkpt>
   <trkpt lat="48.0230760" lon="1.8749000">
    <ele>125.7</ele>
    <time>2025-03-29T14:52:57Z</time>
   </trkpt>
   <trkpt lat="48.0230030" lon="1.8749360">
    <ele>125.9</ele>
    <time>2025-03-29T14:52:58Z</time>
   </trkpt>
   <trkpt lat="48.0224360" lon="1.8752260">
    <ele>126.4</ele>
    <time>2025-03-29T14:53:06Z</time>
   </trkpt>
   <trkpt lat="48.0222140" lon="1.8753370">
    <ele>126.6</ele>
    <time>2025-03-29T14:53:09Z</time>
   </trkpt>
   <trkpt lat="48.0216990" lon="1.8756000">
    <ele>126.6</ele>
    <time>2025-03-29T14:53:16Z</time>
   </trkpt>
   <trkpt lat="48.0214740" lon="1.8757110">
    <ele>126.4</ele>
    <time>2025-03-29T14:53:19Z</time>
   </trkpt>
   <trkpt lat="48.0213220" lon="1.8757840">
    <ele>126.3</ele>
    <time>2025-03-29T14:53:21Z</time>
   </trkpt>
   <trkpt lat="48.0207840" lon="1.8760530">
    <ele>126.0</ele>
    <time>2025-03-29T14:53:28Z</time>
   </trkpt>
   <trkpt lat="48.0205580" lon="1.8761620">
    <ele>125.9</ele>
    <time>2025-03-29T14:53:31Z</time>
   </trkpt>
   <trkpt lat="48.0201180" lon="1.8763800">
    <ele>125.8</ele>
    <time>2025-03-29T14:53:37Z</time>
   </trkpt>
   <trkpt lat="48.0199680" lon="1.8764530">
    <ele>125.7</ele>
    <time>2025-03-29T14:53:39Z</time>
   </trkpt>
   <trkpt lat="48.0198140" lon="1.8765280">
    <ele>125.7</ele>
    <time>2025-03-29T14:53:41Z</time>
   </trkpt>
   <trkpt lat="48.0192710" lon="1.8767920">
    <ele>125.2</ele>
    <time>2025-03-29T14:53:48Z</time>
   </trkpt>
   <trkpt lat="48.0191930" lon="1.8768280">
    <ele>125.2</ele>
    <time>2025-03-29T14:53:49Z</time>
   </trkpt>
   <trkpt lat="48.0186480" lon="1.8770910">
    <ele>125.3</ele>
    <time>2025-03-29T14:53:56Z</time>
   </trkpt>
   <trkpt lat="48.0183380" lon="1.8772090">
    <ele>125.5</ele>
    <time>2025-03-29T14:54:00Z</time>
   </trkpt>
   <trkpt lat="48.0178030" lon="1.8773620">
    <ele>126.1</ele>
    <time>2025-03-29T14:54:07Z</time>
   </trkpt>
   <trkpt lat="48.0176510" lon="1.8773910">
    <ele>126.3</ele>
    <time>2025-03-29T14:54:09Z</time>
   </trkpt>
   <trkpt lat="48.0170400" lon="1.8775050">
    <ele>127.3</ele>
    <time>2025-03-29T14:54:17Z</time>
   </trkpt>
   <trkpt lat="48.0169630" lon="1.8775170">
    <ele>127.4</ele>
    <time>2025-03-29T14:54:18Z</time>
   </trkpt>
   <trkpt lat="48.0168090" lon="1.8775450">
    <ele>127.5</ele>
    <time>2025-03-29T14:54:20Z</time>
   </trkpt>
   <trkpt lat="48.0166590" lon="1.8775710">
    <ele>127.8</ele>
    <time>2025-03-29T14:54:22Z</time>
   </trkpt>
   <trkpt lat="48.0164390" lon="1.8776040">
    <ele>128.3</ele>
    <time>2025-03-29T14:54:25Z</time>
   </trkpt>
   <trkpt lat="48.0162960" lon="1.8776240">
    <ele>128.5</ele>
    <time>2025-03-29T14:54:27Z</time>
   </trkpt>
   <trkpt lat="48.0158770" lon="1.8776750">
    <ele>129.1</ele>
    <time>2025-03-29T14:54:33Z</time>
   </trkpt>
   <trkpt lat="48.0158080" lon="1.8776840">
    <ele>129.2</ele>
    <time>2025-03-29T14:54:34Z</time>
   </trkpt>
   <trkpt lat="48.0157370" lon="1.8776940">
    <ele>129.2</ele>
    <time>2025-03-29T14:54:35Z</time>
   </trkpt>
   <trkpt lat="48.0156660" lon="1.8777050">
    <ele>129.2</ele>
    <time>2025-03-29T14:54:36Z</time>
   </trkpt>
   <trkpt lat="48.0150940" lon="1.8778090">
    <ele>128.9</ele>
    <time>2025-03-29T14:54:44Z</time>
   </trkpt>
   <trkpt lat="48.0145070" lon="1.8778900">
    <ele>128.0</ele>
    <time>2025-03-29T14:54:51Z</time>
   </trkpt>
   <trkpt lat="48.0141550" lon="1.8779520">
    <ele>127.5</ele>
    <time>2025-03-29T14:54:55Z</time>
   </trkpt>
   <trkpt lat="48.0139750" lon="1.8779870">
    <ele>127.4</ele>
    <time>2025-03-29T14:54:57Z</time>
   </trkpt>
   <trkpt lat="48.0137080" lon="1.8780290">
    <ele>127.1</ele>
    <time>2025-03-29T14:55:00Z</time>
   </trkpt>
   <trkpt lat="48.0132680" lon="1.8781040">
    <ele>126.6</ele>
    <time>2025-03-29T14:55:05Z</time>
   </trkpt>
   <trkpt lat="48.0130930" lon="1.8781310">
    <ele>126.5</ele>
    <time>2025-03-29T14:55:07Z</time>
   </trkpt>
   <trkpt lat="48.0126520" lon="1.8782020">
    <ele>126.7</ele>
    <time>2025-03-29T14:55:12Z</time>
   </trkpt>
   <trkpt lat="48.0120470" lon="1.8782940">
    <ele>126.7</ele>
    <time>2025-03-29T14:55:19Z</time>
   </trkpt>
   <trkpt lat="48.0117070" lon="1.8783480">
    <ele>126.7</ele>
    <time>2025-03-29T14:55:23Z</time>
   </trkpt>
   <trkpt lat="48.0111170" lon="1.8784440">
    <ele>126.4</ele>
    <time>2025-03-29T14:55:30Z</time>
   </trkpt>
   <trkpt lat="48.0106780" lon="1.8785320">
    <ele>125.7</ele>
    <time>2025-03-29T14:55:35Z</time>
   </trkpt>
   <trkpt lat="48.0104990" lon="1.8785620">
    <ele>125.4</ele>
    <time>2025-03-29T14:55:37Z</time>
   </trkpt>
   <trkpt lat="48.0103190" lon="1.8785900">
    <ele>125.1</ele>
    <time>2025-03-29T14:55:39Z</time>
   </trkpt>
   <trkpt lat="48.0100440" lon="1.8786390">
    <ele>124.7</ele>
    <time>2025-03-29T14:55:42Z</time>
   </trkpt>
   <trkpt lat="48.0097730" lon="1.8786840">
    <ele>124.4</ele>
    <time>2025-03-29T14:55:45Z</time>
   </trkpt>
   <trkpt lat="48.0094240" lon="1.8787460">
    <ele>124.2</ele>
    <time>2025-03-29T14:55:49Z</time>
   </trkpt>
   <trkpt lat="48.0090790" lon="1.8788060">
    <ele>124.1</ele>
    <time>2025-03-29T14:55:53Z</time>
   </trkpt>
   <trkpt lat="48.0089930" lon="1.8788180">
    <ele>124.1</ele>
    <time>2025-03-29T14:55:54Z</time>
   </trkpt>
   <trkpt lat="48.0088200" lon="1.8788470">
    <ele>124.0</ele>
    <time>2025-03-29T14:55:56Z</time>
   </trkpt>
   <trkpt lat="48.0087350" lon="1.8788590">
    <ele>124.0</ele>
    <time>2025-03-29T14:55:57Z</time>
   </trkpt>
   <trkpt lat="48.0085620" lon="1.8788860">
    <ele>124.0</ele>
    <time>2025-03-29T14:55:59Z</time>
   </trkpt>
   <trkpt lat="48.0079550" lon="1.8789870">
    <ele>123.8</ele>
    <time>2025-03-29T14:56:06Z</time>
   </trkpt>
   <trkpt lat="48.0078670" lon="1.8790030">
    <ele>123.8</ele>
    <time>2025-03-29T14:56:07Z</time>
   </trkpt>
   <trkpt lat="48.0073290" lon="1.8790900">
    <ele>123.5</ele>
    <time>2025-03-29T14:56:13Z</time>
   </trkpt>
   <trkpt lat="48.0071500" lon="1.8791220">
    <ele>123.4</ele>
    <time>2025-03-29T14:56:15Z</time>
   </trkpt>
   <trkpt lat="48.0069720" lon="1.8791520">
    <ele>123.3</ele>
    <time>2025-03-29T14:56:17Z</time>
   </trkpt>
   <trkpt lat="48.0067090" lon="1.8791950">
    <ele>123.2</ele>
    <time>2025-03-29T14:56:20Z</time>
   </trkpt>
   <trkpt lat="48.0064510" lon="1.8792330">
    <ele>123.1</ele>
    <time>2025-03-29T14:56:23Z</time>
   </trkpt>
   <trkpt lat="48.0059320" lon="1.8793200">
    <ele>123.0</ele>
    <time>2025-03-29T14:56:29Z</time>
   </trkpt>
   <trkpt lat="48.0057570" lon="1.8793470">
    <ele>123.0</ele>
    <time>2025-03-29T14:56:31Z</time>
   </trkpt>
   <trkpt lat="48.0056690" lon="1.8793600">
    <ele>123.0</ele>
    <time>2025-03-29T14:56:32Z</time>
   </trkpt>
   <trkpt lat="48.0055800" lon="1.8793740">
    <ele>123.0</ele>
    <time>2025-03-29T14:56:33Z</time>
   </trkpt>
   <trkpt lat="48.0054920" lon="1.8793880">
    <ele>123.0</ele>
    <time>2025-03-29T14:56:34Z</time>
   </trkpt>
   <trkpt lat="48.0054030" lon="1.8794040">
    <ele>123.0</ele>
    <time>2025-03-29T14:56:35Z</time>
   </trkpt>
   <trkpt lat="48.0053140" lon="1.8794200">
    <ele>123.0</ele>
    <time>2025-03-29T14:56:36Z</time>
   </trkpt>
   <trkpt lat="48.0052250" lon="1.8794370">
    <ele>123.1</ele>
    <time>2025-03-29T14:56:37Z</time>
   </trkpt>
   <trkpt lat="48.0047910" lon="1.8795180">
    <ele>123.3</ele>
    <time>2025-03-29T14:56:42Z</time>
   </trkpt>
   <trkpt lat="48.0041890" lon="1.8796120">
    <ele>123.5</ele>
    <time>2025-03-29T14:56:49Z</time>
   </trkpt>
   <trkpt lat="48.0040170" lon="1.8796380">
    <ele>123.6</ele>
    <time>2025-03-29T14:56:51Z</time>
   </trkpt>
   <trkpt lat="48.0037590" lon="1.8796820">
    <ele>123.8</ele>
    <time>2025-03-29T14:56:54Z</time>
   </trkpt>
   <trkpt lat="48.0033290" lon="1.8797520">
    <ele>123.9</ele>
    <time>2025-03-29T14:56:59Z</time>
   </trkpt>
   <trkpt lat="48.0031580" lon="1.8797830">
    <ele>124.0</ele>
    <time>2025-03-29T14:57:01Z</time>
   </trkpt>
   <trkpt lat="48.0025670" lon="1.8798750">
    <ele>124.6</ele>
    <time>2025-03-29T14:57:08Z</time>
   </trkpt>
   <trkpt lat="48.0024830" lon="1.8798880">
    <ele>124.6</ele>
    <time>2025-03-29T14:57:09Z</time>
   </trkpt>
   <trkpt lat="48.0023180" lon="1.8799200">
    <ele>124.7</ele>
    <time>2025-03-29T14:57:11Z</time>
   </trkpt>
   <trkpt lat="48.0019850" lon="1.8799720">
    <ele>124.9</ele>
    <time>2025-03-29T14:57:15Z</time>
   </trkpt>
   <trkpt lat="48.0017380" lon="1.8800140">
    <ele>125.1</ele>
    <time>2025-03-29T14:57:18Z</time>
   </trkpt>
   <trkpt lat="48.0014120" lon="1.8800690">
    <ele>125.3</ele>
    <time>2025-03-29T14:57:22Z</time>
   </trkpt>
   <trkpt lat="48.0011620" lon="1.8801110">
    <ele>125.2</ele>
    <time>2025-03-29T14:57:25Z</time>
   </trkpt>
   <trkpt lat="48.0009910" lon="1.8801350">
    <ele>125.2</ele>
    <time>2025-03-29T14:57:27Z</time>
   </trkpt>
   <trkpt lat="48.0003840" lon="1.8802440">
    <ele>125.0</ele>
    <time>2025-03-29T14:57:34Z</time>
   </trkpt>
   <trkpt lat="48.0000310" lon="1.8803010">
    <ele>124.7</ele>
    <time>2025-03-29T14:57:38Z</time>
   </trkpt>
   <trkpt lat="47.9996750" lon="1.8803630">
    <ele>124.6</ele>
    <time>2025-03-29T14:57:42Z</time>
   </trkpt>
   <trkpt lat="47.9995870" lon="1.8803780">
    <ele>124.6</ele>
    <time>2025-03-29T14:57:43Z</time>
   </trkpt>
   <trkpt lat="47.9994120" lon="1.8804060">
    <ele>124.5</ele>
    <time>2025-03-29T14:57:45Z</time>
   </trkpt>
   <trkpt lat="47.9992380" lon="1.8804360">
    <ele>124.5</ele>
    <time>2025-03-29T14:57:47Z</time>
   </trkpt>
   <trkpt lat="47.9986310" lon="1.8805380">
    <ele>124.5</ele>
    <time>2025-03-29T14:57:54Z</time>
   </trkpt>
   <trkpt lat="47.9981150" lon="1.8806260">
    <ele>124.5</ele>
    <time>2025-03-29T14:58:00Z</time>
   </trkpt>
   <trkpt lat="47.9974980" lon="1.8807330">
    <ele>124.2</ele>
    <time>2025-03-29T14:58:07Z</time>
   </trkpt>
   <trkpt lat="47.9970470" lon="1.8808060">
    <ele>123.9</ele>
    <time>2025-03-29T14:58:12Z</time>
   </trkpt>
   <trkpt lat="47.9964970" lon="1.8808980">
    <ele>123.7</ele>
    <time>2025-03-29T14:58:18Z</time>
   </trkpt>
   <trkpt lat="47.9959550" lon="1.8809910">
    <ele>123.3</ele>
    <time>2025-03-29T14:58:24Z</time>
   </trkpt>
   <trkpt lat="47.9955930" lon="1.8810510">
    <ele>123.1</ele>
    <time>2025-03-29T14:58:28Z</time>
   </trkpt>
   <trkpt lat="47.9950490" lon="1.8811450">
    <ele>123.1</ele>
    <time>2025-03-29T14:58:34Z</time>
   </trkpt>
   <trkpt lat="47.9947820" lon="1.8811930">
    <ele>123.3</ele>
    <time>2025-03-29T14:58:37Z</time>
   </trkpt>
   <trkpt lat="47.9941790" lon="1.8812940">
    <ele>123.5</ele>
    <time>2025-03-29T14:58:44Z</time>
   </trkpt>
   <trkpt lat="47.9940960" lon="1.8813100">
    <ele>123.6</ele>
    <time>2025-03-29T14:58:45Z</time>
   </trkpt>
   <trkpt lat="47.9939320" lon="1.8813350">
    <ele>123.8</ele>
    <time>2025-03-29T14:58:47Z</time>
   </trkpt>
   <trkpt lat="47.9938510" lon="1.8813490">
    <ele>123.9</ele>
    <time>2025-03-29T14:58:48Z</time>
   </trkpt>
   <trkpt lat="47.9932830" lon="1.8814450">
    <ele>123.9</ele>
    <time>2025-03-29T14:58:55Z</time>
   </trkpt>
   <trkpt lat="47.9929480" lon="1.8815040">
    <ele>123.9</ele>
    <time>2025-03-29T14:58:59Z</time>
   </trkpt>
   <trkpt lat="47.9923540" lon="1.8816040">
    <ele>123.5</ele>
    <time>2025-03-29T14:59:06Z</time>
   </trkpt>
   <trkpt lat="47.9917320" lon="1.8817370">
    <ele>122.9</ele>
    <time>2025-03-29T14:59:13Z</time>
   </trkpt>
   <trkpt lat="47.9915520" lon="1.8817710">
    <ele>122.7</ele>
    <time>2025-03-29T14:59:15Z</time>
   </trkpt>
   <trkpt lat="47.9913720" lon="1.8818110">
    <ele>122.5</ele>
    <time>2025-03-29T14:59:17Z</time>
   </trkpt>
   <trkpt lat="47.9908340" lon="1.8819230">
    <ele>122.4</ele>
    <time>2025-03-29T14:59:23Z</time>
   </trkpt>
   <trkpt lat="47.9907450" lon="1.8819410">
    <ele>122.4</ele>
    <time>2025-03-29T14:59:24Z</time>
   </trkpt>
   <trkpt lat="47.9901540" lon="1.8820610">
    <ele>122.4</ele>
    <time>2025-03-29T14:59:31Z</time>
   </trkpt>
   <trkpt lat="47.9898270" lon="1.8821140">
    <ele>122.5</ele>
    <time>2025-03-29T14:59:35Z</time>
   </trkpt>
   <trkpt lat="47.9892360" lon="1.8822340">
    <ele>122.3</ele>
    <time>2025-03-29T14:59:42Z</time>
   </trkpt>
   <trkpt lat="47.9890750" lon="1.8822780">
    <ele>122.3</ele>
    <time>2025-03-29T14:59:44Z</time>
   </trkpt>
   <trkpt lat="47.9885120" lon="1.8824090">
    <ele>122.7</ele>
    <time>2025-03-29T14:59:51Z</time>
   </trkpt>
   <trkpt lat="47.9881850" lon="1.8824870">
    <ele>122.9</ele>
    <time>2025-03-29T14:59:55Z</time>
   </trkpt>
   <trkpt lat="47.9876120" lon="1.8825840">
    <ele>123.1</ele>
    <time>2025-03-29T15:00:02Z</time>
   </trkpt>
   <trkpt lat="47.9874520" lon="1.8825980">
    <ele>123.1</ele>
    <time>2025-03-29T15:00:04Z</time>
   </trkpt>
   <trkpt lat="47.9868510" lon="1.8826620">
    <ele>123.0</ele>
    <time>2025-03-29T15:00:12Z</time>
   </trkpt>
   <trkpt lat="47.9866480" lon="1.8826830">
    <ele>122.9</ele>
    <time>2025-03-29T15:00:15Z</time>
   </trkpt>
   <trkpt lat="47.9863830" lon="1.8827080">
    <ele>122.8</ele>
    <time>2025-03-29T15:00:21Z</time>
   </trkpt>
   <trkpt lat="47.9861980" lon="1.8827340">
    <ele>122.8</ele>
    <time>2025-03-29T15:00:26Z</time>
   </trkpt>
   <trkpt lat="47.9861450" lon="1.8827440">
    <ele>122.8</ele>
    <time>2025-03-29T15:00:27Z</time>
   </trkpt>
   <trkpt lat="47.9860880" lon="1.8827500">
    <ele>122.8</ele>
    <time>2025-03-29T15:00:28Z</time>
   </trkpt>
   <trkpt lat="47.9860290" lon="1.8827570">
    <ele>122.8</ele>
    <time>2025-03-29T15:00:29Z</time>
   </trkpt>
   <trkpt lat="47.9858480" lon="1.8827730">
    <ele>122.7</ele>
    <time>2025-03-29T15:00:32Z</time>
   </trkpt>
   <trkpt lat="47.9854690" lon="1.8828130">
    <ele>122.5</ele>
    <time>2025-03-29T15:00:38Z</time>
   </trkpt>
   <trkpt lat="47.9850560" lon="1.8828500">
    <ele>122.2</ele>
    <time>2025-03-29T15:00:44Z</time>
   </trkpt>
   <trkpt lat="47.9847640" lon="1.8828710">
    <ele>122.1</ele>
    <time>2025-03-29T15:00:48Z</time>
   </trkpt>
   <trkpt lat="47.9846220" lon="1.8828870">
    <ele>122.0</ele>
    <time>2025-03-29T15:00:50Z</time>
   </trkpt>
   <trkpt lat="47.9844040" lon="1.8829130">
    <ele>121.9</ele>
    <time>2025-03-29T15:00:53Z</time>
   </trkpt>
   <trkpt lat="47.9838060" lon="1.8829780">
    <ele>121.5</ele>
    <time>2025-03-29T15:01:01Z</time>
   </trkpt>
   <trkpt lat="47.9835860" lon="1.8830310">
    <ele>121.4</ele>
    <time>2025-03-29T15:01:04Z</time>
   </trkpt>
   <trkpt lat="47.9829800" lon="1.8831690">
    <ele>121.6</ele>
    <time>2025-03-29T15:01:12Z</time>
   </trkpt>
   <trkpt lat="47.9828260" lon="1.8832030">
    <ele>121.8</ele>
    <time>2025-03-29T15:01:14Z</time>
   </trkpt>
   <trkpt lat="47.9827490" lon="1.8832200">
    <ele>121.8</ele>
    <time>2025-03-29T15:01:15Z</time>
   </trkpt>
   <trkpt lat="47.9826730" lon="1.8832370">
    <ele>121.9</ele>
    <time>2025-03-29T15:01:16Z</time>
   </trkpt>
   <trkpt lat="47.9820880" lon="1.8833580">
    <ele>122.4</ele>
    <time>2025-03-29T15:01:24Z</time>
   </trkpt>
   <trkpt lat="47.9814970" lon="1.8834900">
    <ele>122.9</ele>
    <time>2025-03-29T15:01:32Z</time>
   </trkpt>
   <trkpt lat="47.9813440" lon="1.8835350">
    <ele>122.9</ele>
    <time>2025-03-29T15:01:34Z</time>
   </trkpt>
   <trkpt lat="47.9807990" lon="1.8836880">
    <ele>123.1</ele>
    <time>2025-03-29T15:01:41Z</time>
   </trkpt>
   <trkpt lat="47.9806380" lon="1.8837360">
    <ele>123.1</ele>
    <time>2025-03-29T15:01:43Z</time>
   </trkpt>
   <trkpt lat="47.9800750" lon="1.8838960">
    <ele>123.3</ele>
    <time>2025-03-29T15:01:50Z</time>
   </trkpt>
   <trkpt lat="47.9798400" lon="1.8839610">
    <ele>123.3</ele>
    <time>2025-03-29T15:01:53Z</time>
   </trkpt>
   <trkpt lat="47.9795270" lon="1.8840530">
    <ele>123.2</ele>
    <time>2025-03-29T15:01:57Z</time>
   </trkpt>
   <trkpt lat="47.9792080" lon="1.8841460">
    <ele>123.2</ele>
    <time>2025-03-29T15:02:01Z</time>
   </trkpt>
   <trkpt lat="47.9787960" lon="1.8842640">
    <ele>123.2</ele>
    <time>2025-03-29T15:02:06Z</time>
   </trkpt>
   <trkpt lat="47.9782150" lon="1.8844360">
    <ele>123.1</ele>
    <time>2025-03-29T15:02:13Z</time>
   </trkpt>
   <trkpt lat="47.9777270" lon="1.8845700">
    <ele>123.2</ele>
    <time>2025-03-29T15:02:19Z</time>
   </trkpt>
   <trkpt lat="47.9771460" lon="1.8847400">
    <ele>123.3</ele>
    <time>2025-03-29T15:02:26Z</time>
   </trkpt>
   <trkpt lat="47.9767240" lon="1.8848590">
    <ele>123.3</ele>
    <time>2025-03-29T15:02:31Z</time>
   </trkpt>
   <trkpt lat="47.9761290" lon="1.8850250">
    <ele>123.3</ele>
    <time>2025-03-29T15:02:38Z</time>
   </trkpt>
   <trkpt lat="47.9759580" lon="1.8850700">
    <ele>123.3</ele>
    <time>2025-03-29T15:02:40Z</time>
   </trkpt>
   <trkpt lat="47.9753740" lon="1.8852290">
    <ele>123.3</ele>
    <time>2025-03-29T15:02:47Z</time>
   </trkpt>
   <trkpt lat="47.9749550" lon="1.8853420">
    <ele>123.4</ele>
    <time>2025-03-29T15:02:52Z</time>
   </trkpt>
   <trkpt lat="47.9743700" lon="1.8855050">
    <ele>123.5</ele>
    <time>2025-03-29T15:02:59Z</time>
   </trkpt>
   <trkpt lat="47.9739530" lon="1.8856190">
    <ele>123.6</ele>
    <time>2025-03-29T15:03:04Z</time>
   </trkpt>
   <trkpt lat="47.9733820" lon="1.8857840">
    <ele>123.8</ele>
    <time>2025-03-29T15:03:11Z</time>
   </trkpt>
   <trkpt lat="47.9730640" lon="1.8858770">
    <ele>124.0</ele>
    <time>2025-03-29T15:03:15Z</time>
   </trkpt>
   <trkpt lat="47.9724990" lon="1.8860330">
    <ele>124.2</ele>
    <time>2025-03-29T15:03:22Z</time>
   </trkpt>
   <trkpt lat="47.9723370" lon="1.8860790">
    <ele>124.3</ele>
    <time>2025-03-29T15:03:24Z</time>
   </trkpt>
   <trkpt lat="47.9720160" lon="1.8861720">
    <ele>124.3</ele>
    <time>2025-03-29T15:03:28Z</time>
   </trkpt>
   <trkpt lat="47.9715390" lon="1.8863090">
    <ele>124.4</ele>
    <time>2025-03-29T15:03:34Z</time>
   </trkpt>
   <trkpt lat="47.9714600" lon="1.8863310">
    <ele>124.4</ele>
    <time>2025-03-29T15:03:35Z</time>
   </trkpt>
   <trkpt lat="47.9711440" lon="1.8864190">
    <ele>124.5</ele>
    <time>2025-03-29T15:03:39Z</time>
   </trkpt>
   <trkpt lat="47.9705970" lon="1.8865750">
    <ele>124.4</ele>
    <time>2025-03-29T15:03:46Z</time>
   </trkpt>
   <trkpt lat="47.9700480" lon="1.8867350">
    <ele>123.9</ele>
    <time>2025-03-29T15:03:53Z</time>
   </trkpt>
   <trkpt lat="47.9696540" lon="1.8868490">
    <ele>123.9</ele>
    <time>2025-03-29T15:03:58Z</time>
   </trkpt>
   <trkpt lat="47.9690960" lon="1.8870050">
    <ele>123.9</ele>
    <time>2025-03-29T15:04:05Z</time>
   </trkpt>
   <trkpt lat="47.9686090" lon="1.8871450">
    <ele>123.8</ele>
    <time>2025-03-29T15:04:11Z</time>
   </trkpt>
   <trkpt lat="47.9681080" lon="1.8872890">
    <ele>124.0</ele>
    <time>2025-03-29T15:04:17Z</time>
   </trkpt>
   <trkpt lat="47.9675500" lon="1.8874530">
    <ele>124.4</ele>
    <time>2025-03-29T15:04:24Z</time>
   </trkpt>
   <trkpt lat="47.9673980" lon="1.8874930">
    <ele>124.4</ele>
    <time>2025-03-29T15:04:26Z</time>
   </trkpt>
   <trkpt lat="47.9668560" lon="1.8876420">
    <ele>124.4</ele>
    <time>2025-03-29T15:04:33Z</time>
   </trkpt>
   <trkpt lat="47.9666140" lon="1.8877090">
    <ele>124.3</ele>
    <time>2025-03-29T15:04:36Z</time>
   </trkpt>
   <trkpt lat="47.9660650" lon="1.8878680">
    <ele>124.3</ele>
    <time>2025-03-29T15:04:43Z</time>
   </trkpt>
   <trkpt lat="47.9656100" lon="1.8879990">
    <ele>124.2</ele>
    <time>2025-03-29T15:04:49Z</time>
   </trkpt>
   <trkpt lat="47.9655340" lon="1.8880210">
    <ele>124.2</ele>
    <time>2025-03-29T15:04:50Z</time>
   </trkpt>
   <trkpt lat="47.9649570" lon="1.8881430">
    <ele>123.7</ele>
    <time>2025-03-29T15:04:58Z</time>
   </trkpt>
   <trkpt lat="47.9648920" lon="1.8881570">
    <ele>123.7</ele>
    <time>2025-03-29T15:04:59Z</time>
   </trkpt>
   <trkpt lat="47.9646070" lon="1.8882330">
    <ele>124.0</ele>
    <time>2025-03-29T15:05:04Z</time>
   </trkpt>
   <trkpt lat="47.9645120" lon="1.8882590">
    <ele>124.1</ele>
    <time>2025-03-29T15:05:06Z</time>
   </trkpt>
   <trkpt lat="47.9644110" lon="1.8882780">
    <ele>124.2</ele>
    <time>2025-03-29T15:05:10Z</time>
   </trkpt>
   <trkpt lat="47.9644130" lon="1.8882780">
    <ele>124.2</ele>
    <time>2025-03-29T15:05:11Z</time>
   </trkpt>
   <trkpt lat="47.9643220" lon="1.8883220">
    <ele>124.3</ele>
    <time>2025-03-29T15:05:32Z</time>
   </trkpt>
   <trkpt lat="47.9642650" lon="1.8883350">
    <ele>124.4</ele>
    <time>2025-03-29T15:05:35Z</time>
   </trkpt>
   <trkpt lat="47.9642530" lon="1.8883350">
    <ele>124.4</ele>
    <time>2025-03-29T15:05:37Z</time>
   </trkpt>
   <trkpt lat="47.9642520" lon="1.8883340">
    <ele>124.4</ele>
    <time>2025-03-29T15:05:39Z</time>
   </trkpt>
   <trkpt lat="47.9640490" lon="1.8883890">
    <ele>124.4</ele>
    <time>2025-03-29T15:05:47Z</time>
   </trkpt>
   <trkpt lat="47.9638060" lon="1.8884700">
    <ele>124.1</ele>
    <time>2025-03-29T15:05:52Z</time>
   </trkpt>
   <trkpt lat="47.9634510" lon="1.8885780">
    <ele>123.9</ele>
    <time>2025-03-29T15:05:58Z</time>
   </trkpt>
   <trkpt lat="47.9630010" lon="1.8887260">
    <ele>124.0</ele>
    <time>2025-03-29T15:06:05Z</time>
   </trkpt>
   <trkpt lat="47.9624590" lon="1.8888650">
    <ele>124.2</ele>
    <time>2025-03-29T15:06:14Z</time>
   </trkpt>
   <trkpt lat="47.9619480" lon="1.8889670">
    <ele>124.4</ele>
    <time>2025-03-29T15:06:22Z</time>
   </trkpt>
   <trkpt lat="47.9618370" lon="1.8889920">
    <ele>124.5</ele>
    <time>2025-03-29T15:06:24Z</time>
   </trkpt>
   <trkpt lat="47.9617450" lon="1.8889760">
    <ele>124.6</ele>
    <time>2025-03-29T15:06:26Z</time>
   </trkpt>
   <trkpt lat="47.9617160" lon="1.8889680">
    <ele>124.6</ele>
    <time>2025-03-29T15:06:27Z</time>
   </trkpt>
   <trkpt lat="47.9616990" lon="1.8889640">
    <ele>124.6</ele>
    <time>2025-03-29T15:06:29Z</time>
   </trkpt>
   <trkpt lat="47.9616420" lon="1.8890510">
    <ele>124.6</ele>
    <time>2025-03-29T15:09:13Z</time>
   </trkpt>
   <trkpt lat="47.9615500" lon="1.8890930">
    <ele>124.7</ele>
    <time>2025-03-29T15:09:16Z</time>
   </trkpt>
   <trkpt lat="47.9613880" lon="1.8891730">
    <ele>124.7</ele>
    <time>2025-03-29T15:09:20Z</time>
   </trkpt>
   <trkpt lat="47.9612950" lon="1.8892120">
    <ele>124.8</ele>
    <time>2025-03-29T15:09:22Z</time>
   </trkpt>
   <trkpt lat="47.9609380" lon="1.8893210">
    <ele>124.9</ele>
    <time>2025-03-29T15:09:29Z</time>
   </trkpt>
   <trkpt lat="47.9608450" lon="1.8893490">
    <ele>125.0</ele>
    <time>2025-03-29T15:09:31Z</time>
   </trkpt>
   <trkpt lat="47.9604650" lon="1.8894390">
    <ele>125.1</ele>
    <time>2025-03-29T15:09:38Z</time>
   </trkpt>
   <trkpt lat="47.9600200" lon="1.8895850">
    <ele>125.6</ele>
    <time>2025-03-29T15:09:45Z</time>
   </trkpt>
   <trkpt lat="47.9598930" lon="1.8896240">
    <ele>125.8</ele>
    <time>2025-03-29T15:09:47Z</time>
   </trkpt>
   <trkpt lat="47.9598300" lon="1.8896430">
    <ele>125.9</ele>
    <time>2025-03-29T15:09:48Z</time>
   </trkpt>
   <trkpt lat="47.9597040" lon="1.8896800">
    <ele>126.0</ele>
    <time>2025-03-29T15:09:50Z</time>
   </trkpt>
   <trkpt lat="47.9593190" lon="1.8897810">
    <ele>126.3</ele>
    <time>2025-03-29T15:09:56Z</time>
   </trkpt>
   <trkpt lat="47.9591900" lon="1.8898150">
    <ele>126.5</ele>
    <time>2025-03-29T15:09:58Z</time>
   </trkpt>
   <trkpt lat="47.9589390" lon="1.8898860">
    <ele>126.8</ele>
    <time>2025-03-29T15:10:02Z</time>
   </trkpt>
   <trkpt lat="47.9586830" lon="1.8899530">
    <ele>126.8</ele>
    <time>2025-03-29T15:10:06Z</time>
   </trkpt>
   <trkpt lat="47.9584200" lon="1.8900160">
    <ele>126.9</ele>
    <time>2025-03-29T15:10:10Z</time>
   </trkpt>
   <trkpt lat="47.9580970" lon="1.8900910">
    <ele>127.4</ele>
    <time>2025-03-29T15:10:15Z</time>
   </trkpt>
   <trkpt lat="47.9575690" lon="1.8901820">
    <ele>129.0</ele>
    <time>2025-03-29T15:10:23Z</time>
   </trkpt>
   <trkpt lat="47.9573650" lon="1.8901900">
    <ele>129.3</ele>
    <time>2025-03-29T15:10:27Z</time>
   </trkpt>
   <trkpt lat="47.9573210" lon="1.8901690">
    <ele>129.1</ele>
    <time>2025-03-29T15:10:28Z</time>
   </trkpt>
   <trkpt lat="47.9572790" lon="1.8901350">
    <ele>129.1</ele>
    <time>2025-03-29T15:10:29Z</time>
   </trkpt>
   <trkpt lat="47.9571920" lon="1.8900710">
    <ele>129.1</ele>
    <time>2025-03-29T15:10:31Z</time>
   </trkpt>
   <trkpt lat="47.9571420" lon="1.8900600">
    <ele>129.1</ele>
    <time>2025-03-29T15:10:32Z</time>
   </trkpt>
   <trkpt lat="47.9570910" lon="1.8900690">
    <ele>129.3</ele>
    <time>2025-03-29T15:10:33Z</time>
   </trkpt>
   <trkpt lat="47.9569970" lon="1.8901540">
    <ele>129.4</ele>
    <time>2025-03-29T15:10:35Z</time>
   </trkpt>
   <trkpt lat="47.9569190" lon="1.8902650">
    <ele>129.6</ele>
    <time>2025-03-29T15:10:37Z</time>
   </trkpt>
   <trkpt lat="47.9567800" lon="1.8903880">
    <ele>129.9</ele>
    <time>2025-03-29T15:10:40Z</time>
   </trkpt>
   <trkpt lat="47.9564880" lon="1.8905080">
    <ele>130.1</ele>
    <time>2025-03-29T15:10:45Z</time>
   </trkpt>
   <trkpt lat="47.9559780" lon="1.8906820">
    <ele>130.2</ele>
    <time>2025-03-29T15:10:53Z</time>
   </trkpt>
   <trkpt lat="47.9554340" lon="1.8908300">
    <ele>129.6</ele>
    <time>2025-03-29T15:11:01Z</time>
   </trkpt>
   <trkpt lat="47.9553640" lon="1.8908480">
    <ele>129.5</ele>
    <time>2025-03-29T15:11:02Z</time>
   </trkpt>
   <trkpt lat="47.9548330" lon="1.8909910">
    <ele>127.8</ele>
    <time>2025-03-29T15:11:10Z</time>
   </trkpt>
   <trkpt lat="47.9547350" lon="1.8910090">
    <ele>127.5</ele>
    <time>2025-03-29T15:11:12Z</time>
   </trkpt>
   <trkpt lat="47.9546330" lon="1.8910240">
    <ele>127.2</ele>
    <time>2025-03-29T15:11:15Z</time>
   </trkpt>
   <trkpt lat="47.9546020" lon="1.8910120">
    <ele>127.1</ele>
    <time>2025-03-29T15:11:16Z</time>
   </trkpt>
   <trkpt lat="47.9545730" lon="1.8909750">
    <ele>127.1</ele>
    <time>2025-03-29T15:11:17Z</time>
   </trkpt>
   <trkpt lat="47.9545320" lon="1.8908590">
    <ele>127.0</ele>
    <time>2025-03-29T15:11:19Z</time>
   </trkpt>
   <trkpt lat="47.9544290" lon="1.8904680">
    <ele>126.9</ele>
    <time>2025-03-29T15:11:24Z</time>
   </trkpt>
   <trkpt lat="47.9543940" lon="1.8902870">
    <ele>126.9</ele>
    <time>2025-03-29T15:11:26Z</time>
   </trkpt>
   <trkpt lat="47.9543390" lon="1.8897330">
    <ele>126.9</ele>
    <time>2025-03-29T15:11:32Z</time>
   </trkpt>
   <trkpt lat="47.9543330" lon="1.8896430">
    <ele>126.9</ele>
    <time>2025-03-29T15:11:33Z</time>
   </trkpt>
   <trkpt lat="47.9542700" lon="1.8887670">
    <ele>127.2</ele>
    <time>2025-03-29T15:11:43Z</time>
   </trkpt>
   <trkpt lat="47.9542030" lon="1.8879150">
    <ele>127.1</ele>
    <time>2025-03-29T15:11:52Z</time>
   </trkpt>
   <trkpt lat="47.9541260" lon="1.8871080">
    <ele>126.8</ele>
    <time>2025-03-29T15:12:00Z</time>
   </trkpt>
   <trkpt lat="47.9541180" lon="1.8870060">
    <ele>126.7</ele>
    <time>2025-03-29T15:12:01Z</time>
   </trkpt>
   <trkpt lat="47.9540540" lon="1.8862730">
    <ele>126.1</ele>
    <time>2025-03-29T15:12:08Z</time>
   </trkpt>
   <trkpt lat="47.9540330" lon="1.8860550">
    <ele>125.9</ele>
    <time>2025-03-29T15:12:10Z</time>
   </trkpt>
   <trkpt lat="47.9539610" lon="1.8855080">
    <ele>125.5</ele>
    <time>2025-03-29T15:12:15Z</time>
   </trkpt>
   <trkpt lat="47.9539150" lon="1.8853070">
    <ele>125.5</ele>
    <time>2025-03-29T15:12:17Z</time>
   </trkpt>
   <trkpt lat="47.9536930" lon="1.8846800">
    <ele>124.6</ele>
    <time>2025-03-29T15:12:24Z</time>
   </trkpt>
   <trkpt lat="47.9534940" lon="1.8842800">
    <ele>124.1</ele>
    <time>2025-03-29T15:12:29Z</time>
   </trkpt>
   <trkpt lat="47.9534390" lon="1.8842290">
    <ele>124.0</ele>
    <time>2025-03-29T15:12:30Z</time>
   </trkpt>
   <trkpt lat="47.9533780" lon="1.8841980">
    <ele>123.9</ele>
    <time>2025-03-29T15:12:31Z</time>
   </trkpt>
   <trkpt lat="47.9531860" lon="1.8841390">
    <ele>123.2</ele>
    <time>2025-03-29T15:12:34Z</time>
   </trkpt>
   <trkpt lat="47.9531240" lon="1.8841060">
    <ele>123.0</ele>
    <time>2025-03-29T15:12:35Z</time>
   </trkpt>
   <trkpt lat="47.9528200" lon="1.8838660">
    <ele>121.9</ele>
    <time>2025-03-29T15:12:40Z</time>
   </trkpt>
   <trkpt lat="47.9523800" lon="1.8834630">
    <ele>120.6</ele>
    <time>2025-03-29T15:12:47Z</time>
   </trkpt>
   <trkpt lat="47.9520330" lon="1.8832940">
    <ele>119.9</ele>
    <time>2025-03-29T15:12:52Z</time>
   </trkpt>
   <trkpt lat="47.9519640" lon="1.8832720">
    <ele>119.8</ele>
    <time>2025-03-29T15:12:53Z</time>
   </trkpt>
   <trkpt lat="47.9518280" lon="1.8832360">
    <ele>119.7</ele>
    <time>2025-03-29T15:12:55Z</time>
   </trkpt>
   <trkpt lat="47.9514840" lon="1.8832190">
    <ele>119.8</ele>
    <time>2025-03-29T15:13:00Z</time>
   </trkpt>
   <trkpt lat="47.9510740" lon="1.8833040">
    <ele>119.5</ele>
    <time>2025-03-29T15:13:06Z</time>
   </trkpt>
   <trkpt lat="47.9510030" lon="1.8833250">
    <ele>119.4</ele>
    <time>2025-03-29T15:13:07Z</time>
   </trkpt>
   <trkpt lat="47.9504150" lon="1.8834670">
    <ele>118.7</ele>
    <time>2025-03-29T15:13:15Z</time>
   </trkpt>
   <trkpt lat="47.9502620" lon="1.8835020">
    <ele>118.5</ele>
    <time>2025-03-29T15:13:17Z</time>
   </trkpt>
   <trkpt lat="47.9497270" lon="1.8836260">
    <ele>117.9</ele>
    <time>2025-03-29T15:13:24Z</time>
   </trkpt>
   <trkpt lat="47.9495800" lon="1.8836620">
    <ele>117.7</ele>
    <time>2025-03-29T15:13:26Z</time>
   </trkpt>
   <trkpt lat="47.9489940" lon="1.8837960">
    <ele>117.0</ele>
    <time>2025-03-29T15:13:34Z</time>
   </trkpt>
   <trkpt lat="47.9489150" lon="1.8838120">
    <ele>116.9</ele>
    <time>2025-03-29T15:13:35Z</time>
   </trkpt>
   <trkpt lat="47.9483590" lon="1.8839390">
    <ele>116.3</ele>
    <time>2025-03-29T15:13:42Z</time>
   </trkpt>
   <trkpt lat="47.9481270" lon="1.8839970">
    <ele>116.1</ele>
    <time>2025-03-29T15:13:45Z</time>
   </trkpt>
   <trkpt lat="47.9475750" lon="1.8841250">
    <ele>116.2</ele>
    <time>2025-03-29T15:13:52Z</time>
   </trkpt>
   <trkpt lat="47.9472610" lon="1.8841970">
    <ele>116.4</ele>
    <time>2025-03-29T15:13:56Z</time>
   </trkpt>
   <trkpt lat="47.9467240" lon="1.8842400">
    <ele>117.2</ele>
    <time>2025-03-29T15:14:03Z</time>
   </trkpt>
   <trkpt lat="47.9465020" lon="1.8842160">
    <ele>117.7</ele>
    <time>2025-03-29T15:14:06Z</time>
   </trkpt>
   <trkpt lat="47.9464300" lon="1.8842020">
    <ele>117.9</ele>
    <time>2025-03-29T15:14:07Z</time>
   </trkpt>
   <trkpt lat="47.9463610" lon="1.8841860">
    <ele>118.1</ele>
    <time>2025-03-29T15:14:08Z</time>
   </trkpt>
   <trkpt lat="47.9462910" lon="1.8841680">
    <ele>118.2</ele>
    <time>2025-03-29T15:14:09Z</time>
   </trkpt>
   <trkpt lat="47.9462220" lon="1.8841480">
    <ele>118.3</ele>
    <time>2025-03-29T15:14:10Z</time>
   </trkpt>
   <trkpt lat="47.9457130" lon="1.8839380">
    <ele>118.7</ele>
    <time>2025-03-29T15:14:18Z</time>
   </trkpt>
   <trkpt lat="47.9453040" lon="1.8836530">
    <ele>118.3</ele>
    <time>2025-03-29T15:14:25Z</time>
   </trkpt>
   <trkpt lat="47.9452270" lon="1.8834950">
    <ele>118.2</ele>
    <time>2025-03-29T15:14:27Z</time>
   </trkpt>
   <trkpt lat="47.9452070" lon="1.8834060">
    <ele>118.1</ele>
    <time>2025-03-29T15:14:28Z</time>
   </trkpt>
   <trkpt lat="47.9451710" lon="1.8832340">
    <ele>118.2</ele>
    <time>2025-03-29T15:14:30Z</time>
   </trkpt>
   <trkpt lat="47.9450980" lon="1.8831090">
    <ele>118.1</ele>
    <time>2025-03-29T15:14:32Z</time>
   </trkpt>
   <trkpt lat="47.9449880" lon="1.8831030">
    <ele>117.9</ele>
    <time>2025-03-29T15:14:34Z</time>
   </trkpt>
   <trkpt lat="47.9449020" lon="1.8832230">
    <ele>117.7</ele>
    <time>2025-03-29T15:14:36Z</time>
   </trkpt>
   <trkpt lat="47.9448770" lon="1.8833110">
    <ele>117.7</ele>
    <time>2025-03-29T15:14:37Z</time>
   </trkpt>
   <trkpt lat="47.9448520" lon="1.8834000">
    <ele>117.6</ele>
    <time>2025-03-29T15:14:38Z</time>
   </trkpt>
   <trkpt lat="47.9447590" lon="1.8835350">
    <ele>117.5</ele>
    <time>2025-03-29T15:14:40Z</time>
   </trkpt>
   <trkpt lat="47.9444400" lon="1.8837590">
    <ele>117.3</ele>
    <time>2025-03-29T15:14:45Z</time>
   </trkpt>
   <trkpt lat="47.9440620" lon="1.8841410">
    <ele>117.4</ele>
    <time>2025-03-29T15:14:51Z</time>
   </trkpt>
   <trkpt lat="47.9439970" lon="1.8842080">
    <ele>117.5</ele>
    <time>2025-03-29T15:14:52Z</time>
   </trkpt>
   <trkpt lat="47.9437050" lon="1.8845720">
    <ele>118.1</ele>
    <time>2025-03-29T15:14:57Z</time>
   </trkpt>
   <trkpt lat="47.9435410" lon="1.8847900">
    <ele>118.5</ele>
    <time>2025-03-29T15:15:00Z</time>
   </trkpt>
   <trkpt lat="47.9431940" lon="1.8852720">
    <ele>119.5</ele>
    <time>2025-03-29T15:15:07Z</time>
   </trkpt>
   <trkpt lat="47.9431470" lon="1.8853370">
    <ele>119.7</ele>
    <time>2025-03-29T15:15:08Z</time>
   </trkpt>
   <trkpt lat="47.9429180" lon="1.8856530">
    <ele>120.5</ele>
    <time>2025-03-29T15:15:13Z</time>
   </trkpt>
   <trkpt lat="47.9427370" lon="1.8859100">
    <ele>121.1</ele>
    <time>2025-03-29T15:15:17Z</time>
   </trkpt>
   <trkpt lat="47.9426410" lon="1.8860360">
    <ele>121.3</ele>
    <time>2025-03-29T15:15:19Z</time>
   </trkpt>
   <trkpt lat="47.9425940" lon="1.8861000">
    <ele>121.4</ele>
    <time>2025-03-29T15:15:20Z</time>
   </trkpt>
   <trkpt lat="47.9425470" lon="1.8861670">
    <ele>121.5</ele>
    <time>2025-03-29T15:15:21Z</time>
   </trkpt>
   <trkpt lat="47.9425040" lon="1.8862370">
    <ele>121.5</ele>
    <time>2025-03-29T15:15:22Z</time>
   </trkpt>
   <trkpt lat="47.9424660" lon="1.8863140">
    <ele>121.6</ele>
    <time>2025-03-29T15:15:23Z</time>
   </trkpt>
   <trkpt lat="47.9424340" lon="1.8863980">
    <ele>121.6</ele>
    <time>2025-03-29T15:15:24Z</time>
   </trkpt>
   <trkpt lat="47.9424080" lon="1.8864860">
    <ele>121.7</ele>
    <time>2025-03-29T15:15:25Z</time>
   </trkpt>
   <trkpt lat="47.9423640" lon="1.8867750">
    <ele>121.7</ele>
    <time>2025-03-29T15:15:28Z</time>
   </trkpt>
   <trkpt lat="47.9423320" lon="1.8870710">
    <ele>121.4</ele>
    <time>2025-03-29T15:15:31Z</time>
   </trkpt>
   <trkpt lat="47.9422710" lon="1.8874740">
    <ele>120.8</ele>
    <time>2025-03-29T15:15:35Z</time>
   </trkpt>
   <trkpt lat="47.9422450" lon="1.8875780">
    <ele>120.6</ele>
    <time>2025-03-29T15:15:36Z</time>
   </trkpt>
   <trkpt lat="47.9421810" lon="1.8877880">
    <ele>120.0</ele>
    <time>2025-03-29T15:15:38Z</time>
   </trkpt>
   <trkpt lat="47.9420890" lon="1.8879810">
    <ele>119.6</ele>
    <time>2025-03-29T15:15:40Z</time>
   </trkpt>
   <trkpt lat="47.9419050" lon="1.8883800">
    <ele>119.5</ele>
    <time>2025-03-29T15:15:44Z</time>
   </trkpt>
   <trkpt lat="47.9418380" lon="1.8884700">
    <ele>119.6</ele>
    <time>2025-03-29T15:15:45Z</time>
   </trkpt>
   <trkpt lat="47.9416690" lon="1.8887090">
    <ele>120.3</ele>
    <time>2025-03-29T15:15:48Z</time>
   </trkpt>
   <trkpt lat="47.9415510" lon="1.8888300">
    <ele>120.9</ele>
    <time>2025-03-29T15:15:50Z</time>
   </trkpt>
   <trkpt lat="47.9414250" lon="1.8888880">
    <ele>121.6</ele>
    <time>2025-03-29T15:15:52Z</time>
   </trkpt>
   <trkpt lat="47.9413630" lon="1.8888950">
    <ele>121.8</ele>
    <time>2025-03-29T15:15:53Z</time>
   </trkpt>
   <trkpt lat="47.9413030" lon="1.8888880">
    <ele>121.9</ele>
    <time>2025-03-29T15:15:54Z</time>
   </trkpt>
   <trkpt lat="47.9411860" lon="1.8888330">
    <ele>121.9</ele>
    <time>2025-03-29T15:15:56Z</time>
   </trkpt>
   <trkpt lat="47.9409600" lon="1.8886710">
    <ele>121.8</ele>
    <time>2025-03-29T15:16:00Z</time>
   </trkpt>
   <trkpt lat="47.9408380" lon="1.8886260">
    <ele>121.6</ele>
    <time>2025-03-29T15:16:02Z</time>
   </trkpt>
   <trkpt lat="47.9404750" lon="1.8886530">
    <ele>120.8</ele>
    <time>2025-03-29T15:16:07Z</time>
   </trkpt>
   <trkpt lat="47.9399270" lon="1.8887420">
    <ele>118.9</ele>
    <time>2025-03-29T15:16:14Z</time>
   </trkpt>
   <trkpt lat="47.9398470" lon="1.8887640">
    <ele>118.6</ele>
    <time>2025-03-29T15:16:15Z</time>
   </trkpt>
   <trkpt lat="47.9394590" lon="1.8889780">
    <ele>116.8</ele>
    <time>2025-03-29T15:16:20Z</time>
   </trkpt>
   <trkpt lat="47.9390140" lon="1.8894480">
    <ele>114.7</ele>
    <time>2025-03-29T15:16:26Z</time>
   </trkpt>
   <trkpt lat="47.9385120" lon="1.8899860">
    <ele>113.5</ele>
    <time>2025-03-29T15:16:33Z</time>
   </trkpt>
   <trkpt lat="47.9381140" lon="1.8904150">
    <ele>113.0</ele>
    <time>2025-03-29T15:16:39Z</time>
   </trkpt>
   <trkpt lat="47.9380480" lon="1.8904820">
    <ele>113.0</ele>
    <time>2025-03-29T15:16:40Z</time>
   </trkpt>
   <trkpt lat="47.9379840" lon="1.8905480">
    <ele>112.9</ele>
    <time>2025-03-29T15:16:41Z</time>
   </trkpt>
   <trkpt lat="47.9378590" lon="1.8906780">
    <ele>112.9</ele>
    <time>2025-03-29T15:16:43Z</time>
   </trkpt>
   <trkpt lat="47.9375620" lon="1.8909770">
    <ele>112.8</ele>
    <time>2025-03-29T15:16:48Z</time>
   </trkpt>
   <trkpt lat="47.9371480" lon="1.8913580">
    <ele>112.8</ele>
    <time>2025-03-29T15:16:55Z</time>
   </trkpt>
   <trkpt lat="47.9370860" lon="1.8914110">
    <ele>112.7</ele>
    <time>2025-03-29T15:16:56Z</time>
   </trkpt>
   <trkpt lat="47.9367030" lon="1.8917210">
    <ele>112.6</ele>
    <time>2025-03-29T15:17:02Z</time>
   </trkpt>
   <trkpt lat="47.9366370" lon="1.8917730">
    <ele>112.6</ele>
    <time>2025-03-29T15:17:03Z</time>
   </trkpt>
   <trkpt lat="47.9361060" lon="1.8922070">
    <ele>112.3</ele>
    <time>2025-03-29T15:17:11Z</time>
   </trkpt>
   <trkpt lat="47.9360420" lon="1.8922610">
    <ele>112.3</ele>
    <time>2025-03-29T15:17:12Z</time>
   </trkpt>
   <trkpt lat="47.9356000" lon="1.8926200">
    <ele>112.4</ele>
    <time>2025-03-29T15:17:19Z</time>
   </trkpt>
   <trkpt lat="47.9353820" lon="1.8928090">
    <ele>112.4</ele>
    <time>2025-03-29T15:17:23Z</time>
   </trkpt>
   <trkpt lat="47.9352180" lon="1.8929330">
    <ele>112.5</ele>
    <time>2025-03-29T15:17:26Z</time>
   </trkpt>
   <trkpt lat="47.9347680" lon="1.8933050">
    <ele>112.7</ele>
    <time>2025-03-29T15:17:34Z</time>
   </trkpt>
   <trkpt lat="47.9344190" lon="1.8935770">
    <ele>113.1</ele>
    <time>2025-03-29T15:17:40Z</time>
   </trkpt>
   <trkpt lat="47.9342550" lon="1.8937010">
    <ele>113.3</ele>
    <time>2025-03-29T15:17:43Z</time>
   </trkpt>
   <trkpt lat="47.9338820" lon="1.8939710">
    <ele>113.6</ele>
    <time>2025-03-29T15:17:50Z</time>
   </trkpt>
   <trkpt lat="47.9335510" lon="1.8941760">
    <ele>113.6</ele>
    <time>2025-03-29T15:17:56Z</time>
   </trkpt>
   <trkpt lat="47.9333270" lon="1.8943190">
    <ele>113.6</ele>
    <time>2025-03-29T15:18:00Z</time>
   </trkpt>
   <trkpt lat="47.9332130" lon="1.8943940">
    <ele>113.5</ele>
    <time>2025-03-29T15:18:02Z</time>
   </trkpt>
   <trkpt lat="47.9331020" lon="1.8944690">
    <ele>113.4</ele>
    <time>2025-03-29T15:18:04Z</time>
   </trkpt>
   <trkpt lat="47.9327660" lon="1.8947110">
    <ele>113.0</ele>
    <time>2025-03-29T15:18:10Z</time>
   </trkpt>
   <trkpt lat="47.9325920" lon="1.8948300">
    <ele>112.8</ele>
    <time>2025-03-29T15:18:13Z</time>
   </trkpt>
   <trkpt lat="47.9324840" lon="1.8949040">
    <ele>112.7</ele>
    <time>2025-03-29T15:18:15Z</time>
   </trkpt>
   <trkpt lat="47.9324350" lon="1.8949360">
    <ele>112.7</ele>
    <time>2025-03-29T15:18:16Z</time>
   </trkpt>
   <trkpt lat="47.9323930" lon="1.8949700">
    <ele>112.7</ele>
    <time>2025-03-29T15:18:17Z</time>
   </trkpt>
   <trkpt lat="47.9323290" lon="1.8950420">
    <ele>112.7</ele>
    <time>2025-03-29T15:18:19Z</time>
   </trkpt>
   <trkpt lat="47.9322920" lon="1.8951160">
    <ele>112.7</ele>
    <time>2025-03-29T15:18:21Z</time>
   </trkpt>
   <trkpt lat="47.9322230" lon="1.8951660">
    <ele>112.6</ele>
    <time>2025-03-29T15:18:23Z</time>
   </trkpt>
   <trkpt lat="47.9321770" lon="1.8951810">
    <ele>112.5</ele>
    <time>2025-03-29T15:18:24Z</time>
   </trkpt>
   <trkpt lat="47.9317750" lon="1.8952960">
    <ele>112.2</ele>
    <time>2025-03-29T15:18:31Z</time>
   </trkpt>
   <trkpt lat="47.9313500" lon="1.8954110">
    <ele>111.9</ele>
    <time>2025-03-29T15:18:38Z</time>
   </trkpt>
   <trkpt lat="47.9309270" lon="1.8955190">
    <ele>111.8</ele>
    <time>2025-03-29T15:18:45Z</time>
   </trkpt>
   <trkpt lat="47.9304440" lon="1.8956490">
    <ele>111.8</ele>
    <time>2025-03-29T15:18:53Z</time>
   </trkpt>
   <trkpt lat="47.9298730" lon="1.8957790">
    <ele>111.8</ele>
    <time>2025-03-29T15:19:02Z</time>
   </trkpt>
   <trkpt lat="47.9298130" lon="1.8957920">
    <ele>111.8</ele>
    <time>2025-03-29T15:19:03Z</time>
   </trkpt>
   <trkpt lat="47.9292380" lon="1.8958960">
    <ele>111.5</ele>
    <time>2025-03-29T15:19:12Z</time>
   </trkpt>
   <trkpt lat="47.9286870" lon="1.8960110">
    <ele>111.1</ele>
    <time>2025-03-29T15:19:20Z</time>
   </trkpt>
   <trkpt lat="47.9282750" lon="1.8961060">
    <ele>110.9</ele>
    <time>2025-03-29T15:19:26Z</time>
   </trkpt>
   <trkpt lat="47.9282070" lon="1.8961180">
    <ele>110.9</ele>
    <time>2025-03-29T15:19:27Z</time>
   </trkpt>
   <trkpt lat="47.9281380" lon="1.8961320">
    <ele>110.9</ele>
    <time>2025-03-29T15:19:28Z</time>
   </trkpt>
   <trkpt lat="47.9278540" lon="1.8961870">
    <ele>110.9</ele>
    <time>2025-03-29T15:19:32Z</time>
   </trkpt>
   <trkpt lat="47.9275150" lon="1.8962430">
    <ele>111.1</ele>
    <time>2025-03-29T15:19:37Z</time>
   </trkpt>
   <trkpt lat="47.9271140" lon="1.8963330">
    <ele>111.5</ele>
    <time>2025-03-29T15:19:44Z</time>
   </trkpt>
   <trkpt lat="47.9268780" lon="1.8963980">
    <ele>111.8</ele>
    <time>2025-03-29T15:19:49Z</time>
   </trkpt>
   <trkpt lat="47.9268310" lon="1.8964030">
    <ele>111.9</ele>
    <time>2025-03-29T15:19:50Z</time>
   </trkpt>
   <trkpt lat="47.9265520" lon="1.8964580">
    <ele>112.3</ele>
    <time>2025-03-29T15:19:56Z</time>
   </trkpt>
   <trkpt lat="47.9264990" lon="1.8964670">
    <ele>112.4</ele>
    <time>2025-03-29T15:19:57Z</time>
   </trkpt>
   <trkpt lat="47.9262110" lon="1.8965140">
    <ele>112.7</ele>
    <time>2025-03-29T15:20:02Z</time>
   </trkpt>
   <trkpt lat="47.9257280" lon="1.8966370">
    <ele>113.5</ele>
    <time>2025-03-29T15:20:10Z</time>
   </trkpt>
   <trkpt lat="47.9252050" lon="1.8967930">
    <ele>114.5</ele>
    <time>2025-03-29T15:20:19Z</time>
   </trkpt>
   <trkpt lat="47.9247700" lon="1.8969200">
    <ele>115.3</ele>
    <time>2025-03-29T15:20:27Z</time>
   </trkpt>
   <trkpt lat="47.9241920" lon="1.8971080">
    <ele>116.0</ele>
    <time>2025-03-29T15:20:37Z</time>
   </trkpt>
   <trkpt lat="47.9241330" lon="1.8971310">
    <ele>116.0</ele>
    <time>2025-03-29T15:20:38Z</time>
   </trkpt>
   <trkpt lat="47.9235960" lon="1.8973430">
    <ele>116.0</ele>
    <time>2025-03-29T15:20:47Z</time>
   </trkpt>
   <trkpt lat="47.9235500" lon="1.8973590">
    <ele>116.0</ele>
    <time>2025-03-29T15:20:48Z</time>
   </trkpt>
   <trkpt lat="47.9234650" lon="1.8973850">
    <ele>116.0</ele>
    <time>2025-03-29T15:20:50Z</time>
   </trkpt>
   <trkpt lat="47.9233720" lon="1.8974110">
    <ele>115.9</ele>
    <time>2025-03-29T15:20:52Z</time>
   </trkpt>
   <trkpt lat="47.9232220" lon="1.8974510">
    <ele>115.9</ele>
    <time>2025-03-29T15:20:55Z</time>
   </trkpt>
   <trkpt lat="47.9228120" lon="1.8975480">
    <ele>115.7</ele>
    <time>2025-03-29T15:21:02Z</time>
   </trkpt>
   <trkpt lat="47.9226240" lon="1.8975950">
    <ele>115.7</ele>
    <time>2025-03-29T15:21:05Z</time>
   </trkpt>
   <trkpt lat="47.9223040" lon="1.8976840">
    <ele>115.9</ele>
    <time>2025-03-29T15:21:10Z</time>
   </trkpt>
   <trkpt lat="47.9219080" lon="1.8977920">
    <ele>116.0</ele>
    <time>2025-03-29T15:21:16Z</time>
   </trkpt>
   <trkpt lat="47.9217130" lon="1.8978370">
    <ele>116.1</ele>
    <time>2025-03-29T15:21:19Z</time>
   </trkpt>
   <trkpt lat="47.9216500" lon="1.8978530">
    <ele>116.1</ele>
    <time>2025-03-29T15:21:20Z</time>
   </trkpt>
   <trkpt lat="47.9215870" lon="1.8978670">
    <ele>116.2</ele>
    <time>2025-03-29T15:21:21Z</time>
   </trkpt>
   <trkpt lat="47.9214770" lon="1.8978940">
    <ele>116.2</ele>
    <time>2025-03-29T15:21:23Z</time>
   </trkpt>
   <trkpt lat="47.9213430" lon="1.8979270">
    <ele>116.3</ele>
    <time>2025-03-29T15:21:27Z</time>
   </trkpt>
   <trkpt lat="47.9212860" lon="1.8979400">
    <ele>116.4</ele>
    <time>2025-03-29T15:21:31Z</time>
   </trkpt>
   <trkpt lat="47.9212830" lon="1.8979390">
    <ele>116.4</ele>
    <time>2025-03-29T15:21:32Z</time>
   </trkpt>
   <trkpt lat="47.9212840" lon="1.8979390">
    <ele>116.4</ele>
    <time>2025-03-29T15:21:33Z</time>
   </trkpt>
   <trkpt lat="47.9212680" lon="1.8979460">
    <ele>116.4</ele>
    <time>2025-03-29T15:21:36Z</time>
   </trkpt>
   <trkpt lat="47.9210100" lon="1.8980020">
    <ele>116.6</ele>
    <time>2025-03-29T15:21:44Z</time>
   </trkpt>
   <trkpt lat="47.9207550" lon="1.8980540">
    <ele>116.7</ele>
    <time>2025-03-29T15:21:49Z</time>
   </trkpt>
   <trkpt lat="47.9203040" lon="1.8981460">
    <ele>117.0</ele>
    <time>2025-03-29T15:21:57Z</time>
   </trkpt>
   <trkpt lat="47.9197680" lon="1.8982510">
    <ele>117.4</ele>
    <time>2025-03-29T15:22:06Z</time>
   </trkpt>
   <trkpt lat="47.9196450" lon="1.8982790">
    <ele>117.5</ele>
    <time>2025-03-29T15:22:08Z</time>
   </trkpt>
   <trkpt lat="47.9194590" lon="1.8983240">
    <ele>117.7</ele>
    <time>2025-03-29T15:22:11Z</time>
   </trkpt>
   <trkpt lat="47.9192030" lon="1.8983810">
    <ele>117.8</ele>
    <time>2025-03-29T15:22:15Z</time>
   </trkpt>
   <trkpt lat="47.9189560" lon="1.8984280">
    <ele>118.1</ele>
    <time>2025-03-29T15:22:19Z</time>
   </trkpt>
   <trkpt lat="47.9188380" lon="1.8984480">
    <ele>118.2</ele>
    <time>2025-03-29T15:22:21Z</time>
   </trkpt>
   <trkpt lat="47.9184260" lon="1.8985200">
    <ele>118.5</ele>
    <time>2025-03-29T15:22:28Z</time>
   </trkpt>
   <trkpt lat="47.9179960" lon="1.8986230">
    <ele>119.1</ele>
    <time>2025-03-29T15:22:36Z</time>
   </trkpt>
   <trkpt lat="47.9178290" lon="1.8986660">
    <ele>119.2</ele>
    <time>2025-03-29T15:22:40Z</time>
   </trkpt>
   <trkpt lat="47.9177810" lon="1.8986630">
    <ele>119.2</ele>
    <time>2025-03-29T15:22:41Z</time>
   </trkpt>
   <trkpt lat="47.9175110" lon="1.8987080">
    <ele>119.7</ele>
    <time>2025-03-29T15:22:47Z</time>
   </trkpt>
   <trkpt lat="47.9171510" lon="1.8987690">
    <ele>119.4</ele>
    <time>2025-03-29T15:22:54Z</time>
   </trkpt>
   <trkpt lat="47.9166760" lon="1.8988870">
    <ele>118.4</ele>
    <time>2025-03-29T15:23:02Z</time>
   </trkpt>
   <trkpt lat="47.9162380" lon="1.8989850">
    <ele>117.4</ele>
    <time>2025-03-29T15:23:08Z</time>
   </trkpt>
   <trkpt lat="47.9158530" lon="1.8991050">
    <ele>116.6</ele>
    <time>2025-03-29T15:23:13Z</time>
   </trkpt>
   <trkpt lat="47.9156220" lon="1.8991610">
    <ele>116.3</ele>
    <time>2025-03-29T15:23:16Z</time>
   </trkpt>
   <trkpt lat="47.9150890" lon="1.8993260">
    <ele>115.6</ele>
    <time>2025-03-29T15:23:23Z</time>
   </trkpt>
   <trkpt lat="47.9150300" lon="1.8993460">
    <ele>115.6</ele>
    <time>2025-03-29T15:23:24Z</time>
   </trkpt>
   <trkpt lat="47.9148940" lon="1.8993870">
    <ele>115.5</ele>
    <time>2025-03-29T15:23:28Z</time>
   </trkpt>
   <trkpt lat="47.9148920" lon="1.8993780">
    <ele>115.5</ele>
    <time>2025-03-29T15:23:30Z</time>
   </trkpt>
   <trkpt lat="47.9147790" lon="1.8993940">
    <ele>115.5</ele>
    <time>2025-03-29T15:23:54Z</time>
   </trkpt>
   <trkpt lat="47.9147460" lon="1.8994060">
    <ele>115.5</ele>
    <time>2025-03-29T15:23:55Z</time>
   </trkpt>
   <trkpt lat="47.9145270" lon="1.8994850">
    <ele>115.3</ele>
    <time>2025-03-29T15:24:00Z</time>
   </trkpt>
   <trkpt lat="47.9143070" lon="1.8995460">
    <ele>114.9</ele>
    <time>2025-03-29T15:24:04Z</time>
   </trkpt>
   <trkpt lat="47.9142480" lon="1.8995640">
    <ele>114.9</ele>
    <time>2025-03-29T15:24:05Z</time>
   </trkpt>
   <trkpt lat="47.9137820" lon="1.8996910">
    <ele>114.3</ele>
    <time>2025-03-29T15:24:12Z</time>
   </trkpt>
   <trkpt lat="47.9132030" lon="1.8998470">
    <ele>114.0</ele>
    <time>2025-03-29T15:24:20Z</time>
   </trkpt>
   <trkpt lat="47.9129190" lon="1.8999230">
    <ele>113.9</ele>
    <time>2025-03-29T15:24:24Z</time>
   </trkpt>
   <trkpt lat="47.9127880" lon="1.8999580">
    <ele>113.8</ele>
    <time>2025-03-29T15:24:26Z</time>
   </trkpt>
   <trkpt lat="47.9127250" lon="1.8999740">
    <ele>113.8</ele>
    <time>2025-03-29T15:24:27Z</time>
   </trkpt>
   <trkpt lat="47.9126620" lon="1.8999890">
    <ele>113.7</ele>
    <time>2025-03-29T15:24:28Z</time>
   </trkpt>
   <trkpt lat="47.9125410" lon="1.9000230">
    <ele>113.8</ele>
    <time>2025-03-29T15:24:30Z</time>
   </trkpt>
   <trkpt lat="47.9120980" lon="1.9001450">
    <ele>114.1</ele>
    <time>2025-03-29T15:24:37Z</time>
   </trkpt>
   <trkpt lat="47.9115360" lon="1.9003140">
    <ele>114.9</ele>
    <time>2025-03-29T15:24:46Z</time>
   </trkpt>
   <trkpt lat="47.9110130" lon="1.9004650">
    <ele>115.4</ele>
    <time>2025-03-29T15:24:54Z</time>
   </trkpt>
   <trkpt lat="47.9105970" lon="1.9005930">
    <ele>115.4</ele>
    <time>2025-03-29T15:25:00Z</time>
   </trkpt>
   <trkpt lat="47.9103880" lon="1.9006410">
    <ele>115.4</ele>
    <time>2025-03-29T15:25:03Z</time>
   </trkpt>
   <trkpt lat="47.9098370" lon="1.9007780">
    <ele>115.3</ele>
    <time>2025-03-29T15:25:11Z</time>
   </trkpt>
   <trkpt lat="47.9093030" lon="1.9009190">
    <ele>115.2</ele>
    <time>2025-03-29T15:25:19Z</time>
   </trkpt>
   <trkpt lat="47.9090710" lon="1.9009690">
    <ele>115.2</ele>
    <time>2025-03-29T15:25:23Z</time>
   </trkpt>
   <trkpt lat="47.9089620" lon="1.9009940">
    <ele>115.3</ele>
    <time>2025-03-29T15:25:26Z</time>
   </trkpt>
   <trkpt lat="47.9086950" lon="1.9010590">
    <ele>115.4</ele>
    <time>2025-03-29T15:25:32Z</time>
   </trkpt>
   <trkpt lat="47.9082930" lon="1.9011530">
    <ele>115.9</ele>
    <time>2025-03-29T15:25:39Z</time>
   </trkpt>
   <trkpt lat="47.9079300" lon="1.9012450">
    <ele>116.5</ele>
    <time>2025-03-29T15:25:46Z</time>
   </trkpt>
   <trkpt lat="47.9076910" lon="1.9012920">
    <ele>116.8</ele>
    <time>2025-03-29T15:25:53Z</time>
   </trkpt>
   <trkpt lat="47.9075760" lon="1.9012390">
    <ele>117.1</ele>
    <time>2025-03-29T15:25:58Z</time>
   </trkpt>
   <trkpt lat="47.9074470" lon="1.9012130">
    <ele>117.3</ele>
    <time>2025-03-29T15:26:05Z</time>
   </trkpt>
   <trkpt lat="47.9072830" lon="1.9013060">
    <ele>117.5</ele>
    <time>2025-03-29T15:26:12Z</time>
   </trkpt>
   <trkpt lat="47.9071860" lon="1.9013540">
    <ele>117.8</ele>
    <time>2025-03-29T15:26:16Z</time>
   </trkpt>
   <trkpt lat="47.9071480" lon="1.9013460">
    <ele>117.9</ele>
    <time>2025-03-29T15:26:18Z</time>
   </trkpt>
   <trkpt lat="47.9070450" lon="1.9013800">
    <ele>118.1</ele>
    <time>2025-03-29T15:26:24Z</time>
   </trkpt>
   <trkpt lat="47.9068440" lon="1.9015370">
    <ele>118.2</ele>
    <time>2025-03-29T15:26:30Z</time>
   </trkpt>
   <trkpt lat="47.9065870" lon="1.9017390">
    <ele>118.5</ele>
    <time>2025-03-29T15:26:36Z</time>
   </trkpt>
   <trkpt lat="47.9062490" lon="1.9020130">
    <ele>118.7</ele>
    <time>2025-03-29T15:26:44Z</time>
   </trkpt>
   <trkpt lat="47.9058250" lon="1.9023010">
    <ele>118.2</ele>
    <time>2025-03-29T15:26:53Z</time>
   </trkpt>
   <trkpt lat="47.9054640" lon="1.9025020">
    <ele>117.7</ele>
    <time>2025-03-29T15:27:00Z</time>
   </trkpt>
   <trkpt lat="47.9052260" lon="1.9025890">
    <ele>117.3</ele>
    <time>2025-03-29T15:27:06Z</time>
   </trkpt>
   <trkpt lat="47.9051930" lon="1.9026070">
    <ele>117.3</ele>
    <time>2025-03-29T15:27:07Z</time>
   </trkpt>
   <trkpt lat="47.9050310" lon="1.9026840">
    <ele>117.0</ele>
    <time>2025-03-29T15:27:11Z</time>
   </trkpt>
   <trkpt lat="47.9047200" lon="1.9027990">
    <ele>116.4</ele>
    <time>2025-03-29T15:27:17Z</time>
   </trkpt>
   <trkpt lat="47.9046710" lon="1.9028170">
    <ele>116.3</ele>
    <time>2025-03-29T15:27:18Z</time>
   </trkpt>
   <trkpt lat="47.9044760" lon="1.9029000">
    <ele>118.0</ele>
    <time>2025-03-29T15:27:22Z</time>
   </trkpt>
   <trkpt lat="47.9044360" lon="1.9029140">
    <ele>118.1</ele>
    <time>2025-03-29T15:27:23Z</time>
   </trkpt>
   <trkpt lat="47.9044090" lon="1.9029250">
    <ele>118.2</ele>
    <time>2025-03-29T15:27:24Z</time>
   </trkpt>
   <trkpt lat="47.9043990" lon="1.9029730">
    <ele>115.6</ele>
    <time>2025-03-29T15:27:26Z</time>
   </trkpt>
   <trkpt lat="47.9044430" lon="1.9032640">
    <ele>115.7</ele>
    <time>2025-03-29T15:27:32Z</time>
   </trkpt>
   <trkpt lat="47.9044660" lon="1.9033780">
    <ele>115.8</ele>
    <time>2025-03-29T15:27:34Z</time>
   </trkpt>
   <trkpt lat="47.9045200" lon="1.9036410">
    <ele>115.8</ele>
    <time>2025-03-29T15:27:39Z</time>
   </trkpt>
   <trkpt lat="47.9045940" lon="1.9039410">
    <ele>115.7</ele>
    <time>2025-03-29T15:27:45Z</time>
   </trkpt>
   <trkpt lat="47.9046610" lon="1.9041140">
    <ele>115.6</ele>
    <time>2025-03-29T15:27:50Z</time>
   </trkpt>
   <trkpt lat="47.9046550" lon="1.9041790">
    <ele>115.6</ele>
    <time>2025-03-29T15:27:52Z</time>
   </trkpt>
   <trkpt lat="47.9046470" lon="1.9042440">
    <ele>115.6</ele>
    <time>2025-03-29T15:27:54Z</time>
   </trkpt>
   <trkpt lat="47.9046430" lon="1.9043430">
    <ele>115.6</ele>
    <time>2025-03-29T15:27:57Z</time>
   </trkpt>
   <trkpt lat="47.9046410" lon="1.9043670">
    <ele>115.6</ele>
    <time>2025-03-29T15:27:58Z</time>
   </trkpt>
   <trkpt lat="47.9046160" lon="1.9043850">
    <ele>115.6</ele>
    <time>2025-03-29T15:28:00Z</time>
   </trkpt>
   <trkpt lat="47.9045740" lon="1.9043790">
    <ele>115.4</ele>
    <time>2025-03-29T15:28:05Z</time>
   </trkpt>
   <trkpt lat="47.9045630" lon="1.9043760">
    <ele>115.4</ele>
    <time>2025-03-29T15:28:08Z</time>
   </trkpt>
   <trkpt lat="47.9044520" lon="1.9043940">
    <ele>115.2</ele>
    <time>2025-03-29T15:28:19Z</time>
   </trkpt>
   <trkpt lat="47.9044060" lon="1.9044050">
    <ele>115.1</ele>
    <time>2025-03-29T15:28:23Z</time>
   </trkpt>
   <trkpt lat="47.9041740" lon="1.9044030">
    <ele>114.8</ele>
    <time>2025-03-29T15:28:32Z</time>
   </trkpt>
   <trkpt lat="47.9039450" lon="1.9043410">
    <ele>114.5</ele>
    <time>2025-03-29T15:28:38Z</time>
   </trkpt>
   <trkpt lat="47.9036420" lon="1.9042690">
    <ele>114.2</ele>
    <time>2025-03-29T15:28:47Z</time>
   </trkpt>
   <trkpt lat="47.9034840" lon="1.9042330">
    <ele>114.1</ele>
    <time>2025-03-29T15:28:53Z</time>
   </trkpt>
   <trkpt lat="47.9033010" lon="1.9041850">
    <ele>113.9</ele>
    <time>2025-03-29T15:29:01Z</time>
   </trkpt>
   <trkpt lat="47.9030780" lon="1.9041250">
    <ele>113.8</ele>
    <time>2025-03-29T15:29:07Z</time>
   </trkpt>
   <trkpt lat="47.9030250" lon="1.9041100">
    <ele>113.8</ele>
    <time>2025-03-29T15:29:09Z</time>
   </trkpt>
   <trkpt lat="47.9028110" lon="1.9040350">
    <ele>113.7</ele>
    <time>2025-03-29T15:29:16Z</time>
   </trkpt>
   <trkpt lat="47.9026930" lon="1.9038100">
    <ele>113.6</ele>
    <time>2025-03-29T15:29:22Z</time>
   </trkpt>
   <trkpt lat="47.9026190" lon="1.9037920">
    <ele>113.6</ele>
    <time>2025-03-29T15:29:26Z</time>
   </trkpt>
   <trkpt lat="47.9025970" lon="1.9037990">
    <ele>113.6</ele>
    <time>2025-03-29T15:29:28Z</time>
   </trkpt>
   <trkpt lat="47.9026020" lon="1.9037970">
    <ele>113.6</ele>
    <time>2025-03-29T15:29:30Z</time>
   </trkpt>
   <trkpt lat="47.9026020" lon="1.9037970">
    <ele>113.6</ele>
    <time>2025-03-29T15:29:32Z</time>
   </trkpt>
   <trkpt lat="47.9026010" lon="1.9037980">
    <ele>113.6</ele>
    <time>2025-03-29T15:29:33Z</time>
   </trkpt>
   <trkpt lat="47.9025990" lon="1.9037970">
    <ele>113.6</ele>
    <time>2025-03-29T15:29:34Z</time>
   </trkpt>
  </trkseg>
 </trk>
</gpx>
